WORDCOUNTS,WEIGHT
and,462
the,416
of,404
in,281
to,158
s,156
latin,146
a,143
gender,105
de,99
women,95
as,95
american,89
scott,86
on,84
history,82
for,76
that,69
america,61
chile,57
n,54
c,50
from,49
by,47
studies,46
see,44
feminist,43
politics,41
labor,41
have,41
with,40
political,39
has,39
mexico,39
historical,38
is,37
work,36
state,34
en,34
la,34
durham,33
were,32
was,30
this,30
social,30
about,30
histories,29
sexuality,29
eds,28
which,28
scholarship,28
but,27
also,27
santiago,27
e,26
review,26
y,26
no,26
scholars,25
such,24
u,24
new,23
it,22
than,22
culture,22
an,22
been,22
class,22
are,22
at,21
americanists,21
not,21
gendered,20
had,20
historia,20
december,19
more,19
many,19
especially,19
within,18
historians,18
or,18
states,18
power,17
tinsman,17
chilean,16
rather,16
joan,16
their,16
rio,16
feminists,16
other,16
heidi,16
calif,16
formation,16
el,15
most,15
literature,15
debates,15
honor,15
over,15
city,15
colonial,15
janeiro,15
helped,14
cultural,14
del,14
own,14
maria,14
analysis,14
united,14
brazil,14
patriarchy,14
north,14
atlantic,13
nation,13
da,13
workers,13
often,13
much,13
paradigms,12
i,12
how,12
example,12
working,12
paradigm,12
york,11
university,11
french,11
do,11
ideas,11
different,11
world,11
our,11
argentina,11
between,11
race,11
ways,10
all,10
j,10
mujeres,10
marriage,10
study,10
category,10
war,10
well,10
its,10
spanish,10
provided,10
projects,10
hill,10
feminism,10
chapel,10
we,10
americanist,10
economy,10
national,10
struggles,10
generated,9
revolutionary,9
they,9
one,9
first,9
europe,9
sexual,9
mujer,9
central,9
marxism,9
stanford,9
useful,9
cold,9
revolution,9
family,9
sex,9
men,9
paulo,9
questions,9
james,9
who,9
las,9
while,9
caulfield,9
modern,8
long,8
buenos,8
some,8
development,8
even,8
english,8
important,8
elizabeth,8
these,8
aires,8
time,8
discussion,8
movements,8
institutions,8
her,8
through,8
area,8
be,8
early,8
if,7
berkeley,7
historiography,7
differences,7
there,7
subaltern,7
importance,7
intellectuals,7
masculinity,7
industrial,7
contrast,7
when,7
yet,7
same,7
ed,7
contemporary,7
largely,7
so,7
where,7
sociedad,7
thinking,7
constituted,7
popular,7
marxist,7
broader,7
nicaragua,6
mexican,6
park,6
into,6
military,6
shaped,6
precisely,6
daniel,6
dynamics,6
back,6
modernity,6
una,6
ginero,6
peasants,6
peru,6
m,6
carmen,6
estudios,6
because,6
concerns,6
rosemblatt,6
indigenous,6
us,6
two,6
law,6
less,6
made,6
engaged,6
modernization,6
pa,6
european,6
crucial,6
male,6
inspired,6
blood,6
mallon,6
what,6
cambridge,6
d,6
specific,6
democracy,5
struggle,5
dore,5
uses,5
contested,5
eager,5
princeton,5
my,5
meaning,5
nature,5
book,5
robert,5
citizenship,5
very,5
since,5
against,5
klubock,5
relations,5
hutchison,5
rights,5
across,5
lives,5
impact,5
too,5
lavrin,5
hispanic,5
xix,5
contexts,5
issues,5
people,5
field,5
diana,5
lincoln,5
chileans,5
society,5
critical,5
economic,5
violence,5
foucault,5
forms,5
took,5
siglo,5
constructing,5
conquest,5
academies,5
cultures,5
identities,5
ramos,5
particular,5
hegemony,5
role,5
subject,5
public,5
neb,5
themselves,5
recent,5
karin,4
o,4
way,4
concern,4
florencia,4
agency,4
greater,4
ideals,4
western,4
inequality,4
something,4
experience,4
discursively,4
great,4
those,4
primary,4
richard,4
conflict,4
distinct,4
academic,4
subjects,4
differently,4
third,4
william,4
site,4
process,4
identity,4
direct,4
consider,4
liberal,4
ideologies,4
house,4
weinstein,4
beyond,4
result,4
gabriela,4
p,4
peter,4
centrally,4
late,4
femenino,4
wallach,4
julia,4
older,4
place,4
partly,4
call,4
away,4
graduate,4
seed,4
resistance,4
nonetheless,4
indeed,4
located,4
sueann,4
guatemala,4
narratives,4
dichotomies,4
fundamental,4
areas,4
materialist,4
reform,4
john,4
innovative,4
literatures,4
examples,4
patricia,4
pinochet,4
meanings,4
language,4
never,4
cano,4
godoy,4
life,4
citizens,4
claims,4
multiple,4
wars,4
here,4
intellectual,4
siglos,4
elena,4
activism,4
them,4
terms,4
making,4
explored,4
emphasis,4
both,4
homosexuality,4
writing,4
institutional,4
offer,4
americas,4
ser,4
chambers,4
chicago,4
era,4
among,4
prostitution,3
obey,3
already,3
trans,3
chilena,3
introduction,3
likewise,3
superb,3
authority,3
considerations,3
policy,3
nineteenth,3
cultura,3
ariz,3
historiografia,3
stressed,3
shukla,3
certainly,3
departure,3
government,3
last,3
emphasized,3
concepts,3
mestizaje,3
myths,3
partners,3
earlier,3
mass,3
out,3
feministas,3
point,3
sobre,3
engage,3
relationships,3
ximena,3
consumer,3
insisted,3
century,3
turn,3
divisions,3
inclusion,3
argentine,3
alliances,3
critique,3
costa,3
steps,3
irwin,3
christine,3
danger,3
imposing,3
retained,3
mary,3
age,3
four,3
trained,3
conflicts,3
margareth,3
could,3
alejandra,3
deal,3
austin,3
agendas,3
term,3
excellent,3
however,3
sites,3
hierarchies,3
los,3
concept,3
part,3
populares,3
discussions,3
inspire,3
relevance,3
change,3
subjective,3
several,3
gramsci,3
engages,3
progress,3
universities,3
veneros,3
decency,3
barbara,3
domesticity,3
south,3
will,3
ana,3
matter,3
identified,3
comparative,3
forward,3
object,3
community,3
still,3
gilbert,3
communities,3
mckee,3
only,3
published,3
love,3
volume,3
street,3
similarly,3
capitalist,3
soledad,3
chileno,3
minneapolis,3
olcott,3
discussed,3
anne,3
globalization,3
molyneux,3
brasil,3
empire,3
sandhya,3
maya,3
ibid,3
discourses,3
fundamentally,3
estudos,3
exploring,3
subjectivity,3
including,3
feminina,3
frame,3
students,3
tucson,3
modemrn,3
health,3
essay,3
held,3
like,3
period,3
vida,3
course,3
prostituigdo,3
thomas,3
probe,3
written,3
garcia,3
femininity,3
rago,3
liberalism,3
she,3
kirkwood,3
cuba,3
peasant,3
teresa,3
worlds,3
joseph,3
historian,3
kay,3
perhaps,3
brazilian,3
anthropology,3
global,3
key,3
findlay,3
did,3
best,3
constructions,3
universal,3
guy,3
privileged,3
longstanding,3
tex,3
rural,3
works,3
venezuela,3
lessons,3
studying,3
up,3
cecilia,3
peace,3
despite,3
step,3
question,3
determinism,3
radicalism,3
years,3
numerous,3
include,3
graham,3
shift,3
taking,3
assumed,3
lorena,3
given,3
focus,3
miller,2
explosion,2
mostly,2
done,2
marcela,2
imagining,2
created,2
seminars,2
notably,2
presence,2
per,2
former,2
essays,2
macpherson,2
solidarity,2
em,2
arguing,2
priore,2
morality,2
plebeian,2
being,2
transitions,2
davis,2
creation,2
interests,2
revelados,2
words,2
twenty,2
agrarian,2
assertion,2
desire,2
timing,2
origin,2
homosexual,2
rule,2
thanks,2
religion,2
nationalism,2
gonero,2
xx,2
machismo,2
raised,2
schettini,2
privada,2
racial,2
pagu,2
foundational,2
task,2
vibrant,2
colombia,2
uneven,2
marked,2
bibliography,2
vital,2
diss,2
sio,2
asserting,2
household,2
negotiation,2
lara,2
nash,2
used,2
consideration,2
arrom,2
helen,2
civilizing,2
rework,2
natalie,2
structuralist,2
extensively,2
nor,2
squaring,2
profound,2
body,2
rethink,2
served,2
explore,2
journal,2
traditions,2
castro,2
influence,2
revitalize,2
familia,2
colour,2
reagan,2
without,2
identification,2
his,2
l,2
developed,2
montecino,2
guardino,2
signaled,2
get,2
pablos,2
sarah,2
michel,2
certain,2
republic,2
contributions,2
jesus,2
addressing,2
support,2
tensions,2
elisabeth,2
lima,2
presumably,2
aguirre,2
elsewhere,2
articulated,2
argued,2
compromises,2
w,2
albuquerque,2
encouragement,2
cotidiana,2
theory,2
mixico,2
closely,2
came,2
based,2
slave,2
nancy,2
societies,2
martinez,2
moon,2
das,2
shared,2
reinvigorated,2
radical,2
pereira,2
guadalajara,2
poverty,2
job,2
desde,2
recently,2
produced,2
promise,2
universidad,2
sonia,2
professionals,2
departamento,2
patriarchal,2
memory,2
almost,2
unequal,2
future,2
strengths,2
received,2
tool,2
teoria,2
heavily,2
su,2
stir,2
perfiles,2
civil,2
actors,2
criticized,2
outpouring,2
during,2
underscored,2
structures,2
emancipation,2
focuses,2
sao,2
rise,2
participate,2
ciencia,2
relative,2
hidden,2
approach,2
regions,2
thread,2
socialist,2
protest,2
pacts,2
around,2
june,2
sdo,2
nineteenthand,2
industry,2
eclipse,2
amor,2
research,2
poststructuralist,2
orthodox,2
usach,2
paton,2
peculiar,2
notes,2
appropriate,2
bolstered,2
liberation,2
republican,2
second,2
trabajo,2
transnational,2
labors,2
albany,2
vaughan,2
make,2
terrain,2
movement,2
modes,2
southern,2
authoritarian,2
lisa,2
para,2
elaboration,2
arrangements,2
under,2
inspiration,2
home,2
condigo,2
k,2
sharply,2
al,2
close,2
increasingly,2
frameworks,2
salinas,2
organizations,2
critiques,2
jeffrey,2
challenge,2
factory,2
toward,2
others,2
transnacional,2
trabajadoras,2
generational,2
outside,2
allende,2
alonso,2
appeared,2
sol,2
latina,2
imperfect,2
embattled,2
remarkable,2
puerto,2
cristiana,2
normative,2
woman,2
native,2
project,2
number,2
elaine,2
corpo,2
classes,2
greatest,2
vast,2
politicians,2
mothers,2
safa,2
significant,2
use,2
prominently,2
processes,2
story,2
california,2
moral,2
reality,2
modem,2
defense,2
collaboration,2
played,2
lag,2
why,2
elaborate,2
reborn,2
ann,2
excluded,2
capitalism,2
northern,2
workshop,2
tendency,2
connections,2
sandra,2
attention,2
division,2
cotidiano,2
militancy,2
rico,2
relationship,2
circle,2
me,2
perspectives,2
stolcke,2
independent,2
science,2
criminal,2
ideology,2
fields,2
program,2
flowed,2
catholic,2
begin,2
movimiento,2
inside,2
reason,2
force,2
katherine,2
chilenas,2
colonialists,2
discourse,2
countries,2
mentalidades,2
britain,2
frontier,2
imperialism,2
problematic,2
susan,2
comic,2
considered,2
cadernos,2
legacies,2
matters,2
addressed,2
any,2
problemas,2
dispersed,2
version,2
changing,2
ao,2
extensive,2
focused,2
symbolic,2
uma,2
donna,2
rubenstein,2
leftist,2
set,2
feminismo,2
uruguay,2
quickly,2
identidad,2
control,2
rios,2
books,2
expanding,2
distinctions,2
connection,2
interested,2
ahr,2
ph,2
particularly,2
quay,2
irvine,2
places,2
virtual,2
canclini,2
whether,2
nationalist,2
add,2
quito,2
julieta,2
extent,2
mulheres,2
urban,2
revista,2
categories,2
martha,2
radically,2
bodies,2
porfirian,2
private,2
revolutions,2
courses,2
transition,2
disciplines,2
putnam,2
colectivo,2
copper,2
families,2
challenges,2
goals,2
coming,2
postcolonial,2
iberian,2
eric,2
perspectiva,2
difference,2
joel,2
generate,2
finding,2
recovering,2
cunha,2
although,2
land,2
valenzuela,2
winn,2
bliss,2
maxine,2
appelbaum,2
zolov,2
counts,2
strong,2
famous,2
deutsch,2
should,2
roles,2
thayer,2
cited,2
major,2
mapuche,2
bergquist,1
countryside,1
frequent,1
go,1
moreno,1
portuguese,1
undergraduate,1
receded,1
currently,1
jiles,1
soihet,1
mujerproletaria,1
box,1
documentations,1
appealed,1
common,1
clementia,1
elite,1
concerned,1
later,1
deere,1
generous,1
geopolitics,1
cues,1
votar,1
scholar,1
dictators,1
elaborating,1
roseberry,1
resulted,1
college,1
struggled,1
masculino,1
trojan,1
diarios,1
clio,1
hunefeldt,1
proselytizing,1
pushed,1
prostitutes,1
pessoa,1
church,1
stansell,1
historias,1
dividida,1
magali,1
consuelo,1
enduring,1
nomadias,1
perpetuate,1
breakup,1
naturalized,1
peronist,1
rodrigo,1
elaborated,1
limpieza,1
lewiston,1
henriquez,1
principle,1
formed,1
organic,1
tierras,1
schools,1
asserted,1
constitutes,1
true,1
buschini,1
strictly,1
cuzco,1
pressing,1
sensed,1
jonathan,1
ofliberty,1
mddico,1
flows,1
jarana,1
twopronged,1
boulder,1
gesto,1
tied,1
barrancos,1
despots,1
undertaken,1
faria,1
explanatory,1
necessarily,1
catalin,1
allies,1
pose,1
title,1
variants,1
thematic,1
chief,1
refried,1
nasser,1
practices,1
themes,1
various,1
europeanist,1
nero,1
highlighted,1
railroads,1
marches,1
aside,1
experiencias,1
either,1
australia,1
transnationalism,1
every,1
constituting,1
embraced,1
grapes,1
chasm,1
unicamp,1
lyman,1
utopia,1
production,1
gilles,1
straddles,1
witches,1
setting,1
originally,1
ii,1
cinco,1
implications,1
taken,1
abound,1
contrasted,1
vols,1
might,1
emerged,1
massively,1
liberty,1
definition,1
parties,1
replaces,1
company,1
jamaican,1
anilisis,1
scientists,1
tradition,1
down,1
broadly,1
broken,1
brodwyn,1
suggesting,1
correspondingly,1
together,1
careers,1
disenchantment,1
thank,1
evita,1
clendinnen,1
pinto,1
rich,1
inflects,1
narrative,1
admittedly,1
sertao,1
quotidian,1
huachos,1
generalizations,1
nicaraguans,1
illegitimacy,1
survey,1
real,1
help,1
ronald,1
georgette,1
converts,1
trabalho,1
rafael,1
saffioti,1
englishlanguage,1
mind,1
greatly,1
queremos,1
current,1
dora,1
alike,1
discipline,1
signs,1
psicoandlisis,1
revise,1
designs,1
seminar,1
majority,1
producing,1
system,1
inquiry,1
courage,1
british,1
case,1
documenting,1
issue,1
realignments,1
neoliberalism,1
naturalize,1
forum,1
governmental,1
inseparable,1
advocates,1
forthcoming,1
zaida,1
isolde,1
ldzaro,1
anthropologists,1
albeit,1
conquests,1
introductory,1
money,1
draws,1
inca,1
arequipa,1
bases,1
conditioned,1
demography,1
hall,1
inga,1
mediating,1
account,1
felt,1
greg,1
origen,1
sexo,1
tracing,1
scully,1
gazmuri,1
catvisquez,1
shame,1
fortresses,1
election,1
reaction,1
olvidada,1
literary,1
pete,1
freitas,1
obvious,1
transcend,1
professor,1
internet,1
whatever,1
invited,1
combination,1
meretrizes,1
tastes,1
rosa,1
conceptual,1
scarlett,1
hembra,1
liberals,1
correlation,1
edda,1
ritual,1
economies,1
revuelta,1
resistdncia,1
temma,1
madres,1
pursuing,1
interestingly,1
framework,1
funded,1
intengdo,1
exist,1
tribute,1
segregation,1
hierarchy,1
human,1
hombre,1
vides,1
goal,1
trigo,1
diversas,1
phase,1
oaxaca,1
todas,1
constitutive,1
ofrights,1
artiga,1
dominos,1
buscando,1
experiences,1
que,1
historically,1
reverse,1
mine,1
immediate,1
roger,1
reject,1
cott,1
medical,1
past,1
creatively,1
analyzing,1
september,1
g,1
author,1
intact,1
thompson,1
descobrindo,1
interest,1
phelan,1
vergara,1
criminality,1
grandin,1
relatively,1
faces,1
vainfas,1
club,1
compromised,1
highlighting,1
nugent,1
friedman,1
sagredo,1
subjetividade,1
arriba,1
larly,1
ofamerica,1
unrevised,1
reshape,1
rooted,1
counter,1
priority,1
thereof,1
immigrants,1
truism,1
called,1
underlying,1
pathbreaking,1
tradicional,1
burgeoning,1
carmaux,1
refer,1
inattention,1
bloody,1
response,1
disinterest,1
http,1
reinas,1
fate,1
caminos,1
afford,1
chileanauthored,1
guardian,1
yarur,1
left,1
ecclesiastical,1
employers,1
walter,1
publications,1
databases,1
find,1
biological,1
overarching,1
hybrid,1
empiricism,1
exceptions,1
gil,1
contar,1
misogyny,1
constructs,1
disciplinas,1
leftists,1
boom,1
fluminense,1
demonstration,1
cirdenas,1
sun,1
psychoanalysis,1
terror,1
leadership,1
hartmann,1
doiha,1
dois,1
generation,1
nuanced,1
acknowledge,1
cites,1
scholarly,1
grasp,1
crossroads,1
perfect,1
may,1
languages,1
threatens,1
failed,1
divergence,1
operation,1
poor,1
online,1
kathya,1
fischer,1
simultaneously,1
profoundly,1
diferencia,1
urged,1
americans,1
whose,1
reflects,1
cuatro,1
agraria,1
constellations,1
critica,1
act,1
dilemma,1
centerpiece,1
growth,1
aimed,1
federal,1
troubled,1
absent,1
centered,1
highlands,1
homogenize,1
activists,1
debated,1
edward,1
orellana,1
possession,1
secrets,1
landscape,1
sarto,1
fantasies,1
stripped,1
idioms,1
cinema,1
levels,1
notion,1
communism,1
mean,1
questto,1
romance,1
active,1
goes,1
catholics,1
entender,1
reworked,1
quarreling,1
quemando,1
pointedly,1
associate,1
after,1
persistent,1
mdxico,1
cixous,1
dar,1
similar,1
b,1
asia,1
easily,1
generating,1
special,1
symbols,1
baldez,1
enabled,1
silenciofeminista,1
white,1
lay,1
nicolds,1
pagi,1
space,1
front,1
silvina,1
risks,1
proclaimed,1
reinterpretation,1
poised,1
means,1
transparencia,1
brunswick,1
remarks,1
insistence,1
cornejo,1
partnership,1
day,1
bad,1
troublesome,1
varios,1
servants,1
censored,1
psychoanalytic,1
conceptualization,1
dichotomy,1
objects,1
organization,1
pampa,1
imagination,1
colonialism,1
igualitaria,1
porque,1
organized,1
mira,1
disciplinar,1
emergence,1
besse,1
warren,1
just,1
welfare,1
boyer,1
remaking,1
kimberly,1
weak,1
consigned,1
rehearse,1
multicultural,1
dicadas,1
felicidad,1
historycombinations,1
democratic,1
migrants,1
impatience,1
connecting,1
readings,1
desacato,1
araujo,1
tourism,1
shorthand,1
notions,1
obstacles,1
rocio,1
distracting,1
abril,1
transcripts,1
ciro,1
terminology,1
oppression,1
essentialism,1
exploitation,1
brito,1
oliveira,1
vale,1
drawing,1
strengthen,1
systems,1
sho,1
fates,1
trajectories,1
dependency,1
methodology,1
interrogates,1
salvatore,1
mala,1
causation,1
cristina,1
union,1
jocelyn,1
contention,1
talking,1
spaniard,1
arrived,1
lead,1
whom,1
hyperpolarization,1
path,1
ethnography,1
brennan,1
questioned,1
abandoning,1
bearing,1
habits,1
formulations,1
noite,1
medicine,1
entered,1
entering,1
plot,1
werkstattgeschichte,1
critically,1
access,1
xixy,1
narrated,1
mapping,1
speaker,1
epistemological,1
foreground,1
violdncia,1
flamarion,1
primacy,1
jettisoned,1
ortega,1
worker,1
luxury,1
halperin,1
versus,1
twinam,1
governing,1
shield,1
initial,1
featured,1
hadley,1
pitfalls,1
primeiras,1
representative,1
punishment,1
amazon,1
huanta,1
engel,1
accurately,1
materiality,1
kinship,1
criticizing,1
understood,1
informed,1
equal,1
proletarios,1
hacia,1
dovetailed,1
sil,1
indicio,1
buffington,1
indirect,1
agreements,1
province,1
appears,1
viewed,1
odila,1
sul,1
intensity,1
cannot,1
sovereignty,1
feminine,1
hailed,1
kristeva,1
intertwined,1
grounds,1
energy,1
rubber,1
monogrdficas,1
dialectic,1
spiritual,1
narrate,1
judicial,1
explain,1
required,1
conferences,1
olivia,1
millie,1
marxists,1
dias,1
tenhas,1
balance,1
experiment,1
breadwinners,1
kathryn,1
failure,1
commitments,1
directly,1
knowledges,1
guerrero,1
participation,1
eduardo,1
urbano,1
mobilization,1
sexualidade,1
accounting,1
revealed,1
osorio,1
criticize,1
concepto,1
urbanos,1
disciplina,1
navarro,1
genre,1
imagined,1
reader,1
stake,1
matrix,1
knowledge,1
secret,1
symbolism,1
related,1
enter,1
metodologia,1
jettisoning,1
restructuring,1
dozens,1
domain,1
roll,1
overview,1
genuine,1
politica,1
refined,1
policies,1
broad,1
rojas,1
records,1
ricardo,1
verba,1
internacional,1
lanham,1
torno,1
nonlatin,1
et,1
salazar,1
universidade,1
personal,1
reflect,1
disciplined,1
employed,1
craftsmen,1
cone,1
michelle,1
xviii,1
michoacdn,1
subfield,1
internally,1
genealogies,1
beattie,1
sociopolitical,1
cumbe,1
status,1
washington,1
ethnicity,1
solidarities,1
challenging,1
saber,1
polity,1
trends,1
ucla,1
lourdes,1
sprang,1
relaciones,1
spouses,1
continuidad,1
lacanian,1
proactively,1
deamerica,1
creating,1
maternalismo,1
joanne,1
construct,1
bond,1
macho,1
strict,1
sense,1
hard,1
below,1
ensaios,1
shaping,1
counterculture,1
belle,1
gtnero,1
applicability,1
presencia,1
order,1
peruvian,1
interacting,1
hallowed,1
ruta,1
emphasizes,1
emerging,1
specifically,1
gauderman,1
sole,1
small,1
sufficient,1
consensus,1
few,1
wider,1
engagements,1
bridge,1
recharged,1
margarita,1
invoke,1
civic,1
decline,1
essentially,1
dowry,1
concluded,1
motherhood,1
modalities,1
cardoso,1
brown,1
core,1
ibamos,1
dedicated,1
fully,1
ciudadania,1
intima,1
finishing,1
os,1
passivity,1
citations,1
using,1
democrdtica,1
reviews,1
posdictadura,1
gould,1
sonya,1
maternidades,1
roots,1
balin,1
socialism,1
structuring,1
ouramericas,1
rest,1
mendez,1
massive,1
eileen,1
unfinished,1
teleology,1
seemed,1
champion,1
subcontracting,1
ini,1
appeal,1
eleanor,1
cite,1
equidad,1
newer,1
oflabor,1
led,1
testifying,1
noteworthy,1
transform,1
classbased,1
poignantly,1
epoque,1
temrn,1
meade,1
beloved,1
bringing,1
esteves,1
gabriel,1
scientific,1
wary,1
authoritarianism,1
action,1
ncio,1
indicative,1
eschew,1
doctoral,1
imagery,1
positions,1
breaches,1
expansion,1
yucatan,1
idea,1
motivated,1
militar,1
ronaldo,1
landless,1
theorizing,1
emilia,1
female,1
rodriguez,1
tilly,1
abiding,1
weary,1
above,1
garden,1
expanded,1
folded,1
domination,1
comments,1
sponsored,1
pernet,1
labored,1
strategic,1
aligned,1
direction,1
structural,1
marysa,1
trickle,1
repression,1
coherence,1
peronism,1
julio,1
edited,1
burdeles,1
sectores,1
reference,1
opportunities,1
underdevelopment,1
sociologists,1
makes,1
read,1
thought,1
fights,1
corroborated,1
exactly,1
mission,1
hegemonic,1
matrimonio,1
array,1
east,1
cuerpos,1
gringa,1
motivating,1
restricted,1
challenged,1
misunderstandings,1
selective,1
expediency,1
today,1
subjectivities,1
coloniality,1
participants,1
included,1
counterinsurgency,1
domina,1
shifting,1
aportes,1
purity,1
essentialist,1
fernanda,1
lopresti,1
damas,1
indian,1
robust,1
historicamente,1
caviares,1
steve,1
buenosaires,1
mentorship,1
peonage,1
regional,1
weavers,1
disciplinary,1
fan,1
oral,1
fire,1
sufragio,1
heritage,1
omission,1
genero,1
anchored,1
renewed,1
academy,1
dictatorship,1
slavery,1
rock,1
addition,1
lomnitz,1
presidente,1
efforts,1
interdisciplinary,1
speaks,1
fact,1
lack,1
leading,1
creativity,1
hispanisms,1
tzvetan,1
luis,1
stories,1
contrasts,1
irene,1
chord,1
plebeians,1
pampinos,1
music,1
homework,1
goddesses,1
osprazeres,1
exclusion,1
maternidad,1
diferenga,1
lozano,1
claudio,1
choice,1
teachers,1
entitlements,1
children,1
break,1
varikas,1
tobar,1
beg,1
diverse,1
lorela,1
becker,1
partidos,1
rica,1
withering,1
overwhelmingly,1
contentious,1
modernidad,1
hermendutica,1
golden,1
considerable,1
nuclear,1
man,1
cezar,1
angels,1
anthropologist,1
predated,1
patterns,1
overstate,1
biblioteca,1
blackness,1
weds,1
accusations,1
yucatecan,1
everyday,1
present,1
tales,1
signifying,1
interrogate,1
sylvia,1
operating,1
model,1
influential,1
discussing,1
cidade,1
unionists,1
mccaughan,1
purposes,1
internationaldivision,1
existing,1
establish,1
legrand,1
michael,1
verena,1
strategies,1
coloquio,1
medicina,1
viajeras,1
necessary,1
material,1
por,1
focusing,1
mundo,1
ambivalent,1
daunting,1
sousa,1
assault,1
pita,1
desdeldiez,1
compelled,1
jolie,1
ailio,1
threats,1
streets,1
explicitly,1
encountered,1
realize,1
geopolitical,1
remained,1
responded,1
fight,1
argues,1
local,1
original,1
outrage,1
homosexualities,1
ericka,1
crown,1
whiteness,1
technologies,1
ingenious,1
meaningful,1
teu,1
oil,1
antonio,1
ousted,1
virgin,1
bear,1
values,1
critiqued,1
formal,1
liga,1
roldin,1
dulcinea,1
vexed,1
arriving,1
nazzari,1
virgenes,1
genealogical,1
elecciones,1
muriel,1
loucuras,1
coalitions,1
cancino,1
template,1
acha,1
josefina,1
herself,1
complexities,1
insurrection,1
expand,1
encouraged,1
persists,1
ytidice,1
varying,1
empirical,1
theorization,1
asian,1
illanes,1
sold,1
prostitutas,1
paillalef,1
operated,1
exciting,1
encounters,1
leite,1
engaging,1
protracted,1
militarism,1
trend,1
logics,1
salvador,1
marcos,1
gramscian,1
continue,1
chosen,1
full,1
ceremonies,1
legal,1
luz,1
bifurcation,1
relegated,1
theories,1
intimacy,1
bedroom,1
theoretical,1
underwent,1
ideario,1
salitre,1
versions,1
iconic,1
trade,1
templates,1
zgirate,1
explorations,1
clear,1
discovered,1
urbana,1
margaret,1
three,1
accessed,1
directed,1
sexos,1
polarized,1
se,1
alicia,1
cambio,1
congreso,1
faculty,1
logic,1
objection,1
interpret,1
august,1
classe,1
gate,1
haunted,1
times,1
defensive,1
augusto,1
blend,1
characterized,1
reviewers,1
caribbean,1
revised,1
widen,1
reuque,1
tad,1
high,1
collected,1
miracle,1
distinction,1
cristiin,1
hacienda,1
kept,1
transforming,1
migden,1
reinterrogating,1
abundant,1
adequately,1
least,1
short,1
sto,1
morals,1
alive,1
movimientofemenino,1
promotion,1
glaring,1
escandinavas,1
witness,1
facing,1
pluralism,1
socolow,1
understate,1
realm,1
become,1
straddling,1
interpretations,1
tarapaci,1
nari,1
can,1
enjoyed,1
criminology,1
silvia,1
enthusiastically,1
analyze,1
horse,1
divides,1
equivalent,1
sas,1
saw,1
industrialization,1
engagement,1
gomes,1
green,1
testimonio,1
ago,1
equis,1
formacidn,1
labradores,1
fidel,1
blueprint,1
claudia,1
justice,1
shocked,1
valeria,1
brave,1
carried,1
rachel,1
tempo,1
provoking,1
dictatorships,1
gutmann,1
straight,1
kaplan,1
disappearance,1
lizaro,1
dual,1
flower,1
anthropologies,1
road,1
note,1
reformulations,1
equals,1
masculinities,1
invokes,1
contestations,1
george,1
bulk,1
hemispheric,1
foreign,1
vozes,1
molloy,1
vision,1
consent,1
masculine,1
rough,1
ballot,1
andean,1
barbarians,1
binary,1
metanarrative,1
nexus,1
independence,1
deborah,1
army,1
un,1
seen,1
translation,1
transformacidn,1
yale,1
itself,1
began,1
nuevo,1
heeded,1
importantly,1
legitimacy,1
rapidly,1
incredulity,1
renderings,1
length,1
icken,1
owed,1
politico,1
reconsider,1
existed,1
tapped,1
prlictica,1
elsa,1
olavarria,1
dead,1
sheila,1
education,1
lar,1
tomis,1
obstetrica,1
wide,1
exists,1
ensayos,1
silverblatt,1
canada,1
egories,1
combines,1
generoportadilla,1
heather,1
desacordo,1
campinas,1
consumers,1
erode,1
mirta,1
zapatistas,1
nacional,1
dissertation,1
residuos,1
anthropological,1
border,1
share,1
seriously,1
lopsidedness,1
shadow,1
then,1
fifteen,1
lamas,1
associated,1
citizen,1
aspiring,1
practice,1
marjorie,1
peones,1
series,1
redemption,1
historiadoras,1
complexity,1
colonization,1
circumstances,1
postrevolutionary,1
stillerman,1
geographic,1
invoked,1
htm,1
continues,1
republicanas,1
wasserstrom,1
constructed,1
masses,1
membership,1
regress,1
md,1
unique,1
organizational,1
rappaport,1
willful,1
outcome,1
metdforas,1
coronil,1
message,1
marina,1
sociales,1
refused,1
reemerged,1
each,1
sure,1
worth,1
valparaiso,1
louise,1
jorge,1
pobres,1
dedicada,1
governments,1
believe,1
gone,1
nistor,1
ubiquitous,1
leaders,1
beneria,1
nelly,1
milanich,1
argue,1
republicanism,1
comp,1
derrida,1
domestic,1
fragmentos,1
masculinidad,1
leacock,1
meninasperdidas,1
experiencia,1
deconstruction,1
contradictory,1
obviously,1
matthew,1
oficios,1
exhaustive,1
rely,1
far,1
cautious,1
zgrate,1
formas,1
examining,1
differed,1
going,1
carnival,1
utilized,1
innumerable,1
consciousness,1
lauderdale,1
masters,1
mcgee,1
merely,1
corinne,1
following,1
ladies,1
specter,1
iztapalapa,1
identidades,1
helping,1
born,1
albertina,1
sigal,1
teniente,1
produ,1
victims,1
investigation,1
circles,1
burns,1
implicit,1
cooking,1
rebellion,1
ileana,1
trope,1
sociology,1
zegarra,1
coerced,1
doutores,1
agricultural,1
attitudes,1
charged,1
robles,1
contrasting,1
sociologist,1
firmly,1
chinandega,1
marta,1
brasileira,1
leaving,1
consisting,1
demografia,1
getting,1
vitality,1
premised,1
serpolitica,1
property,1
generally,1
civilian,1
psychology,1
suggests,1
gineros,1
middle,1
lence,1
spaces,1
prdcticas,1
conference,1
stern,1
dialogues,1
outline,1
naked,1
presented,1
ofagrarian,1
recognition,1
ill,1
met,1
fragments,1
brasileiras,1
centro,1
poststructuralism,1
easy,1
ac,1
waning,1
exerted,1
administration,1
iun,1
went,1
acute,1
struck,1
sion,1
silva,1
ehrick,1
centralism,1
cdrdenas,1
zemon,1
contribute,1
fissure,1
wolfe,1
results,1
arguments,1
manuela,1
politicas,1
urrutia,1
autonomia,1
mention,1
popularpolitical,1
colloquium,1
representation,1
diverged,1
paula,1
cabard,1
leap,1
convents,1
omar,1
come,1
prioritize,1
produce,1
cuadernos,1
renovations,1
models,1
lidia,1
youth,1
todorov,1
folias,1
rasgos,1
treated,1
postdictatorship,1
advent,1
lancaster,1
religiosasfrancesas,1
oneparty,1
zirate,1
ordem,1
abc,1
sangre,1
jacques,1
write,1
catherine,1
finally,1
deleuze,1
mignolo,1
discursive,1
pamela,1
mode,1
supermadre,1
crisis,1
dangerous,1
colo,1
prolonged,1
actively,1
instead,1
mobilizing,1
lively,1
grown,1
figueroa,1
consumption,1
manufacture,1
temporal,1
sito,1
modeled,1
integration,1
constituencies,1
involving,1
irreconcilable,1
france,1
heleieth,1
clues,1
glassworkers,1
forming,1
magdalena,1
dramatized,1
gaviola,1
objections,1
remains,1
bigger,1
alegorias,1
magical,1
mexicano,1
critico,1
anonymous,1
carr,1
elvis,1
charles,1
tutino,1
industrialists,1
munities,1
caviedes,1
elites,1
johnson,1
operdria,1
debate,1
criticism,1
fernando,1
virgins,1
lobato,1
masculinidades,1
serrano,1
coronel,1
abroad,1
niicleo,1
chaney,1
develop,1
corn,1
desierto,1
tones,1
uk,1
keynote,1
nara,1
dos,1
fictions,1
virtue,1
meeting,1
asked,1
doing,1
dominance,1
anchors,1
abreu,1
heterogeneous,1
