WORDCOUNTS,WEIGHT
the,954
of,760
and,517
to,423
in,419
his,298
a,295
ryder,272
that,236
s,199
he,181
for,171
as,167
was,164
diary,115
is,115
but,111
on,106
with,104
not,102
it,100
have,98
i,96
this,94
joseph,91
we,89
be,80
from,78
weber,74
by,73
at,68
an,67
god,64
which,61
or,60
may,56
also,55
ye,53
had,51
my,51
more,49
him,49
about,48
life,48
their,47
who,47
much,47
so,44
one,43
spiritual,43
world,43
see,43
if,42
century,42
time,40
day,39
would,39
historical,38
could,37
religious,37
only,37
were,37
end,36
february,36
found,34
economic,33
american,32
protestant,32
many,32
been,32
are,32
all,31
review,31
than,31
me,31
into,30
start,30
ethic,30
leeds,29
eighteenth,29
hill,29
its,28
never,28
early,28
those,27
own,27
what,27
c,27
they,26
journal,26
our,26
between,26
other,25
history,24
upon,24
both,24
now,23
has,23
yet,23
did,23
work,22
when,22
still,22
can,22
margaret,21
chapel,21
great,20
jacob,20
no,20
salvation,20
too,20
out,20
same,20
social,20
christ,20
new,20
man,20
capitalism,20
any,20
over,20
them,20
there,19
himself,19
part,19
business,19
after,19
find,18
even,18
heart,18
two,18
missing,18
success,18
like,18
her,18
before,17
might,17
providence,17
matthew,17
kadane,17
because,17
well,17
society,17
while,17
way,16
some,16
whitaker,16
soul,16
made,16
health,16
worldly,16
often,16
priestley,16
modern,15
first,15
political,15
things,15
predestination,15
poor,15
thought,15
thesis,15
death,15
striving,15
took,15
material,15
mill,15
very,15
grace,15
walker,14
doctrine,14
family,14
us,14
john,14
less,14
know,14
should,14
spirit,13
england,13
merchants,13
thus,13
times,13
whom,13
wrote,13
read,13
do,13
where,13
religion,13
years,13
little,13
english,12
being,12
nature,12
sin,12
how,12
always,12
london,12
place,12
good,12
men,12
here,12
sermons,12
writes,12
capitalist,11
mind,11
far,11
such,11
york,11
days,11
most,11
theological,11
r,11
gave,11
long,11
up,11
these,11
writing,11
minister,11
another,11
watching,11
then,11
must,11
through,11
prosperity,11
church,10
written,10
say,10
unitarian,10
profit,10
james,10
records,10
riches,10
others,10
puritan,10
concern,10
full,10
saw,10
shall,10
november,10
d,10
evidence,10
later,9
calvinism,9
seems,9
march,9
self,9
earlier,9
roth,9
means,9
wealth,9
age,9
gods,9
record,9
sense,9
june,9
wife,9
will,9
sermon,9
april,9
make,9
again,9
clegg,9
godly,9
three,9
christopher,9
general,9
why,9
december,9
turned,9
account,9
almost,9
became,9
need,9
sins,8
words,8
signs,8
case,8
politics,8
election,8
october,8
thing,8
occasion,8
watch,8
entry,8
just,8
lived,8
poverty,8
thoughts,8
during,8
protestantism,8
order,8
industry,8
manchester,8
led,8
second,8
lord,8
degree,8
yorkshire,8
take,8
nothing,8
frame,8
thomas,8
state,8
britain,8
itself,8
text,8
set,8
want,8
given,8
among,8
does,7
o,7
market,7
library,7
ways,7
greater,7
something,7
prosperous,7
every,7
historians,7
rich,7
point,7
labor,7
old,7
despair,7
without,7
rather,7
heard,7
certain,7
hours,7
came,7
however,7
having,7
example,7
providentialism,7
least,7
revolution,7
around,7
rylands,7
eternal,7
july,7
makes,7
protestants,7
culture,7
industrial,7
power,7
toward,7
hand,7
franklin,7
faith,7
especially,7
probably,7
note,7
wilson,7
consider,7
theology,7
desires,7
son,7
clothiers,7
think,7
come,7
commercial,7
cambridge,7
course,7
offered,7
clothier,6
women,6
t,6
sources,6
hence,6
wool,6
give,6
rational,6
book,6
daily,6
help,6
last,6
british,6
recorded,6
e,6
entrepreneurs,6
behavior,6
divine,6
kind,6
nor,6
body,6
left,6
though,6
critics,6
special,6
ministers,6
max,6
hands,6
events,6
year,6
keep,6
call,6
away,6
fully,6
prove,6
above,6
under,6
predestinarianism,6
name,6
children,6
present,6
lehmann,6
knew,6
birth,6
use,6
wicksteed,6
congregation,6
trade,6
clear,6
essay,6
august,6
spent,6
she,6
understand,6
anxiety,6
worldliness,6
meant,6
practice,6
ever,6
physical,6
unitarianism,6
best,6
down,6
figure,6
better,6
economy,6
whether,6
against,6
common,5
concerned,5
preach,5
studies,5
experience,5
seaver,5
discipline,5
reading,5
somewhat,5
within,5
daniel,5
money,5
right,5
lectures,5
ability,5
publications,5
died,5
look,5
spite,5
details,5
deeply,5
preachers,5
turn,5
benjamin,5
lay,5
webster,5
lives,5
tho,5
former,5
argued,5
m,5
unlike,5
late,5
war,5
charity,5
damnation,5
commerce,5
level,5
working,5
concerns,5
comfort,5
research,5
seemed,5
therefore,5
short,5
indeed,5
brief,5
assurance,5
comments,5
baxter,5
ed,5
love,5
thoresby,5
enough,5
woman,5
books,5
autobiography,5
considering,5
explanation,5
assume,5
ideas,5
hour,5
mclachlan,5
co,5
david,5
january,5
christian,5
george,5
science,5
perhaps,5
analysis,5
mother,5
rarely,5
believed,5
tawney,5
known,5
intellectual,5
depression,5
wallington,5
ethos,5
born,5
calif,5
particular,5
trinity,5
watchfulness,5
lupton,5
suggests,5
presented,5
occasionally,5
duty,5
went,5
moderation,5
question,5
argument,5
covenant,5
although,5
unitarians,5
dissent,5
potential,5
doing,5
close,5
possessed,4
page,4
excess,4
tenets,4
mackinnon,4
saved,4
entries,4
formed,4
h,4
atonement,4
position,4
providentialist,4
accumulation,4
said,4
olive,4
else,4
certainly,4
j,4
europe,4
context,4
side,4
affections,4
guenther,4
mass,4
saying,4
felt,4
activity,4
richard,4
west,4
heretical,4
countless,4
since,4
g,4
interest,4
satan,4
young,4
served,4
remarkably,4
generation,4
let,4
whose,4
act,4
middling,4
wheelhouse,4
reference,4
collinson,4
opportunity,4
hearing,4
study,4
university,4
possibly,4
presumably,4
amid,4
weather,4
n,4
linkage,4
pious,4
important,4
friends,4
lead,4
cultural,4
recently,4
oh,4
memory,4
aspects,4
keeping,4
relief,4
used,4
ideal,4
arianism,4
edn,4
description,4
whole,4
consistently,4
defoe,4
stanford,4
week,4
either,4
successful,4
hard,4
below,4
parish,4
specifically,4
few,4
brought,4
doctrines,4
necessity,4
identified,4
successes,4
harris,4
sinful,4
newton,4
jesus,4
ascetic,4
experimental,4
increasingly,4
mentions,4
herbert,4
fact,4
predestinarian,4
hear,4
contemporary,4
duties,4
necessary,4
greatest,4
father,4
active,4
cappe,4
questions,4
rare,4
suggested,4
authors,4
held,4
eve,4
latter,4
alive,4
labour,4
attended,4
oxford,4
verses,4
seen,4
continually,4
months,4
worlds,4
hearts,4
historian,4
each,4
connection,4
capital,4
particularly,4
works,4
merely,4
making,4
lane,4
providential,4
careful,4
greyerz,4
lifetime,4
giving,4
entrepreneur,4
mention,4
piety,4
tell,4
reveals,4
product,4
needs,4
profits,4
root,4
transitory,4
fears,4
watchfull,4
increase,4
countryside,3
ready,3
encouraged,3
needed,3
fate,3
mobility,3
birmingham,3
essays,3
puritanism,3
word,3
live,3
completely,3
occurred,3
inequality,3
preindustrial,3
induced,3
acquainted,3
source,3
consistent,3
interests,3
implications,3
vols,3
divinity,3
prayed,3
advantage,3
thanks,3
watched,3
prosper,3
distress,3
ozment,3
empty,3
attacked,3
sexual,3
draw,3
possible,3
condition,3
failing,3
conflict,3
central,3
throughout,3
married,3
mine,3
visited,3
pursuit,3
neighbours,3
asceticism,3
madness,3
moneymaking,3
affairs,3
subjects,3
marriage,3
revisited,3
y,3
secular,3
influence,3
according,3
blessing,3
smail,3
wishes,3
walsham,3
dilemma,3
l,3
sort,3
goes,3
granted,3
probability,3
direct,3
danger,3
redundancy,3
von,3
reason,3
acquisition,3
wanted,3
tensions,3
representativeness,3
improvement,3
imagination,3
elisabeth,3
placed,3
preoccupation,3
w,3
show,3
textile,3
calvinist,3
dissenting,3
problems,3
view,3
path,3
search,3
p,3
sabbath,3
cz,3
radical,3
further,3
equally,3
vile,3
burial,3
appears,3
cannot,3
suffered,3
safe,3
near,3
failure,3
directly,3
line,3
gains,3
imagined,3
civil,3
esp,3
lays,3
journals,3
private,3
literally,3
actually,3
moments,3
disciplined,3
sensibility,3
zaret,3
strict,3
next,3
owned,3
quite,3
sake,3
balancing,3
characteristics,3
weberian,3
philip,3
believers,3
nation,3
action,3
service,3
benson,3
greed,3
put,3
hold,3
agonized,3
chap,3
intense,3
neither,3
assistance,3
fleeting,3
until,3
goodness,3
gentlemen,3
rise,3
maintained,3
comfortable,3
paul,3
spend,3
ask,3
longer,3
main,3
reformed,3
really,3
arthur,3
doubt,3
v,3
manner,3
creature,3
seventeenth,3
michael,3
forth,3
mercy,3
disregarded,3
imagine,3
registers,3
enormous,3
entirely,3
refers,3
render,3
previous,3
nevertheless,3
described,3
rutt,3
low,3
moral,3
points,3
individual,3
evening,3
tim,3
period,3
class,3
diarists,3
article,3
eyes,3
become,3
mr,3
story,3
industrialization,3
davidoff,3
justice,3
mss,3
calvin,3
depth,3
aspirations,3
relationship,3
fear,3
ordinary,3
anxious,3
puritans,3
fall,3
face,3
matters,3
addressed,3
proof,3
triplet,3
morning,3
preface,3
version,3
temporal,3
chapels,3
belief,3
agony,3
milieu,3
different,3
worth,3
interested,3
argue,3
thy,3
ryders,3
goods,3
examining,3
outlook,3
enjoyment,3
maintain,3
passed,3
problem,3
middle,3
credit,3
dissenters,3
circumstances,3
four,3
easy,3
gain,3
finding,3
national,3
write,3
lifelong,3
dangerous,3
sat,3
register,3
afflictions,3
enlightenment,3
defined,3
maximization,3
charles,3
attending,3
views,3
recent,3
daughter,3
major,3
final,2
resolve,2
difficult,2
intricate,2
archives,2
perpetuall,2
helped,2
currently,2
struggle,2
limits,2
declared,2
generated,2
quickly,2
names,2
stood,2
praised,2
go,2
affected,2
interventions,2
revolutionary,2
determine,2
cut,2
ultimate,2
benedict,2
manuscript,2
germany,2
conversion,2
center,2
denied,2
traded,2
naturalized,2
fed,2
thankfull,2
true,2
rewards,2
unnamed,2
child,2
presents,2
laid,2
tells,2
nineteenth,2
arguing,2
revision,2
theft,2
turning,2
thursday,2
journeys,2
negative,2
amelang,2
lower,2
anything,2
aside,2
textual,2
trouble,2
wansey,2
progressed,2
porosity,2
assist,2
worked,2
funerals,2
historiography,2
comparatively,2
shaped,2
copy,2
tradition,2
theologically,2
suggesting,2
desire,2
estimation,2
thro,2
reasons,2
potentially,2
fruits,2
closer,2
created,2
room,2
survey,2
idealization,2
ailments,2
date,2
typical,2
greatly,2
plentifull,2
number,2
communion,2
system,2
rimmer,2
takes,2
generosity,2
dr,2
watcher,2
key,2
advice,2
sought,2
america,2
hall,2
busy,2
porter,2
determined,2
solely,2
medical,2
mental,2
doctrinal,2
except,2
dynamic,2
message,2
sign,2
human,2
punishing,2
goal,2
evident,2
surely,2
explained,2
longevity,2
de,2
reflection,2
logic,2
large,2
composure,2
ease,2
type,2
seeming,2
marxism,2
congregations,2
cases,2
adam,2
godliness,2
convincing,2
back,2
kinds,2
practitioner,2
difficulty,2
poem,2
third,2
rhythm,2
warned,2
apparently,2
delivered,2
marx,2
talent,2
employ,2
foot,2
slothfull,2
hero,2
briefly,2
town,2
german,2
upright,2
bring,2
growth,2
wanting,2
lurked,2
troubled,2
arising,2
magisterial,2
agonizing,2
anglican,2
basic,2
explicit,2
myself,2
pause,2
rigid,2
parents,2
outward,2
risk,2
eight,2
humanity,2
importance,2
consequences,2
extremes,2
moreover,2
happened,2
howe,2
pleasures,2
ferment,2
escape,2
funeral,2
partnership,2
bad,2
vastly,2
marks,2
forget,2
baptized,2
established,2
literary,2
bourn,2
driven,2
worried,2
gradually,2
mary,2
frequently,2
profile,2
benefited,2
origins,2
beyond,2
cotton,2
generally,2
consequence,2
putting,2
malcolmson,2
dissenter,2
oppression,2
hereafter,2
answers,2
care,2
faced,2
drawing,2
wiltshire,2
cristina,2
union,2
talking,2
expressed,2
watchful,2
based,2
acceptable,2
declined,2
appearance,2
listened,2
approvingly,2
begun,2
called,2
joy,2
temptation,2
relating,2
seven,2
patrick,2
demands,2
international,2
author,2
monitoring,2
melancholy,2
constantly,2
believer,2
markets,2
understood,2
slothful,2
buried,2
religiosity,2
sentence,2
obedience,2
acquaintance,2
icarus,2
explain,2
jewish,2
temptations,2
pews,2
improve,2
shape,2
abuse,2
chearfulness,2
basis,2
data,2
abroad,2
leisure,2
unless,2
stake,2
purpose,2
failed,2
knowledge,2
actors,2
ten,2
reminded,2
got,2
literature,2
realm,2
q,2
issues,2
flight,2
sermonizing,2
people,2
weekly,2
riding,2
artifact,2
presbyterian,2
defeated,2
ucla,2
weeks,2
sic,2
change,2
strove,2
running,2
solution,2
deity,2
tom,2
poet,2
temporary,2
intensely,2
met,2
deviant,2
whereabouts,2
impossible,2
churches,2
core,2
orthodox,2
progress,2
proper,2
describes,2
bunyan,2
value,2
grateful,2
finds,2
stand,2
am,2
suggest,2
massive,2
activities,2
avoid,2
trifling,2
condemn,2
f,2
portion,2
critical,2
eternity,2
consolation,2
various,2
wondrous,2
return,2
nearly,2
judgment,2
surviving,2
layman,2
experiences,2
innovation,2
positive,2
bread,2
meritorious,2
elaboration,2
infested,2
preaching,2
lecturers,2
soon,2
diseases,2
elizabeth,2
ci,2
passions,2
reports,2
emotional,2
fornication,2
ct,2
functioned,2
hirschman,2
avoided,2
volume,2
theorist,2
tour,2
afterlife,2
metaphysical,2
stated,2
monitor,2
ended,2
available,2
deserves,2
chaps,2
addition,2
towards,2
signified,2
conformity,2
naive,2
lack,2
striking,2
fascinating,2
agree,2
afraid,2
choice,2
governed,2
plagued,2
beloved,2
personality,2
debates,2
prejudicial,2
favorite,2
beliefs,2
thompson,2
possession,2
readers,2
model,2
karl,2
deep,2
hartmut,2
gives,2
supplys,2
singleton,2
original,2
sombart,2
popular,2
richer,2
understanding,2
mean,2
warning,2
simple,2
vast,2
secured,2
awfull,2
values,2
looking,2
snares,2
expression,2
stealing,2
unfortunately,2
largely,2
dye,2
leonore,2
harvard,2
pleasure,2
continue,2
dismissed,2
shortly,2
kaspar,2
worry,2
discovered,2
biblical,2
reward,2
language,2
peter,2
allowed,2
rewarded,2
strange,2
collected,2
distinction,2
kept,2
comforts,2
offer,2
wish,2
whitehead,2
k,2
relation,2
emphasized,2
commands,2
ann,2
exactly,2
enjoyed,2
predestinarians,2
conscience,2
sloth,2
relative,2
engagement,2
attend,2
controversial,2
attention,2
brown,2
hunt,2
carried,2
admire,2
allay,2
flesh,2
inordinate,2
continued,2
kenneth,2
earth,2
ministry,2
aunt,2
begin,2
temporall,2
rpt,2
entity,2
deaths,2
citizens,2
becomes,2
multitude,2
referred,2
lost,2
affinity,2
encroach,2
traveled,2
hope,2
respect,2
centuries,2
rider,2
spun,2
earliest,2
detail,2
isaac,2
thankfully,2
penitent,2
contained,2
fifteen,2
associated,2
singular,2
worsted,2
comes,2
metaphor,2
redemption,2
mercantile,2
simply,2
devout,2
precise,2
frightening,2
specific,2
der,2
echoes,2
ran,2
diarist,2
natural,2
control,2
tendencies,2
country,2
grow,2
steven,2
methodist,2
prolific,2
seriously,2
believe,2
certainty,2
half,2
visiting,2
foundation,2
job,2
clearly,2
thinking,2
mammon,2
considerable,2
pit,2
past,2
consciousness,2
passage,2
living,2
glory,2
following,2
william,2
suffering,2
carefully,2
terms,2
methodological,2
ones,2
mann,2
thirty,2
add,2
guilty,2
pleased,2
cloth,2
property,2
equall,2
emphasis,2
freedom,2
translated,2
naked,2
levell,2
recognition,2
ill,2
role,2
tried,2
arguments,2
merchant,2
ranks,2
families,2
invoked,2
dejection,2
cautioned,2
idealism,2
moderate,2
youth,2
notes,2
rediscovery,2
quest,2
twentieth,2
web,2
samuel,2
grant,2
accept,2
aware,2
upside,2
provided,2
opinions,2
already,2
effects,2
clues,2
locate,2
nehemiah,2
increased,2
showed,2
moved,2
news,2
artisan,2
rest,2
collective,2
alexandra,2
themselves,2
mystery,2
damned,2
supply,2
uncertainty,2
bargain,2
puts,2
intended,2
entire,2
heir,2
souls,2
famous,2
chearfull,2
sa,1
courts,1
taste,1
summed,1
dogmas,1
unabashedly,1
unrepented,1
formulated,1
finall,1
done,1
foreshadowing,1
along,1
doubts,1
consanguinity,1
admonished,1
liminal,1
universal,1
humankind,1
trinitarian,1
prescription,1
ambivalence,1
avoiding,1
anthony,1
apothecary,1
solemn,1
pull,1
threatened,1
gentler,1
till,1
begging,1
examine,1
righteous,1
truth,1
evangelicalism,1
career,1
reconsidered,1
extend,1
accords,1
asleep,1
struggled,1
worthy,1
northeast,1
red,1
implies,1
dissolution,1
toal,1
alone,1
nonconformist,1
pentecostalism,1
constitution,1
starts,1
utility,1
notably,1
pushed,1
per,1
passing,1
expect,1
incomprehensible,1
employees,1
stripped,1
group,1
told,1
singularly,1
imbedded,1
complex,1
significant,1
achievements,1
hurry,1
archbishop,1
jews,1
whereof,1
properly,1
consumers,1
forgiveness,1
songs,1
disciples,1
remind,1
openness,1
transcribed,1
uniquely,1
mysteries,1
remnants,1
hoarding,1
item,1
disapproving,1
breezily,1
expenditure,1
antinomians,1
easily,1
commonplace,1
poignantly,1
favor,1
park,1
conscious,1
satisfied,1
notwithstanding,1
censure,1
giants,1
ms,1
considerations,1
jesuitical,1
anthropology,1
overlook,1
devices,1
unprofitable,1
obligations,1
character,1
necessarily,1
harsh,1
moya,1
shop,1
title,1
rigour,1
observing,1
sinning,1
gertie,1
biographical,1
diligent,1
savior,1
lightfoot,1
loathsome,1
vainglorious,1
tepid,1
eye,1
attuned,1
stuarts,1
chief,1
amongst,1
palpable,1
persecute,1
coldness,1
contexts,1
anglophile,1
tends,1
predominantly,1
painful,1
uprising,1
member,1
invoking,1
knotty,1
passion,1
provision,1
stressed,1
beneficial,1
earning,1
humble,1
embarrassed,1
handwriting,1
embraced,1
preceding,1
creation,1
ay,1
matured,1
greatness,1
entailed,1
quoting,1
ii,1
individualist,1
taken,1
psychiatrist,1
military,1
equilibrium,1
salvific,1
acutely,1
sores,1
attempt,1
ears,1
darkness,1
meaning,1
sunday,1
preoccupied,1
alienation,1
undeniably,1
ourselves,1
stretch,1
youngest,1
grandfather,1
definition,1
reach,1
wooden,1
leading,1
strictness,1
secondary,1
broken,1
lessen,1
lazarus,1
prospereth,1
indulge,1
thank,1
sang,1
hide,1
disquieting,1
happy,1
origin,1
nineteen,1
helle,1
follows,1
studied,1
afflict,1
able,1
government,1
link,1
scheme,1
reveal,1
onto,1
pitied,1
court,1
uncovered,1
supermarket,1
vices,1
real,1
invalidate,1
literate,1
grappled,1
subsequent,1
kinsman,1
baehr,1
colourless,1
feature,1
faculty,1
fresh,1
embrace,1
toleration,1
harrowing,1
favours,1
mystical,1
sandercock,1
miles,1
precisely,1
influences,1
keith,1
henry,1
robert,1
sinfull,1
opposite,1
alike,1
focus,1
behind,1
distraught,1
lecturer,1
majority,1
selling,1
rawtenstall,1
courage,1
growing,1
concealed,1
customs,1
partners,1
issue,1
globe,1
habitual,1
depending,1
ascribed,1
dearth,1
existence,1
resulted,1
forthcoming,1
prospered,1
mechanized,1
roy,1
courtesy,1
anthropologists,1
albeit,1
walks,1
negotiate,1
outlet,1
capacity,1
prone,1
sects,1
translations,1
foreknowledge,1
expenses,1
saviour,1
firm,1
es,1
coward,1
addresses,1
inauthentic,1
changed,1
licking,1
design,1
pity,1
chapter,1
consigns,1
replacement,1
opened,1
capable,1
marked,1
compelling,1
ordinances,1
valenze,1
matched,1
illustrate,1
breath,1
player,1
fritz,1
drive,1
tryalls,1
inevitable,1
quibble,1
sinking,1
ringer,1
brazil,1
insight,1
births,1
easier,1
rid,1
measuring,1
indigent,1
whatever,1
taking,1
desired,1
supervision,1
x,1
ignores,1
meditated,1
resources,1
laws,1
household,1
painfully,1
literal,1
chart,1
apply,1
autobiographers,1
negotiation,1
enter,1
facto,1
affluent,1
zone,1
probity,1
plenty,1
eroded,1
engage,1
sweet,1
fades,1
allayed,1
wallace,1
nesse,1
hazard,1
nervousness,1
hudson,1
wherever,1
hierarchy,1
mistake,1
possessing,1
restraint,1
resonated,1
iron,1
singularity,1
weekday,1
accessible,1
fit,1
denying,1
actual,1
frequenting,1
disorder,1
decree,1
famously,1
dying,1
immediate,1
development,1
waded,1
unmechanized,1
reputation,1
accommodation,1
patient,1
consumed,1
sample,1
productive,1
reprobation,1
remorse,1
edgar,1
muscle,1
questing,1
september,1
soteriology,1
neighbors,1
doctor,1
struggles,1
corner,1
millennium,1
bodily,1
admixture,1
relatively,1
viewing,1
subtle,1
adopted,1
vigilance,1
honest,1
kinder,1
lancashire,1
occurs,1
highlighting,1
heightened,1
subtitle,1
conjures,1
jr,1
bounty,1
topic,1
assured,1
mild,1
farewell,1
melancholic,1
espoused,1
ai,1
manuel,1
congregated,1
exponent,1
roche,1
pertained,1
progressive,1
undiscovered,1
billig,1
thereof,1
wander,1
spirrituall,1
unclean,1
person,1
maybe,1
places,1
perspective,1
softened,1
montesquieu,1
burgeoning,1
depend,1
hustle,1
concerning,1
infrequently,1
hollandsche,1
editing,1
ithaca,1
response,1
machines,1
attainments,1
modernity,1
holds,1
affectation,1
flawed,1
defeating,1
wholly,1
exercise,1
wont,1
suitable,1
displeasure,1
forbid,1
compared,1
arranged,1
avidly,1
bag,1
single,1
clock,1
arians,1
compare,1
unequivocally,1
withal,1
vicar,1
empiricism,1
gospel,1
despising,1
consequently,1
wonderfull,1
performative,1
ingredient,1
dear,1
exempted,1
tout,1
industries,1
resolutions,1
obscenity,1
exempt,1
sagas,1
eternall,1
unsecure,1
rigors,1
secularism,1
consciences,1
restated,1
letter,1
stanley,1
redolent,1
glad,1
repent,1
readable,1
anglo,1
ado,1
speech,1
perfect,1
longing,1
van,1
contradiction,1
disconsolate,1
abiding,1
talks,1
steal,1
via,1
interesting,1
profoundly,1
grandchildren,1
dejected,1
spirituall,1
avoids,1
recognized,1
americans,1
adequate,1
dangerously,1
understands,1
youthful,1
deteriorate,1
edited,1
middletown,1
precariousness,1
meditating,1
brethren,1
superficial,1
notable,1
generations,1
lusts,1
interpretation,1
thou,1
en,1
absolution,1
genuine,1
keepers,1
longest,1
knud,1
derbyshire,1
process,1
consternation,1
bond,1
vocation,1
sherman,1
loomed,1
culturally,1
hindered,1
suffer,1
fever,1
phrases,1
neighborhood,1
priority,1
resume,1
usefull,1
incomparably,1
ex,1
b,1
talk,1
leave,1
brett,1
armada,1
parts,1
earthly,1
intemperance,1
dialogue,1
prodigies,1
revelation,1
fortunesall,1
possess,1
stability,1
vindicate,1
selected,1
peak,1
echoed,1
persons,1
uncertainties,1
empowerment,1
factors,1
miscellaneous,1
front,1
extra,1
divided,1
troublesome,1
shell,1
proclaimed,1
suffice,1
equation,1
rising,1
distinct,1
markett,1
utterly,1
changes,1
mans,1
finer,1
sitting,1
ensure,1
distributive,1
female,1
speculative,1
cause,1
evil,1
maiden,1
needless,1
objects,1
fast,1
occupational,1
doctrinaire,1
benefits,1
antidote,1
descent,1
assent,1
peasants,1
affiliations,1
clergy,1
emergence,1
teaches,1
linked,1
disgrace,1
represented,1
enjoyments,1
numbers,1
dominate,1
footnotes,1
welfare,1
articulated,1
glorious,1
house,1
decade,1
thee,1
betters,1
trifle,1
dewey,1
unchangeable,1
unconvincingly,1
cousins,1
motive,1
unavoidable,1
democratic,1
additional,1
voluminous,1
powerful,1
longed,1
follow,1
statement,1
ostentation,1
defeat,1
exceed,1
protectors,1
depart,1
prospering,1
definite,1
ultimately,1
epiphenomenon,1
enjoys,1
christmas,1
drunkenness,1
rp,1
reconsideration,1
mix,1
willing,1
plight,1
carlo,1
covetous,1
zealous,1
wasn,1
dominant,1
unfailing,1
lascivious,1
improvised,1
strategy,1
hedonistic,1
decades,1
retirement,1
stands,1
methodology,1
alice,1
reflections,1
descriptive,1
profiting,1
closely,1
sincerely,1
encourage,1
identifying,1
pursuits,1
walk,1
someone,1
precluded,1
agenda,1
habits,1
fortunes,1
histories,1
medicine,1
demise,1
plot,1
strength,1
sokoloff,1
access,1
thine,1
effort,1
resembles,1
agrees,1
economics,1
countenance,1
intellectuals,1
unconcerned,1
giddens,1
destined,1
infrequent,1
criticisms,1
sr,1
emoluments,1
diet,1
niece,1
attests,1
illness,1
affluence,1
philosophical,1
negation,1
employee,1
base,1
adverse,1
none,1
term,1
punishment,1
big,1
acquiring,1
wonder,1
accurately,1
salty,1
beneficiall,1
occupation,1
asceticismread,1
informed,1
transactions,1
vocational,1
choices,1
institute,1
heaven,1
archetypal,1
confined,1
unique,1
presbyterians,1
treat,1
awaken,1
hurting,1
absorption,1
produced,1
boyd,1
devoid,1
intensity,1
purchased,1
wrong,1
excellent,1
younger,1
appearing,1
energy,1
vivid,1
introspection,1
outside,1
verse,1
alluring,1
tension,1
kitsons,1
absolute,1
approached,1
instrumental,1
required,1
reluctantly,1
dismall,1
vomit,1
noticed,1
coincidentally,1
opposition,1
negotiated,1
public,1
triumph,1
photo,1
hackney,1
princeton,1
seventies,1
possibility,1
meditation,1
wants,1
coin,1
affair,1
epiphenomenal,1
receive,1
verbose,1
jim,1
kinsmen,1
christianity,1
gained,1
animated,1
conservatives,1
followed,1
genre,1
julia,1
accounting,1
liable,1
honors,1
network,1
formerly,1
lure,1
inferred,1
rationalizing,1
fearful,1
listening,1
deansgate,1
incomes,1
carry,1
nine,1
framed,1
condoned,1
detestation,1
future,1
prominent,1
distinctively,1
significantly,1
psychological,1
fared,1
drew,1
oftentimes,1
watts,1
repentance,1
clearer,1
remarkable,1
related,1
liberality,1
comment,1
gender,1
excessive,1
caught,1
pocket,1
neutrality,1
staunchly,1
texture,1
lovely,1
loss,1
bible,1
opined,1
sorrow,1
describe,1
island,1
discussions,1
uncleanness,1
critique,1
befell,1
reduces,1
constitute,1
contains,1
haakonssen,1
unmistakable,1
anxieties,1
runs,1
destitution,1
dog,1
et,1
timepieces,1
forces,1
encrease,1
personal,1
credo,1
unwittingly,1
appreciated,1
wrightson,1
voluptuousness,1
endorsed,1
reassure,1
gratitude,1
confession,1
appetites,1
esteeming,1
interpreted,1
rowe,1
miss,1
endorsement,1
connections,1
mired,1
feast,1
otherworldly,1
graduate,1
sink,1
count,1
sprang,1
severing,1
spouses,1
admonition,1
monitored,1
aided,1
sorrows,1
cage,1
exemplary,1
published,1
creating,1
dark,1
infallible,1
apprehends,1
stahlhartes,1
caused,1
onely,1
field,1
manners,1
straddled,1
diminish,1
aroused,1
shaping,1
hardly,1
seized,1
stage,1
socialist,1
impair,1
transgressions,1
ginzburg,1
loving,1
hired,1
trading,1
box,1
grass,1
lowly,1
catholic,1
le,1
deborah,1
agonies,1
destiny,1
hereupon,1
attentive,1
lrl,1
sharp,1
needeth,1
ticking,1
night,1
event,1
adding,1
reader,1
prized,1
berg,1
dwell,1
calling,1
several,1
endured,1
spanish,1
deist,1
spiritually,1
sufficient,1
driving,1
stiled,1
exemplifies,1
pain,1
feelings,1
choose,1
devotions,1
bolton,1
folk,1
invoke,1
presence,1
fretted,1
invaluable,1
registry,1
decline,1
climate,1
distinguished,1
ancestors,1
mixing,1
blessings,1
foremost,1
wisely,1
hindrance,1
parliament,1
inheriting,1
managed,1
condemned,1
taxed,1
struck,1
inability,1
breached,1
finishing,1
capp,1
ingrossed,1
productivity,1
reverend,1
filling,1
psalm,1
reluctant,1
correspondence,1
notice,1
roots,1
provenance,1
beauty,1
childless,1
conceptions,1
searches,1
developmental,1
macdonald,1
hypocrisy,1
valuable,1
entrepreneurship,1
enjoy,1
geographical,1
thorniness,1
suspicious,1
tjs,1
tormented,1
reappear,1
survived,1
prescribed,1
leveler,1
cite,1
void,1
flourished,1
spirituality,1
battle,1
defended,1
approximated,1
originally,1
submissive,1
together,1
tumult,1
timeless,1
furnished,1
rhymed,1
contrivance,1
temperament,1
steady,1
anew,1
visitt,1
positions,1
matter,1
variety,1
absence,1
practices,1
befriends,1
highwaymen,1
hyperbole,1
scientific,1
worshiped,1
exasperated,1
unification,1
mark,1
logically,1
separation,1
lynn,1
lurking,1
doctoral,1
midcentury,1
relieving,1
tailor,1
essex,1
sinners,1
heresies,1
archetype,1
gremp,1
criticized,1
forward,1
stating,1
thankful,1
posed,1
benefiting,1
prevailing,1
forbidden,1
object,1
englishmen,1
community,1
surveyor,1
ignorant,1
permissible,1
infirm,1
unprecedented,1
premises,1
settings,1
att,1
quaker,1
simultaneously,1
hester,1
thereby,1
direction,1
zeal,1
measure,1
levered,1
mediator,1
biological,1
approaches,1
guide,1
absurd,1
communities,1
simultaneous,1
competition,1
teetered,1
inimitable,1
dwells,1
observer,1
matlock,1
examined,1
opportunities,1
arian,1
doe,1
accident,1
devotion,1
watchingencouraged,1
coincidental,1
alongside,1
albert,1
hese,1
adultery,1
unattainable,1
continuity,1
evolved,1
seeing,1
technology,1
exposure,1
jermiah,1
peers,1
populated,1
specifics,1
confidence,1
favorable,1
hourly,1
management,1
dictates,1
rode,1
sociological,1
symptomatic,1
included,1
victories,1
fading,1
stole,1
light,1
rightly,1
liberties,1
professor,1
reinvestment,1
appear,1
guatemala,1
heaton,1
woolen,1
acuity,1
tic,1
deliver,1
al,1
robust,1
ocean,1
frightened,1
intently,1
insights,1
odds,1
saltiness,1
alien,1
gay,1
lengthy,1
whitgift,1
department,1
misinterpreters,1
begins,1
quotations,1
disagreed,1
noted,1
speaking,1
weavers,1
picture,1
georgian,1
double,1
chose,1
consoling,1
party,1
stemmed,1
members,1
starting,1
unwatchful,1
visitor,1
forgetfullness,1
attainable,1
aspect,1
oldraid,1
challenge,1
obsessively,1
sometimes,1
incautious,1
neglect,1
nockles,1
penitence,1
baptisms,1
purely,1
revisionists,1
pointed,1
morley,1
usefulness,1
worshipful,1
financial,1
desiring,1
toll,1
otherworldliness,1
smith,1
analytical,1
powder,1
persuasion,1
joyce,1
communal,1
causality,1
idea,1
marker,1
cruelty,1
stories,1
coincidence,1
turner,1
conduct,1
endless,1
occurrence,1
blasphemous,1
woollen,1
misinterpretation,1
pressure,1
walked,1
instability,1
polluted,1
predictably,1
neglects,1
reform,1
distance,1
inevitably,1
enable,1
oneself,1
hargrave,1
larger,1
identity,1
beg,1
diverse,1
wantonness,1
grows,1
luxury,1
overwhelmingly,1
formulating,1
beheaded,1
resolved,1
eudaemonistic,1
venture,1
junior,1
fashion,1
yesterday,1
travail,1
seldom,1
unthinkable,1
habit,1
ledger,1
serious,1
rhetoric,1
historicize,1
chargeable,1
reproductive,1
consciously,1
drove,1
everyday,1
ground,1
employed,1
plethora,1
landscape,1
devoted,1
neighbourhood,1
purposes,1
validity,1
receives,1
newtonian,1
obsessive,1
answer,1
yarn,1
sorry,1
coexisted,1
mascuch,1
anglicans,1
capitalists,1
spoke,1
wiles,1
normative,1
remarked,1
jeremiah,1
project,1
eds,1
regarded,1
controversy,1
disenchanted,1
marshalls,1
acquire,1
entrepreneurial,1
going,1
encountered,1
perseverance,1
obsession,1
reminds,1
civilized,1
argues,1
local,1
discourses,1
immutability,1
collecting,1
balance,1
extended,1
theirs,1
allseeing,1
supplies,1
abide,1
survive,1
conundrum,1
orienting,1
celebrations,1
conn,1
shaky,1
stuck,1
range,1
sober,1
sides,1
servant,1
writings,1
recollect,1
catholicism,1
region,1
augured,1
including,1
owe,1
depended,1
bullet,1
sufficiently,1
bequeathed,1
silverman,1
services,1
mosaic,1
top,1
notebook,1
persists,1
imbued,1
host,1
elections,1
lecture,1
intention,1
denies,1
food,1
healing,1
sold,1
religiously,1
determining,1
persisted,1
omnipresent,1
waking,1
emphasize,1
factor,1
rescue,1
yp,1
products,1
labourers,1
bitter,1
redistributed,1
exhibited,1
trend,1
engineers,1
reproducing,1
angling,1
contentment,1
stay,1
swearing,1
levity,1
purposeful,1
connected,1
theories,1
intimacy,1
aid,1
kindred,1
vigilant,1
ties,1
orphans,1
quotation,1
chearfully,1
excited,1
directed,1
jose,1
comprehensive,1
se,1
publication,1
express,1
agreement,1
debt,1
approving,1
correcting,1
faces,1
lonely,1
invincible,1
workers,1
travels,1
uprisings,1
controversies,1
dilatory,1
pride,1
divisions,1
valorized,1
started,1
external,1
revised,1
innermost,1
function,1
features,1
escaped,1
preferr,1
miracle,1
flavel,1
lie,1
scripted,1
anyone,1
hastes,1
diversion,1
losing,1
funerall,1
tyranny,1
forms,1
deliverances,1
burley,1
strangely,1
strongly,1
workdays,1
conclusions,1
carelessly,1
qualifications,1
strive,1
systems,1
trying,1
incapable,1
cottagers,1
agonizingly,1
reads,1
desirous,1
sight,1
declare,1
confidently,1
insane,1
incompatible,1
effect,1
teach,1
tradesmen,1
structure,1
percent,1
seeking,1
faithfullness,1
capabilities,1
looks,1
slightly,1
dominance,1
blood,1
spain,1
budding,1
workshop,1
figures,1
forefront,1
save,1
versus,1
burials,1
tendency,1
amateur,1
insignificant,1
payment,1
caution,1
reformist,1
ago,1
quarter,1
denier,1
latitudinarians,1
modifications,1
darker,1
vain,1
blueprint,1
ungratefull,1
baggage,1
pastor,1
visible,1
convincingly,1
competed,1
concluded,1
authentically,1
emily,1
perils,1
operating,1
genesis,1
providences,1
european,1
gehause,1
asking,1
accepting,1
indication,1
speculate,1
depressed,1
entail,1
fueled,1
imply,1
off,1
circle,1
dual,1
mitigate,1
absorbing,1
today,1
belonged,1
scrutinized,1
richest,1
unmercifulness,1
wisdom,1
spelling,1
lot,1
independent,1
affirmation,1
mercies,1
popularity,1
crucial,1
foil,1
whig,1
usually,1
devotional,1
amherst,1
illuminates,1
jacobites,1
husband,1
naturally,1
methodism,1
practical,1
practitioners,1
suggestive,1
delighted,1
prose,1
program,1
suspected,1
spouse,1
competency,1
vague,1
sensibilitycompare,1
randomly,1
promising,1
favour,1
institutions,1
dimensions,1
beneficiary,1
sensitive,1
army,1
directions,1
modified,1
detailed,1
began,1
returned,1
economists,1
millennia,1
parsons,1
nay,1
transformation,1
sensual,1
indicate,1
length,1
appleby,1
settled,1
reckons,1
literacy,1
insistence,1
calvinists,1
spared,1
impersonal,1
kill,1
maatschappij,1
unsurprising,1
vanessa,1
existed,1
gett,1
catechism,1
surprising,1
captain,1
wives,1
education,1
muted,1
types,1
fields,1
loggerheads,1
elder,1
walking,1
get,1
contemplating,1
frith,1
nowhere,1
tantamount,1
rationalize,1
rigorous,1
immensely,1
attachment,1
nearer,1
considered,1
announces,1
articulations,1
affect,1
quantitatively,1
merry,1
contradictory,1
dissertation,1
staying,1
backsliding,1
idol,1
contemplated,1
share,1
small,1
anguish,1
underpinned,1
impulse,1
series,1
conclusion,1
changing,1
homogeneity,1
appointed,1
folkersen,1
vasquez,1
peoples,1
punishments,1
nervous,1
hell,1
disabilities,1
suggestively,1
poised,1
steel,1
economically,1
sinfulness,1
detect,1
restored,1
continues,1
pace,1
symbolic,1
unrighteous,1
willingness,1
revising,1
membership,1
disapproval,1
occurrences,1
narrowly,1
eleven,1
glimpse,1
inescapable,1
sciences,1
poisoned,1
latently,1
command,1
brazilian,1
cousin,1
cover,1
forty,1
bottomless,1
saltier,1
defining,1
berkeley,1
uncommonly,1
continental,1
spied,1
sure,1
dare,1
inequities,1
remarried,1
chapman,1
perceptive,1
disinterested,1
spontaneous,1
lying,1
itinerant,1
sell,1
relieve,1
confident,1
compulsively,1
exploration,1
materialism,1
teenager,1
king,1
illnesses,1
unknown,1
restrictive,1
prominence,1
acts,1
slowly,1
riddled,1
bit,1
temper,1
civic,1
domestic,1
returns,1
pilfering,1
followers,1
bowing,1
eventually,1
otley,1
prefigures,1
intro,1
school,1
willliam,1
propensity,1
rely,1
infer,1
attractions,1
specify,1
doddridge,1
leedes,1
endeavoured,1
benefit,1
precarious,1
proved,1
waged,1
examination,1
allocated,1
associations,1
cities,1
sanctification,1
explicitly,1
pictures,1
pomp,1
schofield,1
enlarged,1
meager,1
invocation,1
edition,1
concrete,1
decriminalization,1
coveted,1
lamont,1
qualitatively,1
elevated,1
knows,1
trademark,1
dedicate,1
sincerity,1
avoidance,1
tears,1
automatic,1
abstruse,1
attain,1
condemning,1
communicate,1
reign,1
broke,1
month,1
combined,1
burns,1
rose,1
invariably,1
cutt,1
chores,1
list,1
jacobite,1
tyrannizing,1
evangelical,1
sociology,1
orphan,1
whatsoever,1
contemporaries,1
sociologist,1
manufactures,1
firmly,1
theory,1
mathew,1
unnecessary,1
consisting,1
evinces,1
waters,1
getting,1
knoweth,1
ocz,1
greedy,1
foundations,1
create,1
expressly,1
yield,1
imperial,1
fatigued,1
patience,1
u,1
observations,1
psychology,1
exemplify,1
instilled,1
woodard,1
hundreds,1
wonders,1
contain,1
infant,1
retold,1
cheerfully,1
travel,1
industrious,1
lukewarmness,1
charitably,1
newtonians,1
conference,1
hanoverian,1
wandering,1
dimly,1
abundantly,1
remember,1
whence,1
owner,1
severely,1
entrance,1
apt,1
refinement,1
conclude,1
excesses,1
decisive,1
termporall,1
city,1
despite,1
awesome,1
content,1
prevalent,1
procure,1
pat,1
convinced,1
wrought,1
awarded,1
predecessors,1
manifold,1
subject,1
elizabethan,1
fatall,1
transition,1
preached,1
returning,1
everywhere,1
com,1
exceeded,1
publick,1
commodities,1
possessions,1
obtain,1
devill,1
mayest,1
descendent,1
tryal,1
clothing,1
pa,1
afflicting,1
freer,1
pepys,1
phenomenon,1
overarchingly,1
evidenced,1
forgiving,1
harrison,1
coming,1
yeager,1
varied,1
bedlam,1
internalized,1
precision,1
morn,1
prepared,1
webb,1
analogy,1
diaries,1
impatience,1
spells,1
tempers,1
shorter,1
sanctioned,1
promoted,1
grosser,1
shown,1
models,1
nationall,1
drafts,1
authorial,1
lists,1
background,1
uninteresting,1
doubting,1
powers,1
slighting,1
fatal,1
average,1
lacy,1
sensibilities,1
unduly,1
contract,1
molen,1
expressions,1
steam,1
diminished,1
catch,1
naomi,1
abounding,1
trap,1
crisis,1
glorify,1
decriminalized,1
wetenschappen,1
manufacturers,1
actively,1
instead,1
advantageous,1
typically,1
idealizing,1
consumption,1
canadian,1
constructed,1
manufacture,1
smaller,1
writer,1
regular,1
france,1
predestined,1
piece,1
recourse,1
voluntary,1
philosophy,1
posterity,1
oversaw,1
marketts,1
oldest,1
latitudinarian,1
maxine,1
remains,1
shift,1
trenches,1
speak,1
roughly,1
reformation,1
practiced,1
summary,1
traveling,1
anonymous,1
affliction,1
caveats,1
inclination,1
observation,1
terrestrial,1
wondered,1
throngly,1
besides,1
lamoreaux,1
passages,1
assumed,1
harassed,1
furthermore,1
resolves,1
marxist,1
summoning,1
reached,1
wicked,1
grief,1
enterprise,1
debate,1
sharing,1
vacillated,1
damp,1
amy,1
texts,1
defines,1
firstly,1
corruptions,1
burden,1
acumen,1
overtake,1
lingered,1
librarians,1
participant,1
traditional,1
token,1
immediately,1
uk,1
seek,1
technological,1
ends,1
networks,1
vale,1
personall,1
crimson,1
hilton,1
virtue,1
ga,1
meeting,1
contrast,1
asked,1
arithmetic,1
malcolm,1
glorified,1
preacht,1
predicated,1
vividly,1
boswell,1
dictum,1
mcj,1
perpetual,1
capitalistic,1
werner,1
