WORDCOUNTS,WEIGHT
the,1015
of,514
and,404
to,372
in,362
a,280
war,234
women,160
was,153
as,153
that,146
s,146
la,138
for,110
nurse,100
nursing,100
de,94
her,93
nurses,85
their,83
it,82
french,80
with,80
paris,76
not,76
by,68
les,67
et,67
this,67
red,65
but,65
is,65
cross,65
they,60
i,58
from,58
guerre,57
d,56
were,51
volunteer,51
at,49
or,48
l,47
feminine,47
on,47
all,45
service,44
be,44
military,42
had,42
an,40
world,37
une,37
she,37
even,36
also,36
who,35
wounded,34
men,34
france,34
wartime,33
see,32
did,32
only,31
one,29
these,29
experience,28
most,28
soldiers,28
american,27
devotion,27
masculine,27
historical,27
which,26
such,26
example,26
february,26
femme,26
review,25
when,24
femmes,23
infirmiere,23
have,23
national,23
jacquemaire,22
work,22
memoirs,22
so,22
des,22
than,21
could,21
its,21
society,21
social,21
more,21
between,21
if,20
his,20
boulaye,20
woman,19
hospital,19
themselves,19
there,18
young,18
no,18
le,18
new,18
commentators,18
novel,18
although,18
true,17
some,17
accounts,17
first,16
lejars,16
en,16
masculinity,16
during,16
own,16
he,16
other,16
many,16
margaret,16
after,16
h,15
dr,15
soldier,15
like,15
them,15
way,14
myth,14
medical,14
darrow,14
up,14
would,14
claimed,14
male,14
are,14
croix,14
into,13
rather,13
out,13
hospitals,13
literature,13
t,13
dames,13
two,13
novels,13
femininity,13
relationship,13
both,13
false,13
fiction,12
before,12
du,12
e,12
roger,12
against,12
militaire,12
published,12
grande,12
about,12
we,12
mother,12
popular,12
hopital,11
few,11
female,11
depicted,11
franqaise,11
cocarde,11
army,11
un,11
nun,11
great,10
has,10
ambulance,10
white,10
front,10
however,10
well,10
place,10
under,10
rhetoric,10
legrand,10
made,10
suffering,10
what,10
role,10
writing,10
our,10
o,9
trench,9
bonne,9
being,9
goyau,9
pendant,9
heroes,9
main,9
similar,9
n,9
madame,9
m,9
found,9
called,9
volonte,9
claim,9
gender,9
family,9
will,9
colombel,9
home,9
same,9
volunteers,9
stories,9
lady,9
hommes,9
while,9
almost,9
duhamelet,9
now,8
battlefield,8
history,8
j,8
book,8
romantic,8
image,8
ces,8
nation,8
order,8
serve,8
especially,8
article,8
story,8
figure,8
then,8
preface,8
alix,8
au,8
should,8
abensour,8
common,7
revue,7
germany,7
title,7
blanches,7
uniforms,7
those,7
british,7
mosse,7
dame,7
served,7
without,7
capy,7
sylvette,7
masson,7
effort,7
sacrifice,7
charity,7
catholic,7
contrast,7
vaillantes,7
wrote,7
petit,7
fighting,7
us,7
aux,7
others,7
maurice,7
georges,7
high,7
been,7
life,7
any,7
must,7
foley,7
sante,7
godfroy,7
you,7
much,7
go,6
madeleine,6
heroic,6
commentary,6
suggested,6
view,6
either,6
hostile,6
point,6
vocation,6
thus,6
patient,6
doctor,6
admitted,6
back,6
memoir,6
journal,6
heroism,6
b,6
study,6
louise,6
opinion,6
fashionable,6
imagined,6
whole,6
personal,6
good,6
working,6
several,6
always,6
notes,6
critics,6
religious,6
vie,6
criticism,6
nuns,6
assistance,6
fact,6
paul,6
toward,6
death,6
usually,6
man,6
do,6
another,6
heroine,6
louis,6
clear,6
moral,6
often,6
become,6
saw,6
began,6
discourse,6
itself,6
blanche,6
fran,6
docquois,6
each,6
different,6
best,6
very,6
ladies,6
whether,6
ideal,6
temps,6
pain,6
antelme,6
difficult,5
perreux,5
franqaises,5
authority,5
carnets,5
complained,5
ways,5
government,5
volunteered,5
less,5
courage,5
sexual,5
account,5
politics,5
obvious,5
voix,5
body,5
sister,5
whose,5
german,5
century,5
how,5
pages,5
descaves,5
hands,5
late,5
left,5
gare,5
nothing,5
toulouse,5
find,5
memory,5
because,5
r,5
writers,5
training,5
used,5
volunteering,5
status,5
love,5
combarieu,5
patriotic,5
helene,5
critical,5
noble,5
make,5
god,5
combat,5
organizations,5
maternal,5
fallen,5
honor,5
question,5
corps,5
argues,5
pacifist,5
writings,5
never,5
newspapers,5
equivalent,5
soul,5
memoirists,5
dans,5
barbusse,5
claims,5
set,5
sexuality,5
ran,5
over,5
country,5
december,5
connection,5
seem,5
propaganda,5
enemy,5
just,5
feminist,5
nationalist,5
donnay,5
duty,5
come,5
promoted,5
recalled,5
arras,5
early,5
parisien,5
little,5
abandoned,5
images,5
quotidienne,4
entirely,4
envisioned,4
veil,4
york,4
according,4
might,4
words,4
desire,4
feminism,4
henry,4
robert,4
aise,4
case,4
right,4
x,4
conception,4
blesses,4
behavior,4
deux,4
since,4
september,4
sociale,4
perfect,4
poor,4
lives,4
flirtation,4
publicists,4
monde,4
mary,4
too,4
trained,4
result,4
bussy,4
my,4
came,4
societe,4
included,4
rule,4
conservative,4
plot,4
zone,4
parisian,4
equal,4
fighters,4
excluded,4
your,4
public,4
marcelle,4
none,4
diction,4
part,4
london,4
people,4
forces,4
next,4
suddenly,4
motherhood,4
condemned,4
filles,4
appropriate,4
battle,4
contact,4
revival,4
lechartier,4
competition,4
soon,4
culture,4
ed,4
emotional,4
again,4
mme,4
experienced,4
time,4
together,4
francaise,4
end,4
contemporary,4
where,4
discussion,4
upon,4
fold,4
described,4
three,4
workers,4
august,4
him,4
accused,4
qualities,4
eyes,4
parallel,4
can,4
concepts,4
postwar,4
attention,4
carried,4
sometimes,4
begin,4
force,4
souvenirs,4
class,4
fall,4
hearts,4
share,4
sexes,4
appeared,4
charles,4
trenches,4
formont,4
patients,4
alternative,4
appel,4
rivalry,4
job,4
jean,4
cremieux,4
patriotism,4
presented,4
son,4
through,4
uniform,4
despite,4
became,4
tried,4
went,4
years,4
instead,4
states,4
playing,4
anonymous,4
poilu,4
does,3
helped,3
publique,3
later,3
quickly,3
created,3
truth,3
represent,3
career,3
personnel,3
worthy,3
alone,3
epidemic,3
conversion,3
refugiee,3
english,3
studies,3
position,3
habits,3
brittain,3
ambitious,3
smile,3
nineteenth,3
nonetheless,3
cast,3
interests,3
identite,3
vols,3
worked,3
illustre,3
emerged,3
wave,3
lespine,3
aesthetic,3
able,3
munitions,3
real,3
vraie,3
lola,3
julie,3
staff,3
current,3
within,3
side,3
brothers,3
womanly,3
pacifism,3
possible,3
powers,3
consciousness,3
far,3
realistic,3
monastic,3
frangaise,3
human,3
conflict,3
fussell,3
sick,3
ouditt,3
author,3
silent,3
insisted,3
restore,3
kind,3
arc,3
courson,3
response,3
overwhelmed,3
died,3
michaux,3
exempt,3
sisterhood,3
game,3
publicity,3
may,3
interesting,3
depiction,3
erotic,3
portrayed,3
stop,3
joan,3
landscape,3
exhausted,3
joumal,3
associate,3
earlier,3
crise,3
day,3
bad,3
cause,3
organization,3
boulenger,3
literary,3
represented,3
welfare,3
argued,3
w,3
important,3
union,3
whom,3
critic,3
entered,3
ils,3
criticisms,3
captured,3
further,3
pure,3
viewed,3
recently,3
khan,3
explain,3
conferences,3
scene,3
undermined,3
having,3
mobilization,3
already,3
blue,3
concept,3
brought,3
purpose,3
confined,3
officers,3
call,3
romance,3
least,3
socialist,3
spies,3
heart,3
orient,3
clemenceau,3
barres,3
paid,3
pervasive,3
am,3
f,3
theweleit,3
womanhood,3
second,3
criticize,3
exception,3
leon,3
learn,3
tylee,3
put,3
widows,3
yet,3
mignon,3
added,3
seeing,3
neither,3
reconciliation,3
orders,3
apres,3
al,3
jeunes,3
picture,3
lucien,3
angel,3
diary,3
fire,3
fell,3
head,3
longer,3
lack,3
demain,3
vision,3
fashion,3
serious,3
angels,3
behind,3
model,3
dressings,3
ahead,3
eds,3
number,3
going,3
remained,3
fight,3
original,3
mothers,3
values,3
pelletier,3
herself,3
virtually,3
maria,3
martineau,3
stay,3
noelle,3
modem,3
doctors,3
armee,3
held,3
defense,3
times,3
parisienne,3
chic,3
imagination,3
why,3
maison,3
claiming,3
vecues,3
revolution,3
orderlies,3
george,3
science,3
husband,3
fear,3
means,3
ward,3
face,3
articles,3
susan,3
seriously,3
wars,3
authorities,3
manual,3
wear,3
marcel,3
narquet,3
rival,3
drew,3
know,3
supposed,3
refused,3
steven,3
jeanne,3
down,3
mondes,3
speech,3
aises,3
avec,3
noyr,3
leonie,3
pour,3
merely,3
better,3
camets,3
terms,3
brutal,3
particular,3
girls,3
agreed,3
conference,3
anxieuse,3
emancipation,3
weiss,3
blesse,3
corday,3
croquis,3
november,3
subject,3
aspect,3
frivolous,3
suffrage,3
devoted,3
until,3
heures,3
conditions,3
write,3
charge,3
heltoux,3
course,3
include,3
physical,3
hause,3
off,3
campaign,3
qu,3
portrait,3
c,3
huston,3
among,3
emulate,2
unpaid,2
archives,2
columnist,2
robe,2
child,2
rentrants,2
cesar,2
elite,2
iowa,2
providence,2
revolutionary,2
trans,2
fighter,2
ultimate,2
introduction,2
group,2
speculated,2
saved,2
poetry,2
easily,2
modern,2
spirit,2
decade,2
comrades,2
western,2
laid,2
ulmes,2
camaraderie,2
something,2
savior,2
princeton,2
themes,2
arms,2
diaries,2
rageot,2
anything,2
humble,2
titles,2
long,2
certainly,2
give,2
chaos,2
contrasted,2
absurd,2
seems,2
nature,2
blamed,2
canon,2
immense,2
killed,2
goodbye,2
laundry,2
thank,2
disgust,2
annick,2
take,2
nationalism,2
ambition,2
comettes,2
last,2
mai,2
sacred,2
political,2
system,2
ernest,2
takes,2
alfred,2
particularly,2
combatants,2
chapter,2
vol,2
futile,2
october,2
cliche,2
morale,2
say,2
cited,2
ritual,2
sont,2
letter,2
sweet,2
sign,2
gabrielle,2
karen,2
exist,2
labor,2
fachemine,2
chapters,2
experiences,2
explained,2
modify,2
inevitable,2
pursue,2
andree,2
due,2
patriotique,2
helen,2
frenchmen,2
heroines,2
intact,2
interest,2
lectures,2
characteristic,2
adopted,2
price,2
poets,2
droits,2
pay,2
topic,2
turn,2
nor,2
old,2
perspective,2
bloody,2
dutifully,2
serving,2
apologists,2
difficulty,2
heroiques,2
compared,2
third,2
truly,2
publications,2
hari,2
activism,2
general,2
sisters,2
failed,2
henri,2
civilization,2
subordination,2
leading,2
across,2
essence,2
fantasies,2
espionne,2
myself,2
cult,2
suffer,2
deprived,2
risk,2
heard,2
michel,2
direct,2
strange,2
serial,2
support,2
vera,2
eulogies,2
escape,2
mission,2
wanted,2
paperwork,2
nationale,2
established,2
exhaustion,2
repeated,2
quoted,2
bordeaux,2
frequently,2
voluminous,2
vietnam,2
ceux,2
officer,2
requested,2
defeat,2
followed,2
witness,2
pierre,2
dominant,2
faced,2
opponents,2
klaus,2
based,2
joy,2
typical,2
lived,2
deal,2
shared,2
curiosity,2
dispute,2
big,2
understood,2
though,2
knibiehler,2
promoters,2
circular,2
devoid,2
obedience,2
standard,2
appearing,2
placed,2
pitted,2
absolute,2
hynes,2
required,2
possibility,2
directly,2
impression,2
technical,2
aspects,2
failure,2
lost,2
conservatives,2
espionage,2
juliette,2
received,2
emphasis,2
genre,2
clean,2
future,2
individual,2
comment,2
supreme,2
description,2
criticized,2
vestals,2
gave,2
collective,2
device,2
translated,2
away,2
project,2
won,2
pouzilhac,2
profiteers,2
siecle,2
adieux,2
barthou,2
officials,2
painting,2
caused,2
field,2
hardly,2
degeneracy,2
pacifists,2
small,2
june,2
depression,2
invariably,2
emmanuel,2
st,2
doctrines,2
describes,2
correspondence,2
provided,2
francais,2
activities,2
patrie,2
replacing,2
threatened,2
girl,2
republican,2
clermont,2
contest,2
spelled,2
entitled,2
certified,2
gabriel,2
letters,2
aim,2
action,2
indeed,2
rights,2
innocence,2
jewelry,2
positioned,2
attempt,2
insignia,2
still,2
above,2
hero,2
single,2
jeffords,2
once,2
cochet,2
message,2
genevieve,2
francaises,2
every,2
pseudonym,2
confirmed,2
sector,2
street,2
tomorrow,2
law,2
nationalists,2
available,2
conceived,2
secours,2
admit,2
treatment,2
fundamental,2
inevitably,2
educated,2
commemorate,2
john,2
favorite,2
brotherhood,2
devil,2
surgeon,2
gaston,2
ground,2
differences,2
soldat,2
secular,2
novelist,2
noyon,2
calif,2
tell,2
recount,2
duties,2
perhaps,2
mercy,2
moralists,2
matrix,2
vast,2
campaigns,2
hopitaux,2
mata,2
moeurs,2
significant,2
lettres,2
tel,2
feminists,2
bed,2
militarism,2
services,2
sees,2
previous,2
imagery,2
rouge,2
roberts,2
passim,2
open,2
reality,2
jose,2
talk,2
language,2
profession,2
points,2
victory,2
allowed,2
infirmieres,2
period,2
worldly,2
kept,2
commentaries,2
civilian,2
written,2
feet,2
enemies,2
congres,2
professional,2
embodied,2
operating,2
rosalie,2
hindered,2
space,2
ambulances,2
aid,2
me,2
commentator,2
today,2
chance,2
five,2
naturally,2
ideology,2
suspected,2
grim,2
civils,2
independence,2
success,2
obstacle,2
understand,2
quiet,2
adventure,2
united,2
hope,2
surprising,2
eulogists,2
wives,2
supporting,2
virile,2
actress,2
months,2
arme,2
maugue,2
drame,2
remasculinization,2
considered,2
school,2
mainly,2
historian,2
believed,2
morocco,2
conclusion,2
redemption,2
version,2
form,2
contradiction,2
extension,2
friends,2
defining,2
berkeley,2
natural,2
offen,2
sure,2
rear,2
nobility,2
prolific,2
believe,2
dangers,2
tenderness,2
visiting,2
post,2
clearly,2
obviously,2
zeys,2
differed,2
u,2
ethos,2
works,2
limousine,2
evident,2
intoned,2
subordinate,2
beginning,2
specter,2
helping,2
realities,2
shat,2
broke,2
circles,2
reactions,2
art,2
ones,2
making,2
glorious,2
add,2
aupres,2
coifes,2
extent,2
adventurous,2
annual,2
don,2
remarque,2
universe,2
blouses,2
bedside,2
bodies,2
naked,2
recognition,2
introduced,2
manliness,2
veronique,2
press,2
giving,2
rigid,2
mouettes,2
maintained,2
marge,2
named,2
francois,2
models,2
youth,2
editor,2
known,2
cambridge,2
genders,2
maxime,2
tango,2
leune,2
need,2
green,2
stephane,2
association,2
jules,2
offered,2
treats,2
removed,2
charlotte,2
clarify,2
justify,2
soldiering,2
debate,2
views,2
traditional,2
re,2
immediately,2
strong,2
ends,2
recent,2
yvonne,2
famous,2
signals,2
reforme,2
major,2
sa,1
glances,1
resolve,1
frequent,1
intimately,1
democracy,1
ending,1
margins,1
frail,1
handsome,1
mostly,1
done,1
antoine,1
struggle,1
paralleled,1
owes,1
hypocrite,1
page,1
obligations,1
dies,1
waited,1
sins,1
congregates,1
evaluations,1
declared,1
memorials,1
enter,1
meaning,1
alongside,1
pull,1
corruption,1
scrubbed,1
stood,1
commitment,1
ready,1
praised,1
mars,1
market,1
fingers,1
jane,1
asleep,1
submission,1
brion,1
postures,1
succession,1
spurred,1
celebrate,1
sphere,1
heal,1
convalescent,1
enduring,1
partially,1
achievements,1
schneider,1
grimmest,1
denied,1
septs,1
doses,1
jews,1
superb,1
essays,1
nouveau,1
stone,1
locked,1
mute,1
catastrophe,1
snancy,1
formed,1
likely,1
miriam,1
quintessential,1
authorize,1
constitutes,1
solidarity,1
circulars,1
strictly,1
sinister,1
martyrdom,1
criticizes,1
completely,1
scandalously,1
differentiated,1
sublime,1
servicemen,1
upheaval,1
conscious,1
satisfied,1
ardent,1
blameless,1
ordained,1
cough,1
transparency,1
ti,1
wonderful,1
duplesis,1
personally,1
whiting,1
socialists,1
acceptance,1
policy,1
boche,1
editorialize,1
equated,1
pittard,1
prefect,1
allies,1
unlike,1
backwash,1
guise,1
unite,1
redirect,1
track,1
descriptions,1
eye,1
uplifting,1
claire,1
valrose,1
selfless,1
pretending,1
permitted,1
asexual,1
aujourd,1
journalism,1
test,1
lower,1
cabin,1
sequence,1
member,1
durand,1
ideas,1
smiles,1
stressed,1
withdrawn,1
undermine,1
cries,1
please,1
lexington,1
newbolt,1
wilfred,1
embraced,1
tribute,1
lutte,1
creation,1
roman,1
regeneration,1
victim,1
voices,1
finger,1
cute,1
fronde,1
ii,1
peguy,1
fund,1
implications,1
taken,1
rested,1
ceremonially,1
motivations,1
address,1
hire,1
daughters,1
ears,1
darkness,1
chloroform,1
script,1
promoting,1
eulogize,1
shortage,1
ourselves,1
drivers,1
commemorated,1
taudiere,1
bloomington,1
reevaluation,1
tear,1
comedy,1
definition,1
memorial,1
stolen,1
bruit,1
height,1
europe,1
recipes,1
nodlle,1
tradition,1
automobile,1
clandestinely,1
carter,1
nosheen,1
broken,1
ardently,1
daily,1
featuring,1
relegating,1
display,1
reasons,1
spokesman,1
moreover,1
incongruity,1
pretense,1
pingot,1
europeenne,1
sumsso,1
delicate,1
follows,1
shot,1
garconne,1
inherent,1
reassured,1
incident,1
proves,1
material,1
monologue,1
tommies,1
hundred,1
reveal,1
superhuman,1
exalted,1
suleiman,1
wore,1
beds,1
religion,1
ripple,1
marchands,1
unpleasant,1
horrendously,1
setting,1
renoir,1
achieved,1
damage,1
integrate,1
focus,1
inev,1
erich,1
scenario,1
infinitely,1
state,1
priest,1
emphasized,1
stand,1
raised,1
amante,1
reserved,1
displayed,1
debut,1
melee,1
normal,1
moi,1
adventures,1
alike,1
discipline,1
reading,1
somewhat,1
typhoid,1
relations,1
intelligence,1
modris,1
hostility,1
stopped,1
expanded,1
bluntly,1
amria,1
growing,1
nowhere,1
issue,1
est,1
empty,1
depending,1
wasted,1
suspect,1
bending,1
heaped,1
avril,1
plain,1
booboos,1
higonnet,1
recorded,1
attacked,1
courtesy,1
college,1
tie,1
key,1
task,1
repulsed,1
histoire,1
carry,1
bandages,1
mass,1
satirists,1
francoise,1
america,1
aurel,1
draw,1
discuss,1
coward,1
solving,1
subilimes,1
jack,1
dynamics,1
indirectly,1
anticipation,1
lamented,1
marc,1
recommended,1
determined,1
chronicler,1
forbidden,1
activity,1
sexuelle,1
reject,1
chateau,1
erased,1
reaction,1
functions,1
veils,1
bibliography,1
richard,1
thirdly,1
callow,1
run,1
rubin,1
quotation,1
regretted,1
professor,1
emile,1
apart,1
heterosexuality,1
bit,1
sar,1
variations,1
except,1
scorn,1
establishment,1
march,1
shrieking,1
hallucinations,1
tous,1
anticipated,1
dissipated,1
dirty,1
constrained,1
narrator,1
demanded,1
memoire,1
identifies,1
dignity,1
sketched,1
engage,1
revulsion,1
saddest,1
deserted,1
acknowledgement,1
sheltered,1
attract,1
pursuing,1
punches,1
patriotisme,1
signal,1
cette,1
ql,1
repeatedly,1
hierarchy,1
central,1
goal,1
exuded,1
freikorps,1
sedate,1
lover,1
metier,1
professionalism,1
consecrate,1
disorder,1
merchants,1
bearable,1
dying,1
immediate,1
abominable,1
sacree,1
definitely,1
whore,1
alternately,1
interior,1
pursuit,1
laudatory,1
realized,1
embryonic,1
immaculate,1
unpublished,1
g,1
peter,1
hunt,1
cooperate,1
menages,1
domain,1
popularly,1
ease,1
ability,1
draped,1
steals,1
moment,1
mixed,1
decided,1
enjoying,1
br,1
afford,1
catholique,1
heightened,1
participating,1
kirk,1
drawback,1
type,1
employing,1
reproduced,1
meyer,1
spont,1
arena,1
z,1
affairs,1
rieuneau,1
conundrum,1
exercise,1
absolved,1
inhabited,1
rank,1
cases,1
affectionate,1
protests,1
pretensions,1
self,1
urbanization,1
militaries,1
channeled,1
foreheads,1
places,1
felt,1
moralistic,1
geles,1
decorated,1
kinds,1
poesies,1
douaumont,1
marriage,1
encompass,1
labsie,1
simplest,1
healer,1
flu,1
flemish,1
elicit,1
fatherland,1
franqais,1
attests,1
guardian,1
shadowed,1
reclaimed,1
clock,1
despair,1
downbeat,1
fourth,1
walter,1
weakening,1
opposing,1
warned,1
disobeyed,1
researching,1
y,1
mirrored,1
drawn,1
consequently,1
misogyny,1
snobbery,1
section,1
vice,1
dear,1
apotheosis,1
tentatively,1
conceive,1
regulations,1
guard,1
terror,1
professionally,1
celine,1
spoil,1
savage,1
generation,1
talent,1
coal,1
nurtured,1
master,1
conceptually,1
error,1
ment,1
convention,1
annelise,1
van,1
economique,1
employ,1
reshape,1
surprisingly,1
offices,1
operation,1
simultaneously,1
sentiment,1
geneva,1
hey,1
americans,1
fielded,1
dangerously,1
bull,1
essential,1
reflects,1
beneath,1
incomparable,1
predicted,1
operations,1
act,1
rulebooks,1
invalided,1
observers,1
camp,1
mattered,1
virility,1
expanding,1
lera,1
absent,1
generations,1
activists,1
ironic,1
edward,1
illustration,1
victor,1
sort,1
forced,1
canonize,1
stumbling,1
afterwards,1
pitrois,1
explicit,1
artistique,1
annette,1
helys,1
swept,1
spying,1
salute,1
knew,1
conceptions,1
ce,1
swinging,1
analyzes,1
postcards,1
realizes,1
opportunity,1
dealt,1
arm,1
debilitating,1
titled,1
thing,1
certain,1
leave,1
cru,1
electorate,1
floated,1
plots,1
ass,1
oddo,1
contributions,1
postcard,1
special,1
revelation,1
nos,1
pp,1
deputy,1
commemorating,1
bosom,1
distant,1
lay,1
grieving,1
impressed,1
eaten,1
feel,1
chivalric,1
republicans,1
cowardly,1
weren,1
ecpa,1
torso,1
risks,1
lowers,1
reputations,1
wash,1
monuments,1
reason,1
references,1
psychologie,1
send,1
category,1
remarks,1
provinces,1
win,1
subordinated,1
arriere,1
honored,1
wages,1
weyden,1
servants,1
anguish,1
blame,1
whips,1
physically,1
mouvement,1
emergence,1
abuses,1
linked,1
vivid,1
madamoiselle,1
dressing,1
eque,1
brusquely,1
elevated,1
caillaux,1
numbers,1
shelters,1
gradually,1
articulated,1
resolute,1
weak,1
trifle,1
provins,1
counseled,1
frozen,1
advancing,1
presumed,1
age,1
show,1
pronatalism,1
resented,1
juxtaposed,1
atrocity,1
acclaimed,1
squad,1
exploited,1
legends,1
occupied,1
graves,1
surface,1
follow,1
smirked,1
beyond,1
frangaises,1
notions,1
testament,1
putting,1
disorganization,1
hermant,1
levasseur,1
problems,1
overcame,1
impotence,1
gratitude,1
hereafter,1
expulsion,1
guarantee,1
competent,1
attendants,1
care,1
tetanus,1
lust,1
enthralling,1
mocking,1
boulangism,1
bandage,1
begrimed,1
decades,1
humility,1
cut,1
consecrated,1
widow,1
appear,1
myths,1
patrimoine,1
disappeared,1
iconography,1
sprtuaiysl,1
thinks,1
poetically,1
hours,1
pantheon,1
opening,1
expressed,1
moving,1
ou,1
elshtain,1
advance,1
bodin,1
ostentatious,1
redier,1
acceptable,1
archivists,1
aftermath,1
questioned,1
nancy,1
film,1
avenue,1
competitive,1
romances,1
societies,1
scientifically,1
cloak,1
train,1
search,1
cell,1
p,1
ambitions,1
fau,1
relating,1
martyr,1
treason,1
centers,1
bomb,1
secularized,1
teeming,1
compartments,1
pass,1
compassion,1
radical,1
owen,1
peuple,1
near,1
luxury,1
quit,1
emerge,1
valor,1
verdun,1
marguerite,1
initial,1
emotionally,1
bleue,1
attenuated,1
featured,1
tableau,1
disruptive,1
respectfully,1
unthinkable,1
term,1
describe,1
embedded,1
fanatically,1
politique,1
hui,1
honoring,1
lose,1
suffragist,1
irony,1
supporters,1
closely,1
pointing,1
informed,1
supervisors,1
aime,1
focused,1
ky,1
taches,1
eventuality,1
salpetriere,1
activist,1
posters,1
unique,1
prohibit,1
appears,1
youths,1
produced,1
reinforce,1
suffered,1
dulce,1
diatribe,1
unconvincing,1
troops,1
sport,1
tension,1
procedures,1
spiritual,1
perform,1
confirmation,1
refuge,1
facilities,1
coarsened,1
opposition,1
professionals,1
revived,1
triumph,1
secretive,1
structure,1
creates,1
oh,1
voice,1
worthless,1
marie,1
randolph,1
kitchen,1
shape,1
borghese,1
bracco,1
suspended,1
feeding,1
militarized,1
faire,1
trial,1
episode,1
gosses,1
line,1
ladylike,1
revealed,1
psichari,1
frightened,1
emancipated,1
romans,1
elitism,1
dugout,1
pervaded,1
chivalry,1
basis,1
soldats,1
vote,1
preferred,1
reader,1
unless,1
stake,1
propagandists,1
characterization,1
pessimist,1
revolted,1
cruickshank,1
discusses,1
sharon,1
civil,1
coquetry,1
reserve,1
knowledge,1
repentance,1
tombs,1
photographique,1
clearer,1
coded,1
cleanliness,1
evadne,1
tune,1
excessive,1
feared,1
caught,1
ten,1
copyright,1
resisters,1
repeating,1
lovely,1
year,1
cool,1
q,1
felix,1
fit,1
consistently,1
surrogate,1
couched,1
ses,1
horn,1
abel,1
ensured,1
editorial,1
libre,1
nervously,1
churned,1
demonstrates,1
records,1
comprehensible,1
jo,1
falling,1
angers,1
remplaqantes,1
painful,1
winter,1
antithetical,1
justification,1
contentious,1
activite,1
elegant,1
dusk,1
frederic,1
newspaper,1
realms,1
replied,1
couple,1
confession,1
resort,1
mortals,1
gently,1
interpreted,1
league,1
swore,1
freshness,1
rotten,1
contradictions,1
healing,1
refuse,1
relentless,1
secularism,1
premiere,1
washing,1
unmarried,1
camille,1
portraits,1
frivolity,1
numerically,1
elegantes,1
depicting,1
detailed,1
preceded,1
causal,1
change,1
tone,1
responses,1
denouement,1
running,1
outfits,1
esteem,1
renounced,1
brimming,1
successful,1
level,1
bouts,1
below,1
italics,1
cold,1
xr,1
tom,1
brave,1
wished,1
wards,1
failing,1
fury,1
militant,1
wrestling,1
rushed,1
stimulated,1
duplessis,1
phrase,1
midst,1
night,1
involved,1
interlopers,1
veteran,1
nightmares,1
heat,1
showed,1
evoked,1
fatigue,1
calling,1
litteraturefran,1
jailed,1
stepdaughters,1
soil,1
abeyance,1
highly,1
endowed,1
mondaine,1
bowed,1
leather,1
executed,1
temporary,1
governments,1
breaking,1
somber,1
vr,1
heirs,1
research,1
convey,1
essentially,1
torrent,1
codes,1
inefficiency,1
illusions,1
potent,1
margueritte,1
foremost,1
miracles,1
core,1
laique,1
dedicated,1
misogynists,1
barely,1
patience,1
shouldn,1
deplored,1
aside,1
majority,1
rabid,1
pays,1
ta,1
comfort,1
wife,1
filling,1
resistance,1
proper,1
city,1
agonies,1
deepened,1
beauty,1
reflected,1
underwear,1
value,1
separate,1
waiting,1
danrow,1
rest,1
disturbing,1
stephan,1
recompense,1
rang,1
luxuries,1
fought,1
wordless,1
pope,1
balm,1
debauche,1
apparent,1
reigns,1
nations,1
addiction,1
humorist,1
survived,1
condemn,1
institut,1
collectivity,1
spirituality,1
depravation,1
calm,1
purported,1
effeminacy,1
accomplices,1
insolently,1
petits,1
republic,1
situation,1
biarritz,1
mortier,1
reduced,1
insects,1
pneumonia,1
absence,1
scientific,1
penetrating,1
identified,1
paralyzed,1
nationalized,1
bngto,1
lynn,1
nuit,1
drama,1
auton,1
launch,1
supremacy,1
sunset,1
exclusivity,1
horses,1
selfish,1
secondly,1
play,1
plans,1
dressed,1
return,1
wait,1
parsienne,1
horrors,1
notoriously,1
grandjean,1
acknowledged,1
classic,1
brief,1
obligatory,1
morts,1
access,1
sitting,1
cared,1
object,1
april,1
prove,1
converted,1
anges,1
chore,1
says,1
technically,1
bill,1
indicates,1
everywhere,1
germ,1
comments,1
charm,1
railed,1
gallantly,1
shocking,1
womb,1
modes,1
degree,1
rites,1
labored,1
spate,1
neat,1
hold,1
absents,1
captivite,1
road,1
powerfully,1
convictions,1
guide,1
argonne,1
patches,1
hibernated,1
oxford,1
trains,1
vignettes,1
donnees,1
reference,1
oasis,1
sparkling,1
doe,1
security,1
periodical,1
etat,1
requiring,1
instantly,1
veiled,1
town,1
suspicious,1
counterparts,1
hier,1
sex,1
east,1
continuity,1
reshaping,1
exposure,1
official,1
drunkenness,1
refined,1
perceived,1
smith,1
jay,1
assimilation,1
chris,1
property,1
gendering,1
light,1
short,1
tournant,1
complete,1
delight,1
callous,1
memoires,1
shutting,1
keeping,1
breviary,1
performed,1
efforts,1
issues,1
literally,1
lt,1
cooke,1
nineteenthcentury,1
costs,1
organize,1
exacerbating,1
disobedience,1
odds,1
alien,1
gay,1
denis,1
goodness,1
badge,1
noted,1
friend,1
enrolled,1
gentlemen,1
journalist,1
flee,1
retired,1
fill,1
units,1
chose,1
administrators,1
persuasive,1
delineator,1
satirical,1
consoling,1
fellow,1
outbreak,1
members,1
leader,1
angela,1
classer,1
ind,1
attacks,1
inundated,1
challenge,1
obsessively,1
request,1
limit,1
hollier,1
pointed,1
christ,1
higgins,1
foil,1
similarly,1
mistrust,1
campaigning,1
towns,1
pieds,1
tiny,1
imbue,1
water,1
holzminden,1
dearest,1
misogynie,1
investigates,1
lacked,1
usefulness,1
parisiennes,1
joyce,1
lengthy,1
eksteins,1
nationhood,1
xii,1
idea,1
turner,1
preserve,1
patching,1
margadant,1
benevolent,1
laicize,1
berthier,1
unprepared,1
doughboys,1
sleep,1
polluted,1
copied,1
depict,1
reformed,1
abstract,1
exclusion,1
umbrage,1
disturbed,1
demonstrations,1
distance,1
predominated,1
choice,1
snobbish,1
suppressed,1
grave,1
really,1
fatal,1
larger,1
pamphlet,1
identity,1
cure,1
uncle,1
becker,1
envisioning,1
watch,1
personality,1
shoulder,1
everything,1
rene,1
hitria,1
variation,1
blonde,1
resolved,1
junior,1
charges,1
orphans,1
reflect,1
indictments,1
automobiles,1
entertained,1
bell,1
promotional,1
minister,1
simple,1
deflou,1
disproportionate,1
unremittingly,1
psychologist,1
readers,1
took,1
impractical,1
setback,1
hand,1
evoke,1
drove,1
patrimony,1
v,1
sainteville,1
present,1
risked,1
etablissement,1
impinge,1
absurdist,1
erica,1
professionalize,1
flooded,1
daringly,1
branding,1
staffs,1
dripping,1
validity,1
auhrty,1
coarse,1
sanctimoniously,1
postal,1
subordinating,1
conceiving,1
florence,1
jobs,1
jeunesfilles,1
gardiens,1
renaissance,1
answer,1
hides,1
forth,1
necessary,1
spoke,1
practice,1
paired,1
ducasse,1
minneapolis,1
wrist,1
decorations,1
showing,1
remarked,1
reconstructing,1
assault,1
mort,1
hamilton,1
mobilized,1
cynically,1
germans,1
intersperses,1
streets,1
confront,1
gladly,1
remarkably,1
refuted,1
transparent,1
thoroughly,1
desires,1
beautiful,1
prurient,1
encompassed,1
sir,1
local,1
imagine,1
week,1
clout,1
understanding,1
deroulede,1
exploring,1
mythic,1
accuses,1
glimpses,1
intimate,1
sewing,1
villemin,1
session,1
intent,1
examples,1
birth,1
genres,1
thanks,1
failings,1
cadets,1
virgin,1
decadences,1
eighteenth,1
unquestionably,1
bear,1
uplift,1
active,1
servant,1
insist,1
ridiculous,1
including,1
anne,1
penniless,1
backed,1
requisite,1
distinctly,1
competes,1
increase,1
sufficiently,1
recover,1
versa,1
widowers,1
room,1
europeans,1
top,1
wound,1
refugi,1
appalling,1
hijack,1
torn,1
waste,1
use,1
illusion,1
food,1
station,1
mysticism,1
berthe,1
licensed,1
privileges,1
doubt,1
numerous,1
diamonds,1
engaging,1
vocabulary,1
renunciation,1
pauline,1
martyres,1
pleasure,1
permeates,1
bitter,1
exhibited,1
rhetorically,1
actual,1
engaged,1
individuals,1
frame,1
full,1
strikingly,1
relegated,1
ob,1
dismissed,1
epic,1
requests,1
embellishment,1
baronne,1
surrounded,1
armes,1
rejected,1
ita,1
low,1
gqg,1
worry,1
crises,1
discovered,1
whoever,1
unable,1
fades,1
op,1
publication,1
daudet,1
blois,1
sustain,1
annee,1
supportive,1
primitives,1
embrace,1
pride,1
characterized,1
collaboration,1
revised,1
matrimony,1
tobias,1
rewarded,1
polluting,1
harrowing,1
creating,1
tidal,1
played,1
profitably,1
filled,1
transforming,1
spirits,1
snobbishly,1
losing,1
fancy,1
black,1
mourning,1
bethke,1
martin,1
municipal,1
jeopardizing,1
instruction,1
spent,1
kenney,1
margin,1
amusement,1
munitionnettes,1
comparing,1
realist,1
donning,1
silly,1
characteristics,1
employees,1
chapel,1
sensuality,1
eloquent,1
conway,1
yes,1
hastily,1
sight,1
declare,1
biblioth,1
danger,1
grandmother,1
nobody,1
deluge,1
eugen,1
examine,1
depictions,1
pensant,1
attendant,1
klotz,1
coube,1
assistants,1
capitalism,1
costume,1
dominance,1
berton,1
northern,1
attracted,1
repeats,1
selfishness,1
organiser,1
save,1
invented,1
haven,1
vindictive,1
connections,1
venal,1
joint,1
insignificant,1
routines,1
balkans,1
bobos,1
controversial,1
infirmie,1
subtitled,1
achieve,1
opposite,1
sailing,1
greek,1
sequestration,1
concluded,1
stereotypes,1
offspring,1
motif,1
cockade,1
performing,1
visit,1
stands,1
shocked,1
tore,1
trivialized,1
authenticating,1
depleted,1
european,1
humiliating,1
pedestal,1
speculate,1
assigned,1
flesh,1
emancipating,1
jessie,1
declaration,1
chances,1
raise,1
equals,1
flabbergasted,1
pans,1
independent,1
quo,1
ferur,1
abounded,1
erase,1
henley,1
consent,1
testing,1
practitioners,1
ministry,1
piece,1
bound,1
purposes,1
agadir,1
risque,1
vitiate,1
exacerbated,1
select,1
inside,1
lines,1
fewer,1
curative,1
modernism,1
soften,1
institutions,1
lobbying,1
wheelwright,1
concluding,1
seen,1
obedient,1
glancing,1
strongly,1
nickname,1
team,1
closure,1
worse,1
bt,1
hers,1
dirt,1
contribution,1
septembre,1
paradoxical,1
try,1
covering,1
thebaud,1
observation,1
linking,1
displaying,1
helpful,1
es,1
oversaw,1
methods,1
pity,1
analysis,1
cease,1
quite,1
drs,1
existed,1
posts,1
neutrally,1
fictionalized,1
caste,1
perpetuated,1
pefc,1
dead,1
respect,1
pharmacists,1
sheila,1
education,1
headdress,1
mothering,1
creatures,1
akin,1
get,1
sweetness,1
figured,1
sound,1
mud,1
conservation,1
obeys,1
meant,1
rises,1
motte,1
addressed,1
stephen,1
length,1
rite,1
meddle,1
nonstop,1
assistant,1
proof,1
historique,1
contemplated,1
praise,1
sketches,1
rarely,1
thinking,1
associated,1
beast,1
religieuse,1
ublicsomi,1
requesting,1
traditionnelles,1
series,1
brass,1
indictment,1
females,1
changing,1
comparison,1
kill,1
berenson,1
agents,1
doctorat,1
solitary,1
lurked,1
committees,1
marraines,1
berkman,1
theme,1
inferiority,1
nonviolent,1
textes,1
shop,1
sufficient,1
medicaux,1
bronze,1
constructed,1
decorum,1
poem,1
chores,1
deguerre,1
besides,1
md,1
colleagues,1
remasculinize,1
symbol,1
huss,1
calendars,1
offers,1
sustained,1
potential,1
clement,1
der,1
nationales,1
cover,1
middlebrow,1
moudros,1
replace,1
dimension,1
spectacles,1
exploded,1
ignorant,1
banished,1
corrida,1
tj,1
introducing,1
scares,1
routine,1
guaranteed,1
cultures,1
reciprocal,1
damning,1
beatified,1
organized,1
peasants,1
auxiliary,1
mesdames,1
interested,1
historians,1
sm,1
capital,1
equivocal,1
villain,1
print,1
expense,1
compte,1
wall,1
intrusion,1
returns,1
vicious,1
bleues,1
vase,1
eventually,1
foundation,1
constructing,1
thoroughgoing,1
losses,1
sti,1
greetings,1
perfectly,1
disciple,1
embodiment,1
exhausting,1
installed,1
acolyte,1
audience,1
separating,1
cultivation,1
resign,1
childbirth,1
examining,1
pit,1
explicitly,1
emancipate,1
tracts,1
ambivalent,1
past,1
placing,1
meager,1
living,1
recruiting,1
advances,1
sermonized,1
table,1
turned,1
deleutre,1
fulminated,1
unnecessarily,1
defend,1
knows,1
dartmouth,1
dedicate,1
immobilized,1
defending,1
reie,1
unfemininely,1
horns,1
nye,1
evocation,1
victims,1
exploding,1
yesterday,1
depicts,1
spatial,1
rose,1
mireille,1
beaten,1
abysmal,1
list,1
doings,1
da,1
supports,1
trope,1
outright,1
house,1
metaphor,1
maintain,1
muscular,1
electors,1
hoped,1
treachery,1
signature,1
mere,1
protective,1
firmly,1
writes,1
theory,1
grief,1
darras,1
distancing,1
repulsive,1
dream,1
auteuil,1
injunction,1
getting,1
foundations,1
remedies,1
prestige,1
flinch,1
bureaucratic,1
mcphail,1
dark,1
mama,1
explored,1
cents,1
servir,1
influenced,1
precedent,1
anna,1
decourcelle,1
terre,1
suggests,1
suspicion,1
praying,1
heure,1
infant,1
targets,1
aren,1
boiled,1
travel,1
scold,1
elle,1
saner,1
kn,1
uniformed,1
boston,1
disentfatale,1
authors,1
portraying,1
founded,1
peace,1
selfselection,1
given,1
nightingale,1
satiric,1
excursion,1
rats,1
borden,1
courses,1
sounding,1
easy,1
rampant,1
bontoux,1
infamous,1
die,1
undermining,1
administration,1
song,1
worst,1
assumptions,1
happens,1
sheets,1
conventional,1
cultivated,1
contribute,1
tender,1
souls,1
protestants,1
germs,1
citations,1
maurras,1
memories,1
dispensed,1
voyage,1
accorded,1
catches,1
think,1
gesture,1
sanctified,1
coherent,1
turkish,1
cruelty,1
convents,1
prepared,1
analogy,1
minerva,1
prison,1
keynote,1
palisade,1
xxe,1
statute,1
refugees,1
spring,1
wearers,1
rendu,1
invasion,1
friendships,1
difference,1
abbe,1
combes,1
countess,1
conn,1
renowned,1
dedicating,1
zenna,1
finding,1
bout,1
twentieth,1
institutional,1
jacques,1
samuel,1
unease,1
kipling,1
accept,1
imperative,1
mode,1
crisis,1
triage,1
militaires,1
parallels,1
documentation,1
contributed,1
offer,1
joined,1
mobilizing,1
skillful,1
typically,1
define,1
voyons,1
socially,1
reminiscent,1
evidence,1
guerrilla,1
product,1
obscurity,1
writer,1
involving,1
centrality,1
contes,1
glamorous,1
defined,1
voluntary,1
socialism,1
tableaux,1
chastised,1
pearls,1
howling,1
roles,1
worried,1
fourmies,1
sollard,1
restored,1
supported,1
conceptualizing,1
contradicted,1
animation,1
admitting,1
emptied,1
virginal,1
mental,1
effortlessly,1
posture,1
softness,1
arrived,1
southern,1
seraphim,1
mystery,1
petitioned,1
weber,1
supply,1
unshaven,1
chicago,1
mondiale,1
woollacott,1
create,1
texts,1
fears,1
exclusively,1
solicitous,1
comtesse,1
characters,1
homicidal,1
documentary,1
shirker,1
arose,1
librarians,1
auxiliaries,1
reconciling,1
roe,1
seek,1
litteraire,1
rush,1
panic,1
champion,1
here,1
vulgar,1
tired,1
buddies,1
clerics,1
assists,1
meeting,1
proponent,1
asked,1
doing,1
thought,1
subordinates,1
daughter,1
frankly,1
politician,1
close,1
ivoi,1
occur,1
elegance,1
