WORDCOUNTS,WEIGHT
the,26
of,16
and,15
in,8
a,6
that,5
as,4
amalgamation,4
to,3
racial,3
he,3
past,3
states,3
understanding,3
analytical,3
on,3
united,3
ethnic,3
history,3
unique,2
most,2
forum,2
draws,2
s,2
discussion,2
one,2
ahr,2
is,2
racism,2
historical,2
distinctive,2
taken,1
barbara,1
from,1
it,1
critical,1
such,1
argues,1
development,1
context,1
tools,1
peoples,1
by,1
this,1
provocative,1
communities,1
cannot,1
done,1
issue,1
particular,1
well,1
interracial,1
focusing,1
without,1
various,1
essay,1
beyond,1
yu,1
ethnoracial,1
meaning,1
every,1
david,1
unappreciated,1
has,1
their,1
requires,1
creation,1
created,1
comparative,1
brazilian,1
skidmore,1
suggest,1
addresses,1
power,1
implications,1
thoughtful,1
marriage,1
important,1
historians,1
commentators,1
drawing,1
e,1
fundamentally,1
distinctiveness,1
who,1
hollinger,1
some,1
ideal,1
possible,1
commentaries,1
thomas,1
descent,1
j,1
experiences,1
times,1
three,1
recognize,1
especially,1
large,1
for,1
start,1
american,1
frames,1
article,1
groups,1
population,1
body,1
fundamental,1
between,1
race,1
why,1
distinctions,1
study,1
insists,1
flawed,1
together,1
through,1
white,1
argue,1
scholarship,1
mixing,1
nation,1
analyses,1
moves,1
be,1
with,1
african,1
yet,1
expand,1
fields,1
particularly,1
subject,1
americans,1
new,1
identifies,1
melting,1
use,1
end,1
consistently,1
contends,1
world,1
place,1
sex,1
among,1
we,1
realities,1
issues,1
diversity,1
challenges,1
pitfalls,1
us,1
pot,1
recovery,1
pose,1
places,1
individuals,1
which,1
then,1
henry,1
full,1
present,1
understood,1
question,1
