WORDCOUNTS,WEIGHT
the,235
of,167
and,110
to,84
a,72
in,66
is,54
that,51
state,44
scott,41
s,35
this,30
for,28
it,27
by,23
as,22
on,21
but,19
its,19
not,18
he,17
one,17
society,17
his,15
projects,15
have,15
names,14
their,14
or,14
with,13
like,13
be,13
at,12
into,12
historical,12
more,11
might,10
local,10
human,10
which,10
so,10
these,9
are,9
new,9
i,9
knowledge,9
own,9
than,9
american,8
seeing,8
system,8
civil,8
review,8
caplan,8
how,7
they,7
practices,7
rather,7
other,7
was,7
planning,7
example,7
popper,7
kind,7
jane,6
bentham,6
modern,6
history,6
just,6
social,6
all,6
book,6
political,6
some,6
such,6
development,6
states,6
february,6
attempts,5
no,5
certain,5
familiar,5
two,5
also,5
official,5
karl,5
see,5
has,5
improve,5
utopian,5
identity,5
who,5
people,5
our,5
individual,5
sense,5
field,5
life,5
systems,5
even,5
here,5
been,4
limited,4
knows,4
legible,4
name,4
thus,4
there,4
hand,4
everyday,4
what,4
war,4
landscape,4
purposes,4
them,4
cannot,4
out,4
up,4
closed,4
condition,4
engineer,4
both,4
made,4
were,4
since,4
ideologue,4
de,4
an,4
century,4
failed,3
register,3
without,3
european,3
if,3
meaning,3
schemes,3
certeau,3
michel,3
authoritarian,3
analysis,3
essays,3
about,3
yet,3
lives,3
nineteenth,3
ed,3
too,3
metis,3
french,3
law,3
power,3
rational,3
epistemic,3
words,3
my,3
fact,3
principles,3
europe,3
could,3
great,3
mapping,3
giard,3
john,3
take,3
do,3
those,3
standardized,3
epistemological,3
practice,3
metaphor,3
modernism,3
truant,3
argues,3
account,3
knowledges,3
work,3
progress,3
upon,3
through,3
subject,3
james,3
question,3
editor,3
improvers,3
pluralism,3
jeremy,3
him,3
you,3
order,3
family,3
specific,3
vision,3
c,3
can,3
proper,3
marx,3
penal,3
dialectic,2
may,2
will,2
situated,2
does,2
naming,2
now,2
usable,2
high,2
relationship,2
habitats,2
recognized,2
terrain,2
identification,2
economic,2
grid,2
indeed,2
although,2
service,2
object,2
whatever,2
render,2
village,2
registered,2
citizens,2
means,2
alongside,2
arts,2
documenting,2
forest,2
zonabend,2
j,2
same,2
from,2
princeton,2
themes,2
memorial,2
simply,2
accumulation,2
first,2
only,2
else,2
either,2
map,2
regime,2
modest,2
cost,2
every,2
transcripts,2
fully,2
give,2
vols,2
over,2
put,2
freedom,2
fundamental,2
control,2
england,2
different,2
capitalist,2
best,2
plan,2
volume,2
pretty,2
standardizing,2
very,2
debates,2
london,2
manley,2
real,2
failures,2
works,2
planners,2
concrete,2
improving,2
precisely,2
universal,2
ground,2
sidney,2
contrasting,2
cultural,2
reading,2
essentially,2
nominal,2
surprises,2
less,2
scale,2
thin,2
agricultural,2
forthcoming,2
jima,2
market,2
directly,2
her,2
utilitarian,2
hopkins,2
convenient,2
remained,2
original,2
texts,2
hybrid,2
von,2
examples,2
background,2
legibility,2
ends,2
bodies,2
iwo,2
torpey,2
concept,2
part,2
calls,2
luce,2
piecemeal,2
nation,2
gerard,2
forces,2
loss,2
whole,2
used,2
vast,2
fit,2
prevailed,2
programs,2
critique,2
diversity,2
domination,2
haven,2
cast,2
project,2
fickle,2
conn,2
rationalization,2
hidden,2
metic,2
points,2
course,2
offer,2
would,2
revolution,2
between,2
effects,2
pollard,2
things,2
speak,2
lin,2
small,2
enumerate,2
observation,2
potential,2
imaginative,2
historicism,2
left,2
engineering,2
create,2
drawn,2
little,2
look,2
resistance,2
world,2
among,2
freckled,2
despite,2
should,2
attention,2
hopeless,2
poverty,2
nations,1
attacks,1
unpredictable,1
compendium,1
problem,1
seems,1
difficult,1
democracy,1
rights,1
homely,1
steps,1
hamlet,1
sweeping,1
socialist,1
tasks,1
christian,1
entail,1
currently,1
fascism,1
produces,1
second,1
done,1
moses,1
york,1
farm,1
back,1
german,1
accomplish,1
downfall,1
inhabitants,1
irregular,1
matter,1
deter,1
hopes,1
wisdom,1
common,1
sterile,1
way,1
noble,1
fell,1
provide,1
card,1
thread,1
contingent,1
incites,1
angle,1
mawr,1
enforced,1
populations,1
l,1
inventiveness,1
prophets,1
absent,1
wrists,1
criticize,1
wrote,1
declaring,1
ruthlessness,1
practical,1
socrates,1
politically,1
commitment,1
prose,1
site,1
entanglements,1
motor,1
techniques,1
adapt,1
addressed,1
daniel,1
idea,1
resistant,1
manipulate,1
motivated,1
receptive,1
emergence,1
exclusionary,1
classic,1
reference,1
plastic,1
legitimate,1
trans,1
tattoo,1
filing,1
nexus,1
bricolage,1
contrast,1
upward,1
meanwhile,1
pinpoint,1
disastrously,1
standardization,1
april,1
poignant,1
alone,1
un,1
anomalies,1
ultimate,1
still,1
above,1
anatomizes,1
slip,1
redirects,1
abstraction,1
use,1
structure,1
make,1
innumerable,1
seminaire,1
ecological,1
earlier,1
controlling,1
germany,1
expect,1
interwar,1
sending,1
similar,1
initially,1
leave,1
direct,1
speculated,1
complex,1
dynamism,1
cultivate,1
surveyed,1
integrity,1
impugn,1
why,1
zeal,1
exploitations,1
study,1
often,1
spectacular,1
strides,1
enabled,1
prostrated,1
offering,1
tend,1
sailors,1
summarized,1
much,1
hope,1
word,1
once,1
stamps,1
somehow,1
uniquely,1
incursion,1
figured,1
english,1
ones,1
ways,1
h,1
superseding,1
surname,1
most,1
references,1
obstacle,1
totalizing,1
revisiting,1
studies,1
rules,1
planner,1
conscious,1
emphasis,1
me,1
grounded,1
rationalize,1
soon,1
old,1
paris,1
totalitarianism,1
mixed,1
wanted,1
praise,1
under,1
postmodern,1
cause,1
descriptive,1
gardner,1
particular,1
motive,1
having,1
clash,1
les,1
us,1
histoty,1
classification,1
improvement,1
neither,1
western,1
absorbing,1
oise,1
dominates,1
explanatory,1
virtually,1
languages,1
suggestions,1
laid,1
wars,1
fabian,1
home,1
watchword,1
production,1
chap,1
benthamite,1
administration,1
personnes,1
then,1
intelligible,1
developed,1
sacrosanct,1
complete,1
culture,1
historian,1
heart,1
remedy,1
marjorie,1
choices,1
mobile,1
impulse,1
traces,1
track,1
friedrich,1
weak,1
controlled,1
insinuate,1
natural,1
closely,1
mould,1
incorporated,1
character,1
university,1
grand,1
phenomenon,1
minneapolis,1
circumstances,1
steven,1
sicherer,1
footing,1
postrevolutionary,1
intentions,1
suspect,1
touching,1
contradiction,1
documentation,1
acknowledges,1
records,1
officially,1
being,1
friend,1
fran,1
ingenious,1
perversely,1
n,1
powerful,1
prussian,1
known,1
vietnam,1
direction,1
recent,1
beyond,1
optimism,1
ignore,1
includes,1
definite,1
freiburg,1
long,1
reformatory,1
mason,1
requires,1
reach,1
construct,1
text,1
kinds,1
launches,1
bureaucrat,1
vote,1
press,1
willing,1
rendered,1
baptismal,1
set,1
reevaluating,1
cartography,1
cover,1
flouted,1
universalizing,1
rested,1
agriculture,1
military,1
intricacies,1
entangled,1
raged,1
toward,1
berkeley,1
statistics,1
goodhart,1
stengel,1
tatoo,1
shadow,1
namengebung,1
preserve,1
maya,1
your,1
plausibly,1
printing,1
image,1
added,1
many,1
working,1
juxtaposition,1
impervious,1
originality,1
had,1
ranks,1
uses,1
standards,1
did,1
registration,1
worth,1
novel,1
expanding,1
based,1
company,1
sidestepping,1
achieved,1
extent,1
walk,1
board,1
sherman,1
gone,1
conduct,1
skills,1
allowed,1
intelligibility,1
assess,1
belong,1
diving,1
generous,1
coexisting,1
classifying,1
rule,1
manipulations,1
prepared,1
argue,1
fascinating,1
ambition,1
called,1
animates,1
effect,1
rendall,1
confusion,1
husband,1
abstract,1
monitor,1
taxonomy,1
ambitions,1
attempt,1
ambitious,1
naturally,1
blind,1
inevitably,1
effort,1
time,1
transparency,1
children,1
achievement,1
neighbors,1
fatal,1
ideology,1
studied,1
animating,1
able,1
format,1
quotidian,1
offend,1
school,1
thanks,1
envisioning,1
faults,1
enemy,1
concomitant,1
concludes,1
criticisms,1
census,1
launched,1
end,1
getting,1
trace,1
xxii,1
everything,1
suggestive,1
cultivation,1
survey,1
before,1
away,1
happiness,1
convert,1
man,1
phlegmatic,1
sachsenweimar,1
struggles,1
experts,1
tree,1
fixity,1
term,1
totalitarian,1
big,1
enact,1
spectators,1
forms,1
never,1
mind,1
readers,1
took,1
compiled,1
further,1
trouble,1
obeys,1
spotted,1
monopolistic,1
equally,1
protocols,1
enumeration,1
confess,1
deploy,1
nomenclature,1
surely,1
transparent,1
era,1
solely,1
salvationist,1
electorate,1
evaded,1
doubt,1
planned,1
polarity,1
developing,1
orderly,1
unplanned,1
drives,1
nazism,1
poses,1
whether,1
recently,1
population,1
nomadic,1
produced,1
form,1
annulled,1
historically,1
making,1
promise,1
rebellion,1
dapple,1
case,1
voting,1
want,1
calif,1
varying,1
actor,1
indelible,1
imposed,1
however,1
deep,1
roughshod,1
cabinet,1
enterprises,1
intend,1
modernist,1
edinburgh,1
headlong,1
stumble,1
perhaps,1
brasilia,1
refoundation,1
required,1
eds,1
foreseeing,1
assault,1
college,1
repeated,1
forename,1
revived,1
unaware,1
scrupulous,1
capacity,1
accordance,1
hieroglyph,1
counterpart,1
number,1
managed,1
possibility,1
reductive,1
mass,1
wants,1
muddled,1
discuss,1
right,1
w,1
aspects,1
require,1
addresses,1
changing,1
well,1
shape,1
reich,1
presented,1
contrasted,1
custom,1
rationality,1
vol,1
anticipation,1
participation,1
government,1
remodelling,1
figurative,1
mobilization,1
recommended,1
future,1
watched,1
threat,1
pitched,1
data,1
targets,1
extended,1
discussion,1
flourishes,1
discloses,1
father,1
neatly,1
drive,1
lost,1
registrations,1
adopting,1
julius,1
injunctions,1
functions,1
treacherous,1
taxation,1
malevolence,1
move,1
level,1
hundred,1
eighteenth,1
carry,1
writers,1
poems,1
renders,1
women,1
helps,1
campaigning,1
regretted,1
claim,1
professor,1
mastery,1
simplification,1
interdisciplinaire,1
pansophic,1
combination,1
pinned,1
story,1
say,1
weimar,1
schemnes,1
sculpture,1
simplify,1
city,1
explains,1
altogether,1
enormous,1
expropriations,1
resources,1
classifications,1
laws,1
deplores,1
content,1
reversibility,1
secret,1
develop,1
layered,1
chooses,1
reconstruction,1
emancipatory,1
comment,1
core,1
terms,1
recommends,1
description,1
impose,1
aims,1
rendering,1
reminded,1
step,1
aspirations,1
nomenclatures,1
ahr,1
minutiae,1
awry,1
immutable,1
regularities,1
engage,1
implications,1
characteristically,1
unit,1
purchased,1
describe,1
democratic,1
party,1
focus,1
shadowed,1
arguments,1
began,1
pursuing,1
expansive,1
easiest,1
meet,1
issues,1
memories,1
icon,1
willed,1
campaigns,1
using,1
mention,1
des,1
owl,1
concentrate,1
extraordinarily,1
pourquoi,1
repeatedly,1
neglect,1
deutschen,1
postcolonial,1
conscription,1
belligerent,1
identical,1
emancipation,1
individuals,1
chapters,1
baffling,1
hutman,1
come,1
energies,1
sees,1
timber,1
strikingly,1
breisgau,1
creativity,1
severest,1
advantages,1
wall,1
optimistic,1
relationships,1
ultimately,1
until,1
blueprint,1
election,1
tyrannical,1
worterbuch,1
manage,1
posed,1
peculiarities,1
gently,1
touch,1
years,1
dynamics,1
class,1
open,1
electoral,1
church,1
sensibilities,1
litter,1
health,1
against,1
stories,1
count,1
conditions,1
truths,1
prevention,1
administratively,1
covert,1
position,1
author,1
finally,1
transformative,1
substituting,1
sustain,1
entwines,1
depicting,1
dynamic,1
essay,1
adjusting,1
tactical,1
good,1
change,1
endangered,1
ability,1
try,1
counter,1
rationalized,1
running,1
im,1
adopted,1
times,1
include,1
noms,1
integrated,1
eminently,1
land,1
walter,1
price,1
publications,1
labored,1
harmondsworth,1
coexistence,1
villagization,1
nommer,1
nurtured,1
strange,1
hardly,1
alphabet,1
dappled,1
features,1
beauty,1
collected,1
monocultural,1
static,1
france,1
generation,1
horrifying,1
forced,1
villagers,1
disservice,1
defined,1
complicate,1
provisional,1
anyone,1
after,1
maximization,1
careful,1
moderating,1
enriched,1
quite,1
stalinist,1
inscription,1
chandigarh,1
merely,1
permeable,1
anarchy,1
remains,1
nor,1
shift,1
relations,1
around,1
arresting,1
ignorance,1
commemoration,1
person,1
loose,1
openly,1
rejecting,1
perspective,1
systematically,1
document,1
anonymous,1
needs,1
written,1
tidy,1
characteristics,1
offered,1
endeavors,1
nyerere,1
pleasing,1
pierre,1
coercive,1
forester,1
marriage,1
body,1
k,1
parallel,1
mayol,1
distinctions,1
normalbiaume,1
beautifully,1
disaster,1
researching,1
cacpital,1
difficulty,1
ensuring,1
single,1
served,1
research,1
lineage,1
rides,1
russia,1
dans,1
mairie,1
stand,1
arranged,1
bryn,1
weapons,1
third,1
bag,1
bowring,1
attendant,1
engages,1
collaboration,1
become,1
find,1
inheriting,1
always,1
presiding,1
early,1
visible,1
verwaltungsrechts,1
articulation,1
tracks,1
maximum,1
tim,1
id,1
uniformity,1
capitalism,1
intended,1
characters,1
percentage,1
catastrophic,1
improvization,1
idiosyncratic,1
pays,1
present,1
passivity,1
looked,1
wife,1
francais,1
unprecedentedly,1
think,1
details,1
invented,1
mapmaker,1
nazi,1
we,1
notorious,1
deeply,1
destruction,1
observed,1
language,1
engels,1
infancy,1
appropriate,1
hermann,1
imperfectly,1
caution,1
throws,1
ago,1
doing,1
propose,1
though,1
mappings,1
unexamined,1
onto,1
greek,1
am,1
himself,1
ecology,1
thickly,1
close,1
rationalizing,1
tanzanian,1
major,1
really,1
odd,1
naturalistic,1
seeinzg,1
aesthetic,1
identite,1
spare,1
