WORDCOUNTS,WEIGHT
the,311
pp,270
and,216
of,209
press,150
university,139
in,122
new,82
york,69
a,62
by,57
history,52
number,52
s,40
paper,40
cloth,39
american,32
war,32
start,32
end,32
editor,31
world,29
to,29
studies,27
e,26
x,25
editors,23
cambridge,23
for,22
di,21
j,21
oxford,21
foreword,21
de,20
westport,20
conn,20
d,20
books,19
on,19
c,19
l,18
xi,18
from,18
m,17
r,17
culture,17
i,16
edition,16
society,16
viii,16
america,15
politics,15
series,15
state,14
translated,14
degli,14
paperback,14
la,14
historical,14
william,14
chicago,14
columbia,13
w,13
greenwood,13
le,13
social,13
david,13
princeton,12
richard,12
n,12
xvii,12
xii,12
et,12
john,12
michael,12
xv,12
other,11
studi,11
xvi,11
science,11
archivi,11
h,10
p,10
rome,10
volume,10
an,10
thomas,10
oreg,10
essays,9
modern,9
great,9
y,9
portland,9
contributions,9
xix,9
stato,9
south,9
f,9
indian,9
praeger,9
europe,9
peter,9
france,9
medieval,8
per,8
t,8
xiii,8
east,8
beni,8
b,8
received,8
del,8
civil,8
culturali,8
reprint,8
european,8
life,8
washington,8
distributed,7
western,7
assisted,7
xxi,7
xx,7
johns,7
jr,7
century,7
attivita,7
ix,7
study,7
international,7
carolina,7
cultural,7
xiv,7
hopkins,7
wayne,7
london,7
ministero,7
april,7
baltimore,7
monographs,7
harvard,7
pubblicazioni,7
with,7
mass,7
review,7
germany,6
boulder,6
du,6
ii,6
asia,6
robert,6
vii,6
times,6
civilization,6
detroit,6
oklahoma,6
change,6
ed,6
power,6
contemporary,6
md,6
institute,6
vi,6
norman,6
struggle,5
rev,5
england,5
religion,5
blackwell,5
henry,5
political,5
u,5
west,5
human,5
della,5
g,5
soviet,5
age,5
baton,5
mechanicsburg,5
los,5
lanham,5
xviii,5
xxvi,5
ivan,5
pa,5
lincoln,5
second,5
military,5
edited,5
museum,5
security,5
al,5
wisconsin,5
mich,5
siena,5
rouge,5
james,5
louisiana,5
stephen,5
xxiv,5
histoire,5
quaderni,5
urban,5
dee,5
early,5
stackpole,5
at,4
malden,4
cornell,4
tradition,4
government,4
california,4
milwaukee,4
andrew,4
ithaca,4
angeles,4
how,4
en,4
their,4
india,4
air,4
four,4
origins,4
theory,4
jewish,4
its,4
douglas,4
xxvii,4
und,4
battle,4
southern,4
saggi,4
donne,4
law,4
pennsylvania,4
paris,4
present,4
simon,4
ethnic,4
northern,4
perspectives,4
george,4
britain,4
frontier,4
ancient,4
berkeley,4
sulle,4
global,4
making,4
africa,4
art,4
ohio,4
illinois,4
twentieth,4
charles,4
johnson,4
arnold,4
courts,3
scottish,3
center,3
library,3
davis,3
kent,3
bloomington,3
zur,3
ronald,3
against,3
relations,3
walter,3
jews,3
publications,3
wilmington,3
littman,3
joan,3
landscape,3
les,3
literary,3
democratic,3
vietnam,3
beyond,3
view,3
medicine,3
guns,3
egypt,3
dynasty,3
schuster,3
people,3
project,3
stanford,3
alan,3
boston,3
hungary,3
siecle,3
catholic,3
order,3
family,3
longman,3
nations,3
role,3
van,3
littlefield,3
economic,3
comparative,3
islands,3
pacific,3
thought,3
lund,3
mark,3
v,3
centre,3
native,3
routledge,3
indiana,3
identity,3
francis,3
real,3
modem,3
lakes,3
ireland,3
bessie,3
hungarian,3
story,3
universita,3
haven,3
foreign,3
yale,3
dans,3
united,3
case,3
latin,3
geschichte,3
past,3
middle,3
through,3
november,3
atti,3
colonial,3
our,3
rowman,3
chile,3
land,3
states,3
madison,3
between,3
patricia,3
era,3
martin,3
final,2
it,2
picard,2
polish,2
forschungen,2
pittsburgh,2
bicentennial,2
jane,2
fiction,2
revolutionary,2
leggere,2
english,2
memoria,2
annees,2
policy,2
royal,2
before,2
nineteenth,2
societa,2
women,2
experience,2
first,2
fairbanks,2
lexington,2
debating,2
trinidad,2
gary,2
dorrance,2
roland,2
narrative,2
atlantic,2
mississippi,2
take,2
kingdom,2
graham,2
maurice,2
last,2
berghahn,2
ukrainian,2
honolulu,2
stearns,2
daniel,2
papers,2
british,2
sociedad,2
king,2
money,2
italian,2
howard,2
resources,2
fur,2
contentious,2
carocci,2
eras,2
roger,2
development,2
since,2
borderlands,2
bonn,2
xxiii,2
noel,2
pierre,2
syracuse,2
rediscovering,2
radio,2
schulz,2
student,2
leadership,2
kentucky,2
strumenti,2
rights,2
poor,2
fort,2
americans,2
german,2
without,2
napoli,2
fantasies,2
sekelskifte,2
constance,2
greenhill,2
una,2
sarah,2
japanese,2
strange,2
xxx,2
consequences,2
days,2
impact,2
mary,2
lester,2
buffalo,2
nebraska,2
union,2
my,2
kennedy,2
histories,2
missouri,2
shoes,2
neil,2
academic,2
politique,2
companion,2
europa,2
memory,2
biographies,2
christianity,2
literature,2
part,2
gender,2
politica,2
issues,2
hawai,2
rituals,2
polity,2
monetary,2
editore,2
sense,2
marco,2
cold,2
dictionary,2
next,2
heart,2
berg,2
mitchell,2
alvah,2
xxviii,2
research,2
texas,2
philip,2
st,2
tamas,2
san,2
lit,2
vanderbilt,2
irish,2
wings,2
community,2
bill,2
religious,2
parker,2
lisa,2
frank,2
sex,2
technology,2
historia,2
management,2
islam,2
dan,2
two,2
toronto,2
rise,2
lee,2
bushman,2
french,2
paul,2
heritage,2
jeffrey,2
water,2
smith,2
stories,2
generalite,2
documents,2
time,2
classical,2
nuclear,2
daniels,2
honor,2
ages,2
sergio,2
day,2
antony,2
kansas,2
greatest,2
campaigns,2
louis,2
xixe,2
robinson,2
rassegna,2
netherlands,2
trade,2
munster,2
jose,2
victory,2
period,2
black,2
jurisdiction,2
k,2
lviv,2
seattle,2
greece,2
patrizia,2
alaska,2
fascism,2
delhi,2
gabrielli,2
kenneth,2
santiago,2
inside,2
who,2
force,2
lawrence,2
education,2
canada,2
worlds,2
joseph,2
rite,2
neuzeit,2
historian,2
peoples,2
biography,2
sciences,2
japan,2
der,2
colorado,2
butler,2
korean,2
freemasonry,2
anthropology,2
cultures,2
cultura,2
steven,2
roman,2
alexander,2
foundation,2
iii,2
identities,2
recherche,2
works,2
february,2
better,2
scholarly,2
alabama,2
economy,2
burns,2
calif,2
annarita,2
contemporaine,2
palgrave,2
freedom,2
des,2
beitrage,2
city,2
centro,2
riddle,2
kingston,2
au,2
eric,2
robertson,2
north,2
years,2
electronic,2
quest,2
national,2
publishing,2
bulkeley,2
regime,2
sur,2
heartland,2
philosophy,2
pomerans,2
russia,2
be,2
enterprise,2
texts,2
marburger,2
building,2
tisdale,1
trama,1
set,1
inayatullah,1
beezley,1
katja,1
bernard,1
founding,1
modelling,1
archives,1
dale,1
now,1
abolition,1
sharpe,1
aristocrat,1
douthat,1
afghans,1
fathers,1
sussex,1
diligent,1
okereafoezeke,1
balawyder,1
edge,1
buttafuoco,1
common,1
conflicting,1
humaines,1
cheminant,1
dictadura,1
getches,1
proud,1
altamira,1
geopolitics,1
mosaic,1
arctic,1
confessionnalisation,1
liii,1
emerson,1
investigaciones,1
dobak,1
schoffer,1
parallax,1
basarrate,1
friedhelm,1
universite,1
giorgio,1
sklar,1
career,1
iowa,1
tuscaloosa,1
environmental,1
paolo,1
expedition,1
trans,1
rinascimento,1
red,1
shlapentokh,1
measures,1
barros,1
pacy,1
mountains,1
sprechen,1
introduction,1
manuscript,1
connecticut,1
passing,1
farrar,1
conversion,1
becoming,1
museos,1
burton,1
one,1
imagen,1
imprint,1
jurisdictions,1
myth,1
palosfalvi,1
mcallester,1
ausformungen,1
hannibal,1
boiten,1
om,1
hickey,1
newark,1
macpherson,1
zander,1
schools,1
hispana,1
ways,1
kenton,1
luminosity,1
unwritten,1
shoe,1
jonathan,1
marcus,1
fra,1
mit,1
siskind,1
park,1
delusions,1
duke,1
radcliffe,1
overlook,1
ottocento,1
totalitarismi,1
palevsky,1
ian,1
inequality,1
malik,1
damerow,1
beckett,1
biographical,1
campafia,1
traveller,1
uses,1
track,1
ungvari,1
monograph,1
einstein,1
claire,1
pioneers,1
volumes,1
satterthwaite,1
wilt,1
laura,1
lowith,1
journeys,1
cutting,1
congress,1
joe,1
ulrike,1
oceania,1
romance,1
ramey,1
railroads,1
vielfalt,1
passion,1
transitions,1
mchugh,1
clutches,1
humble,1
dmitriy,1
comunale,1
that,1
amiens,1
ellis,1
long,1
every,1
swedish,1
imprints,1
jackson,1
patrice,1
lyman,1
aces,1
bushkovitch,1
gilles,1
documen,1
govemo,1
hellenic,1
path,1
scandia,1
chaos,1
bunker,1
cavalry,1
austere,1
geary,1
colonialamerica,1
turbulent,1
beautiful,1
douai,1
stanislao,1
olga,1
xxxvii,1
renp,1
trenton,1
massimo,1
palmito,1
ulf,1
divinity,1
hoffman,1
allan,1
knowing,1
deanne,1
carter,1
shay,1
palese,1
fargo,1
debra,1
borders,1
feminism,1
gunmakers,1
bead,1
citizens,1
gerald,1
melbourne,1
yoshioka,1
abbazia,1
hannah,1
ographs,1
handler,1
dubuque,1
haim,1
loi,1
jansen,1
embrace,1
pillow,1
julie,1
mind,1
applegate,1
sacred,1
keith,1
those,1
moi,1
china,1
reading,1
gibson,1
appalachian,1
glatthaar,1
mcwhiney,1
stagecoach,1
worldwide,1
el,1
legend,1
seminar,1
peteri,1
nederland,1
system,1
reitan,1
paying,1
partners,1
democrazie,1
afterword,1
montreal,1
con,1
occasional,1
madrid,1
dancing,1
harpercollins,1
uvk,1
restitution,1
eastern,1
medievalism,1
key,1
av,1
continuum,1
motion,1
rodman,1
amelia,1
iv,1
agriculture,1
march,1
emigrant,1
changed,1
bison,1
incontri,1
copenhagen,1
uneven,1
porter,1
chsp,1
nordic,1
authentic,1
sumter,1
powers,1
pederson,1
dutch,1
taking,1
interdisciplinary,1
radicals,1
supply,1
aminzade,1
whites,1
feheney,1
diplomacy,1
brizzi,1
kornai,1
along,1
palazzo,1
midwifery,1
photographic,1
monastici,1
bulzoni,1
beneath,1
bibliotheca,1
wm,1
tional,1
sanchez,1
harold,1
gabrielle,1
karen,1
hitoshi,1
vibeke,1
walnut,1
conflict,1
central,1
stober,1
sorbonne,1
grare,1
totalitarian,1
dissidences,1
xlvii,1
bowman,1
formazione,1
kosso,1
instituts,1
interdisciplinarity,1
vogelsang,1
luc,1
representations,1
dynamics,1
inner,1
explorers,1
farrell,1
bailey,1
simmons,1
nafziger,1
machine,1
sociale,1
spinning,1
boll,1
sozialgeschichte,1
eigeninteresse,1
lectures,1
berkley,1
ray,1
janet,1
schwitalla,1
mixed,1
reyes,1
bodil,1
ransom,1
santa,1
consumer,1
natalie,1
carlos,1
adams,1
tucson,1
diplomats,1
encyclopedia,1
barlow,1
meyer,1
trail,1
affairs,1
kind,1
nazis,1
thing,1
caron,1
weigley,1
breckinridge,1
old,1
lin,1
clark,1
kyle,1
haunted,1
philosophie,1
lxxxvi,1
mogens,1
engel,1
marriage,1
body,1
salvatore,1
serving,1
modernity,1
marlene,1
religioni,1
extraordinary,1
young,1
bruk,1
judas,1
risico,1
clare,1
igbo,1
cohen,1
third,1
pestilences,1
drives,1
johnnella,1
vancouver,1
died,1
sicilian,1
competition,1
slogans,1
bethune,1
nigeria,1
memoir,1
beat,1
communication,1
batir,1
huguenot,1
boom,1
oepen,1
preventie,1
colloque,1
geburtstages,1
butrafuoco,1
decline,1
custer,1
beguec,1
himalaya,1
augustine,1
laicisation,1
general,1
jones,1
kuwaiti,1
desdunes,1
generation,1
transactions,1
mantras,1
weathering,1
merriam,1
byman,1
battles,1
gentrification,1
spading,1
crow,1
flynt,1
romano,1
webster,1
hero,1
rosove,1
knoxville,1
philadelphia,1
verbond,1
guida,1
antifascism,1
heroes,1
dictionnaire,1
operations,1
septentrion,1
miracle,1
partition,1
jahanara,1
ashland,1
growth,1
federal,1
across,1
organise,1
basic,1
na,1
mashraqi,1
artistique,1
corinth,1
rozell,1
dietz,1
kunio,1
process,1
communism,1
phiri,1
matrhew,1
johannes,1
ills,1
designers,1
active,1
aloysius,1
freaks,1
annapolis,1
soceity,1
legal,1
turn,1
humanity,1
importance,1
michel,1
barbas,1
milton,1
ethan,1
benjamin,1
pages,1
revelation,1
creek,1
dekalb,1
postimperial,1
white,1
earl,1
pal,1
confederate,1
pieroni,1
von,1
rephotography,1
space,1
derek,1
risks,1
support,1
breslin,1
camden,1
lives,1
graziosi,1
dorothea,1
brunswick,1
sectes,1
identites,1
tempus,1
genocide,1
immigrant,1
editori,1
hornung,1
nicoletre,1
kehoe,1
image,1
tuscon,1
anldsslich,1
emergence,1
tradizione,1
korea,1
warren,1
theresa,1
monde,1
milletr,1
gewen,1
religieux,1
glorious,1
ariz,1
northeastern,1
benison,1
geyer,1
iberoamericana,1
heineman,1
steeples,1
communities,1
initiative,1
jacobson,1
resource,1
kornelia,1
defeat,1
politisch,1
droit,1
christmas,1
galicia,1
expulsion,1
frdn,1
fifties,1
emeritenses,1
gamy,1
malettke,1
regulations,1
comite,1
crouch,1
beinart,1
constitution,1
verzekeraars,1
globalization,1
conflicts,1
reflections,1
bortolotti,1
testo,1
greater,1
authority,1
character,1
sociabilite,1
leaps,1
willens,1
remembered,1
klaus,1
mumbai,1
gichon,1
societe,1
slave,1
aftermath,1
chris,1
nancy,1
mccluskey,1
culturelle,1
tra,1
lovioglio,1
route,1
heritages,1
marion,1
moon,1
search,1
color,1
joy,1
arabs,1
richmond,1
gods,1
attack,1
mapping,1
donattini,1
survivalism,1
seven,1
kate,1
patrick,1
faded,1
tucker,1
economics,1
scotland,1
intellectuals,1
abbey,1
janos,1
austin,1
ortega,1
owen,1
viking,1
clubs,1
serfaty,1
patentees,1
hatcher,1
philosophical,1
inaugural,1
markets,1
dyviziia,1
grimsted,1
late,1
muslim,1
fans,1
rudiger,1
handbook,1
gemeinwohlbildung,1
xxxiii,1
michele,1
channing,1
erinnerungskultur,1
occupation,1
chinese,1
shall,1
luftwaffe,1
durham,1
let,1
augusta,1
litchfield,1
spiegel,1
hacia,1
edmondson,1
sentimental,1
silence,1
michigan,1
scolaire,1
siene,1
reservation,1
jacob,1
gentile,1
roudometof,1
ivana,1
submarines,1
champ,1
sovereignty,1
skdne,1
svensk,1
russell,1
your,1
patent,1
saving,1
polonsky,1
fox,1
zoeken,1
public,1
photo,1
zekerheidsregelingen,1
delle,1
fishman,1
marie,1
randolph,1
befreiung,1
kathryn,1
jim,1
cochins,1
belknap,1
shape,1
nichols,1
tutela,1
espionage,1
unequal,1
oryx,1
tider,1
maurizio,1
mcenroe,1
closed,1
xxxv,1
work,1
bata,1
rum,1
dog,1
gibbons,1
sculpture,1
mccants,1
blue,1
byron,1
writers,1
gebhardt,1
introduttivo,1
spy,1
reader,1
batty,1
hilmes,1
county,1
horse,1
museo,1
riflemen,1
bois,1
line,1
denial,1
nogales,1
kosovo,1
secret,1
italy,1
mcfeely,1
nation,1
supreme,1
bibliotecas,1
overview,1
realm,1
jamieson,1
q,1
laurence,1
holliday,1
straus,1
place,1
festgabe,1
kulturspezifische,1
editorial,1
rand,1
esoterisme,1
flight,1
icon,1
collective,1
nazionali,1
earhart,1
emancipation,1
tumultuous,1
sesquicenntenial,1
frederic,1
holocaust,1
craftsmen,1
systematic,1
kritik,1
woodiwiss,1
status,1
monroe,1
lionel,1
marges,1
convegno,1
engagement,1
samantha,1
massacre,1
prices,1
sutron,1
seines,1
brandnames,1
creating,1
doherty,1
adkin,1
solution,1
legacy,1
rails,1
ist,1
viroli,1
hard,1
working,1
field,1
controllo,1
responsibility,1
tom,1
monumenti,1
revolution,1
lucchese,1
insurgent,1
canoe,1
protest,1
beggar,1
adriano,1
fury,1
theater,1
sporting,1
tenn,1
doomsday,1
settlement,1
insurance,1
fast,1
around,1
tori,1
spanish,1
eco,1
fahey,1
mandeville,1
purdue,1
financiere,1
diktaturen,1
multinational,1
bridge,1
somerville,1
reichstein,1
civic,1
hardesty,1
manchester,1
australian,1
boundaries,1
corporations,1
traver,1
da,1
loury,1
crazy,1
parliament,1
cincinnati,1
shigeru,1
beacon,1
loza,1
woodstock,1
meditations,1
maxwell,1
tofel,1
andriy,1
bromberg,1
roots,1
lore,1
crime,1
grateful,1
repubblica,1
hitlers,1
manuel,1
sparks,1
linton,1
stephens,1
erik,1
worktext,1
diner,1
will,1
otis,1
sutch,1
fuchs,1
film,1
audrey,1
mariana,1
meehan,1
grady,1
duvall,1
higham,1
advocate,1
contest,1
meade,1
inventors,1
architecture,1
ken,1
noble,1
emilio,1
gabriel,1
prosperi,1
chase,1
statecraft,1
populations,1
dagar,1
fii,1
short,1
synthesis,1
hasan,1
knight,1
brian,1
diego,1
casamari,1
railway,1
revolt,1
classic,1
brief,1
harris,1
yugoslavia,1
female,1
veterans,1
death,1
radiation,1
nell,1
lakota,1
step,1
willem,1
reconstruction,1
intolerance,1
harry,1
wosk,1
toyin,1
denmark,1
tests,1
interactions,1
wheels,1
buck,1
psychoanalysts,1
collapsed,1
gyorgy,1
tusculanum,1
roads,1
airplane,1
giacobina,1
innovation,1
trusteeship,1
structural,1
fradkin,1
unerring,1
vie,1
guide,1
tribalautonomy,1
chronicle,1
rs,1
pivotal,1
cowen,1
selling,1
interpretation,1
victor,1
violence,1
arendt,1
sonnets,1
kingsley,1
keates,1
kantorowicz,1
marcuse,1
tconomique,1
clausen,1
den,1
seeing,1
under,1
columbus,1
fifth,1
lotus,1
guerra,1
airacobras,1
today,1
marshall,1
alberti,1
palmer,1
jay,1
padgett,1
nuns,1
home,1
cass,1
une,1
commonwealth,1
stocking,1
temkin,1
aux,1
choices,1
friendship,1
xviiie,1
steamship,1
naval,1
memories,1
friedrich,1
but,1
excellence,1
armageddon,1
belonging,1
ayton,1
industrial,1
illustrated,1
delaware,1
department,1
verlagsgesellschaft,1
volunteers,1
cariista,1
friend,1
functioned,1
enterprises,1
ambiguities,1
picture,1
lucien,1
harper,1
jon,1
fabbrica,1
vivere,1
biondi,1
kabir,1
wujstenbecker,1
fire,1
lewis,1
leni,1
ind,1
till,1
menuge,1
chantal,1
frederick,1
journey,1
subcontinent,1
figure,1
toward,1
verge,1
samedi,1
fouquet,1
librarianship,1
colt,1
pineiro,1
put,1
barford,1
slavery,1
jaggi,1
christiansen,1
financial,1
herbert,1
mecanismos,1
artists,1
faster,1
treatment,1
wilkins,1
monograms,1
scholars,1
nazism,1
karetzky,1
clarendon,1
minnesota,1
xlv,1
travaux,1
creative,1
owsei,1
plan,1
winnie,1
armonk,1
frost,1
sanctions,1
mulino,1
musicians,1
capitolari,1
kendall,1
als,1
germans,1
ideology,1
vernon,1
infectious,1
district,1
becker,1
debates,1
arthur,1
navy,1
boureau,1
nakayama,1
istoriia,1
bossy,1
damned,1
primo,1
triumphed,1
muhammad,1
civilisations,1
vt,1
dreishpoon,1
anne,1
angels,1
thompson,1
serfdom,1
forms,1
outside,1
jaime,1
italia,1
monica,1
everyday,1
zekerheid,1
ground,1
tauris,1
jonas,1
erica,1
trachtenberg,1
foulke,1
ancients,1
square,1
questioni,1
neeley,1
dorothy,1
oregon,1
empire,1
armed,1
income,1
orthodoxy,1
karl,1
axes,1
foot,1
polis,1
barriere,1
strategies,1
council,1
creole,1
kaiser,1
angkor,1
focusing,1
minneapolis,1
appropriating,1
criticalanthology,1
children,1
controversy,1
pugliese,1
agulhon,1
anglosaxon,1
going,1
free,1
elaine,1
tsianina,1
convenient,1
mormons,1
charleston,1
walthall,1
sir,1
local,1
original,1
longerich,1
verfolgte,1
cinquecento,1
matrix,1
siemer,1
understanding,1
exploring,1
democratico,1
chathdin,1
oglala,1
encounter,1
churches,1
disease,1
thucydides,1
prevention,1
craig,1
ethnicity,1
tary,1
karkov,1
maritime,1
randall,1
cult,1
israel,1
giles,1
ember,1
herve,1
wen,1
kruiger,1
ltcole,1
harms,1
chickasaw,1
trends,1
contacts,1
illumination,1
ananya,1
affari,1
elections,1
honorable,1
heath,1
elegy,1
storici,1
illusion,1
food,1
horst,1
leonore,1
tlites,1
shopping,1
chubarov,1
collaborative,1
pleasure,1
bitter,1
evolution,1
polin,1
archivos,1
vladimir,1
aids,1
cavalier,1
nationalism,1
brahmananda,1
office,1
crook,1
edgerton,1
lucrative,1
drayton,1
theoretical,1
catherine,1
manohar,1
falola,1
wheel,1
granville,1
uomini,1
urbana,1
regulars,1
historic,1
authors,1
judaism,1
modernization,1
health,1
lady,1
logic,1
hutchinson,1
grell,1
harling,1
proclaiming,1
defense,1
bennington,1
symposium,1
christopher,1
homes,1
patina,1
caribbean,1
revised,1
freinkel,1
inventing,1
vida,1
fr,1
lesesne,1
pastoureau,1
high,1
brewer,1
collected,1
avray,1
vaquero,1
engle,1
meunier,1
pestens,1
bomber,1
sally,1
cutler,1
disasters,1
godwins,1
presidential,1
tidiga,1
antico,1
imagination,1
lipschutz,1
clow,1
gallery,1
faith,1
bishops,1
biblioteca,1
kass,1
pluralism,1
systems,1
casson,1
publics,1
feet,1
arana,1
glenn,1
statesman,1
yankees,1
ann,1
biel,1
banking,1
nei,1
christianisme,1
do,1
kathe,1
patterson,1
chantin,1
spain,1
henderson,1
collisions,1
wells,1
theo,1
accord,1
celebrity,1
nomic,1
green,1
balkans,1
sandra,1
diana,1
andreas,1
normal,1
nashville,1
immigration,1
hague,1
claudia,1
corridor,1
division,1
justice,1
grevet,1
troit,1
anatomy,1
hunt,1
giroux,1
cittadinanza,1
fenton,1
tennessee,1
leuwers,1
roth,1
mordechai,1
gdata,1
farm,1
rachel,1
gioannini,1
royer,1
fifty,1
pictorial,1
twelve,1
perkinson,1
fallibility,1
konstanz,1
circle,1
handkerchiefs,1
perry,1
pres,1
delimiting,1
twelth,1
norsemen,1
persson,1
stars,1
colonia,1
dm,1
waterloo,1
phillip,1
clinton,1
movements,1
kallet,1
rangarajan,1
giuridico,1
avmement,1
amherst,1
denton,1
wardship,1
ukraine,1
bound,1
program,1
hill,1
vanburkleo,1
novak,1
scotr,1
archaeology,1
modernism,1
racial,1
burr,1
hogan,1
dimensions,1
emerita,1
dai,1
coth,1
nunn,1
tragedy,1
transformation,1
gallant,1
plains,1
bolianovs,1
remembrance,1
valentine,1
heidi,1
class,1
wagners,1
methods,1
pius,1
construction,1
analysis,1
lomawaima,1
norton,1
fall,1
is,1
not,1
confronts,1
eugene,1
sheila,1
charlottesville,1
roma,1
griffith,1
krupp,1
elder,1
nonso,1
tuckwell,1
arts,1
kremlin,1
dana,1
interpretive,1
casali,1
rossides,1
sophonisba,1
antarctic,1
photographs,1
xxix,1
door,1
legacies,1
serena,1
quantitative,1
nacional,1
school,1
souyri,1
shaw,1
demossier,1
duncan,1
arte,1
constantine,1
then,1
aslam,1
storia,1
postmodernism,1
littleton,1
sicker,1
growing,1
mcleod,1
boog,1
judah,1
saggio,1
changing,1
richter,1
circumstances,1
shubal,1
mario,1
athens,1
vucinich,1
blom,1
yoder,1
hirst,1
celtic,1
zitzlsperger,1
fomstora,1
nasa,1
retratos,1
isaac,1
beitrag,1
modema,1
voegelin,1
ranch,1
claims,1
lefebvre,1
iipiacere,1
trademarks,1
text,1
rhett,1
aley,1
earle,1
gian,1
legates,1
napoleonic,1
ko,1
drake,1
know,1
mulligan,1
ni,1
patriot,1
over,1
leeuwen,1
debatter,1
danielle,1
control,1
asylum,1
hampton,1
country,1
protagoniste,1
delage,1
organized,1
amalie,1
silenziosa,1
commission,1
historians,1
monumentos,1
bologna,1
down,1
pietro,1
dukakis,1
print,1
republicanism,1
krawczynski,1
ferentino,1
cures,1
dainotto,1
speech,1
tegucigalpa,1
tartakowsky,1
verzekeringen,1
hospital,1
brothers,1
solved,1
collins,1
plague,1
theology,1
enemy,1
hadot,1
rearmament,1
xxii,1
gas,1
associations,1
wood,1
movie,1
trillmich,1
uppermost,1
pour,1
sermons,1
myra,1
turned,1
utley,1
caswell,1
lauper,1
presidencial,1
allama,1
aurelius,1
recollections,1
proceedings,1
waldstreicher,1
circles,1
them,1
rose,1
och,1
lucca,1
academia,1
arrell,1
house,1
abt,1
pains,1
ait,1
goto,1
kleinfeld,1
kyi,1
alice,1
dream,1
transaction,1
woodward,1
farsoter,1
lafayette,1
shakespeare,1
notebooks,1
constitutional,1
calhoun,1
baltic,1
lynch,1
voice,1
information,1
stade,1
don,1
virginia,1
targets,1
albano,1
periodicals,1
popular,1
martha,1
socioeconomic,1
bodies,1
portraits,1
braunschweig,1
andrea,1
hexham,1
paradise,1
pain,1
furniture,1
corti,1
beauchesne,1
sea,1
strangers,1
convengo,1
milan,1
jong,1
gasset,1
publishers,1
african,1
ursic,1
administration,1
sante,1
phebe,1
steel,1
alla,1
alain,1
contreras,1
merchant,1
fenyo,1
stevenson,1
lorton,1
phoenix,1
grez,1
firms,1
ho,1
hollis,1
voyage,1
waves,1
newstead,1
veroli,1
ein,1
lille,1
stewart,1
among,1
ogma,1
question,1
feike,1
trophies,1
francois,1
lorey,1
survival,1
commercial,1
negro,1
croatia,1
covenant,1
julius,1
vann,1
wang,1
deutschland,1
donald,1
institutional,1
keiger,1
jacques,1
samuel,1
grant,1
monografias,1
holocaustuberlebende,1
femminismo,1
tgv,1
armstrong,1
colo,1
manufacturers,1
slavs,1
americas,1
enlightenment,1
jewry,1
upon,1
cooper,1
citadel,1
usa,1
jeanine,1
brissot,1
upside,1
heidegger,1
andere,1
leonora,1
integration,1
rancher,1
hemispheric,1
you,1
effects,1
mccurdy,1
rivoluzione,1
goodpaster,1
imre,1
galychyna,1
francisco,1
association,1
speak,1
rodolphe,1
campaign,1
mushirul,1
sideshow,1
marcello,1
biblioteche,1
thousand,1
insider,1
wolin,1
hans,1
laterza,1
rifles,1
junius,1
archaeologica,1
zweier,1
epreuve,1
det,1
rickover,1
mystery,1
naar,1
archival,1
commercializing,1
hills,1
giornata,1
isbs,1
cheaper,1
buckskin,1
jason,1
andidora,1
valley,1
phillips,1
ronnie,1
corrosion,1
riera,1
winston,1
images,1
blowen,1
andrieu,1
uk,1
carmagnani,1
xxv,1
shugaar,1
vigne,1
bertelli,1
funerarios,1
sixth,1
weinstock,1
tragic,1
johanna,1
arizona,1
loft,1
darchivio,1
