WORDCOUNTS,WEIGHT
of,44
the,37
by,30
and,29
pp,28
university,21
press,18
a,14
edited,10
s,10
new,7
foreword,6
in,6
c,6
york,5
volume,5
d,5
sarah,4
h,4
from,4
xi,4
eli,4
for,4
ricker,4
historical,4
war,4
number,4
translated,4
boston,4
editor,4
on,4
james,4
south,3
american,3
series,3
diary,3
m,3
europe,3
state,3
j,3
xii,3
documents,3
john,3
carolina,3
to,3
mass,3
r,3
w,3
richard,3
xviii,3
cambridge,3
bibliographies,3
madison,3
editors,3
xvi,3
lincoln,3
rachel,2
tokyo,2
pierpont,2
states,2
letters,2
commentary,2
drouet,2
e,2
gill,2
april,2
introduction,2
b,2
k,2
united,2
word,2
with,2
prince,2
thomas,2
margolis,2
modern,2
joseph,2
sakowicz,2
communion,2
mary,2
baker,2
levi,2
voices,2
compiled,2
nebraska,2
herbert,2
gregory,2
orestes,2
book,2
ahr,2
brill,2
works,2
america,2
dorothy,2
blackfoot,2
papers,2
bruccoli,2
juliette,2
killed,2
hitler,2
west,2
edwards,2
su,2
ohio,2
translation,2
naron,2
interviews,2
putnam,2
scranton,2
jensen,2
maria,2
diaries,2
students,2
uhlenbeck,2
encyclopedia,2
an,2
bourke,2
westport,2
z,2
early,2
conspiracy,2
memoir,2
world,2
xxv,2
wilhelmina,2
at,1
appeasement,1
dosteuropaof,1
sidney,1
tobias,1
elizpress,1
dossier,1
terpress,1
penguin,1
knoxville,1
healey,1
scout,1
dall,1
publishing,1
his,1
medieval,1
berkel,1
l,1
versity,1
denton,1
selections,1
comparative,1
joan,1
harukanaru,1
ordinary,1
albany,1
foreponary,1
july,1
mountains,1
yale,1
ofthe,1
yamaited,1
their,1
compiling,1
ix,1
mercer,1
life,1
as,1
confederate,1
about,1
guide,1
von,1
xxx,1
sobbins,1
perpp,1
eberle,1
library,1
marquette,1
regis,1
tietze,1
charlottesville,1
murder,1
types,1
victor,1
brownson,1
reference,1
rorism,1
nowak,1
canada,1
herodotus,1
presidents,1
wamba,1
judenvernichtung,1
den,1
fifth,1
sch,1
notizen,1
committee,1
ancient,1
kehoe,1
history,1
kelsey,1
fringes,1
elisabeth,1
victoria,1
assisted,1
siebzigsten,1
xxiv,1
n,1
impact,1
deese,1
aides,1
unianese,1
uhl,1
al,1
indian,1
reviewed,1
listed,1
faith,1
these,1
ulysses,1
illustrated,1
athens,1
oldenbourg,1
macon,1
catalogue,1
stalin,1
baby,1
vietnam,1
t,1
harvard,1
ballard,1
caroline,1
md,1
frankfurt,1
mattern,1
hengst,1
munich,1
ii,1
ni,1
dokumente,1
yamashita,1
secretary,1
kent,1
all,1
union,1
chior,1
wambae,1
xxxvii,1
royal,1
midori,1
asia,1
my,1
sudduth,1
praeger,1
dempsey,1
browntexts,1
matthias,1
cothe,1
great,1
taschenbuch,1
klaas,1
iii,1
kate,1
edwar,1
patrick,1
mississippi,1
nary,1
extraordiden,1
univerwar,1
arthur,1
curtin,1
i,1
inge,1
favorite,1
amhelen,1
february,1
marcellinus,1
henrik,1
shistoria,1
xxxiii,1
burnett,1
honolulu,1
sue,1
mu,1
daniel,1
burns,1
genee,1
soft,1
karl,1
recently,1
greenwood,1
michael,1
cannot,1
camden,1
baton,1
larson,1
lane,1
boeft,1
wartime,1
milwaukee,1
dr,1
spiritual,1
woman,1
philological,1
interrogations,1
toto,1
alice,1
books,1
teitler,1
matthew,1
iv,1
marie,1
nehring,1
jim,1
xix,1
ories,1
zur,1
account,1
original,1
inez,1
soldier,1
virginia,1
cooperation,1
blackfeet,1
xxxv,1
mart,1
des,1
sity,1
chael,1
trial,1
received,1
narratives,1
bibliography,1
son,1
foley,1
writings,1
giles,1
civil,1
hideo,1
chickasaw,1
dollar,1
secret,1
seus,1
beloved,1
xliv,1
mcculley,1
die,1
pizarro,1
jap,1
spock,1
collection,1
rivers,1
robinson,1
gencies,1
hawai,1
ho,1
surby,1
nouchi,1
lanham,1
bystander,1
et,1
prepared,1
abeth,1
were,1
trip,1
personal,1
review,1
office,1
g,1
rouge,1
grant,1
forethe,1
arad,1
knowlton,1
conn,1
lionel,1
professor,1
carey,1
edgar,1
geheimen,1
zum,1
silent,1
samuel,1
julian,1
washington,1
doctor,1
soldiers,1
macdonogh,1
soldierscott,1
august,1
mnemosyne,1
arc,1
xxxix,1
david,1
normally,1
cooper,1
thom,1
jr,1
peterson,1
mianus,1
scarecrow,1
yitzhak,1
fischer,1
autumn,1
montana,1
quinn,1
catholic,1
drijvers,1
leaves,1
vi,1
charles,1
aster,1
geburtstag,1
joaqui,1
bibliographie,1
settler,1
toledo,1
hugo,1
ponary,1
recounted,1
sanga,1
theconn,1
texas,1
nchen,1
philip,1
be,1
kallstrom,1
xxvii,1
christians,1
texts,1
beacon,1
vincent,1
schlesinger,1
overy,1
documentary,1
story,1
wife,1
faraway,1
souls,1
dear,1
ellen,1
among,1
haven,1
north,1
cross,1
ga,1
louisiana,1
miwritings,1
cockrell,1
daughter,1
portrait,1
kazimierz,1
lumbia,1
society,1
tennessee,1
