WORDCOUNTS,WEIGHT
the,352
of,220
and,204
jefferson,182
to,151
a,133
in,133
s,124
is,88
that,71
his,68
as,61
american,53
with,46
for,45
not,41
burns,40
he,39
have,37
was,36
an,35
are,35
by,34
or,33
thomas,30
it,29
from,29
him,28
on,28
they,27
us,27
but,27
at,26
their,26
hemings,25
o,24
brien,24
historians,24
this,24
ellis,24
historical,23
if,22
world,22
we,22
has,21
burstein,21
our,21
would,21
maier,21
be,21
history,19
more,19
who,19
new,18
no,17
which,17
himself,16
than,16
character,16
about,16
one,15
inner,15
sally,15
been,15
film,14
all,14
both,14
ken,14
review,13
nation,13
onuf,13
these,13
only,13
she,13
her,13
america,12
even,12
lewis,12
peter,12
so,12
life,12
civic,12
february,12
what,12
had,11
may,11
york,11
sphinx,11
between,11
much,11
might,10
other,10
most,10
pantheon,10
its,10
long,10
family,10
children,10
see,10
were,10
declaration,10
evidence,10
jeffersons,9
synecdoche,9
image,9
could,9
affair,9
also,9
book,9
camera,9
independence,9
very,9
monticello,9
jan,9
although,9
possible,8
such,8
public,8
own,8
when,8
will,8
man,8
virginia,8
way,7
revolutionary,7
into,7
take,7
real,7
there,7
right,7
self,7
americans,7
how,7
university,7
objects,7
scripture,7
make,7
culture,7
time,7
private,7
can,7
any,7
org,7
images,7
portrait,7
those,6
some,6
human,6
adams,6
revolution,6
wrong,6
still,6
yet,6
rather,6
pbs,6
books,6
father,6
like,6
black,6
different,6
subject,6
national,6
states,6
does,5
represent,5
ways,5
modern,5
talking,5
www,5
great,5
political,5
community,5
pursuit,5
white,5
age,5
good,5
social,5
role,5
read,5
sex,5
j,5
home,5
same,5
shows,5
where,5
perhaps,5
gives,5
another,5
slaves,5
plantation,5
men,5
worlds,5
joseph,5
biography,5
must,5
htm,5
text,5
know,5
better,5
making,5
question,5
web,5
scholarship,5
now,4
complex,4
necessarily,4
ideas,4
sources,4
certainly,4
religion,4
mind,4
state,4
issue,4
biographers,4
engage,4
inhabited,4
pedestal,4
find,4
true,4
slavery,4
across,4
generations,4
notion,4
similar,4
romantic,4
n,4
quoted,4
too,4
founding,4
lived,4
out,4
promise,4
merrill,4
because,4
well,4
example,4
during,4
people,4
sense,4
peterson,4
put,4
increasingly,4
rockwell,4
shots,4
available,4
scholars,4
end,4
never,4
do,4
less,4
pauline,4
after,4
james,4
relationship,4
figure,4
ordinary,4
often,4
united,4
sage,4
here,4
drafting,4
over,4
intellectual,4
country,4
jenkinson,4
them,4
while,4
up,4
instead,4
off,4
themselves,4
focus,4
recent,4
race,4
currently,3
meaning,3
sympathetic,3
large,3
being,3
cast,3
either,3
voices,3
give,3
words,3
concludes,3
sacred,3
henry,3
within,3
context,3
case,3
account,3
compelling,3
whites,3
andrew,3
professor,3
against,3
author,3
anachronistic,3
nor,3
freed,3
back,3
slave,3
left,3
gaze,3
essential,3
without,3
heroes,3
performance,3
annette,3
process,3
opportunity,3
study,3
consider,3
repeated,3
powerful,3
requires,3
important,3
effort,3
cultural,3
recently,3
taught,3
gods,3
adolescent,3
work,3
concept,3
purpose,3
civil,3
personal,3
least,3
suggest,3
several,3
folk,3
core,3
therefore,3
lenin,3
short,3
transition,3
mao,3
thought,3
populated,3
neither,3
two,3
emotional,3
filmmaker,3
conceived,3
efforts,3
head,3
music,3
conor,3
contemporary,3
controversy,3
years,3
made,3
authors,3
bober,3
relation,3
stand,3
camilla,3
attention,3
pans,3
inside,3
parton,3
charlottesville,3
then,3
each,3
cruise,3
heads,3
whether,3
problem,3
suggests,3
freedom,3
documentary,3
little,3
republic,3
impulses,3
argues,3
explanation,3
dangerous,3
offer,3
enlightenment,3
d,3
intimates,3
entire,3
given,3
beings,3
successive,3
archives,2
revisionist,2
herself,2
productions,2
created,2
truth,2
minutes,2
likewise,2
knock,2
tend,2
humanizing,2
unlike,2
biographical,2
first,2
modest,2
hence,2
whom,2
production,2
attempt,2
liberty,2
company,2
together,2
desire,2
thank,2
differences,2
imaginary,2
aesthetic,2
live,2
i,2
precisely,2
reading,2
empty,2
takes,2
dying,2
mass,2
discuss,2
rests,2
lifetime,2
vital,2
point,2
since,2
conception,2
promises,2
interviews,2
countless,2
surrounded,2
raises,2
natalie,2
cases,2
adam,2
distinct,2
document,2
discovering,2
scholarly,2
site,2
jeffersonian,2
declaring,2
edward,2
granted,2
ongoing,2
grieving,2
congressional,2
soul,2
familiar,2
just,2
reviewed,2
four,2
generally,2
films,2
suggested,2
opening,2
closely,2
http,2
six,2
search,2
ambitions,2
passionate,2
term,2
fathered,2
evaluate,2
academic,2
though,2
fashionable,2
however,2
explain,2
premise,2
wide,2
conceit,2
idealistic,2
psychological,2
part,2
calls,2
icon,2
friend,2
proliferation,2
sensibility,2
xviii,2
warts,2
hidden,2
below,2
next,2
order,2
contrast,2
quite,2
claim,2
around,2
few,2
concerns,2
comfort,2
florentine,2
despite,2
society,2
nations,2
subsequently,2
periods,2
critical,2
likely,2
proxy,2
identified,2
indeed,2
play,2
artist,2
va,2
once,2
interpretation,2
makes,2
god,2
light,2
friendship,2
ed,2
demonstrates,2
frightened,2
situates,2
fellow,2
members,2
french,2
optimist,2
law,2
deathbed,2
others,2
death,2
ask,2
speaks,2
fact,2
witnesses,2
somewhere,2
john,2
audiences,2
behind,2
paris,2
remarkable,2
begin,2
number,2
ayers,2
imagine,2
bear,2
values,2
use,2
questions,2
check,2
banish,2
clear,2
moral,2
ideologue,2
eve,2
times,2
characterized,2
period,2
function,2
kept,2
imagination,2
written,2
conspicuously,2
eyes,2
effect,2
enemies,2
attracted,2
authorship,2
figures,2
saw,2
professional,2
embodied,2
implicitly,2
things,2
depressed,2
humanities,2
stearns,2
visual,2
html,2
why,2
months,2
get,2
itself,2
historian,2
version,2
ever,2
known,2
offers,2
privacy,2
interested,2
seem,2
impersonator,2
did,2
best,2
leaders,2
happiness,2
works,2
person,2
william,2
transparent,2
answered,2
form,2
studying,2
original,2
popular,2
excesses,2
altogether,2
prospect,2
press,2
giving,2
recedes,2
stevenson,2
writing,2
false,2
argument,2
notes,2
sentimentalists,2
washington,2
mode,2
define,2
writer,2
france,2
colleagues,2
approach,2
speak,2
needs,2
carr,2
coolidge,2
blacks,2
early,2
custodians,2
hymn,2
eloquently,2
immediately,2
authorless,2
daughter,2
nicholas,1
final,1
adulthood,1
difficult,1
impossibility,1
historicize,1
lust,1
done,1
situate,1
child,1
liminal,1
reno,1
symbolized,1
conflicting,1
later,1
demonizing,1
grappled,1
slaughter,1
go,1
extreme,1
extend,1
fiction,1
mysteries,1
worthy,1
associated,1
enclosing,1
stands,1
brilliantly,1
manuscript,1
ismail,1
expect,1
becoming,1
needed,1
dispelled,1
conveys,1
fate,1
elaborated,1
properly,1
designed,1
stone,1
affection,1
newark,1
remind,1
cherished,1
authority,1
asserted,1
cravings,1
postmodernist,1
sets,1
cynical,1
approaches,1
studies,1
notwithstanding,1
acceptance,1
declarations,1
explicable,1
columbia,1
fixed,1
presents,1
title,1
before,1
fragile,1
exceptions,1
accomplishments,1
interpretative,1
something,1
contested,1
relativism,1
attuned,1
chief,1
rehearsed,1
women,1
themes,1
experience,1
said,1
island,1
anything,1
sublimated,1
failing,1
errand,1
every,1
filiopietism,1
preceding,1
creation,1
localities,1
contemptuously,1
handle,1
implications,1
attempts,1
feeling,1
rush,1
viewer,1
ears,1
preoccupied,1
besmirched,1
asserts,1
beautiful,1
colleges,1
mists,1
seems,1
nature,1
grandfather,1
sean,1
memorial,1
dramatically,1
resemblance,1
preeminence,1
reach,1
shaped,1
principles,1
attractive,1
europe,1
clothed,1
twenty,1
secondary,1
belong,1
broken,1
display,1
simple,1
rich,1
confront,1
able,1
moderns,1
reveal,1
onto,1
chilling,1
artfully,1
nationalism,1
subsequent,1
imperious,1
achieved,1
folks,1
embrace,1
greatly,1
respond,1
gifts,1
opposite,1
ours,1
china,1
readiness,1
hostility,1
hostile,1
dissolved,1
racial,1
rethinking,1
citizenship,1
existence,1
sophisticated,1
forthcoming,1
modernist,1
unmediated,1
mortal,1
mulatto,1
struggled,1
task,1
capacity,1
thrown,1
correspondents,1
march,1
prescriptions,1
neutralize,1
second,1
felt,1
prior,1
marked,1
authentic,1
illustrate,1
reaching,1
vanity,1
taking,1
mental,1
except,1
uses,1
timothy,1
owners,1
realistic,1
interior,1
solo,1
representing,1
confessions,1
letter,1
furnishings,1
culpable,1
behavior,1
trashing,1
electromagnetic,1
exceptionalist,1
framework,1
repeatedly,1
complained,1
central,1
thus,1
icons,1
complied,1
lover,1
collapse,1
explained,1
distinctive,1
facts,1
immediate,1
development,1
blast,1
quality,1
points,1
due,1
objective,1
plato,1
g,1
domain,1
ability,1
brooding,1
brother,1
portray,1
polly,1
coexistence,1
threatens,1
seeming,1
assured,1
masters,1
century,1
insult,1
arena,1
kind,1
playfulness,1
thing,1
clay,1
defense,1
old,1
exhortations,1
problematize,1
amount,1
cancel,1
accurately,1
differently,1
body,1
serving,1
completing,1
holds,1
extraordinary,1
young,1
ideal,1
employers,1
enlightened,1
compare,1
helpful,1
originalists,1
magnifies,1
superb,1
consequently,1
critique,1
fool,1
oklahoma,1
deeply,1
traditions,1
generation,1
acted,1
handful,1
influence,1
master,1
finishes,1
confluence,1
mechanism,1
promised,1
perfect,1
tragically,1
mechanisms,1
profoundly,1
racism,1
floor,1
bring,1
negatively,1
crooked,1
stressful,1
remain,1
basic,1
fantasies,1
official,1
bore,1
knew,1
players,1
cult,1
signaled,1
determining,1
imperfections,1
sarah,1
stride,1
importance,1
certain,1
derived,1
hearing,1
shrift,1
contributions,1
dialogue,1
pages,1
cave,1
dismiss,1
consequences,1
space,1
bomber,1
cluelessness,1
supposed,1
moves,1
exceptional,1
involvement,1
eighteen,1
understand,1
pernicious,1
albert,1
bad,1
vastly,1
licenses,1
postmodern,1
calif,1
nearest,1
filmmakers,1
sorts,1
otherwise,1
aura,1
linked,1
reformer,1
liberal,1
portentously,1
invite,1
days,1
methodist,1
mary,1
contemporaries,1
recycling,1
argued,1
pragmatism,1
vitality,1
draughtsman,1
additional,1
desacralize,1
overrated,1
beyond,1
defeat,1
isolation,1
notions,1
distracting,1
arrayed,1
sentiment,1
always,1
instance,1
solve,1
care,1
weighed,1
photos,1
projected,1
trained,1
retirement,1
eludes,1
appear,1
imbedded,1
zoom,1
friends,1
thinks,1
union,1
limerick,1
hours,1
burrows,1
troubling,1
leaps,1
came,1
lead,1
geoffrey,1
participants,1
testimonies,1
alienation,1
bearing,1
portable,1
discount,1
histories,1
found,1
preaching,1
hands,1
called,1
traditionally,1
explanatory,1
treatments,1
rooms,1
events,1
radical,1
package,1
insisting,1
potshots,1
historicity,1
grimmelman,1
further,1
impression,1
pure,1
irony,1
founder,1
understood,1
equal,1
focused,1
sentimental,1
youthful,1
indirect,1
produced,1
persons,1
revive,1
cannot,1
militias,1
grounds,1
ravages,1
broadcasting,1
xvii,1
required,1
avatars,1
repute,1
enough,1
method,1
televised,1
contagion,1
depictions,1
possibility,1
wants,1
huge,1
randolph,1
bother,1
failure,1
directly,1
having,1
genre,1
degrees,1
line,1
revealed,1
modesty,1
artifacts,1
literature,1
responding,1
costume,1
goodman,1
writers,1
preferred,1
framed,1
heart,1
reader,1
heavily,1
restrain,1
explains,1
terrorist,1
knowledge,1
forcefully,1
lays,1
irish,1
authenticity,1
destroyer,1
fail,1
place,1
policies,1
expansive,1
issues,1
literally,1
collective,1
constitute,1
comprehensible,1
densely,1
runs,1
churning,1
colleague,1
call,1
breathtaking,1
away,1
surrounding,1
inveterate,1
participate,1
showing,1
project,1
stanford,1
holy,1
dispenses,1
contradictions,1
encounters,1
interracial,1
earth,1
seacoast,1
solution,1
legacy,1
closing,1
painting,1
hard,1
field,1
ambassador,1
insoluble,1
shaping,1
empathetic,1
stage,1
straight,1
granddaughter,1
rutgers,1
sharp,1
ward,1
event,1
inextricably,1
talents,1
underscore,1
consensus,1
june,1
feelings,1
grow,1
presence,1
research,1
shadows,1
convey,1
resonant,1
impossible,1
dedicated,1
nephews,1
condemned,1
visible,1
sifting,1
universities,1
dim,1
proper,1
ellen,1
correspondence,1
notice,1
plausible,1
neoclassical,1
appropriate,1
sad,1
exorcising,1
pot,1
episodic,1
settle,1
rest,1
disturbing,1
gordon,1
enjoy,1
promising,1
invest,1
f,1
usable,1
candid,1
inhabit,1
opposites,1
forever,1
pantheons,1
nonetheless,1
materials,1
protecting,1
bringing,1
worshiped,1
demoralizing,1
waning,1
wrote,1
happy,1
service,1
launch,1
labeled,1
sunset,1
tried,1
return,1
horrors,1
unconscious,1
acknowledged,1
brief,1
constructivism,1
drench,1
projecting,1
whatever,1
formative,1
july,1
reverently,1
judgment,1
says,1
surviving,1
standing,1
contra,1
southern,1
suppose,1
penguin,1
hold,1
reception,1
tends,1
direction,1
virginian,1
slandered,1
year,1
single,1
vicinity,1
donne,1
screen,1
justifying,1
reference,1
represents,1
happened,1
alongside,1
serve,1
extremists,1
sounds,1
borrowed,1
disclosure,1
demolition,1
under,1
shaker,1
assailed,1
inspiration,1
instinctive,1
reconciliation,1
perceived,1
jay,1
misses,1
liberties,1
portentous,1
worcester,1
indian,1
already,1
odds,1
quotations,1
speaking,1
chastened,1
rise,1
impenetrable,1
published,1
love,1
lee,1
volume,1
comprehend,1
theorist,1
name,1
successfully,1
reassuring,1
seduced,1
power,1
delusionary,1
stated,1
mediation,1
penetrating,1
toward,1
deserves,1
flattens,1
l,1
gordonreed,1
domains,1
nevada,1
unenforceable,1
many,1
missing,1
dearest,1
usefulness,1
equating,1
joyce,1
longer,1
leading,1
turner,1
striking,1
inpenetrable,1
hear,1
fallen,1
debates,1
everything,1
appropriately,1
mold,1
prosaic,1
treasured,1
dramas,1
discussed,1
serious,1
reasons,1
depraved,1
deflationary,1
conclusions,1
scripturalism,1
proverbial,1
racist,1
remade,1
evoke,1
napoleon,1
cards,1
believes,1
devoted,1
developing,1
equate,1
coercion,1
vulnerable,1
contracted,1
interview,1
informally,1
idol,1
material,1
deep,1
simplicity,1
invitation,1
woman,1
native,1
inert,1
eds,1
assault,1
style,1
monopoly,1
beverley,1
explicitly,1
free,1
gladly,1
encountered,1
chair,1
realize,1
runaway,1
stance,1
reminds,1
strings,1
credit,1
recognizing,1
contextualism,1
understanding,1
meaningful,1
situated,1
spending,1
discussion,1
fetish,1
coherent,1
survive,1
treated,1
easier,1
doomed,1
stuck,1
upon,1
sober,1
helps,1
writings,1
region,1
patricia,1
enormous,1
rehabilitation,1
procedure,1
proved,1
judge,1
warrior,1
elite,1
complexities,1
mummified,1
enduring,1
skeptical,1
expression,1
touchstone,1
angle,1
phrases,1
sacralized,1
doubt,1
assume,1
engaging,1
vocabulary,1
aside,1
denied,1
net,1
bitter,1
story,1
grip,1
engaged,1
nothing,1
continue,1
frame,1
chosen,1
full,1
previous,1
rehabilitate,1
intimacy,1
students,1
described,1
passim,1
significance,1
truths,1
directed,1
emphasizing,1
restraint,1
publication,1
language,1
reputation,1
odious,1
essay,1
counter,1
individual,1
blend,1
allowed,1
reviewers,1
federal,1
general,1
worships,1
pathetic,1
slippery,1
distinction,1
unacceptably,1
warheads,1
conversation,1
commentaries,1
expressing,1
class,1
decide,1
valued,1
especially,1
documentarians,1
mcmahon,1
realist,1
include,1
disclosed,1
qualities,1
elaborate,1
insists,1
become,1
sensible,1
claiming,1
looks,1
rhetorical,1
differ,1
irascible,1
present,1
whirling,1
invented,1
institution,1
thunder,1
quarterly,1
fanciful,1
tenuous,1
recanted,1
darker,1
vain,1
hopeless,1
concluded,1
widely,1
applies,1
justice,1
reluctant,1
gifted,1
brenda,1
dealing,1
distilling,1
dawn,1
arriving,1
posted,1
today,1
perspectives,1
note,1
george,1
provide,1
mixture,1
bold,1
patriotic,1
curiosities,1
vision,1
practitioners,1
suggestive,1
ironically,1
select,1
fewer,1
becomes,1
means,1
seen,1
returned,1
lives,1
deflected,1
remaining,1
recognize,1
expert,1
distort,1
capacious,1
appleby,1
articles,1
impossibilities,1
inspired,1
construction,1
analysis,1
kill,1
blood,1
polytechnic,1
chamber,1
dead,1
table,1
mother,1
face,1
unusual,1
subtext,1
provocatively,1
pressures,1
crowded,1
freeing,1
evaluation,1
matters,1
stephen,1
claims,1
complacent,1
dissertation,1
sections,1
presidency,1
suggestions,1
seriously,1
authorities,1
heavy,1
fifteen,1
supervisor,1
going,1
believed,1
fliegelman,1
plaint,1
comes,1
complexity,1
founded,1
tantalizes,1
simply,1
reinforced,1
bonaparte,1
theme,1
dubious,1
fiery,1
shop,1
considerate,1
membership,1
intensely,1
compensation,1
hawk,1
recreates,1
equation,1
ran,1
natural,1
evokes,1
illuminate,1
correspond,1
paper,1
narrating,1
share,1
lying,1
busily,1
connection,1
ivory,1
celebratory,1
unknown,1
collapsing,1
down,1
epitomized,1
half,1
contextualize,1
scenario,1
domestic,1
post,1
absolutism,1
foundation,1
ideological,1
particularly,1
brothers,1
job,1
clearly,1
infer,1
audience,1
separating,1
cohere,1
narcissism,1
examining,1
identities,1
wood,1
haitian,1
pictures,1
past,1
consciousness,1
living,1
neutralizing,1
oliver,1
turned,1
subordinate,1
protege,1
dismissing,1
knows,1
thickly,1
explanations,1
telling,1
grail,1
implicit,1
terms,1
laying,1
accounts,1
obsessive,1
revere,1
metaphor,1
hoped,1
statement,1
map,1
writes,1
theory,1
unnecessary,1
debate,1
leaving,1
extent,1
dream,1
divinely,1
institute,1
constitutional,1
balance,1
information,1
indifference,1
almost,1
persuaded,1
emphasis,1
incoherence,1
institutionalize,1
seductive,1
radically,1
intention,1
presented,1
owner,1
son,1
recognition,1
milieux,1
nissenbaum,1
ill,1
through,1
city,1
revolutions,1
alternatives,1
mcveigh,1
creedal,1
sounding,1
buy,1
infamous,1
intended,1
impose,1
conventional,1
souls,1
reconstruct,1
merchant,1
challenges,1
gloss,1
mention,1
allows,1
pol,1
coming,1
think,1
iconoclastic,1
remarks,1
banal,1
lucia,1
wilentz,1
come,1
wild,1
idealism,1
ultimately,1
youth,1
cacophony,1
disappear,1
tackled,1
paradigm,1
samuel,1
finally,1
iconic,1
imperative,1
crisis,1
course,1
typically,1
realism,1
need,1
attributes,1
countrymen,1
you,1
defined,1
voluntary,1
posterity,1
madison,1
remains,1
bigger,1
shift,1
definitive,1
folly,1
inclination,1
treats,1
jeffersonians,1
substitute,1
downed,1
close,1
russia,1
grandson,1
chicago,1
expressiveness,1
refurbish,1
reached,1
era,1
enterprise,1
agrees,1
array,1
nock,1
readership,1
re,1
strong,1
among,1
famous,1
meeting,1
signals,1
dictum,1
discern,1
deeper,1
constitution,1
