WORDCOUNTS,WEIGHT
the,908
of,866
and,505
in,431
a,342
to,315
that,149
as,145
regional,141
history,112
regions,95
on,90
for,89
is,84
s,83
historical,78
national,77
it,73
or,73
with,72
not,71
political,67
has,66
europe,65
new,64
an,64
but,62
its,55
which,55
have,55
this,53
identity,53
be,49
social,48
region,48
was,47
more,45
one,43
nation,43
by,40
see,39
germany,38
at,37
modern,37
work,37
modernization,37
all,36
european,36
local,35
historians,34
such,33
und,33
economic,33
american,32
other,31
review,31
than,31
their,31
from,31
are,31
german,30
been,29
what,29
der,28
france,26
nationalism,25
politics,25
october,25
nations,25
we,25
case,24
both,24
his,23
study,23
they,21
development,21
even,21
most,21
understanding,21
so,21
regionalism,21
within,20
process,20
only,20
were,20
i,20
some,19
york,19
about,19
them,19
between,19
applegate,18
research,18
ed,18
geography,18
can,18
past,18
recent,18
studies,17
place,17
collective,17
he,17
industrialization,17
itself,17
any,17
much,17
into,16
cultural,16
industrial,16
will,16
also,16
analysis,16
celia,16
identities,16
places,16
theory,16
way,15
first,15
might,15
regionality,15
change,15
these,15
eds,15
among,15
j,14
ways,14
geographical,14
our,14
long,13
may,13
view,13
im,13
people,13
society,13
forms,13
less,13
james,13
movements,13
herrigel,13
great,12
de,12
perspective,12
developed,12
pollard,12
sense,12
us,12
french,12
many,12
postwar,12
who,12
ones,12
era,12
there,11
account,11
thus,11
against,11
century,11
like,11
bloch,11
important,11
well,11
part,11
bourdieu,11
contemporary,11
brittany,11
state,11
whether,11
through,11
die,11
does,10
landesgeschichte,10
instance,10
wrote,10
model,10
where,10
number,10
especially,10
did,10
large,9
words,9
indeed,9
very,9
kind,9
how,9
after,9
histories,9
out,9
order,9
territorial,9
yet,9
culture,9
present,9
discussion,9
attention,9
she,9
life,9
tacke,9
over,9
different,9
terms,9
urban,9
des,9
level,9
became,9
role,9
point,9
if,8
weber,8
had,8
experience,8
taken,8
nevertheless,8
those,8
system,8
zur,8
diversity,8
geschichte,8
group,8
general,8
understood,8
rather,8
across,8
notion,8
consequences,8
w,8
beyond,8
effect,8
her,8
issues,8
world,8
toward,8
others,8
time,8
karl,8
hechter,8
period,8
anderson,8
practice,8
each,8
far,8
distinctive,8
just,8
economy,8
particular,8
emphasis,8
instead,8
brubaker,8
should,8
english,7
nineteenth,7
something,7
mass,7
hudson,7
framework,7
since,7
g,7
though,7
l,7
steinbach,7
found,7
here,7
because,7
provincial,7
future,7
harvie,7
regionalist,7
project,7
approach,7
regionalgeschichte,7
revolution,7
small,7
resistance,7
practices,7
still,7
communities,7
same,7
frameworks,7
useful,7
john,7
wehler,7
do,7
perhaps,7
processes,7
imagination,7
engagement,7
fully,7
category,7
often,7
set,7
seem,7
then,7
sociology,7
rokkan,7
little,7
writing,7
need,7
states,7
early,7
retallack,6
groups,6
wallerstein,6
vols,6
existence,6
say,6
human,6
central,6
modernity,6
essential,6
moreover,6
nor,6
university,6
imagined,6
n,6
gesellschaft,6
could,6
term,6
further,6
however,6
concept,6
journal,6
whole,6
below,6
discourse,6
june,6
munich,6
boundaries,6
second,6
argues,6
represents,6
again,6
renewed,6
scholars,6
groupness,6
als,6
hand,6
paris,6
explicitly,6
made,6
significant,6
three,6
essay,6
nationally,6
practitioners,6
institutions,6
means,6
construction,6
when,6
school,6
highly,6
william,6
scholarly,6
making,6
calif,6
suggests,6
up,6
categories,6
entity,6
paradigm,6
remains,6
distinctions,6
themselves,6
debate,6
now,5
struggle,5
common,5
methodologies,5
complex,5
western,5
certainly,5
seems,5
nature,5
tradition,5
take,5
written,5
somewhat,5
context,5
issue,5
marc,5
hammond,5
consciousness,5
variations,5
conceptual,5
dynamic,5
developments,5
third,5
differentiated,5
find,5
obscure,5
h,5
certain,5
accounts,5
understand,5
regionalen,5
eley,5
argued,5
origins,5
article,5
suggested,5
decades,5
das,5
equally,5
ford,5
literature,5
forces,5
least,5
essentially,5
progress,5
weisbrod,5
sidney,5
basque,5
hold,5
once,5
den,5
locality,5
efforts,5
idea,5
took,5
years,5
another,5
ethnic,5
real,5
peter,5
times,5
would,5
structure,5
seen,5
transformation,5
class,5
beramendi,5
matters,5
mcdonald,5
appadurai,5
alexander,5
civic,5
current,5
spatial,5
subject,5
simply,5
come,5
question,5
cambridge,5
deutschland,5
write,5
crisis,5
integration,5
scholarship,5
course,5
entities,4
lassig,4
likewise,4
use,4
rogers,4
asserted,4
federal,4
stefan,4
revision,4
being,4
came,4
either,4
frankfurt,4
england,4
historiography,4
together,4
wave,4
particularism,4
robert,4
british,4
nairn,4
formulation,4
uneven,4
basques,4
representations,4
pursuit,4
saxony,4
influence,4
lindner,4
industries,4
whose,4
understands,4
identification,4
links,4
represented,4
republic,4
stein,4
form,4
von,4
space,4
monuments,4
changes,4
consider,4
too,4
powerful,4
reflections,4
expressed,4
my,4
sociological,4
called,4
effort,4
deal,4
academic,4
gottingen,4
scale,4
contexts,4
county,4
et,4
status,4
own,4
working,4
field,4
finds,4
rainer,4
variety,4
return,4
provinz,4
brief,4
community,4
make,4
argument,4
innovation,4
single,4
narratives,4
two,4
hutman,4
power,4
margadant,4
nationhood,4
identitat,4
discussed,4
never,4
governance,4
regionally,4
original,4
range,4
concern,4
questions,4
actual,4
full,4
open,4
language,4
individual,4
internal,4
systems,4
tendency,4
la,4
increasing,4
today,4
vision,4
directions,4
countries,4
idioms,4
exists,4
berger,4
anthropological,4
following,4
version,4
constituted,4
ever,4
constructed,4
organization,4
sustained,4
natural,4
stadt,4
anthropology,4
cultures,4
constructions,4
particularly,4
while,4
periphery,4
territory,4
challenges,4
representation,4
think,4
devoted,4
finally,4
berr,4
define,4
peripheries,4
elkar,4
given,3
avoiding,3
rev,3
meaning,3
introduction,3
ulnd,3
becoming,3
globalization,3
myth,3
linkages,3
true,3
before,3
blaschke,3
diskussion,3
chief,3
reich,3
gerschenkronian,3
every,3
posed,3
production,3
concerned,3
separatist,3
pat,3
historiographies,3
emerged,3
definition,3
parties,3
regionale,3
possibilities,3
reach,3
clapham,3
accompanied,3
reveal,3
created,3
persistence,3
loose,3
emphasized,3
precisely,3
keith,3
agnew,3
slip,3
sonderweg,3
capacity,3
custom,3
obvious,3
suny,3
normative,3
conception,3
along,3
negotiation,3
marginalized,3
benedict,3
collection,3
includes,3
zulr,3
historically,3
accommodation,3
sozialgeschichte,3
rural,3
jahrbuch,3
haupt,3
affairs,3
turn,3
cases,3
david,3
body,3
oxford,3
emphases,3
left,3
communication,3
gerschenkron,3
traditions,3
volksgeschichte,3
talks,3
r,3
jochen,3
no,3
result,3
basic,3
unit,3
zeitgeschichte,3
similar,3
nationalist,3
symbols,3
les,3
old,3
regionen,3
gradually,3
put,3
max,3
sewell,3
provincials,3
problems,3
pierre,3
dominant,3
zang,3
based,3
path,3
emerge,3
province,3
annales,3
landeshistoriker,3
beispiel,3
reulecke,3
otherwise,3
shape,3
wide,3
outstanding,3
wiederkehr,3
sites,3
mobilization,3
claim,3
norway,3
london,3
example,3
calls,3
edn,3
staat,3
discussions,3
during,3
trends,3
picture,3
creating,3
suggest,3
involved,3
replace,3
brought,3
bernd,3
core,3
autonomist,3
enormously,3
wolfgang,3
activities,3
south,3
units,3
various,3
synthesis,3
expansion,3
limited,3
play,3
object,3
uber,3
above,3
interactions,3
experiences,3
movement,3
guide,3
makes,3
thought,3
alongside,3
neither,3
milieus,3
aggregates,3
centralizing,3
ask,3
added,3
projects,3
politische,3
fact,3
areas,3
appeared,3
murphy,3
end,3
enough,3
performances,3
ironically,3
folklore,3
existing,3
michael,3
confrontation,3
analyses,3
jahrhundert,3
remained,3
stuttgart,3
lands,3
disappear,3
enormous,3
industrialized,3
manifestations,3
emphasize,3
refers,3
causes,3
deutschen,3
previous,3
theoretical,3
vidal,3
ties,3
significance,3
breton,3
lipp,3
comprehensive,3
profession,3
workers,3
christopher,3
divisions,3
distinction,3
earlier,3
provides,3
why,3
statesman,3
britain,3
kultur,3
urwin,3
immanuel,3
italy,3
modifications,3
division,3
foreign,3
lines,3
complicate,3
stringer,3
maryon,3
force,3
indicate,3
rise,3
duncan,3
begriff,3
eventually,3
associated,3
preface,3
must,3
economically,3
theme,3
gert,3
alternative,3
colonialism,3
outcome,3
berkeley,3
illuminate,3
worth,3
thoroughgoing,3
obviously,3
going,3
kaiserreich,3
better,3
subordinate,3
growing,3
fuller,3
investigation,3
add,3
constructivist,3
imperial,3
almost,3
backwardness,3
phenomena,3
nationalizing,3
recognition,3
conventional,3
unitary,3
construed,3
understandings,3
ultimately,3
differentiation,3
ignored,3
conn,3
twentieth,3
doomed,3
although,3
modernisierung,3
speak,3
macdonald,3
archaic,3
specific,3
charlotte,3
focus,3
deutsch,3
final,2
margins,2
heimat,2
lem,2
generalization,2
peaceful,2
resulted,2
legitimate,2
starts,2
berlin,2
einleitung,2
reflection,2
essays,2
usefully,2
pressing,2
mommsen,2
incidentally,2
fixed,2
presents,2
bielefeld,2
princeton,2
heidi,2
updated,2
politik,2
said,2
anything,2
cast,2
middletown,2
gap,2
twilight,2
languedoc,2
hence,2
caroline,2
creation,2
localities,2
exclusive,2
entailed,2
worked,2
stretch,2
confirmed,2
allan,2
borders,2
regionalists,2
producing,2
temporalities,2
studied,2
disappearance,2
quintessential,2
room,2
begun,2
outset,2
achieved,2
concepts,2
arjun,2
normal,2
ambiguous,2
relations,2
rethinking,2
schilling,2
axel,2
eastern,2
anthropologists,2
westeuropa,2
primary,2
bases,2
analytically,2
discontent,2
discuss,2
investigations,2
possible,2
melton,2
characterize,2
beverly,2
reaction,2
move,2
magazine,2
west,2
whatever,2
quantity,2
reality,2
behavior,2
langewiesche,2
interestingly,2
dieter,2
exist,2
accommodate,2
collapse,2
expect,2
wirtschaft,2
quality,2
productive,2
sustain,2
realized,2
september,2
interest,2
center,2
regarded,2
friedman,2
gall,2
jr,2
insofar,2
arena,2
priority,2
unity,2
tends,2
brustein,2
professionalization,2
subjects,2
served,2
compared,2
marianne,2
quietly,2
explore,2
drawn,2
stimulating,2
constructs,2
critique,2
border,2
methodenstreit,2
gerdes,2
nuanced,2
function,2
regionalization,2
matriarchy,2
gesellschaftsgeschichte,2
posited,2
surprisingly,2
wishes,2
without,2
act,2
expanding,2
respectful,2
originaux,2
influential,2
levels,2
johnston,2
capture,2
mean,2
kiesewetter,2
associate,2
supplement,2
importance,2
arbor,2
reason,2
ralf,2
provinces,2
discernible,2
underdeveloped,2
ploch,2
established,2
familiar,2
slowly,2
emergence,2
considerations,2
clearly,2
section,2
show,2
believes,2
consequence,2
stark,2
primordial,2
destructive,2
syntheses,2
m,2
contrary,2
methodology,2
fluid,2
greater,2
character,2
mcneill,2
closely,2
extent,2
allow,2
societies,2
appearance,2
difficulty,2
rohe,2
energetic,2
changed,2
relation,2
relational,2
events,2
configuration,2
possibility,2
markets,2
big,2
late,2
ann,2
focused,2
regionalisme,2
war,2
mainly,2
europa,2
moore,2
cannot,2
meet,2
excellent,2
lamprecht,2
intertwined,2
opposition,2
scene,2
participation,2
murderous,2
simone,2
belonging,2
received,2
weaver,2
responding,2
significantly,2
stake,2
sharon,2
knowledge,2
confined,2
revealed,2
positions,2
description,2
criticized,2
restructuring,2
loss,2
call,2
constitute,2
relevance,2
actually,2
neue,2
away,2
oestreich,2
dinner,2
stanford,2
rougemont,2
contradictions,2
manipulation,2
good,2
diminish,2
tom,2
subjective,2
politically,2
barrington,2
le,2
contrast,2
interacting,2
heinz,2
emphasizes,2
phrase,2
midst,2
sake,2
mitchell,2
characteristics,2
weberian,2
presence,2
decline,2
distinguished,2
interpretations,2
latest,2
methodological,2
dedicated,2
always,2
dependent,2
newhouse,2
roots,2
hermann,2
cannadine,2
provided,2
promising,2
barbara,2
postmodernity,2
critical,2
therefore,2
bretons,2
reduced,2
exploring,2
matter,2
rivalries,2
action,2
religion,2
gradual,2
overall,2
comparative,2
resisted,2
classic,2
constructivism,2
hubert,2
regionalismus,2
railway,2
dirk,2
badone,2
frank,2
interpretation,2
fringe,2
happened,2
hegemonic,2
seeing,2
under,2
axiomatic,2
kelley,2
eminently,2
infrastructure,2
light,2
lord,2
shifting,2
al,2
kellas,2
gary,2
denis,2
mich,2
definitions,2
enclaves,2
party,2
starting,2
inflected,2
stated,2
fell,2
neglect,2
mark,2
pointed,2
deutsche,2
analytical,2
lund,2
gildea,2
wilhelminischen,2
deviance,2
consideration,2
treatment,2
abstract,2
reform,2
larger,2
warning,2
winnie,2
bavaria,2
patterns,2
fits,2
centre,2
geoff,2
discard,2
heinrich,2
counterpart,2
brakensiek,2
heiberg,2
fundamentally,2
vast,2
explanation,2
transformed,2
modernisierungstheorie,2
distinctly,2
host,2
controlling,2
entirely,2
liberalismius,2
expression,2
assumption,2
ideas,2
nothing,2
continue,2
sees,2
described,2
exceedingly,2
moral,2
beatrice,2
peripheral,2
publication,2
points,2
isles,2
allowed,2
characterized,2
revised,2
him,2
administrative,2
kept,2
ted,2
anthropologist,2
intrinsic,2
martin,2
special,2
imaginative,2
become,2
parochial,2
geographers,2
topics,2
regionalkultur,2
eugen,2
fur,2
lothar,2
probably,2
broszat,2
looks,2
story,2
looked,2
northern,2
slide,2
amateur,2
cologne,2
quarterly,2
concluded,2
pohl,2
conflict,2
things,2
nationalen,2
unstable,2
relationship,2
konstanz,2
derek,2
backward,2
perry,2
perspectives,2
continued,2
tomorrow,2
provide,2
sometimes,2
crucial,2
usually,2
urges,2
becomes,2
sensitive,2
translation,2
bears,2
began,2
worse,2
contribution,2
similarities,2
wilhelm,2
galician,2
fall,2
perceptions,2
united,2
hope,2
nationalization,2
surprising,2
centuries,2
face,2
investigate,2
tololyan,2
earliest,2
considered,2
claims,2
neglected,2
stable,2
discarding,2
series,2
demonstrate,2
celtic,2
reinforced,2
mythologies,2
known,2
dubious,2
exposition,2
ignore,2
sure,2
global,2
connection,2
key,2
gone,2
patriotism,2
regard,2
linked,2
contextual,2
cognitive,2
associations,2
cities,2
works,2
usual,2
incorporate,2
persuasively,2
combined,2
worthwhile,2
articulated,2
mohr,2
metaphor,2
proven,2
map,2
writes,2
unrest,2
refranied,2
problem,2
pursued,2
diversities,2
substantial,2
conference,2
capable,2
circumstances,2
careful,2
age,2
volk,2
uniform,2
altogether,2
belgium,2
impose,2
disciplines,2
assumptions,2
confronted,2
impulses,2
fiur,2
using,2
allows,2
aspect,2
remarks,2
models,2
average,2
commonality,2
undramatically,2
wish,2
value,2
corrective,2
include,2
land,2
realism,2
d,2
socially,2
product,2
obscurity,2
scalar,2
already,2
defined,2
seeks,2
puhle,2
shift,2
moved,2
privileging,2
modeling,2
thing,2
actions,2
hills,2
views,2
reconsideration,2
close,2
major,2
deeper,2
kurt,1
rostow,1
pudup,1
democracy,1
founding,1
decentralized,1
fernand,1
helped,1
currently,1
letzten,1
o,1
done,1
cuiltural,1
doubts,1
painstakingly,1
oriented,1
difficult,1
imagining,1
stuart,1
forschungen,1
multiple,1
later,1
effected,1
know,1
scholar,1
forschung,1
rightly,1
shelves,1
commitment,1
encouraged,1
go,1
represent,1
fanfare,1
tory,1
engendered,1
quandt,1
dispositiv,1
stagnating,1
revolutionary,1
trans,1
determine,1
resisting,1
red,1
willi,1
reigning,1
alone,1
extends,1
ethnographic,1
fragmented,1
diffusions,1
fates,1
rhenish,1
distributed,1
crossing,1
per,1
reflective,1
mystically,1
hommage,1
regionalbewegulngen,1
arno,1
scottish,1
bei,1
told,1
elementary,1
enduring,1
partially,1
summarizing,1
remarkable,1
systematically,1
investigators,1
kinds,1
euiroplischer,1
effective,1
mobility,1
illustrative,1
identify,1
ecologisme,1
designed,1
uncomfortable,1
artistic,1
ralisme,1
insurgency,1
referring,1
formed,1
nain,1
live,1
schools,1
repel,1
library,1
langutage,1
motivation,1
continent,1
solidarity,1
tillemont,1
remnants,1
sinister,1
approaches,1
unanswered,1
buse,1
sprints,1
jonathan,1
easily,1
commonplace,1
rediscovered,1
eur,1
favor,1
conscious,1
xxxi,1
hulking,1
whereas,1
nord,1
horst,1
socialscience,1
weaker,1
decade,1
socialize,1
centerperiphery,1
devices,1
position,1
resurgence,1
recreation,1
jourznal,1
ontology,1
occurred,1
inequality,1
profitably,1
holding,1
torsvik,1
stretches,1
tells,1
legion,1
scheffler,1
guise,1
jostling,1
contested,1
culturelles,1
track,1
acquainted,1
monograph,1
source,1
explicable,1
offering,1
du,1
properties,1
aspirant,1
usnd,1
women,1
lieu,1
build,1
providence,1
establish,1
europeanist,1
diffusion,1
accumulation,1
galicians,1
burrow,1
sorbs,1
undermine,1
sources,1
electoral,1
modest,1
transnationalism,1
revisited,1
loosened,1
inexorable,1
uiber,1
guises,1
originally,1
exile,1
implications,1
give,1
adopt,1
sampling,1
culturally,1
concentrated,1
attempts,1
investments,1
rapid,1
eursopas,1
rare,1
multivolume,1
ourselves,1
advanced,1
results,1
prestigious,1
sustainable,1
grandfather,1
dramatically,1
loom,1
regrettable,1
shaped,1
summation,1
compiler,1
exercise,1
capitalist,1
recipes,1
interwoven,1
uind,1
secondary,1
reasserted,1
belong,1
broadly,1
broken,1
verunsicherung,1
matthias,1
assertion,1
warm,1
desire,1
bouquets,1
harder,1
astonishingly,1
confusion,1
thank,1
differences,1
babington,1
provinzialisierung,1
germanness,1
accumulated,1
induistrialisierung,1
origin,1
rich,1
senses,1
confront,1
ertr,1
aesthetic,1
inherent,1
labors,1
atlantic,1
industriegesellschaft,1
nationzalism,1
localist,1
court,1
frognier,1
lapps,1
herausforderung,1
functional,1
decentralization,1
russia,1
harvey,1
briesen,1
help,1
feature,1
endings,1
woolf,1
tangible,1
unfolding,1
habitus,1
date,1
reinforcing,1
respond,1
metropole,1
bismarck,1
autonomism,1
alike,1
wage,1
reading,1
dudley,1
confused,1
intersection,1
rolf,1
devaluation,1
pretense,1
kotzschke,1
traits,1
concealed,1
side,1
acknowledged,1
instituts,1
theorizing,1
takes,1
occasional,1
forum,1
generosity,1
habitual,1
depending,1
musty,1
accomplishing,1
followed,1
forthcoming,1
separatists,1
badly,1
inadequate,1
jenkins,1
jahrhuindert,1
albeit,1
teleological,1
croissance,1
motion,1
histoire,1
matthew,1
active,1
sought,1
geschichtswissenschaft,1
firm,1
indiustrialisierulng,1
hachig,1
draw,1
rests,1
right,1
victims,1
tug,1
disseminated,1
economics,1
retain,1
copenhagen,1
vol,1
unexplained,1
metaphorical,1
definitional,1
felt,1
anthiropology,1
compelling,1
slated,1
authentic,1
activity,1
subaltern,1
condition,1
tortuous,1
slight,1
establishing,1
theology,1
election,1
erased,1
fachhistorie,1
functions,1
bundeslandern,1
uberlegungen,1
kulturgeschichte,1
europaischen,1
richard,1
holiness,1
wahlkultur,1
rid,1
fine,1
mastery,1
occurring,1
taking,1
likely,1
refurbish,1
regards,1
x,1
uses,1
resources,1
cited,1
interdependent,1
consolidating,1
apply,1
undoubtedly,1
spain,1
himself,1
recapture,1
economies,1
unhappy,1
engage,1
heinat,1
internationally,1
liberated,1
muscle,1
telling,1
prejudice,1
jakob,1
attract,1
pursuing,1
complicating,1
localized,1
exhausts,1
quevit,1
labor,1
technologically,1
justo,1
organised,1
grigor,1
multidimensional,1
constitutive,1
fraiinais,1
hammonds,1
ronald,1
gras,1
widened,1
que,1
warde,1
relationships,1
disorder,1
proceeded,1
explained,1
deconstructed,1
immediate,1
roger,1
objective,1
reject,1
pursue,1
run,1
calculated,1
redrew,1
initial,1
accumulate,1
analyzing,1
revisions,1
recasting,1
regionalund,1
sentimentalism,1
sozialund,1
author,1
compostela,1
seismic,1
intact,1
patchy,1
eurzopean,1
walloons,1
juxtaposition,1
moment,1
unspecified,1
te,1
attested,1
politicized,1
collapsed,1
untersuchungen,1
walter,1
excuses,1
histoty,1
nurtured,1
realization,1
spate,1
rooted,1
jge,1
fried,1
learning,1
slovenes,1
nazis,1
weaknesses,1
transitional,1
heterogenous,1
adjustment,1
lending,1
defense,1
distinct,1
establishments,1
urbanization,1
direction,1
rejecting,1
evident,1
interactivity,1
inclinations,1
vom,1
planungsmittel,1
back,1
marriage,1
encompass,1
ithaca,1
response,1
kjell,1
digested,1
extraordinary,1
flemish,1
livet,1
moving,1
wholly,1
elemente,1
adumbrated,1
amalgam,1
tipton,1
site,1
libraries,1
encoulntering,1
madeiran,1
perfunctory,1
weight,1
overarching,1
y,1
uniformity,1
innovators,1
eutrope,1
gambit,1
praktischen,1
pasts,1
look,1
ecologies,1
practically,1
gaze,1
patrons,1
secular,1
deeply,1
conceive,1
helping,1
simplistic,1
occasion,1
destabilize,1
insurgent,1
enrich,1
acknowledge,1
competitive,1
master,1
essen,1
guido,1
incidental,1
conceptually,1
distribution,1
phases,1
van,1
lesser,1
freedoms,1
hanidbulch,1
behave,1
absolutist,1
regionalismen,1
problematically,1
interesting,1
simultaneously,1
reconstructed,1
peripherization,1
hardtwig,1
town,1
hamburg,1
hopes,1
allegiances,1
heroes,1
operations,1
synthesizing,1
individuals,1
precariousness,1
bring,1
growth,1
summaries,1
grid,1
doctorate,1
centered,1
highlands,1
spatially,1
mesmerized,1
remain,1
givens,1
breadth,1
organizing,1
en,1
thrift,1
provocation,1
antagonistic,1
appreciation,1
burckhardt,1
dangers,1
observer,1
minorities,1
vestige,1
flory,1
myself,1
treat,1
liberalismus,1
riudiger,1
bartlewski,1
neatly,1
demonstration,1
players,1
environments,1
analyzes,1
goes,1
survives,1
archiv,1
jarausch,1
granted,1
risk,1
heard,1
persistent,1
appears,1
connected,1
sarah,1
institutionalization,1
michel,1
leave,1
stiidien,1
maladjustments,1
recently,1
coverage,1
ix,1
disintegration,1
sociologists,1
references,1
nos,1
black,1
nutzen,1
read,1
phdnomen,1
federalist,1
heute,1
dismiss,1
politicalwhich,1
absorbed,1
doubly,1
departement,1
characterizes,1
suffice,1
raymond,1
vera,1
clerisy,1
brunswick,1
jiirgen,1
finer,1
reconceptualization,1
serbs,1
theorists,1
totalitarianism,1
magyars,1
franfaise,1
postmodern,1
cause,1
ope,1
bremen,1
improvement,1
differenzierilng,1
producers,1
mouvement,1
antidote,1
descent,1
intensive,1
organized,1
peasants,1
imposed,1
peasant,1
presumably,1
semantics,1
liberal,1
director,1
down,1
quoted,1
edition,1
mechanisms,1
rejoices,1
franzosische,1
ideologies,1
impact,1
objectivity,1
invariably,1
mary,1
beecher,1
sachsen,1
arlett,1
weak,1
shore,1
fore,1
frequently,1
unproblematic,1
prevent,1
xi,1
textbook,1
einzelne,1
four,1
rehearse,1
retrospective,1
commonly,1
oppressive,1
fashioned,1
hesse,1
stewart,1
ugly,1
prussian,1
eidson,1
surface,1
inputs,1
shorthand,1
notions,1
undertaken,1
willfully,1
islanders,1
essentialism,1
nazi,1
asks,1
victorian,1
affinity,1
shifted,1
crucially,1
respected,1
escapes,1
provisional,1
opinion,1
coincide,1
providing,1
statistics,1
physicality,1
appear,1
myths,1
upsurge,1
paragraph,1
unnecessary,1
disappeared,1
oppositional,1
conquest,1
union,1
poetically,1
arrived,1
localism,1
projections,1
legislative,1
narration,1
incomplete,1
sallnow,1
gelsenkirchen,1
whom,1
kennedy,1
arrival,1
chickering,1
tiubingen,1
discount,1
six,1
rule,1
typical,1
p,1
flanders,1
painstaking,1
ambiguity,1
centers,1
conspicuous,1
cleavages,1
scotland,1
rebuttal,1
rudolf,1
legatees,1
forsythe,1
radical,1
symptom,1
lokalen,1
zone,1
parisian,1
eu,1
noting,1
insisting,1
elaborated,1
sedate,1
nunez,1
reactionary,1
lebe,1
attenuated,1
struggles,1
einfiihrung,1
historicity,1
density,1
handbook,1
economiques,1
eased,1
urgent,1
oder,1
shall,1
wales,1
imbalances,1
westfiaische,1
healthy,1
oberburgermeister,1
zwischen,1
stock,1
michigan,1
eventuality,1
mediated,1
unsympathetic,1
umbruch,1
alings,1
anfange,1
viewed,1
produced,1
reinforce,1
promise,1
biases,1
failure,1
wrong,1
productively,1
mediulm,1
verhaltnis,1
placed,1
prescriptions,1
tension,1
outlined,1
counties,1
explain,1
regiqnal,1
revived,1
triumph,1
january,1
depictions,1
governing,1
unchallenged,1
marie,1
maturing,1
bourgeoisies,1
briefly,1
technical,1
aspects,1
highlanders,1
feminine,1
directly,1
priamus,1
network,1
distinctiveness,1
francia,1
genre,1
stances,1
mule,1
remark,1
urgency,1
data,1
sozialen,1
utopias,1
gibbon,1
finistere,1
fltigel,1
intense,1
scope,1
bullets,1
strengths,1
sanction,1
reinhard,1
forschungsprojekt,1
deconstructing,1
writers,1
franchise,1
odds,1
reader,1
iind,1
adamson,1
distinctively,1
heavily,1
characterization,1
degrees,1
katharine,1
purpose,1
stir,1
training,1
failed,1
performative,1
claus,1
zwei,1
clearer,1
related,1
actors,1
comment,1
macaulay,1
stenbock,1
thoughts,1
caught,1
reminded,1
konrad,1
labourer,1
annabel,1
dynasties,1
realm,1
gave,1
ruhrgebiet,1
describe,1
older,1
horn,1
bayern,1
policies,1
demonstrates,1
contains,1
beginnings,1
niedersachsisches,1
construct,1
schoolchildren,1
briefer,1
stimulate,1
juirgen,1
restlessness,1
qu,1
aubin,1
gemeinsamkeit,1
motors,1
rituals,1
denationalization,1
esterbauer,1
personal,1
focuses,1
eutropean,1
douglas,1
surrounding,1
complemented,1
corollary,1
delimits,1
stuidien,1
intersections,1
systematic,1
exclusionary,1
liberale,1
qutestion,1
moderniity,1
artifact,1
regionalkilltti,1
wurzburg,1
muller,1
ethnicity,1
wirsching,1
dresden,1
relative,1
graduate,1
else,1
shortcomings,1
undervalued,1
implicitly,1
fremdling,1
multiplicity,1
professionally,1
siecle,1
temporality,1
bond,1
tolerant,1
eine,1
correct,1
successful,1
multifaceted,1
hard,1
kulltureller,1
voiced,1
embodied,1
socialist,1
palatinate,1
outright,1
indicators,1
preis,1
terrence,1
annaherung,1
unexamined,1
mediterranean,1
quite,1
perspektiven,1
formen,1
arbitrary,1
emerging,1
event,1
amidst,1
around,1
outbreak,1
sole,1
nationalismus,1
contingency,1
several,1
antipode,1
delutschland,1
spanish,1
sufficient,1
consensus,1
feeling,1
fraught,1
few,1
wider,1
revisers,1
realists,1
folk,1
catalonia,1
iunrihige,1
lottes,1
dramatic,1
niches,1
bavarian,1
villages,1
junctures,1
mixing,1
yielded,1
crude,1
lordship,1
regionalismuis,1
generally,1
sullied,1
aside,1
cosmology,1
liu,1
odor,1
ellen,1
westeuiropische,1
civilisation,1
despite,1
diminished,1
abstracted,1
performing,1
socialism,1
paul,1
heyday,1
passive,1
aufstand,1
iggers,1
haunting,1
rest,1
seemed,1
avoid,1
wirtschaftsgeschichte,1
subsequently,1
enge,1
battle,1
converge,1
republican,1
entnationalisierung,1
tasks,1
nationalsozialismus,1
womanhood,1
monutment,1
furnished,1
sovereign,1
investigating,1
georg,1
conceptualizations,1
forever,1
dynasticism,1
holds,1
strategists,1
bringing,1
gather,1
identified,1
seamlessly,1
logically,1
tedious,1
flugel,1
separation,1
regionial,1
divergence,1
criticize,1
tiroleans,1
drama,1
triumphalism,1
enables,1
methodische,1
dragons,1
reinvented,1
ideologisieru,1
modes,1
tide,1
forward,1
relentlessly,1
kulturelle,1
mediating,1
exception,1
brings,1
reorganization,1
prevailing,1
april,1
prove,1
attempt,1
july,1
says,1
gino,1
manifest,1
incorrigible,1
unprecedented,1
backdrop,1
similarly,1
handbuch,1
southern,1
volkische,1
unfamiliar,1
raum,1
ziegler,1
celebrated,1
structural,1
measure,1
gilbert,1
vergangenheit,1
coherence,1
competition,1
siegfried,1
annoying,1
sort,1
unimagined,1
manipulated,1
reference,1
contribute,1
arrangements,1
wake,1
treaty,1
emphatically,1
nigel,1
unquestioning,1
succinctness,1
caract,1
ile,1
paradox,1
veiled,1
professionalized,1
unidirectional,1
array,1
east,1
continuity,1
theoty,1
challenged,1
loosening,1
demographic,1
ancient,1
lineages,1
quarrel,1
europas,1
symptomatic,1
home,1
extinction,1
gendering,1
transformations,1
intersects,1
professor,1
choices,1
lacked,1
lihistoire,1
um,1
clultutral,1
subdivisions,1
grundsatzfrage,1
savants,1
largest,1
confirms,1
insights,1
provocative,1
sheehan,1
forge,1
toronto,1
bild,1
regionalismuts,1
strata,1
ambiguities,1
fairly,1
kuznets,1
published,1
lucien,1
chose,1
volume,1
discipline,1
constituency,1
inhabitants,1
reconfigure,1
begin,1
successfully,1
amateurs,1
ind,1
book,1
oslo,1
challenge,1
stronger,1
fink,1
fragmentation,1
preserve,1
dictatorship,1
rejects,1
overwhelming,1
gathers,1
proivinz,1
towns,1
instabilities,1
reappearance,1
burgundy,1
herbert,1
usefulness,1
interdisciplinary,1
averages,1
longer,1
lack,1
detlef,1
limit,1
endless,1
insinuated,1
reunification,1
fundamental,1
bourgeoisie,1
head,1
blocks,1
occitans,1
genuine,1
hyphenated,1
umdeutung,1
herder,1
instability,1
jours,1
documents,1
ought,1
witnesses,1
fabulated,1
teachers,1
dysfunctional,1
entgrenzung,1
enable,1
germans,1
colorations,1
really,1
ballon,1
banks,1
incorporation,1
kreis,1
emphatic,1
contingencies,1
debates,1
tired,1
overwhelmingly,1
concocting,1
accession,1
variation,1
formulating,1
fashion,1
pattern,1
habit,1
cry,1
prerevolutionary,1
superstructure,1
serious,1
anne,1
puts,1
disenchantment,1
westen,1
racist,1
provincialism,1
monographs,1
learn,1
fuir,1
everyday,1
shakes,1
westeuropdische,1
employed,1
covered,1
manner,1
weighted,1
deceptive,1
lehmann,1
continuing,1
badenwiirttembergers,1
reassertion,1
purposes,1
occupied,1
theoretischen,1
conceiving,1
herring,1
collectivities,1
relevant,1
tessie,1
theoretische,1
until,1
strategies,1
explicit,1
necessary,1
material,1
conviction,1
disparity,1
norms,1
minneapolis,1
hartmut,1
invitation,1
unterentwicklung,1
einer,1
narrative,1
belief,1
jahrhutndert,1
frequency,1
controversy,1
unmade,1
style,1
gives,1
coined,1
shifts,1
stunning,1
recontextualized,1
free,1
remarkably,1
outlines,1
identifiable,1
historiographical,1
convenient,1
anticipate,1
polities,1
degree,1
jubilation,1
connections,1
hoock,1
classical,1
answers,1
reordering,1
phenomenological,1
simon,1
demonstrated,1
credit,1
empirically,1
weite,1
classes,1
apt,1
victors,1
strengthened,1
landesgeschichtsschreibung,1
meaningful,1
diverse,1
investigated,1
campaigns,1
link,1
examples,1
treated,1
apogee,1
bergeron,1
assembly,1
deultschen,1
speculates,1
concluding,1
braudel,1
writings,1
trajectory,1
formal,1
commutnities,1
territories,1
reframed,1
passes,1
denkmal,1
depended,1
satisfyingly,1
personality,1
ort,1
louis,1
findings,1
prussia,1
varying,1
reified,1
encourage,1
fed,1
illusion,1
indefatigable,1
unfortunately,1
iniditstrialisieriung,1
robinson,1
pessimists,1
maiz,1
exhibited,1
reflexionen,1
maintains,1
contrive,1
strukunprobleme,1
aids,1
examination,1
raising,1
immeasurably,1
pictures,1
normalisierung,1
stultifying,1
complicated,1
theories,1
kearney,1
compartmentalizations,1
vii,1
arguably,1
neuzeitlichen,1
versions,1
distortion,1
landscapes,1
crises,1
clear,1
loosely,1
historic,1
heidelberg,1
ng,1
directed,1
emphasizing,1
b,1
unachievable,1
talk,1
fallacy,1
uberlokale,1
express,1
dominated,1
ireland,1
amounts,1
august,1
try,1
blend,1
vollksgeschichte,1
georges,1
tone,1
spread,1
electorate,1
brussels,1
dubrulle,1
jolrnal,1
jeden,1
continulity,1
features,1
depiction,1
played,1
niedersachsiches,1
collaborator,1
serves,1
ended,1
paths,1
homogenized,1
longings,1
accurate,1
losing,1
sozialgeschichtlichen,1
standard,1
thomas,1
contributions,1
legitimating,1
latter,1
sidestepped,1
frankreich,1
heideggerian,1
finite,1
faith,1
educational,1
niedersachsen,1
sentiment,1
somehow,1
nationality,1
reengage,1
outcomes,1
westfalen,1
k,1
parallel,1
textbooks,1
methods,1
moorings,1
assures,1
composite,1
epistemology,1
brunner,1
ailfstand,1
weakest,1
unrealizable,1
erforschung,1
trades,1
enthusiasts,1
percent,1
capitalism,1
rhetorical,1
advertisement,1
slightly,1
refrained,1
funktion,1
xviiie,1
incontrovertible,1
invented,1
saw,1
haven,1
professional,1
chain,1
ago,1
sprawl,1
andreas,1
delimited,1
vain,1
freitag,1
reluctant,1
busy,1
punditry,1
particularist,1
inquiiy,1
unexpected,1
factors,1
carried,1
profitable,1
aaerebrot,1
indoctrination,1
christian,1
groupings,1
constrnctions,1
informs,1
wehling,1
dual,1
mitigate,1
note,1
abstractly,1
compensating,1
independent,1
redefine,1
mixture,1
science,1
himmelmann,1
assert,1
figure,1
rolle,1
five,1
gigantic,1
guests,1
obscures,1
naturally,1
developing,1
impressive,1
claimed,1
foster,1
eluropean,1
unwarranted,1
gans,1
santiago,1
vague,1
resistant,1
wandel,1
inside,1
enquizy,1
individualities,1
buirgertum,1
line,1
defricheurs,1
referred,1
dimensions,1
lost,1
acton,1
muddle,1
un,1
insist,1
collections,1
indiscriminate,1
outline,1
coercion,1
voluntary,1
accommodating,1
kuiltiur,1
beschrankung,1
germaniy,1
markers,1
recognize,1
paradoxical,1
gegenwart,1
capacious,1
volumes,1
ansatze,1
forschting,1
es,1
secessionism,1
rehearsing,1
mirror,1
conqutest,1
dans,1
norton,1
unruhige,1
powerhouses,1
euiropeani,1
dead,1
directives,1
vitalizing,1
nationi,1
education,1
supporting,1
resurgent,1
citizens,1
get,1
winchester,1
unimpressed,1
articles,1
rurale,1
commenting,1
problematic,1
interpretive,1
gathered,1
premier,1
susan,1
unacceptable,1
contact,1
meant,1
slowness,1
thinly,1
res,1
lander,1
detail,1
quantitatively,1
family,1
dissertation,1
rytlewski,1
orientierung,1
conqulest,1
victoria,1
heavy,1
rarely,1
siegerland,1
neuzeit,1
unaufhaltsame,1
ausbreitung,1
redemptive,1
aptness,1
dispersed,1
landlicher,1
ralim,1
refute,1
jahrhllnderte,1
complexity,1
changing,1
twentiethcentury,1
westfalischen,1
incorporated,1
nationale,1
handlungslandschaft,1
slowing,1
firanqaise,1
specificity,1
blanche,1
complexes,1
suspect,1
strulctutres,1
regulated,1
extensive,1
modernen,1
geographic,1
committees,1
continues,1
extension,1
symbolic,1
scrutiny,1
satisfactory,1
friedeburg,1
besides,1
vergleich,1
sciences,1
appealing,1
daunting,1
drew,1
statistical,1
seers,1
cover,1
pauses,1
resonance,1
irelandwere,1
mutually,1
lind,1
principle,1
control,1
thicket,1
tendencies,1
books,1
country,1
readily,1
historicism,1
cleavage,1
scots,1
representational,1
specialized,1
zamagni,1
novel,1
attribute,1
gunter,1
eventful,1
innovations,1
antiquarians,1
believe,1
industry,1
capital,1
ahr,1
straightforward,1
imaginings,1
westphalian,1
denoted,1
drown,1
variegated,1
republicanism,1
loyalty,1
report,1
allied,1
empirische,1
inquiry,1
exceptional,1
foundation,1
conformity,1
altered,1
buried,1
ilber,1
bellicose,1
indistinguishably,1
nouvelles,1
sustaining,1
privileged,1
charge,1
historiographiy,1
constant,1
fail,1
reflected,1
jennifer,1
useless,1
differed,1
disaffinity,1
invite,1
ramon,1
accepts,1
thompson,1
disputes,1
damned,1
emerges,1
clunky,1
carole,1
merely,1
khachig,1
beth,1
kontinuitat,1
gardeners,1
phd,1
ruhr,1
cosmopolitanism,1
specter,1
accomplishments,1
catalans,1
complications,1
unlikely,1
avoidance,1
automatic,1
catastrophic,1
lessons,1
hidden,1
notable,1
conservatism,1
redefinition,1
depicts,1
darmstadt,1
regionalistischer,1
interwar,1
rurzale,1
reconstituted,1
carateres,1
rising,1
ulin,1
reification,1
comes,1
slay,1
thirty,1
forcefully,1
contrasting,1
signature,1
mere,1
firmly,1
leaving,1
adaptation,1
ethnography,1
lightening,1
appropriated,1
minded,1
reinvigorated,1
vercingetorix,1
foundations,1
frese,1
dissecting,1
lunion,1
brilliant,1
relativity,1
constitutional,1
rewrite,1
barely,1
pitted,1
orientations,1
influenced,1
indifference,1
observations,1
indutstriegesellschaft,1
siecles,1
zutr,1
suspicion,1
ambitious,1
anchorage,1
art,1
cris,1
nationaler,1
conveniently,1
knot,1
boston,1
beitrage,1
bewegungen,1
hessisches,1
recognizing,1
pits,1
disparate,1
prerequisite,1
reproducible,1
introduced,1
technologies,1
elucidate,1
alternatives,1
lanidwirtschaft,1
easy,1
zeitgeist,1
statistician,1
bourgeois,1
ring,1
tried,1
respectable,1
dejrfriihen,1
step,1
histoiy,1
everywhere,1
went,1
entstehung,1
happens,1
kulturgeschichtliche,1
vertically,1
heiligkeit,1
strewn,1
rochester,1
embedded,1
regionalbeweguigen,1
surroundings,1
autarkic,1
pudding,1
arguments,1
divided,1
mention,1
diocese,1
isolated,1
aims,1
firms,1
waves,1
ein,1
varied,1
refutation,1
aspires,1
analogy,1
construlctions,1
nationalismen,1
wholes,1
symbole,1
deft,1
literatur,1
buirgerlichen,1
dint,1
peculiar,1
nationalstaat,1
adopting,1
tell,1
spring,1
peacefill,1
carefully,1
distinguish,1
locations,1
unable,1
lists,1
difference,1
frontiers,1
generate,1
intensified,1
charts,1
easier,1
conditions,1
institutional,1
opens,1
zum,1
grant,1
aware,1
trap,1
knopp,1
unending,1
structuring,1
tot,1
edmonds,1
integrated,1
modernize,1
physical,1
guiding,1
internationalen,1
smaller,1
disruption,1
immediacy,1
effects,1
arenas,1
insinuates,1
colleagues,1
off,1
inequalities,1
limitations,1
assumed,1
area,1
backwaters,1
objections,1
bigger,1
underprivileged,1
regionaler,1
practiced,1
sachverhalte,1
uneventful,1
portrait,1
respective,1
vi,1
methode,1
supported,1
heiniat,1
imaginations,1
centralized,1
potential,1
plea,1
croats,1
certainty,1
colorful,1
encouraging,1
kocka,1
cypriots,1
buzzwords,1
elites,1
rejection,1
geglaubte,1
vary,1
progressive,1
reached,1
preconceptions,1
consisted,1
euirope,1
sharing,1
dogged,1
december,1
illy,1
oberkrome,1
exclusively,1
import,1
element,1
develop,1
divergent,1
abandoned,1
traditional,1
music,1
complementarity,1
immediately,1
obtuse,1
strong,1
seek,1
cosmopolitan,1
ribhegge,1
flexing,1
assume,1
jurgen,1
building,1
yes,1
asked,1
turzn,1
enclave,1
signals,1
retains,1
hans,1
annuial,1
otto,1
nourishes,1
quiestion,1
occur,1
perception,1
retention,1
alltagsgeschichte,1
perpetual,1
werner,1
