WORDCOUNTS,WEIGHT
the,132
of,106
and,72
a,61
in,52
to,50
state,33
s,29
that,28
scott,26
american,25
is,25
as,23
his,19
planning,19
it,18
for,17
was,15
like,14
he,13
seeing,13
on,13
more,13
have,13
an,13
new,11
from,10
these,10
at,9
tva,9
schemes,9
or,9
their,8
but,8
agricultural,8
modernist,8
so,8
high,8
history,7
cities,7
not,6
with,6
into,6
control,6
had,6
are,6
historical,6
late,6
public,6
local,6
century,6
l,5
keller,5
life,5
social,5
book,5
projects,5
aesthetic,5
do,5
system,5
urban,5
city,5
its,5
plans,5
be,5
much,5
world,5
society,5
york,4
been,4
space,4
authority,4
exceptionalism,4
forests,4
morton,4
law,4
all,4
other,4
out,4
february,4
what,4
has,4
while,4
some,4
politics,4
centralized,4
were,4
review,4
than,4
large,4
land,4
nor,4
c,4
can,4
major,4
failed,3
does,3
states,3
grid,3
how,3
they,3
one,3
study,3
united,3
modern,3
this,3
organization,3
then,3
any,3
no,3
by,3
lot,3
years,3
only,3
soviet,3
great,3
which,3
larger,3
political,3
china,3
economy,3
them,3
case,3
scale,3
belief,3
streets,3
mass,3
work,3
farming,3
little,3
chap,3
became,3
interstate,3
during,3
come,3
such,3
twentieth,3
language,3
washington,3
collectivization,3
substantial,3
enfant,3
seek,3
model,2
did,2
fifty,2
poor,2
knoxville,2
philadelphia,2
units,2
communist,2
note,2
wisdom,2
difficult,2
science,2
medieval,2
meaning,2
names,2
vision,2
sort,2
limited,2
corporation,2
highway,2
oscar,2
goes,2
says,2
make,2
notably,2
village,2
grew,2
led,2
population,2
corbusier,2
why,2
often,2
responsible,2
consequences,2
making,2
makes,2
programs,2
policy,2
devices,2
thesis,2
n,2
nineteenth,2
numbers,2
princeton,2
john,2
university,2
organize,2
most,2
regional,2
stalin,2
prussian,2
nasa,2
t,2
villagization,2
cost,2
long,2
also,2
regulating,2
interests,2
scientific,2
over,2
cigar,2
put,2
readily,2
j,2
fact,2
idea,2
areas,2
plan,2
effort,2
ideological,2
there,2
rural,2
places,2
electricity,2
cultural,2
penn,2
purposes,2
see,2
imposed,2
takes,2
forestry,2
material,2
wartime,2
brasilia,2
time,2
cambridge,2
money,2
right,2
well,2
possible,2
legibility,2
industrial,2
made,2
uniform,2
looking,2
above,2
subject,2
tried,2
territory,2
use,2
coops,2
commercial,2
harvard,2
human,2
central,2
sees,2
own,2
clear,2
reality,2
conditions,2
america,2
interest,2
course,2
include,2
walter,2
would,2
straight,2
farms,2
france,2
simplifications,2
tenn,2
chandigarh,2
thomas,2
mind,2
west,2
between,2
tanzanian,2
james,2
when,2
up,2
through,2
capitalism,2
instance,2
instruments,2
versus,2
observed,2
massive,2
freud,1
sunkist,1
appeal,1
try,1
omission,1
higher,1
will,1
things,1
mechanisms,1
superiority,1
soil,1
now,1
lenin,1
transportation,1
applications,1
americans,1
unquestionable,1
whose,1
m,1
hallmarks,1
helped,1
ethiopian,1
variety,1
territorial,1
russian,1
bridged,1
common,1
vichy,1
steadily,1
george,1
inhabitants,1
if,1
pyramids,1
erwin,1
sometimes,1
estate,1
bring,1
economic,1
torrens,1
corporate,1
notable,1
short,1
essence,1
plays,1
mcdougall,1
reps,1
intriguing,1
ready,1
romanticism,1
dnepropetrovsk,1
concern,1
regutlating,1
market,1
mindset,1
lines,1
forward,1
fruit,1
modernism,1
drops,1
sway,1
multicultural,1
comparable,1
who,1
standardization,1
statelike,1
cult,1
rybczynski,1
still,1
bears,1
utility,1
render,1
designs,1
visual,1
understand,1
absurdity,1
similar,1
brutalist,1
certain,1
center,1
deals,1
parts,1
contributions,1
innovation,1
handlin,1
profoundly,1
emergency,1
southeast,1
tree,1
single,1
illuminating,1
resettlement,1
brandeis,1
about,1
cooperative,1
bonanza,1
enlisted,1
dwells,1
consistency,1
selling,1
types,1
martin,1
instances,1
harmed,1
unfriendly,1
insurance,1
lives,1
benighted,1
easily,1
pp,1
read,1
disneyland,1
environment,1
massively,1
serve,1
meant,1
earliest,1
under,1
reasonably,1
consider,1
oppressive,1
improvement,1
relied,1
western,1
ancient,1
familiar,1
harsh,1
originality,1
tax,1
contained,1
wars,1
necessary,1
home,1
pump,1
production,1
shadow,1
linear,1
doubleedged,1
considerations,1
mcdonald,1
photographs,1
before,1
elsewhere,1
director,1
just,1
ambitions,1
ussr,1
same,1
africa,1
overriding,1
colored,1
source,1
weak,1
controlled,1
experiment,1
frequently,1
unresponsive,1
observations,1
grand,1
insights,1
age,1
needs,1
experience,1
included,1
democratic,1
theory,1
farmed,1
said,1
came,1
first,1
origins,1
unleashed,1
aside,1
enterprises,1
phyllis,1
armies,1
offered,1
efficient,1
australia,1
linkage,1
histoty,1
hence,1
every,1
provide,1
witold,1
starting,1
legible,1
convincing,1
support,1
exploitation,1
creation,1
reconsideration,1
california,1
permanent,1
paul,1
awry,1
brazilian,1
wipe,1
napoleonic,1
set,1
ii,1
chaos,1
marshal,1
mark,1
garrison,1
barbecues,1
natural,1
stands,1
europe,1
intellectual,1
chaps,1
towns,1
heavens,1
emerged,1
bureaucracy,1
shortage,1
union,1
many,1
diseases,1
water,1
pantheon,1
nature,1
asia,1
hatched,1
historiography,1
dehumanizing,1
distribution,1
registration,1
india,1
relativistic,1
depression,1
proselytizing,1
outside,1
d,1
extent,1
authorities,1
believe,1
sections,1
mixup,1
capital,1
explores,1
could,1
disordered,1
kammen,1
creese,1
medicine,1
method,1
found,1
creative,1
babylon,1
simple,1
britain,1
reminiscent,1
regard,1
indeed,1
farmers,1
mapping,1
crop,1
accumulated,1
rich,1
inevitably,1
achievement,1
collectors,1
tells,1
atlantic,1
brazil,1
scheme,1
maps,1
dizzying,1
very,1
hargrove,1
embodiment,1
plazas,1
friedberg,1
weren,1
antitrust,1
dollop,1
brutally,1
celebrations,1
real,1
i,1
pattern,1
closest,1
commands,1
grids,1
fuel,1
im,1
zealand,1
type,1
planners,1
illegibility,1
big,1
last,1
turned,1
discussion,1
left,1
greatly,1
animal,1
keith,1
henry,1
present,1
standardized,1
william,1
drop,1
regularized,1
though,1
surely,1
alike,1
profitable,1
where,1
war,1
attain,1
techniques,1
segregated,1
districts,1
continuing,1
carefully,1
daniel,1
lands,1
accepted,1
setting,1
seventeenth,1
spatial,1
vulnerable,1
rose,1
milton,1
neither,1
form,1
michael,1
woefully,1
surveillance,1
ill,1
publications,1
otherwise,1
record,1
ford,1
forthcoming,1
badly,1
pork,1
perhaps,1
recorded,1
starkly,1
problem,1
friedrich,1
distance,1
capacity,1
bas,1
primary,1
free,1
cleared,1
agriculture,1
discuss,1
improve,1
ridiculous,1
cadastral,1
degree,1
turf,1
design,1
colonies,1
another,1
spector,1
u,1
niemeyer,1
re,1
seeking,1
nourishment,1
suggests,1
maximum,1
w,1
hundreds,1
relief,1
meaningful,1
seed,1
egalitarian,1
condition,1
anything,1
divided,1
bullets,1
contexts,1
reaction,1
taxation,1
chiefly,1
eighteenth,1
insulation,1
trees,1
crossed,1
after,1
true,1
agribusiness,1
tanzania,1
concept,1
simplification,1
taking,1
anthropological,1
say,1
part,1
discusses,1
civil,1
norm,1
inexorably,1
onslaught,1
painfully,1
calls,1
apply,1
nation,1
tenure,1
turns,1
caught,1
lies,1
prussia,1
early,1
dismal,1
graduate,1
significant,1
measurement,1
food,1
tale,1
pests,1
mao,1
omnipresent,1
results,1
began,1
diversity,1
morality,1
people,1
us,1
isolated,1
learned,1
think,1
superabundance,1
rows,1
conflict,1
denizens,1
enteiprise,1
thus,1
taylorism,1
leap,1
freehold,1
way,1
forces,1
cleanup,1
registers,1
instrument,1
unforeseen,1
kicked,1
legal,1
question,1
express,1
spreader,1
disguised,1
hubris,1
centennial,1
relationships,1
systematic,1
professor,1
glancingly,1
street,1
haut,1
theme,1
argument,1
campbell,1
petain,1
lists,1
argues,1
utopian,1
development,1
strengthened,1
visions,1
soviets,1
julius,1
conn,1
urbana,1
initial,1
institutional,1
either,1
de,1
aaron,1
accounted,1
earth,1
health,1
completed,1
popularly,1
change,1
ability,1
lipset,1
applicable,1
least,1
instead,1
times,1
canvases,1
although,1
divisions,1
sense,1
successful,1
friedman,1
length,1
decries,1
blueprint,1
buildings,1
him,1
hardly,1
reproduced,1
insofar,1
crossings,1
seeming,1
excuse,1
montana,1
grass,1
affairs,1
product,1
order,1
le,1
exercise,1
kept,1
disclaimer,1
seymour,1
philosophy,1
progressive,1
area,1
detects,1
consolidation,1
frederick,1
socialism,1
black,1
managerial,1
stalinist,1
settlement,1
prologue,1
distended,1
remains,1
honored,1
around,1
better,1
generating,1
talents,1
worst,1
perspective,1
faith,1
autonomy,1
sufficient,1
supported,1
few,1
behind,1
nyerere,1
jefferson,1
architect,1
highly,1
systems,1
incapable,1
region,1
compulsory,1
requires,1
folk,1
disaster,1
holds,1
plethora,1
decentralization,1
become,1
relation,1
micromanage,1
orwell,1
scholarship,1
topics,1
xvi,1
ujamaa,1
effect,1
jackson,1
tended,1
corporations,1
conkin,1
construction,1
structure,1
managed,1
en,1
weight,1
postwar,1
brinckerhoff,1
originators,1
baroque,1
valley,1
inefficiency,1
surveys,1
those,1
equivalent,1
adaptations,1
gulf,1
attracted,1
wife,1
resistance,1
paid,1
strong,1
we,1
haven,1
taylor,1
roots,1
undergrowth,1
breed,1
quarterly,1
building,1
born,1
leaden,1
anomaly,1
rodgers,1
dam,1
exemption,1
pervasive,1
attention,1
components,1
destructive,1
race,1
draft,1
customs,1
widely,1
activities,1
hayek,1
occur,1
decision,1
fostered,1
lend,1
tennessee,1
