WORDCOUNTS,WEIGHT
the,1350
of,984
and,461
to,385
in,338
a,292
war,226
that,164
as,140
on,137
for,126
was,123
german,115
by,107
international,106
law,104
s,99
it,93
british,93
i,91
is,85
at,77
with,75
women,71
belgium,71
this,70
were,63
not,61
london,59
had,57
public,57
an,56
from,55
their,53
be,53
hague,51
see,50
american,47
x,46
propaganda,45
have,45
its,44
which,44
paper,44
family,43
or,42
bryce,42
they,41
are,40
germany,39
atrocities,39
all,36
against,36
britain,36
would,35
one,34
military,34
scrap,34
world,32
these,32
sexual,31
children,31
historical,31
belgian,30
june,30
f,30
but,30
review,29
germans,29
honor,29
violence,28
convention,26
he,26
according,26
peace,26
no,25
who,25
h,24
such,24
treaty,24
violation,24
terms,24
n,23
only,23
allied,23
t,22
his,22
rules,22
more,22
august,22
humanitarian,22
other,21
laws,21
during,21
when,21
rape,21
been,21
has,20
gendered,20
opinion,20
we,20
did,20
if,19
committee,19
great,19
warfare,19
out,19
r,19
necessity,19
j,19
her,19
atrocity,19
meaning,18
history,18
official,18
gullace,18
best,18
report,18
w,18
our,18
although,18
nicoletta,18
civilians,17
even,17
could,17
up,17
any,17
recruiting,17
states,17
between,17
policy,16
first,16
than,16
morgan,16
times,16
also,16
new,16
bodleian,16
way,15
l,15
humanity,15
example,15
neutrality,15
so,15
figure,15
invasion,15
ms,14
case,14
mm,14
about,14
under,14
over,14
while,14
became,14
fol,14
neutral,13
population,13
nations,13
will,13
press,13
wrote,13
oxford,13
men,13
can,13
she,13
george,13
foreign,13
very,13
them,13
innocent,13
among,13
into,12
being,12
those,12
central,12
publicists,12
just,12
m,12
well,12
used,12
part,12
civil,12
own,12
alleged,12
yet,12
higgins,12
many,12
v,12
become,12
cause,12
both,12
d,12
justify,12
little,12
images,12
treaties,11
e,11
word,11
propagandists,11
september,11
girls,11
without,11
von,11
before,11
work,11
museum,11
do,11
discussion,11
upon,11
soldiers,11
holls,11
imperial,11
conference,11
national,11
off,11
allies,10
parliamentary,10
chancellor,10
human,10
g,10
york,10
liberal,10
house,10
however,10
conferences,10
because,10
seemed,10
idea,10
time,10
private,10
made,10
army,10
methods,10
united,10
campaign,10
domestic,10
what,10
accounts,10
through,10
you,10
reprisals,9
o,9
principles,9
there,9
some,9
outrages,9
university,9
impact,9
most,9
further,9
james,9
lloyd,9
home,9
book,9
woman,9
moral,9
like,9
article,9
itself,9
set,9
enemy,9
masterman,9
much,9
aims,9
restraints,9
land,9
crimes,9
usa,9
france,9
c,9
customs,9
now,8
modern,8
country,8
every,8
ii,8
might,8
government,8
right,8
hollweg,8
thus,8
relations,8
young,8
queux,8
act,8
legal,8
bethmann,8
hereafter,8
phillipson,8
people,8
le,8
resistance,8
appeal,8
two,8
scraps,8
reports,8
justification,8
michael,8
sir,8
treated,8
solemn,8
use,8
effect,8
destruction,8
european,8
why,8
issue,8
image,8
evident,8
making,8
freedom,8
civilian,8
should,8
given,7
declared,7
diplomatic,7
justified,7
state,7
political,7
america,7
since,7
regarded,7
body,7
b,7
white,7
p,7
popular,7
good,7
poster,7
highly,7
indeed,7
female,7
make,7
interpretation,7
culture,7
french,7
observers,7
documents,7
pamphlet,7
john,7
minister,7
eds,7
asquith,7
imagery,7
significance,7
labour,7
signatories,7
bureau,7
force,7
must,7
charles,7
william,7
emphasis,7
representation,7
question,7
wellington,7
prime,6
evocative,6
brutal,6
sources,6
attempt,6
nature,6
boer,6
courtesy,6
hall,6
howard,6
october,6
lusitania,6
issued,6
rights,6
how,6
guerrilla,6
means,6
understand,6
troops,6
argued,6
cut,6
my,6
eliot,6
occupation,6
goschen,6
nation,6
realm,6
issues,6
glahn,6
violated,6
may,6
legality,6
once,6
depicted,6
read,6
us,6
ed,6
horne,6
fact,6
conduct,6
man,6
rhetoric,6
took,6
where,6
understanding,6
language,6
kramer,6
written,6
pro,6
sentiments,6
patriotic,6
countries,6
life,6
barbarism,6
claims,6
acts,6
statement,6
subject,6
until,6
conventions,6
sphere,5
prothero,5
arguing,5
liberty,5
rhetorical,5
possible,5
move,5
waging,5
here,5
explained,5
interest,5
insisted,5
invaded,5
rather,5
certain,5
k,5
important,5
result,5
legalistic,5
blockade,5
kitchener,5
explain,5
basis,5
already,5
gender,5
literature,5
call,5
status,5
brutality,5
small,5
customary,5
therefore,5
sanctity,5
lurid,5
fighting,5
violations,5
prc,5
death,5
put,5
treatment,5
appeared,5
never,5
empire,5
armed,5
after,5
number,5
pamphlets,5
office,5
roberts,5
trade,5
low,5
safety,5
general,5
period,5
widely,5
carried,5
blood,5
huns,5
ever,5
symbolic,5
principle,5
different,5
particularly,5
whether,5
early,5
belgians,5
almost,5
apparently,5
duty,5
territory,5
party,5
conquered,5
themselves,5
cook,5
miller,4
democracy,4
allegedly,4
apologists,4
library,4
true,4
protection,4
harsh,4
unlike,4
said,4
europe,4
court,4
noncombatants,4
committed,4
within,4
less,4
march,4
april,4
powers,4
hun,4
kernahan,4
familial,4
letter,4
nurse,4
regarding,4
conflict,4
outrage,4
moment,4
century,4
z,4
spite,4
regulations,4
terror,4
delivered,4
poor,4
forced,4
repudiation,4
killing,4
hlro,4
interwar,4
similar,4
danger,4
consequences,4
thomas,4
old,4
established,4
seas,4
too,4
lg,4
exploited,4
expressed,4
elshtain,4
rule,4
found,4
called,4
events,4
understood,4
cultural,4
posters,4
sovereignty,4
record,4
triumph,4
torn,4
failure,4
claim,4
purpose,4
actually,4
binding,4
forces,4
wounded,4
least,4
order,4
fully,4
covenants,4
south,4
threatened,4
business,4
populations,4
action,4
resisted,4
coleman,4
still,4
seemingly,4
sinking,4
lord,4
soldier,4
published,4
longer,4
stated,4
mark,4
again,4
arbitration,4
scholars,4
broken,4
end,4
arthur,4
claimed,4
accusations,4
kaiser,4
explicitly,4
day,4
degree,4
civilized,4
raped,4
louis,4
significant,4
virtually,4
ideas,4
accepted,4
described,4
defense,4
david,4
january,4
claiming,4
conscience,4
peterson,4
attention,4
toynbee,4
ranging,4
theodore,4
support,4
reason,4
hope,4
respect,4
susan,4
addressed,4
authorities,4
physical,4
guaranteed,4
commission,4
destroyed,4
jean,4
form,4
theory,4
engagements,4
bodies,4
faculty,4
cambridge,4
donald,4
attempted,4
rosenberg,4
offered,4
obligation,4
major,4
along,3
child,3
page,3
obligations,3
common,3
raemaekers,3
prussia,3
farwell,3
berlin,3
provisions,3
english,3
holland,3
studies,3
favor,3
barbaric,3
former,3
position,3
western,3
eager,3
arms,3
obsessed,3
uprising,3
explaining,3
undermine,3
wrong,3
attempts,3
taken,3
generated,3
beautiful,3
kent,3
england,3
seems,3
words,3
unjust,3
credits,3
thank,3
fresh,3
staff,3
plighted,3
speech,3
combatants,3
account,3
vol,3
politics,3
richard,3
obvious,3
liberals,3
above,3
combatant,3
surely,3
dying,3
codified,3
affairs,3
nor,3
theorists,3
keep,3
rothenstein,3
extraordinary,3
noted,3
publications,3
dismissal,3
hardly,3
influence,3
civilization,3
depiction,3
whose,3
pledged,3
centerpiece,3
edward,3
martyrdom,3
doctrine,3
granted,3
allegory,3
lay,3
lille,3
circulated,3
clearly,3
threat,3
four,3
democratic,3
commented,3
officer,3
guarantee,3
believed,3
view,3
stands,3
germnan,3
conquest,3
union,3
came,3
applause,3
geoffrey,3
objectives,3
guelff,3
codification,3
shall,3
waltzer,3
grounds,3
vivid,3
absolute,3
ears,3
future,3
significantly,3
edn,3
bernhardi,3
whole,3
gave,3
describe,3
conan,3
belligerent,3
haven,3
depicting,3
social,3
sense,3
describing,3
breaking,3
box,3
discourse,3
quite,3
outbreak,3
code,3
few,3
horrible,3
articulation,3
conceptions,3
ub,3
girl,3
situation,3
matter,3
limited,3
etc,3
july,3
intervention,3
movement,3
hold,3
single,3
chronicle,3
me,3
soon,3
neither,3
note,3
same,3
deportation,3
increasingly,3
regardless,3
leader,3
attacks,3
toward,3
cartoon,3
fundamental,3
music,3
abstract,3
suppressed,3
educated,3
contemporary,3
doubt,3
tales,3
ironically,3
shared,3
interview,3
deportations,3
credit,3
pacifist,3
laqueur,3
including,3
concern,3
entirely,3
waste,3
morality,3
cavell,3
actual,3
individuals,3
complicated,3
nevertheless,3
meanings,3
maurice,3
express,3
maintenance,3
homes,3
allowed,3
ernst,3
earlier,3
bethke,3
inf,3
eyes,3
relation,3
tactics,3
occupied,3
dead,3
africa,3
doyle,3
vision,3
citizens,3
execution,3
strongly,3
lives,3
satisfaction,3
spies,3
breasts,3
elderly,3
shooting,3
meant,3
publicly,3
wars,3
heavy,3
terrible,3
following,3
series,3
simply,3
trenches,3
mass,3
lying,3
seem,3
down,3
prominence,3
travesty,3
audience,3
placing,3
rural,3
quoted,3
february,3
merely,3
feminist,3
victims,3
investigation,3
reign,3
depicts,3
particular,3
signature,3
leaving,3
illegally,3
translated,3
remember,3
naked,3
far,3
extracts,3
sea,3
despite,3
arguments,3
burning,3
goals,3
belligerents,3
cruelty,3
seddon,3
conn,3
evidence,3
dicey,3
values,3
defined,3
speak,3
needs,3
am,3
specific,3
actions,3
deployment,3
succeeded,3
th,3
exclusively,3
mutilated,3
recent,3
resist,3
famous,3
plight,3
politician,3
race,3
nicholas,2
proposed,2
frequent,2
horror,2
blockades,2
does,2
struggle,2
discourage,2
arcane,2
difficult,2
later,2
ruthless,2
scholar,2
truth,2
represent,2
peaceful,2
extreme,2
introduction,2
disregard,2
told,2
hate,2
conducting,2
iconography,2
live,2
considerations,2
decade,2
ideals,2
character,2
exceptions,2
else,2
paterson,2
stressed,2
chronicles,2
interested,2
fund,2
restoration,2
address,2
promoting,2
goal,2
dramatically,2
killed,2
shaped,2
daily,2
feminism,2
spokesman,2
richards,2
narrative,2
able,2
incident,2
munitions,2
real,2
nationalism,2
harrowing,2
raised,2
robert,2
classified,2
california,2
system,2
preventing,2
suspect,2
dr,2
historians,2
primary,2
u,2
cooperation,2
enforcement,2
vital,2
whatever,2
scorn,2
regards,2
desirable,2
apply,2
collection,2
technically,2
aggression,2
guilty,2
repeatedly,2
upheld,2
relationships,2
veracity,2
severe,2
ethical,2
professor,2
popularly,2
relatively,2
sadistic,2
iwm,2
workers,2
reproduced,2
trail,2
expected,2
admitted,2
kind,2
thing,2
cases,2
adam,2
sanders,2
individual,2
deeds,2
legally,2
unspeakable,2
concerning,2
memorandum,2
licentious,2
back,2
bloody,2
perceived,2
response,2
gauge,2
wholly,2
allowing,2
reference,2
correspondent,2
witnessed,2
friedman,2
mankind,2
journal,2
details,2
sisters,2
let,2
critics,2
aim,2
failed,2
starving,2
pacific,2
loo,2
essential,2
divested,2
pearce,2
distinction,2
dishonour,2
destroy,2
centered,2
remain,2
justifying,2
basic,2
en,2
presentation,2
altar,2
bond,2
goes,2
shulman,2
inquiry,2
importance,2
pointing,2
symbols,2
illustrations,2
lofty,2
lawyer,2
feel,2
affect,2
calif,2
flexibility,2
signed,2
literary,2
spirit,2
placed,2
welfare,2
gradually,2
frequently,2
prevent,2
age,2
agricultural,2
show,2
commonly,2
experienced,2
prussian,2
passed,2
beyond,2
followed,2
queen,2
always,2
painted,2
mutilation,2
imminent,2
reflections,2
lords,2
pledges,2
bl,2
based,2
concentration,2
endow,2
carrying,2
begun,2
devastation,2
speeches,2
savagery,2
demands,2
brutalization,2
intellectuals,2
philosophical,2
accurately,2
sword,2
atrocious,2
focused,2
lawyers,2
agreements,2
persons,2
undermined,2
cannot,2
enlightened,2
excellent,2
scale,2
tension,2
your,2
required,2
opposition,2
wide,2
governing,2
criteria,2
technical,2
gained,2
having,2
gibbons,2
sanction,2
contempt,2
analyze,2
byron,2
unless,2
drew,2
knowledge,2
symbolism,2
comment,2
thoughts,2
caught,2
ten,2
shocking,2
q,2
patriotism,2
place,2
jo,2
enforce,2
irregular,2
coulson,2
orchelle,2
personal,2
illustrative,2
highlighted,2
cry,2
iriye,2
won,2
alan,2
president,2
minds,2
exchequer,2
earth,2
archduke,2
hallmark,2
officials,2
working,2
embodied,2
suggest,2
excuse,2
heart,2
anarchy,2
involved,2
around,2
inextricably,2
openly,2
mitchell,2
endowed,2
concerns,2
bayonets,2
executed,2
brought,2
research,2
distinguished,2
villages,2
impossible,2
disagreement,2
wife,2
crooks,2
rest,2
battle,2
edith,2
frederick,2
condemnation,2
saw,2
myriad,2
entitled,2
bringing,2
techniques,2
horrors,2
nietzsche,2
prove,2
convince,2
experiences,2
strife,2
permissible,2
religious,2
parker,2
rs,2
usages,2
fascinating,2
arrangements,2
makes,2
successively,2
wearing,2
food,2
combat,2
relinquish,2
prisoners,2
participants,2
complete,2
friedrich,2
artists,2
illustrated,2
disagreed,2
rise,2
sensationalistic,2
baby,2
picture,2
volume,2
inhabitants,2
organizations,2
ho,2
successfully,2
challenge,2
others,2
crucial,2
towards,2
efforts,2
shows,2
lack,2
head,2
xii,2
agree,2
corbeek,2
unionists,2
regulation,2
britons,2
grave,2
considerable,2
charges,2
audiences,2
behind,2
hit,2
ground,2
remarkable,2
continuing,2
akira,2
practice,2
attitude,2
wartime,2
inevitably,2
remained,2
years,2
original,2
simon,2
independence,2
fundamentally,2
breakdown,2
classes,2
murders,2
miss,2
vast,2
sanguinary,2
campaigns,2
restrictions,2
rendered,2
hundred,2
represented,2
loud,2
writings,2
formal,2
yo,2
ridiculous,2
murdered,2
causes,2
prominently,2
harvard,2
resolved,2
isolationist,2
clear,2
discovered,2
margaret,2
publication,2
agreement,2
points,2
faces,2
wish,2
abundant,2
portrayed,2
faith,2
graphic,2
especially,2
study,2
often,2
leaflets,2
probably,2
story,2
present,2
securing,2
save,2
apologist,2
justice,2
emily,2
perils,2
allegorical,2
dealing,2
somewhat,2
twelve,2
masse,2
independent,2
continued,2
ideology,2
bound,2
program,2
hill,2
vague,2
rpt,2
primarily,2
hogan,2
referred,2
harmed,2
yale,2
began,2
effectively,2
proposition,2
wilson,2
legitimacy,2
responsible,2
wives,2
mother,2
fields,2
event,2
face,2
grounded,2
investigate,2
detail,2
peaceable,2
punished,2
protested,2
breach,2
prohibited,2
meted,2
jurists,2
mutilations,2
invoked,2
theme,2
delegates,2
framers,2
gerhard,2
potency,2
symbol,2
berkeley,2
intellectual,2
languages,2
theobald,2
avengers,2
worth,2
december,2
believe,2
unknown,2
confidential,2
linked,2
precarious,2
tracts,2
past,2
disputes,2
absolutely,2
growing,2
defend,2
defending,2
proceedings,2
trope,2
violent,2
hoped,2
armies,2
boers,2
retain,2
another,2
property,2
treitschke,2
wrongs,2
hundreds,2
intense,2
presented,2
careful,2
documentary,2
marked,2
sheer,2
content,2
convinced,2
infamous,2
rendering,2
song,2
assumptions,2
measure,2
screen,2
families,2
writing,2
protesting,2
come,2
wild,2
shown,2
argument,2
copies,2
contract,2
twentieth,2
camps,2
numerous,2
satisfactory,2
offer,2
consolidated,2
need,2
meeting,2
defiance,2
philosophy,2
perjury,2
paraphernalia,2
sexuality,2
shift,2
observation,2
supported,2
privileging,2
potential,2
russia,2
point,2
say,2
reached,2
recognized,2
texts,2
entire,2
course,2
treating,2
taylor,2
colonel,2
indistinguishable,2
occur,2
problem,1
bernard,1
reichstag,1
fraudulent,1
triangle,1
donations,1
ending,1
basing,1
tame,1
gerald,1
currently,1
anarchistic,1
done,1
revisionist,1
zeitaye,1
validation,1
proprietors,1
sussex,1
punch,1
prostitution,1
estimated,1
elite,1
usurped,1
nauons,1
tralrry,1
groups,1
armenia,1
know,1
illutrte,1
suc,1
either,1
till,1
created,1
commitment,1
ready,1
unpleasant,1
righteous,1
mystical,1
engendered,1
market,1
excess,1
roads,1
fingers,1
jane,1
discredited,1
college,1
fiction,1
sii,1
occupant,1
kamester,1
worthy,1
intriguing,1
resisting,1
red,1
magnetic,1
rhine,1
oreristyicl,1
alone,1
blackguard,1
originating,1
considerably,1
entanglements,1
iew,1
originate,1
manuscript,1
distributed,1
defenses,1
universalist,1
waist,1
minutes,1
village,1
stripped,1
center,1
large,1
inception,1
obsolete,1
complex,1
menial,1
unsatisfactory,1
denied,1
embarrassed,1
illegal,1
overrides,1
elaborated,1
mad,1
symbolize,1
picked,1
artwork,1
artistic,1
songs,1
referring,1
remind,1
humanizing,1
motto,1
ways,1
murder,1
stephenson,1
cynical,1
empathic,1
completely,1
relrviie,1
unwritten,1
assiduity,1
delineating,1
rt,1
ministere,1
easily,1
hoover,1
soap,1
athenian,1
conscious,1
boulder,1
ti,1
locock,1
pontius,1
ramsay,1
doubts,1
acceptance,1
fgre,1
deny,1
speedily,1
htoria,1
burn,1
charitable,1
laid,1
occurred,1
poignant,1
crushes,1
noncombatant,1
futeinha,1
reconvening,1
bombing,1
feels,1
suffered,1
tripoli,1
nineteenth,1
something,1
edu,1
gnee,1
reverberations,1
variety,1
princeton,1
chief,1
reich,1
root,1
disputed,1
laura,1
buchan,1
bsills,1
fires,1
various,1
cutting,1
neu,1
revelations,1
cartoons,1
reprinted,1
exposed,1
member,1
mpm,1
concocted,1
molestation,1
aside,1
passion,1
uberalles,1
attorney,1
ellsworth,1
sympathizers,1
pryse,1
leon,1
philosophers,1
please,1
submit,1
whom,1
learned,1
certainly,1
mnan,1
slaughtered,1
creation,1
posed,1
production,1
interests,1
pegged,1
concerned,1
strang,1
treat,1
implications,1
give,1
chaos,1
usher,1
culturally,1
rhetorically,1
feeling,1
diego,1
spencer,1
velacott,1
lamenting,1
secretary,1
refusal,1
ok,1
analogies,1
pssibiitiesof,1
maintains,1
overnight,1
switzerland,1
incapacity,1
editions,1
excellency,1
definition,1
laughter,1
parties,1
memorial,1
amrepuanrcutiong,1
summation,1
devolved,1
crops,1
text,1
explores,1
administer,1
advantage,1
assertion,1
accompanied,1
straightforward,1
borders,1
desire,1
estimation,1
display,1
reasons,1
wn,1
constituents,1
coming,1
potentially,1
origin,1
downing,1
pessimism,1
napoleon,1
achievement,1
governess,1
shot,1
studied,1
conservative,1
scheme,1
onto,1
procedure,1
uncovered,1
carnegie,1
survey,1
take,1
debt,1
lasting,1
unto,1
subsequent,1
help,1
inadvertently,1
achieved,1
feature,1
roosevelt,1
persistence,1
last,1
nm,1
separated,1
mind,1
kuklick,1
murray,1
emphasized,1
stand,1
ardennes,1
ventions,1
burdening,1
mr,1
bombastic,1
enloe,1
corroborate,1
regard,1
ruined,1
item,1
readiness,1
saddam,1
intelligence,1
confused,1
threshold,1
luis,1
lecturer,1
intersection,1
context,1
el,1
violating,1
fulfilling,1
seminar,1
majority,1
ad,1
piper,1
evaluation,1
side,1
con,1
globe,1
forum,1
disarmament,1
refute,1
retaliatory,1
advocates,1
dissemination,1
existence,1
cabinet,1
blades,1
resumes,1
effort,1
plain,1
higonnet,1
recorded,1
attacked,1
assertions,1
king,1
formulation,1
task,1
introductory,1
money,1
repercussions,1
eliga,1
notoriety,1
bases,1
pub,1
lingering,1
iv,1
correspondents,1
draw,1
undercut,1
disseminated,1
economics,1
pacifism,1
anticipation,1
porter,1
suppress,1
felt,1
helpful,1
recommended,1
kew,1
determined,1
lovo,1
machinery,1
fl,1
innocuous,1
mabelle,1
intelligentsia,1
rashness,1
textually,1
reply,1
reservations,1
schedule,1
herded,1
furor,1
establishing,1
lies,1
swearing,1
contractual,1
consciousness,1
pronouncements,1
heuperlet,1
volition,1
driver,1
investigator,1
hiumanitarian,1
apocalyptic,1
whetted,1
bonar,1
bayonetting,1
taking,1
ctione,1
orgy,1
slati,1
headed,1
except,1
trevor,1
inhumanly,1
outlawed,1
sent,1
utmost,1
realpolitik,1
realistic,1
undoubtedly,1
ambulance,1
investing,1
himself,1
demanded,1
unhappy,1
barons,1
ht,1
stirring,1
internationally,1
benefit,1
says,1
sign,1
inventory,1
behavior,1
harold,1
controlled,1
babes,1
framework,1
explosives,1
exist,1
labor,1
guildhall,1
bizarre,1
nwac,1
penalty,1
million,1
andrew,1
imprisoning,1
persia,1
throughout,1
arsenal,1
viewer,1
carnarvon,1
lauterpacht,1
collapse,1
married,1
concentrated,1
debauchery,1
manifest,1
purportedly,1
hack,1
decree,1
historically,1
accuracy,1
author,1
modify,1
immediate,1
utopian,1
development,1
reject,1
accounted,1
inevitable,1
illustrates,1
supports,1
nnocenck,1
mcenaney,1
carsten,1
hierarchy,1
machine,1
pozzo,1
invaders,1
flouting,1
remorse,1
inauspicious,1
eo,1
eroticized,1
gun,1
honest,1
portray,1
justifications,1
revolvers,1
highlighting,1
adams,1
participating,1
unwillingness,1
hlrn,1
assessment,1
media,1
seeming,1
extensively,1
exhausted,1
joumal,1
bosnian,1
campaigners,1
feathers,1
adamant,1
thereof,1
mixed,1
inserted,1
self,1
better,1
maura,1
berth,1
interim,1
centerpieces,1
places,1
behaving,1
document,1
refer,1
junel,1
amount,1
subjects,1
rne,1
marriage,1
serving,1
lovable,1
holds,1
inclusion,1
elicit,1
wbo,1
fabrications,1
clare,1
honour,1
speedier,1
propagandistic,1
fiasco,1
demonstrates,1
heightened,1
warned,1
invert,1
unequivocally,1
inll,1
explore,1
iig,1
austria,1
gilbert,1
sniper,1
poured,1
maminran,1
citizen,1
badges,1
sun,1
conceive,1
occasion,1
pains,1
jones,1
immunity,1
though,1
eai,1
sodomy,1
acknowledge,1
ton,1
parlance,1
fight,1
defen,1
infamies,1
marching,1
contracting,1
mechanism,1
promised,1
anders,1
van,1
seventh,1
offices,1
opposed,1
suppressing,1
cast,1
geneva,1
sue,1
ismfought,1
trappings,1
americans,1
legitimation,1
indefensible,1
agitation,1
punctilious,1
russian,1
heroes,1
operations,1
card,1
statements,1
devastating,1
requisitioning,1
aimed,1
ostensibly,1
main,1
impetus,1
developed,1
activists,1
district,1
watch,1
nonsense,1
ironic,1
duingthe,1
aggressive,1
senift,1
train,1
assassination,1
fisher,1
explicit,1
levee,1
breast,1
process,1
borgo,1
broaden,1
knew,1
serbia,1
politicians,1
kept,1
ce,1
deliberately,1
realizes,1
delft,1
dealt,1
arm,1
phrases,1
titled,1
risk,1
unarmed,1
aston,1
hersch,1
persistent,1
captives,1
connected,1
turn,1
talk,1
leave,1
parts,1
sophistry,1
bryan,1
effectiveness,1
fgullace,1
littering,1
evocatively,1
witness,1
possess,1
empowered,1
lacking,1
summarized,1
limitation,1
savoy,1
melos,1
complaining,1
commentaries,1
literalist,1
front,1
isolationists,1
boas,1
attached,1
palmerston,1
celbre,1
addressing,1
proclaimed,1
indispensable,1
thought,1
qualify,1
soul,1
rising,1
send,1
mrs,1
changes,1
escape,1
frowned,1
perceptions,1
maintaining,1
alienate,1
facilitated,1
freeze,1
revolts,1
filuitful,1
antiwar,1
dichotomy,1
organization,1
department,1
sorts,1
academe,1
recriminations,1
eventually,1
familiar,1
retained,1
spreading,1
revolutionaries,1
workmen,1
govemment,1
slowly,1
emergence,1
disappointment,1
lowell,1
teaches,1
severity,1
section,1
director,1
oeflmoiaigsmbl,1
corralling,1
omatt,1
constrain,1
streets,1
receiving,1
hussein,1
thrilled,1
articulated,1
contemporaries,1
instrument,1
tsar,1
quarters,1
cunning,1
inhuman,1
resorted,1
temperamenta,1
axiomatic,1
montgomery,1
patronizingly,1
merciless,1
strategical,1
additional,1
origins,1
powerful,1
continual,1
emblematic,1
follow,1
defeat,1
screams,1
heinous,1
testament,1
cost,1
stark,1
transcripts,1
ceremony,1
sahibs,1
depositions,1
method,1
tyler,1
remarking,1
omb,1
crucially,1
instantaneously,1
dominant,1
liberally,1
respected,1
contrary,1
appeals,1
similiar,1
tyranny,1
dvord,1
lidslirsfo,1
personified,1
drawing,1
celebratory,1
trying,1
conflicts,1
unimpaired,1
affaires,1
authority,1
annoyed,1
standards,1
advance,1
removals,1
herald,1
cynthia,1
identifying,1
viz,1
herr,1
censorship,1
tore,1
whispered,1
allow,1
newspapers,1
uncovering,1
murky,1
appearance,1
critic,1
ratify,1
resonate,1
protector,1
amply,1
hands,1
strength,1
typical,1
schroder,1
ambitions,1
attack,1
speaker,1
relating,1
cermany,1
claud,1
changed,1
crowd,1
teeming,1
radical,1
requirements,1
totr,1
sebastlani,1
dingy,1
suitable,1
noting,1
literal,1
sedate,1
captured,1
vigorous,1
fo,1
effects,1
experts,1
representative,1
egypt,1
unthinkable,1
repudiate,1
big,1
grayzel,1
late,1
stabbed,1
crucifix,1
topics,1
equally,1
jeeringly,1
irony,1
informed,1
blow,1
transportations,1
sentimental,1
barypan,1
roe,1
deliberate,1
broader,1
olin,1
cy,1
appears,1
viewed,1
recently,1
vancouver,1
priorities,1
meet,1
promise,1
applied,1
appearing,1
defenseless,1
expedient,1
hynes,1
schwarzhoff,1
necessities,1
outraging,1
bayonet,1
combatancy,1
sacrifice,1
bestselling,1
ods,1
depictions,1
libertarian,1
vo,1
meditation,1
impression,1
randolph,1
indian,1
preparations,1
dower,1
precept,1
solemnly,1
commitments,1
abuse,1
bombardment,1
directly,1
unequal,1
newspapermen,1
vlae,1
distinguish,1
minute,1
mandatory,1
destinations,1
soldiery,1
prints,1
foes,1
reinhard,1
schuster,1
strict,1
hang,1
framed,1
imagined,1
reader,1
concept,1
prominent,1
county,1
bolder,1
maiming,1
competing,1
commensurable,1
hypocritical,1
reduction,1
related,1
stares,1
dismember,1
promiscuity,1
excessive,1
hassall,1
description,1
perpetually,1
got,1
whr,1
attila,1
year,1
shrink,1
woollacott,1
andreopoulos,1
koss,1
literally,1
accomplishment,1
officers,1
comprehensible,1
mentioning,1
gennaliv,1
vociferous,1
speaking,1
winter,1
rheims,1
device,1
et,1
okla,1
horrified,1
swift,1
bishop,1
denunciations,1
legislation,1
newspaper,1
anything,1
compact,1
systematic,1
tabloid,1
achieving,1
confession,1
deeply,1
francogerman,1
stanford,1
interpreted,1
league,1
visions,1
universally,1
romantically,1
anchored,1
markedly,1
contradictions,1
arns,1
alegorcal,1
tolerance,1
manipulation,1
shortcomings,1
nose,1
enactments,1
massacre,1
massacres,1
heartless,1
perusal,1
signing,1
staple,1
provision,1
change,1
wholesale,1
fleetingly,1
sieges,1
solution,1
merm,1
chauffeur,1
doerries,1
painting,1
successful,1
caused,1
dinant,1
idiom,1
instituted,1
diminish,1
cold,1
ambassador,1
aroused,1
administrator,1
shaping,1
wished,1
straight,1
involve,1
protest,1
poet,1
marwick,1
outlawing,1
cries,1
villagers,1
fury,1
contrast,1
theater,1
pacifists,1
ajf,1
sweeney,1
unddw,1
blitz,1
standpoint,1
phrase,1
things,1
arbitrary,1
subvert,1
long,1
indictment,1
nullified,1
leaves,1
sufficient,1
stemmed,1
pregnant,1
multiple,1
republics,1
serb,1
ls,1
balance,1
tribunal,1
presidentialaddresses,1
grow,1
folk,1
nominalistic,1
industry,1
comfort,1
mi,1
mantle,1
tried,1
compromise,1
observe,1
notorious,1
australian,1
peak,1
beck,1
protect,1
suddenly,1
codes,1
portions,1
telling,1
tended,1
philip,1
foialj,1
sexualized,1
reol,1
parliament,1
annual,1
patience,1
inability,1
hen,1
knqws,1
introduced,1
motif,1
correspondence,1
gould,1
organs,1
courtney,1
notes,1
bananas,1
anatomy,1
value,1
newly,1
celebrating,1
provided,1
adroitly,1
stupidity,1
criminals,1
nv,1
macdonald,1
moved,1
humanistic,1
miserable,1
reconfirmed,1
enjoy,1
readership,1
deficiency,1
subsequently,1
abbot,1
exaggerated,1
adamantly,1
replacing,1
dedwsfn,1
liberation,1
inset,1
defended,1
tasks,1
led,1
san,1
firtpaeo,1
likely,1
sons,1
fortunate,1
indigenous,1
poignantly,1
ramifications,1
lawn,1
minor,1
creed,1
tomnv,1
nonetheless,1
territorial,1
rested,1
boards,1
bred,1
inadequacy,1
economic,1
thenlamericanshwsth,1
stale,1
subverted,1
shields,1
mechanisms,1
short,1
mnsre,1
frightful,1
service,1
located,1
warwick,1
asking,1
manipulate,1
deadly,1
somebody,1
released,1
classic,1
greenville,1
harris,1
nearly,1
innocence,1
sheridan,1
reminded,1
assurance,1
gaselee,1
constraints,1
forbidden,1
punish,1
ambiguous,1
community,1
weary,1
insignia,1
reconstruction,1
echoing,1
illustrating,1
drink,1
comments,1
hanged,1
standing,1
sending,1
unprecedented,1
initially,1
kulture,1
collapsed,1
literati,1
isi,1
negate,1
ask,1
positive,1
powerfully,1
percentage,1
traill,1
convictions,1
jeffords,1
violate,1
denunciation,1
criticism,1
lp,1
sympathies,1
bearings,1
auspices,1
permission,1
security,1
etat,1
kingsley,1
worthless,1
savage,1
requiring,1
advanced,1
albert,1
evil,1
array,1
motivating,1
god,1
babe,1
challenged,1
spear,1
confidence,1
denounced,1
management,1
jay,1
included,1
nuns,1
extravagant,1
insanity,1
junker,1
shifting,1
exigencies,1
dropped,1
generally,1
lacked,1
assailants,1
regina,1
counterattack,1
baltimore,1
nw,1
outlined,1
naval,1
broad,1
al,1
criccieth,1
laswell,1
acknowledging,1
reprint,1
costs,1
narratives,1
insights,1
provocative,1
containing,1
relativist,1
volunteers,1
insolence,1
friend,1
contemptuous,1
gentlemen,1
maintained,1
requisitioned,1
hitrclrve,1
sarajevo,1
stones,1
avoided,1
fairly,1
months,1
investigating,1
testimony,1
persuasive,1
retaliation,1
street,1
transformative,1
diary,1
shrieks,1
members,1
policing,1
fire,1
lewis,1
lucid,1
name,1
forsther,1
skill,1
sedction,1
subjected,1
grasp,1
technique,1
power,1
request,1
factory,1
accompanies,1
nationalists,1
academy,1
approaching,1
reporting,1
slavery,1
towns,1
tremendous,1
bankrupt,1
financial,1
ape,1
unstinting,1
erman,1
smith,1
sylvain,1
five,1
dearest,1
signified,1
lawful,1
gravely,1
arim,1
happening,1
sarcasm,1
admit,1
valid,1
consideration,1
stories,1
prisoner,1
benevolent,1
endless,1
sylvester,1
reasserted,1
departments,1
proposal,1
plan,1
happily,1
ought,1
exclusion,1
witnesses,1
eagle,1
communes,1
epilogue,1
break,1
larger,1
diverse,1
everything,1
sbtl,1
contends,1
descended,1
away,1
prosaic,1
nuclear,1
segue,1
workman,1
snyder,1
discussed,1
observes,1
override,1
popularize,1
anne,1
inviolability,1
molest,1
crafted,1
readers,1
hand,1
employment,1
shameless,1
hampshire,1
centre,1
haul,1
decried,1
vanquished,1
thousands,1
advising,1
road,1
attempting,1
armaments,1
rumors,1
ensured,1
amr,1
relevant,1
zeppelins,1
tell,1
discounted,1
coexisted,1
homer,1
stirred,1
necessary,1
euripides,1
uneasily,1
ftdoiknce,1
intemational,1
perhaps,1
remarked,1
belief,1
defends,1
books,1
reasoning,1
mercy,1
enable,1
threats,1
coined,1
thle,1
stunning,1
free,1
elaine,1
spike,1
remove,1
viereck,1
historian,1
demonstrated,1
immutability,1
backbone,1
dominions,1
investigators,1
greatest,1
reveals,1
hue,1
investment,1
investigated,1
thip,1
invested,1
examples,1
degenerated,1
background,1
abrogation,1
endowing,1
trusted,1
explanation,1
plead,1
sacrifices,1
mothers,1
bear,1
olrtinsms,1
augustus,1
ic,1
restrained,1
odo,1
vexed,1
incompatibility,1
clerical,1
detailed,1
sufficiently,1
proved,1
anther,1
warrior,1
herself,1
perjured,1
worship,1
medium,1
unimaginably,1
uneasy,1
wound,1
honorable,1
fot,1
skeptical,1
transcribing,1
revising,1
compromising,1
overtones,1
assumption,1
exciting,1
conditions,1
prov,1
waradr,1
diaries,1
academics,1
ideologues,1
pleasure,1
heard,1
bitter,1
militarism,1
trend,1
hew,1
trete,1
engaged,1
services,1
cathedral,1
fantastic,1
full,1
heinrich,1
literate,1
sic,1
irreproachable,1
dismissed,1
mj,1
netherlands,1
ilhtofu,1
sacrificing,1
vii,1
versions,1
reggie,1
passim,1
open,1
goffinet,1
trump,1
pairing,1
three,1
hurt,1
statistic,1
jt,1
modem,1
emphasizing,1
adding,1
bibliographies,1
rifle,1
permit,1
favorite,1
thorn,1
se,1
redoubtable,1
bowed,1
essay,1
peter,1
evils,1
invincible,1
admission,1
held,1
vested,1
watered,1
symposium,1
characterized,1
perverse,1
threw,1
trampled,1
fellow,1
derided,1
stymied,1
brussels,1
summer,1
him,1
responses,1
high,1
pathetic,1
mask,1
played,1
ge,1
serves,1
colo,1
filled,1
practiced,1
anyone,1
conversation,1
poetic,1
fred,1
rumor,1
lose,1
accused,1
adequately,1
nchaiwed,1
rails,1
latter,1
resorting,1
behest,1
outcry,1
unambiguous,1
decide,1
mayors,1
favored,1
random,1
sentiment,1
comparing,1
systems,1
juy,1
imaginative,1
statet,1
ogre,1
feet,1
exaggeration,1
unconvinced,1
reads,1
declare,1
greatly,1
xvi,1
deluge,1
incompatible,1
accordingly,1
awful,1
amazing,1
govemments,1
enemies,1
priests,1
enthusiasts,1
postwar,1
mandates,1
foot,1
implication,1
translate,1
contracts,1
daring,1
looked,1
trojan,1
cape,1
figures,1
versus,1
relative,1
engagement,1
attend,1
mgr,1
grotius,1
conveyed,1
mre,1
controversial,1
congratulate,1
rehabilitated,1
achieve,1
whc,1
greek,1
pleas,1
ivji,1
deplored,1
examines,1
translator,1
mss,1
standard,1
ethic,1
increasing,1
fails,1
implicitly,1
farce,1
trustees,1
fifty,1
victor,1
suggestion,1
kaplan,1
negotiations,1
extracted,1
horribly,1
gloomy,1
bloodcurdling,1
raison,1
commentator,1
mitigate,1
today,1
raise,1
declines,1
oakes,1
stars,1
provide,1
mixture,1
movements,1
backyard,1
guerrillas,1
bulow,1
chance,1
variously,1
mowat,1
nh,1
convened,1
consent,1
ranft,1
testing,1
ominously,1
pieces,1
fear,1
evns,1
gv,1
pe,1
begin,1
artoo,1
lines,1
night,1
novelist,1
substitution,1
lost,1
accept,1
collections,1
translation,1
pleading,1
establish,1
pteblisuod,1
precedents,1
barrister,1
worse,1
lawrence,1
threaten,1
enlist,1
cynicism,1
anxiety,1
iconographic,1
recognize,1
smuggling,1
whereby,1
expert,1
wellsprings,1
barbarian,1
inseparability,1
owed,1
wiltsher,1
inspired,1
efficiency,1
analysis,1
baron,1
surprising,1
frontier,1
directives,1
composed,1
enforced,1
parchment,1
saturated,1
serbian,1
barbarians,1
crme,1
figured,1
confrontation,1
viewers,1
interpretive,1
gathered,1
sound,1
fought,1
militia,1
hapless,1
joseph,1
dggreta,1
matters,1
cherished,1
vulnerability,1
stephen,1
entertain,1
echoes,1
burned,1
school,1
acquired,1
assistant,1
photographs,1
eellow,1
publicist,1
eternally,1
weariness,1
sexes,1
then,1
liked,1
ordered,1
massart,1
connors,1
dispersed,1
lessons,1
broke,1
salonica,1
hanging,1
mcleod,1
vocal,1
changing,1
conjunction,1
peoples,1
deep,1
talking,1
admirals,1
cruelties,1
locomotive,1
fourth,1
cate,1
known,1
discrepancy,1
optimistically,1
falsehood,1
apprehended,1
ll,1
submarine,1
fulbright,1
plea,1
requisitions,1
bruntz,1
robbed,1
perversion,1
creditor,1
inadmissible,1
calamity,1
offers,1
leitmotif,1
allegation,1
wipe,1
disregarded,1
cover,1
propagandist,1
butler,1
resonance,1
quickly,1
corporeality,1
defining,1
nuremberg,1
leurie,1
cross,1
mutually,1
components,1
control,1
hailed,1
ministerial,1
each,1
sure,1
belli,1
fault,1
parable,1
india,1
aeicane,1
inclined,1
global,1
connection,1
transcended,1
addams,1
key,1
hays,1
gone,1
ample,1
ft,1
av,1
copyright,1
print,1
appendix,1
ph,1
printed,1
sensational,1
argue,1
casuistry,1
fired,1
universal,1
literalness,1
jagow,1
returns,1
branch,1
prvn,1
foundation,1
milk,1
town,1
er,1
hospital,1
hinted,1
reproduces,1
grey,1
contradictory,1
ofar,1
liberalizing,1
privileged,1
goods,1
workingmen,1
indignant,1
enforcing,1
constant,1
brutally,1
useless,1
examining,1
domesticated,1
weyer,1
pictures,1
ricals,1
thompson,1
conrad,1
living,1
misprint,1
wares,1
instant,1
possibility,1
ideally,1
concrete,1
subordinate,1
dismissing,1
beginning,1
elevated,1
knows,1
suffering,1
discuss,1
explanations,1
notable,1
discharge,1
month,1
selected,1
laying,1
ones,1
enlistment,1
bruce,1
putative,1
underpinnings,1
rags,1
add,1
maintain,1
austrian,1
attitudes,1
arousing,1
manuscripts,1
mere,1
beaches,1
warn,1
centrality,1
angela,1
distribution,1
extent,1
dream,1
admiral,1
gutter,1
ivroiigad,1
complexity,1
perpetrated,1
pankhurst,1
institute,1
penwith,1
relativity,1
memory,1
conquering,1
enslavement,1
skillfully,1
gubar,1
wanton,1
benevolence,1
transgression,1
rally,1
permeated,1
reparation,1
contain,1
art,1
fourteen,1
des,1
christabel,1
stab,1
burden,1
wandering,1
stern,1
boston,1
intention,1
ponsonby,1
circumstances,1
tau,1
exclaimed,1
awkwardly,1
recognition,1
reore,1
thereby,1
refinement,1
overran,1
profoundly,1
conscription,1
tri,1
emperor,1
ramaekes,1
fair,1
role,1
november,1
african,1
asiik,1
intended,1
traditional,1
metonymic,1
step,1
deployed,1
rigid,1
went,1
gang,1
re,1
generals,1
rochester,1
target,1
penny,1
entry,1
tender,1
fabricated,1
breakers,1
illustrate,1
summarizes,1
clothing,1
germs,1
rebels,1
admits,1
using,1
mention,1
pole,1
zelnik,1
think,1
reaching,1
boasting,1
vietnamese,1
strong,1
complaints,1
prepared,1
venn,1
analogy,1
outpost,1
usdw,1
enthusiasm,1
devoted,1
acceptability,1
outrageous,1
signatory,1
commercial,1
synopsis,1
argues,1
editor,1
injured,1
difference,1
ignored,1
dubious,1
deftly,1
deutschland,1
hordes,1
ineffective,1
abused,1
coolly,1
tha,1
scathing,1
samuel,1
ordering,1
imperative,1
pierced,1
motives,1
completed,1
crisis,1
dangerous,1
superman,1
ended,1
iheuns,1
applicable,1
instead,1
consumers,1
realism,1
define,1
battling,1
haste,1
irrefutable,1
mamn,1
orgies,1
writer,1
involving,1
shameful,1
prosperity,1
playing,1
limitations,1
caption,1
presenting,1
enticingly,1
walking,1
remains,1
association,1
untouched,1
scoffing,1
morning,1
ruth,1
anonymous,1
etrangeres,1
morally,1
vi,1
territories,1
news,1
workings,1
assumed,1
posture,1
prostrate,1
second,1
conflated,1
recounted,1
invade,1
reticent,1
servian,1
raleigh,1
rejection,1
chicago,1
adheres,1
era,1
aisne,1
debate,1
renditions,1
create,1
norman,1
amy,1
fears,1
element,1
abroad,1
fatally,1
tactic,1
adopted,1
ingrained,1
fellowship,1
bulwark,1
focus,1
trigger,1
iraq,1
comparable,1
north,1
livestock,1
tired,1
beings,1
arnold,1
barter,1
building,1
society,1
connor,1
scanty,1
hthv,1
retracted,1
showed,1
vividly,1
admired,1
perception,1
willis,1
cruiser,1
