WORDCOUNTS,WEIGHT
the,333
of,221
and,155
a,110
to,107
in,90
that,85
as,67
for,57
is,55
race,54
on,40
racism,36
or,36
not,34
it,31
by,31
american,27
s,27
he,27
than,23
his,23
but,23
ancestry,22
their,22
from,22
one,20
be,20
african,18
human,17
an,17
with,17
history,16
they,16
slavery,16
persons,16
are,16
have,16
into,15
new,15
black,14
historical,14
at,13
no,13
rather,13
end,13
who,13
fields,13
jefferson,13
which,12
if,11
i,11
about,11
only,11
more,11
were,11
so,11
united,11
what,11
states,11
other,10
has,10
review,10
such,10
york,10
start,10
its,10
people,10
query,9
those,9
americans,9
white,9
barbara,9
slaves,9
would,9
december,9
t,8
j,8
greater,8
same,8
do,8
see,8
another,8
them,8
evasion,7
america,7
was,7
view,7
war,7
notes,7
society,7
social,7
identity,7
him,7
can,7
c,7
among,7
something,6
all,6
racial,6
some,6
politics,6
mixed,6
even,6
rights,6
because,6
civil,6
under,6
culture,6
whiteness,6
tolerance,6
toomer,6
she,6
any,6
problem,6
when,6
should,6
word,5
nature,5
there,5
against,5
immigrants,5
jean,5
may,5
whose,5
without,5
act,5
broyard,5
just,5
most,5
had,5
assimilation,5
rogues,5
r,5
london,5
during,5
this,5
own,5
geldings,5
fact,5
scholars,5
time,5
racist,5
caribbean,5
while,5
indians,5
between,5
themselves,5
does,4
my,4
first,4
wrong,4
refusal,4
words,4
definition,4
mind,4
political,4
de,4
group,4
like,4
stigma,4
whittemore,4
category,4
descent,4
too,4
could,4
color,4
equal,4
appears,4
officers,4
project,4
claim,4
characteristics,4
intermarriage,4
therefore,4
evil,4
many,4
these,4
book,4
children,4
native,4
belief,4
free,4
belongs,4
why,4
ideology,4
anatole,4
class,4
construction,4
university,4
intellectual,4
country,4
different,4
mass,4
person,4
both,4
washington,4
d,4
much,4
beings,4
portuguese,3
rate,3
scholar,3
fiction,3
alone,3
per,3
linguistic,3
police,3
murder,3
studies,3
holding,3
experience,3
member,3
felony,3
government,3
right,3
west,3
labor,3
thus,3
jr,3
century,3
simpson,3
back,3
races,3
compared,3
language,3
though,3
supernatural,3
english,3
basic,3
immigrant,3
w,3
beyond,3
ethnoracial,3
injustice,3
columbia,3
rule,3
cannot,3
sovereignty,3
literature,3
vote,3
concept,3
example,3
fit,3
structures,3
call,3
good,3
family,3
believers,3
south,3
matter,3
convictions,3
two,3
writing,3
also,3
others,3
john,3
income,3
michael,3
deep,3
discrimination,3
moral,3
david,3
monstrosity,3
probably,3
ellison,3
mixture,3
britain,3
blood,3
fall,3
amalgamation,3
centuries,3
citizens,3
inferiority,3
cosmetic,3
over,3
according,3
don,3
freedom,3
through,3
city,3
families,3
categories,3
question,3
argument,3
negro,3
cambridge,3
leper,3
you,3
democracy,2
child,2
way,2
everyone,2
discredited,2
e,2
hollinger,2
introduction,2
needed,2
limpieza,2
pinker,2
true,2
situation,2
blameless,2
champions,2
before,2
eye,2
long,2
might,2
rational,2
england,2
drivers,2
seems,2
jamaican,2
fractional,2
great,2
display,2
narrative,2
prize,2
transforms,2
real,2
written,2
within,2
context,2
system,2
case,2
possible,2
point,2
along,2
himself,2
formula,2
identifies,2
insisting,2
witchcraft,2
exist,2
segregation,2
punishing,2
central,2
surely,2
since,2
author,2
predicament,2
thing,2
depend,2
subjects,2
body,2
jews,2
disfranchised,2
journal,2
fellow,2
error,2
higher,2
homeowner,2
essential,2
hobsbawm,2
how,2
stop,2
mammoth,2
notion,2
knew,2
killing,2
probable,2
after,2
humanity,2
b,2
parts,2
makes,2
space,2
cab,2
reason,2
genocide,2
marks,2
geocentrism,2
statistical,2
teaches,2
latin,2
elsewhere,2
n,2
overlook,2
follow,2
negroes,2
appear,2
whereas,2
appearance,2
called,2
stigmatized,2
souza,2
punishment,2
performed,2
applied,2
grounds,2
however,2
xiv,2
explain,2
jewish,2
precept,2
line,2
denial,2
place,2
collective,2
emancipation,2
corollary,2
xviii,2
pariahs,2
misguided,2
solution,2
sense,2
working,2
things,2
spanish,2
june,2
invoke,2
presence,2
annual,2
generally,2
crime,2
racists,2
will,2
likely,2
underground,2
investigating,2
nation,2
equality,2
absence,2
entitled,2
interference,2
indeed,2
enemies,2
still,2
violates,2
make,2
passengers,2
biological,2
once,2
arendt,2
us,2
diallo,2
starting,2
frederick,2
death,2
idea,2
conduct,2
ought,2
state,2
hand,2
ground,2
seventeenth,2
answer,2
creole,2
explicitly,2
interpreting,2
persecutors,2
reed,2
eighteenth,2
prohibition,2
students,2
someone,2
thomas,2
pariah,2
unambiguous,2
migrants,2
insists,2
successors,2
james,2
claiming,2
alleyne,2
destruction,2
justice,2
european,2
suggestion,2
where,2
christian,2
estatutos,2
substitution,2
becomes,2
worse,2
recognize,2
life,2
often,2
analysis,2
lott,2
education,2
itself,2
version,2
ever,2
implied,2
cover,2
natural,2
share,2
ahr,2
restrictive,2
constructions,2
speech,2
post,2
ideological,2
particularly,2
very,2
born,2
capita,2
whether,2
form,2
making,2
less,2
particular,2
her,2
enslavement,2
virginia,2
mulzac,2
must,2
recognition,2
november,2
subject,2
rationale,2
measure,2
democratic,2
world,2
disfranchisement,2
understanding,2
until,2
sangre,2
charge,2
land,2
define,2
attributes,2
defined,2
speak,2
vi,2
distinctions,2
say,2
reached,2
jason,2
views,2
winston,2
re,2
thernstrom,2
comparable,2
asked,2
tragic,2
resolve,1
deception,1
go,1
divisible,1
formulated,1
disfranchises,1
jury,1
thwarted,1
currently,1
o,1
struggle,1
unannounced,1
ethics,1
common,1
conflicting,1
stuart,1
mervyn,1
medieval,1
adopt,1
estate,1
productions,1
responds,1
groups,1
generous,1
corruption,1
stood,1
truth,1
represent,1
pale,1
judging,1
affected,1
resulted,1
instinctively,1
affirming,1
predator,1
ultimate,1
contradicts,1
crossing,1
passing,1
aborted,1
speakers,1
told,1
large,1
discover,1
denied,1
apologists,1
agency,1
fate,1
mobility,1
identify,1
essays,1
oratory,1
rogers,1
second,1
live,1
uncharacteristic,1
sets,1
continent,1
ways,1
h,1
criticizes,1
walker,1
shoe,1
faculties,1
modern,1
genius,1
douglass,1
acceptance,1
trace,1
despots,1
irishman,1
unlike,1
inequality,1
tells,1
uses,1
nineteenth,1
plantations,1
kato,1
macarthur,1
du,1
signal,1
leads,1
intentions,1
being,1
said,1
attribute,1
sit,1
else,1
explaining,1
titles,1
neglects,1
blithely,1
supposedly,1
fifteenth,1
victim,1
handle,1
implications,1
ingenuity,1
taken,1
military,1
slave,1
entangled,1
contrasted,1
motor,1
attempt,1
expectation,1
permanently,1
advanced,1
freely,1
negates,1
latent,1
company,1
principles,1
limb,1
height,1
europe,1
thyself,1
belong,1
simple,1
thank,1
isono,1
gradual,1
hesitation,1
imaginary,1
origin,1
producing,1
arises,1
shot,1
studied,1
revival,1
closer,1
generalizations,1
reunion,1
hannah,1
room,1
quantum,1
resulting,1
deemed,1
atrocities,1
draping,1
obliged,1
last,1
stand,1
henry,1
raised,1
normal,1
tamed,1
ambiguous,1
segregated,1
citizenship,1
posts,1
depends,1
akin,1
nowhere,1
issue,1
cathedrals,1
fortune,1
deodorize,1
apostles,1
depending,1
francophone,1
lynching,1
forthcoming,1
plain,1
portugal,1
roy,1
disqualifications,1
mulatto,1
historians,1
king,1
hobbies,1
capacity,1
totters,1
bases,1
booker,1
masked,1
saying,1
sexual,1
killed,1
rests,1
victims,1
typographical,1
uproot,1
account,1
vol,1
felt,1
determined,1
logical,1
compensatory,1
tagged,1
fad,1
tracing,1
shared,1
vaguely,1
sale,1
election,1
powers,1
lodging,1
move,1
richard,1
occupy,1
vital,1
deceit,1
mental,1
surrounded,1
conceptual,1
far,1
eliminating,1
whites,1
laws,1
sowell,1
genetic,1
columnist,1
sketched,1
monastic,1
handicraft,1
audience,1
collection,1
prejudice,1
sign,1
split,1
vindication,1
karen,1
usage,1
regarding,1
natives,1
goal,1
penalty,1
chapters,1
prey,1
includes,1
kinsbruner,1
collapse,1
domesticating,1
ith,1
beating,1
historically,1
peculiarities,1
facts,1
sociability,1
invisibility,1
neighbor,1
ethical,1
aha,1
professor,1
conversion,1
illustrates,1
sustain,1
visited,1
september,1
embellishments,1
afrocaribbean,1
characteristic,1
moment,1
headway,1
decided,1
relations,1
neutralsounding,1
sympathized,1
condescension,1
price,1
paranormal,1
pronouncing,1
rooted,1
privilege,1
forced,1
supposes,1
exercise,1
candidates,1
individual,1
nor,1
old,1
unclean,1
blame,1
truism,1
taint,1
rejecting,1
times,1
perspective,1
blank,1
marriage,1
highest,1
dutifully,1
response,1
lawabiding,1
peculiarity,1
justifiable,1
served,1
lineage,1
minus,1
left,1
cohen,1
animal,1
truly,1
estimate,1
thin,1
destroys,1
find,1
momentary,1
explore,1
exceptions,1
colleague,1
apparently,1
citizen,1
secularism,1
conceded,1
immunity,1
talent,1
acknowledge,1
join,1
westchester,1
curricular,1
abigail,1
react,1
constriction,1
lesser,1
dish,1
civilization,1
operation,1
oxford,1
simultaneously,1
grandchildren,1
vegetable,1
profoundness,1
menace,1
understands,1
german,1
jeffersonian,1
forbidding,1
tiger,1
purely,1
destroy,1
doctorate,1
across,1
generations,1
essence,1
remain,1
edward,1
affairs,1
vestige,1
presentation,1
remote,1
abrogation,1
undergraduates,1
goes,1
trite,1
unarmed,1
proportion,1
teacher,1
similar,1
ponder,1
importance,1
brand,1
travels,1
elaborate,1
adept,1
believing,1
read,1
feel,1
consistency,1
raymond,1
means,1
tissue,1
understand,1
favor,1
maryland,1
changes,1
wages,1
anguish,1
preclude,1
execration,1
languages,1
assent,1
otherwise,1
aura,1
astrological,1
wouldn,1
smuggled,1
proved,1
numbers,1
nakedness,1
infinitum,1
slate,1
differs,1
profile,1
situations,1
orientation,1
misconceptions,1
acknowledges,1
origins,1
ugly,1
stripping,1
isolation,1
shorthand,1
defines,1
anecdote,1
requires,1
instance,1
schooling,1
answers,1
solve,1
testify,1
antecedents,1
preference,1
italics,1
trying,1
cultivating,1
boisterous,1
talking,1
arrived,1
gregory,1
result,1
salvage,1
wayward,1
lock,1
based,1
earned,1
whom,1
identifying,1
chapel,1
habits,1
societies,1
scientifically,1
purport,1
africans,1
strength,1
determines,1
access,1
p,1
baton,1
effort,1
out,1
international,1
events,1
mistakenly,1
light,1
tremble,1
believer,1
unions,1
further,1
abandon,1
pure,1
occupation,1
ceases,1
transactions,1
durham,1
let,1
baldly,1
sear,1
vasty,1
keywords,1
fisher,1
attracts,1
devoid,1
sentence,1
defended,1
your,1
provably,1
approached,1
vehicles,1
public,1
hayim,1
died,1
classicus,1
meditation,1
eliminate,1
randolph,1
memory,1
failure,1
well,1
christianity,1
colonies,1
pliant,1
participation,1
seeking,1
correctly,1
revealed,1
carries,1
writers,1
dissatisfaction,1
heart,1
significantly,1
county,1
heavily,1
junko,1
part,1
drew,1
discusses,1
bois,1
explains,1
calls,1
esp,1
related,1
indigenous,1
homier,1
thoughts,1
minority,1
surrounds,1
realm,1
mexicans,1
fail,1
cane,1
literally,1
seated,1
seethed,1
middle,1
repairs,1
earn,1
thereafter,1
bankrupt,1
baggett,1
penalizes,1
reflect,1
schwartz,1
squeezed,1
anything,1
ultimately,1
showing,1
sun,1
martha,1
seaborne,1
won,1
status,1
elephant,1
gracious,1
discordant,1
genealogical,1
boxer,1
hidden,1
count,1
recant,1
manifestation,1
refuse,1
either,1
uniqueness,1
earth,1
change,1
creating,1
caused,1
tight,1
manners,1
anger,1
cold,1
revolution,1
individualism,1
dunning,1
prevalence,1
locus,1
precedents,1
quite,1
hispanophone,1
glare,1
around,1
talents,1
calling,1
enslaved,1
pours,1
mineral,1
dinesh,1
concerns,1
choose,1
untroubled,1
routine,1
policed,1
bathos,1
amor,1
gene,1
obnoxious,1
christians,1
descendants,1
up,1
pang,1
progress,1
purification,1
universities,1
cattle,1
spurious,1
proper,1
credentials,1
appropriate,1
searches,1
actions,1
miserable,1
enjoy,1
rigidity,1
proportioned,1
spare,1
hauled,1
sidney,1
indecorum,1
pertaining,1
rogue,1
demand,1
minor,1
yerushalmi,1
condemnation,1
holds,1
availed,1
patronization,1
strike,1
certified,1
letters,1
hyperbole,1
scientific,1
populations,1
identified,1
logically,1
tedious,1
wendell,1
permits,1
service,1
comparative,1
tempted,1
playground,1
tried,1
deadly,1
framing,1
brings,1
object,1
april,1
evanishment,1
trample,1
converted,1
reconstruction,1
intolerance,1
woods,1
comments,1
unimpeachably,1
blending,1
premises,1
decent,1
southern,1
jesus,1
inhabited,1
unquestioningly,1
religious,1
yosef,1
aggressor,1
single,1
omits,1
twists,1
meritorious,1
ballynahinch,1
foot,1
alleged,1
loaded,1
eyebrows,1
kindly,1
housing,1
hugh,1
refusing,1
beatific,1
sociologists,1
adequate,1
rules,1
retreat,1
joke,1
god,1
neither,1
thesis,1
index,1
jay,1
symptomatic,1
ban,1
orders,1
bind,1
liberty,1
pioneered,1
teaching,1
purity,1
passions,1
baltimore,1
ed,1
colored,1
switch,1
inalienable,1
contempt,1
seesaw,1
department,1
noted,1
williams,1
penalties,1
suzanne,1
worst,1
biondi,1
lewis,1
tractable,1
french,1
comfortable,1
hoax,1
rationalism,1
mentions,1
mark,1
again,1
approaching,1
knowing,1
similarly,1
put,1
inquisition,1
rock,1
added,1
residence,1
mintz,1
water,1
wanting,1
analytical,1
artists,1
insidious,1
valid,1
turner,1
benevolent,1
endless,1
tolerate,1
britons,1
sleep,1
crop,1
leprosy,1
maneuver,1
unknowingly,1
beg,1
cure,1
campus,1
variation,1
man,1
zero,1
sentimentality,1
fasten,1
terry,1
patterns,1
bethell,1
learn,1
spain,1
remarkable,1
differences,1
puerto,1
model,1
discussing,1
hypodescent,1
empire,1
renaissance,1
flesh,1
surveillance,1
practice,1
conviction,1
alchemy,1
misconduct,1
swing,1
charter,1
progressivism,1
eds,1
books,1
reasoning,1
sell,1
guarantees,1
counterpart,1
number,1
degree,1
reminds,1
civilized,1
fight,1
argues,1
statutes,1
classes,1
apt,1
extended,1
discussion,1
coherent,1
examples,1
considering,1
background,1
easier,1
deduces,1
made,1
discovery,1
explanation,1
upon,1
values,1
contours,1
flaw,1
inbred,1
writings,1
concludes,1
bucket,1
greet,1
passes,1
mendelson,1
looking,1
sufficiently,1
identification,1
ruthless,1
louis,1
empirical,1
entirely,1
asian,1
expression,1
illusion,1
worthier,1
dropped,1
unfair,1
telekinesis,1
firearms,1
causes,1
glow,1
questions,1
ethnic,1
maintains,1
nothing,1
individuals,1
pathos,1
full,1
sees,1
eleventh,1
rouge,1
sleight,1
described,1
excused,1
wheel,1
pruning,1
quotation,1
deduce,1
three,1
authors,1
clapper,1
express,1
disguised,1
safety,1
essay,1
logic,1
held,1
defense,1
crisis,1
mixedancestry,1
gelded,1
characterized,1
helpful,1
function,1
gates,1
high,1
mountain,1
unintentionally,1
spirits,1
anyone,1
earlier,1
eagleton,1
indulging,1
sally,1
martin,1
permitting,1
presidential,1
morals,1
exchange,1
gets,1
faith,1
readers,1
especially,1
problems,1
article,1
promote,1
slaveholders,1
eyes,1
catherine,1
anemia,1
slipper,1
craft,1
become,1
sight,1
statesman,1
solidify,1
exactly,1
wreck,1
cooper,1
unites,1
confusing,1
postwar,1
story,1
dividing,1
we,1
embodied,1
outright,1
hope,1
attention,1
la,1
immigration,1
anglophone,1
widely,1
applies,1
offspring,1
performing,1
contradicting,1
rico,1
racialization,1
progeny,1
entail,1
me,1
mitigate,1
today,1
disowning,1
africa,1
independent,1
phillip,1
assert,1
been,1
minorities,1
outsiders,1
consent,1
practitioners,1
bound,1
fear,1
hill,1
inside,1
parent,1
inarticulate,1
leslie,1
outburst,1
referred,1
lost,1
pop,1
seen,1
contrary,1
yale,1
pedigree,1
effectively,1
thirteen,1
transformation,1
ad,1
efficiency,1
inferior,1
commits,1
respect,1
exists,1
get,1
articles,1
arts,1
legitimately,1
grasping,1
attachment,1
meant,1
tribe,1
addressed,1
quantitative,1
operates,1
suggestions,1
seriously,1
persecution,1
punished,1
shadow,1
eventually,1
beast,1
spell,1
forum,1
harlem,1
antecedent,1
conclusion,1
arrest,1
shout,1
circumstances,1
extending,1
contradiction,1
duress,1
speculating,1
confounding,1
known,1
shop,1
physical,1
decorum,1
ralph,1
membership,1
darwin,1
plea,1
phillips,1
expedient,1
here,1
alternative,1
survivals,1
set,1
equation,1
labeling,1
quickly,1
know,1
enters,1
favorably,1
hyperbolic,1
principle,1
commonplace,1
steven,1
commission,1
unambiguously,1
variable,1
capital,1
did,1
best,1
unknown,1
ubiquitous,1
jeanne,1
ungenerous,1
appalachians,1
half,1
luther,1
universal,1
thy,1
draws,1
euphemism,1
abbreviations,1
compliance,1
presumably,1
speculation,1
brazil,1
slipshod,1
asserting,1
benefit,1
underlines,1
accepts,1
proposed,1
works,1
living,1
type,1
dismissing,1
purported,1
defend,1
scholarly,1
march,1
investigation,1
discharge,1
concedes,1
terms,1
tragicmulatto,1
imposed,1
allowance,1
firmly,1
theory,1
ruminations,1
extent,1
woodward,1
studying,1
abruptly,1
require,1
equator,1
balance,1
africanisms,1
suggests,1
kindled,1
size,1
invidiousness,1
unnoticed,1
strain,1
disability,1
braking,1
popular,1
latino,1
burden,1
reabsorb,1
thereby,1
superstition,1
despite,1
datum,1
press,1
became,1
republic,1
innocent,1
publishers,1
plans,1
song,1
confronted,1
condition,1
contribute,1
arguments,1
afflicting,1
ranks,1
colonial,1
qualitative,1
amadou,1
secede,1
shallowness,1
varied,1
pair,1
iberian,1
eric,1
disfranchiser,1
false,1
democracies,1
enslavers,1
models,1
impassioned,1
survival,1
defends,1
entity,1
righteousness,1
vann,1
average,1
boy,1
evasions,1
harm,1
patriae,1
insight,1
instead,1
include,1
proceeding,1
approves,1
boring,1
socially,1
need,1
constructed,1
glass,1
lincoln,1
irreconcilable,1
derive,1
tobacco,1
area,1
peripheries,1
belittling,1
campaign,1
siren,1
elvis,1
blacks,1
endeavors,1
searching,1
potential,1
byways,1
region,1
intone,1
valuable,1
compounded,1
brubaker,1
sharing,1
asymmetry,1
element,1
documentary,1
little,1
treating,1
focus,1
prison,1
north,1
detection,1
famous,1
penal,1
close,1
deeper,1
perpetual,1
