WORDCOUNTS,WEIGHT
the,123
of,92
and,63
to,52
in,49
a,43
that,26
with,16
s,14
this,14
he,11
is,11
history,11
an,11
on,11
as,10
european,9
state,9
sovereignty,9
american,8
for,8
states,7
homicide,7
more,7
address,7
have,7
it,6
process,6
japanese,6
was,6
imperial,6
development,6
his,5
legal,5
their,5
often,5
united,5
murder,5
by,5
sheehan,5
other,5
over,5
political,5
war,5
issue,5
japan,5
ethnography,5
which,5
between,5
film,4
she,4
way,4
how,4
arabia,4
manchukuo,4
force,4
presidential,4
us,4
claims,4
from,4
but,4
too,4
these,4
agents,4
ahr,4
religion,4
cultural,4
british,4
however,4
problem,4
local,4
conception,4
its,4
one,4
self,4
several,4
article,4
be,4
we,4
at,3
not,3
relationship,3
centuries,3
violence,3
into,3
then,3
believed,3
two,3
first,3
beyond,3
social,3
yanagita,3
offers,3
law,3
principle,3
historians,3
rule,3
out,3
historical,3
there,3
took,3
them,3
surveillance,3
particular,3
forum,3
spiritual,3
america,3
monkkonen,3
murderous,3
both,3
asian,3
use,3
largely,3
place,3
has,3
national,3
monopoly,3
essay,3
high,3
satia,3
region,3
when,3
those,3
look,3
than,3
rates,3
south,2
will,2
explanations,2
been,2
medium,2
expansion,2
strategic,2
religious,2
why,2
analysis,2
authority,2
union,2
articles,2
romantic,2
serve,2
mission,2
school,2
or,2
total,2
aerial,2
air,2
nineteenth,2
dale,2
practices,2
being,2
theme,2
explaining,2
followed,2
also,2
shifted,2
strategy,2
control,2
presents,2
had,2
are,2
idea,2
europe,2
inhumanity,2
could,2
essence,2
very,2
persistence,2
late,2
intuitive,2
hand,2
following,2
present,2
reviews,2
making,2
east,2
her,2
while,2
right,2
long,2
some,2
future,2
discussion,2
i,2
middle,2
made,2
explanation,2
upon,2
values,2
elias,2
given,2
through,2
far,2
knowledge,2
role,2
contains,2
expertise,2
aspect,2
story,2
thus,2
our,2
throughout,2
personal,2
ends,2
argument,2
argues,2
reveals,2
manchuria,2
defense,2
would,2
elements,2
nor,2
imagination,2
endowed,2
served,2
ōmachi,2
postwar,2
up,2
world,2
iraq,2
examines,2
contributes,1
courts,1
temporarily,1
may,1
suggest,1
failed,1
threatened,1
rights,1
increasing,1
civilization,1
manchurian,1
now,1
simultaneously,1
second,1
sovereign,1
appropriation,1
today,1
frequent,1
raise,1
note,1
limits,1
no,1
territorial,1
client,1
films,1
continued,1
shedding,1
rather,1
science,1
medieval,1
observers,1
crucial,1
generated,1
slavery,1
destroy,1
jibe,1
ways,1
encompassed,1
lurking,1
across,1
centered,1
indeed,1
positions,1
resisted,1
basic,1
imperatives,1
influential,1
citizens,1
forward,1
urges,1
struggled,1
kunio,1
enfeebled,1
consolidating,1
dealt,1
starts,1
make,1
philadelphia,1
expanded,1
absence,1
persistent,1
experiences,1
federalism,1
standing,1
they,1
legitimacy,1
likewise,1
large,1
derived,1
complex,1
coverage,1
put,1
hold,1
easily,1
life,1
whole,1
special,1
mobility,1
britain,1
expectations,1
lay,1
convictions,1
chivalric,1
pieter,1
once,1
disciples,1
neighborhoods,1
rate,1
aspirations,1
confronts,1
democracy,1
sets,1
yet,1
muted,1
unfolds,1
observer,1
means,1
inaccuracy,1
imperialism,1
determination,1
rebellion,1
solutions,1
suited,1
leave,1
resemble,1
modern,1
nationalistic,1
meant,1
latter,1
realities,1
forth,1
tensions,1
exceptionalism,1
anthropology,1
j,1
founders,1
selective,1
neither,1
western,1
royal,1
mainland,1
literary,1
share,1
included,1
slowly,1
linked,1
perspectives,1
light,1
section,1
singular,1
reviewing,1
impact,1
objectivity,1
traces,1
gradually,1
ethnographic,1
incidences,1
tentative,1
arrest,1
tokuzō,1
version,1
pardons,1
comparison,1
upper,1
already,1
singly,1
insights,1
leads,1
extending,1
show,1
experience,1
provide,1
reliance,1
extensive,1
democratic,1
potential,1
economically,1
reflects,1
rise,1
confront,1
priya,1
poor,1
sketch,1
considers,1
notions,1
obstacles,1
organization,1
sources,1
hence,1
invention,1
continent,1
lead,1
spiritually,1
besides,1
policing,1
inexorable,1
priorities,1
norbert,1
here,1
questions,1
centralizing,1
airpower,1
omission,1
imminent,1
challenge,1
helped,1
accustomed,1
important,1
military,1
decided,1
association,1
trained,1
might,1
counsel,1
spend,1
rapid,1
meaning,1
rare,1
emerged,1
dubois,1
all,1
addition,1
official,1
nature,1
analytical,1
asia,1
cultures,1
uses,1
variegated,1
came,1
anything,1
based,1
shows,1
global,1
confident,1
reach,1
shaped,1
book,1
cruelty,1
consideration,1
fundamental,1
explains,1
did,1
manliness,1
assertion,1
inherent,1
wedded,1
search,1
simple,1
perennially,1
surprisingly,1
spierenburg,1
tumbling,1
imaginary,1
unpack,1
time,1
exploiting,1
superstate,1
found,1
able,1
eric,1
new,1
unevenness,1
quintessential,1
onto,1
criticisms,1
carolina,1
associated,1
variation,1
survey,1
subscribing,1
pertinent,1
away,1
nevertheless,1
help,1
past,1
great,1
observes,1
machismo,1
edwardian,1
rural,1
brake,1
abortive,1
rhetoric,1
honor,1
question,1
pending,1
antebellum,1
concrete,1
readers,1
date,1
justify,1
do,1
cautions,1
dismissed,1
ground,1
tales,1
pointing,1
understood,1
investigations,1
scholarly,1
discipline,1
somewhat,1
where,1
intelligence,1
empire,1
treat,1
aiming,1
context,1
tragedy,1
interwar,1
terms,1
form,1
companies,1
discord,1
growing,1
case,1
documenting,1
imposed,1
takes,1
males,1
record,1
disarmament,1
democratization,1
wartime,1
striving,1
judicial,1
explain,1
theory,1
central,1
design,1
leaving,1
leniently,1
lenient,1
public,1
commercial,1
getting,1
sought,1
day,1
such,1
reminds,1
well,1
shape,1
bombardment,1
years,1
retribution,1
information,1
without,1
uneven,1
image,1
possible,1
private,1
conform,1
urban,1
literature,1
unworthy,1
work,1
shared,1
popular,1
restraints,1
considering,1
powers,1
own,1
universities,1
insight,1
dissatisfaction,1
circumstances,1
inaccuracies,1
claim,1
imagined,1
prized,1
code,1
communities,1
taking,1
attachments,1
agencies,1
combination,1
met,1
point,1
part,1
excesses,1
justifications,1
establishment,1
devising,1
resources,1
laws,1
content,1
apparent,1
accused,1
remarkable,1
manifestations,1
pedagogical,1
nation,1
along,1
enforcement,1
comments,1
turns,1
concern,1
elizabeth,1
must,1
confronted,1
generals,1
persisted,1
transcendent,1
collection,1
during,1
james,1
began,1
issues,1
demonstrates,1
vigilantism,1
immediately,1
warranted,1
people,1
relevance,1
gain,1
pan,1
actual,1
varied,1
precision,1
continue,1
examination,1
documented,1
proceeds,1
sees,1
enlighten,1
review,1
sanctioned,1
connected,1
institution,1
formation,1
synthetic,1
participate,1
historically,1
students,1
continuities,1
showing,1
few,1
only,1
representations,1
low,1
aha,1
ethnicity,1
biblical,1
polity,1
three,1
malinowski,1
twentieth,1
paradigm,1
realized,1
accepts,1
acknowledges,1
inadequate,1
movies,1
appropriate,1
finally,1
gaining,1
civilizing,1
incompleteness,1
relatively,1
reminding,1
relations,1
custom,1
david,1
include,1
blend,1
sense,1
land,1
sentences,1
below,1
discover,1
so,1
parts,1
recast,1
empathetic,1
pay,1
undying,1
century,1
politically,1
order,1
contrast,1
recourse,1
after,1
thing,1
unity,1
quite,1
cases,1
heart,1
thomas,1
remains,1
specifically,1
increased,1
resorting,1
handful,1
disarmed,1
opposition,1
legacy,1
academic,1
favored,1
especially,1
consensus,1
supported,1
insider,1
outside,1
exemplifies,1
concerns,1
highly,1
folk,1
lawyers,1
inscrutable,1
presence,1
dramatic,1
relation,1
research,1
emphasized,1
protect,1
monkennen,1
usual,1
villages,1
ecclesiastical,1
tended,1
monopolization,1
yielded,1
era,1
find,1
january,1
early,1
progress,1
suspend,1
even,1
little,1
fabricated,1
proper,1
much,1
among,1
occupied,1
intelligent,1
recent,1
traditions,1
patterns,1
guard,1
chinese,1
delivered,1
meeting,1
attention,1
influence,1
destructive,1
race,1
customs,1
unfortunate,1
criminal,1
bolstered,1
discern,1
bronislaw,1
