WORDCOUNTS,WEIGHT
the,983
of,846
and,622
in,516
to,473
a,433
or,318
that,267
is,264
it,199
as,186
for,150
be,138
may,113
history,112
not,110
an,109
one,105
with,97
s,94
but,86
this,84
reading,83
which,83
on,83
more,76
at,69
its,68
by,59
are,59
historical,59
meaning,58
experience,54
even,54
research,52
from,50
such,49
de,46
new,43
review,40
certain,40
his,40
language,40
see,39
would,39
american,37
their,37
other,36
has,35
into,34
i,34
have,34
historian,33
text,33
between,33
man,32
sense,31
critical,31
also,31
through,31
object,30
manner,30
writing,30
texts,30
they,29
june,29
deconstruction,29
what,29
role,29
derrida,28
example,28
past,28
intellectual,27
if,26
about,26
exchange,26
theory,26
out,25
work,25
should,25
historiography,24
was,24
approach,24
trauma,24
all,23
adams,23
than,23
dialogic,23
moreover,23
less,23
does,22
there,22
some,22
literary,22
most,22
own,22
indeed,22
only,22
itself,22
problem,22
york,21
important,21
often,21
those,21
who,21
any,21
practice,21
lacapra,21
historians,20
these,20
least,20
can,20
simply,20
inquiry,20
them,20
turn,19
rather,19
interpretation,19
we,19
dominick,19
problems,19
both,19
being,18
narrative,18
criticism,18
time,18
times,18
relation,18
question,18
recent,18
attempt,17
thus,17
crillon,17
toews,17
my,17
well,17
he,17
present,17
significant,17
especially,17
terms,17
trans,16
might,16
nature,16
reconstruction,16
no,16
documents,16
tendency,16
been,16
way,15
reference,15
sloane,15
here,15
different,15
form,15
within,14
very,14
possibility,14
when,14
play,14
contemporary,14
perhaps,14
so,14
science,14
problematic,14
whether,14
extent,14
paradigm,14
typically,14
point,13
notion,13
discussion,13
questions,13
style,13
democracy,12
notably,12
objectivity,12
cannot,12
however,12
read,12
paul,12
others,12
synoptic,12
strong,12
holocaust,11
modern,11
henry,11
discipline,11
possible,11
speculative,11
basic,11
procedures,11
because,11
literature,11
status,11
practices,11
still,11
culture,11
do,11
taylor,11
were,11
him,11
must,11
seem,11
while,11
voice,11
argument,11
philosophy,11
linguistic,10
tend,10
misreading,10
conception,10
general,10
insofar,10
edward,10
process,10
generally,10
view,10
reader,10
social,10
discourse,10
nietzsche,10
yet,10
french,10
many,10
how,10
model,10
understanding,10
including,10
use,10
story,10
crucial,10
redemptive,10
freud,9
limits,9
sublime,9
sources,9
take,9
case,9
takes,9
himself,9
ithaca,9
importance,9
self,9
n,9
esp,9
related,9
contrast,9
aschheim,9
brings,9
thought,9
us,9
issues,9
like,9
become,9
seen,9
disseminatory,9
argue,9
ideological,9
level,9
given,9
mode,9
deconstructive,9
difficult,8
common,8
extreme,8
desirable,8
relations,8
response,8
traumatic,8
restricted,8
place,8
forces,8
count,8
working,8
attention,8
society,8
will,8
seemingly,8
makes,8
acting,8
creative,8
forms,8
another,8
essay,8
period,8
distinction,8
article,8
study,8
provide,8
dimensions,8
repressed,8
over,8
conventional,8
phenomenon,8
involves,8
need,8
ways,7
our,7
something,7
either,7
voices,7
processes,7
taken,7
possibilities,7
book,7
mind,7
context,7
mass,7
radical,7
representing,7
goal,7
experiences,7
against,7
perspective,7
means,7
traces,7
acceptable,7
lead,7
memory,7
aspects,7
concept,7
knowledge,7
resistance,7
am,7
various,7
same,7
baltimore,7
two,7
disciplinary,7
death,7
paris,7
where,7
necessary,7
eds,7
explicitly,7
free,7
identity,7
empirical,7
full,7
profession,7
individual,7
inquirers,7
latter,7
analysis,7
respect,7
then,7
principle,7
best,7
ahr,7
generalized,7
calif,7
subject,7
assumptions,7
cambridge,7
internally,7
jacques,7
course,7
although,7
values,7
involving,7
now,6
berkeley,6
determine,6
complex,6
contextualization,6
approaches,6
position,6
first,6
great,6
fully,6
hybridized,6
issue,6
rewriting,6
account,6
politics,6
geertz,6
interest,6
victims,6
term,6
kind,6
priority,6
unity,6
transference,6
cultural,6
opposition,6
prominent,6
novels,6
event,6
make,6
indicates,6
movement,6
repression,6
fact,6
idea,6
john,6
never,6
range,6
concern,6
findings,6
open,6
after,6
james,6
binary,6
becomes,6
evident,6
subordinate,6
prevalent,6
specific,6
archival,6
e,5
had,5
seems,5
psychoanalysis,5
somewhat,5
marked,5
activity,5
hegel,5
since,5
author,5
relatively,5
cases,5
y,5
pronounced,5
active,5
earlier,5
supplement,5
reason,5
insistence,5
psychoanalytic,5
beyond,5
requires,5
aporia,5
method,5
signification,5
m,5
bearing,5
could,5
difficulty,5
called,5
further,5
poststructural,5
having,5
basis,5
repetition,5
part,5
denial,5
graduate,5
change,5
successful,5
field,5
exclude,5
always,5
up,5
valuable,5
matter,5
nonetheless,5
under,5
metahistory,5
minneapolis,5
desire,5
norms,5
made,5
significance,5
high,5
provides,5
excess,5
professional,5
relationship,5
indiscriminate,5
life,5
class,5
poetics,5
education,5
articles,5
extensive,5
sciences,5
hyperbolic,5
tendencies,5
written,5
works,5
writes,5
information,5
phenomena,5
recognition,5
content,5
representation,5
conditions,5
frame,5
extremely,5
madison,5
remains,5
repeat,5
historicism,5
debate,5
little,5
among,5
close,5
archives,4
later,4
truth,4
group,4
word,4
historicai,4
easily,4
studies,4
resistances,4
controlled,4
leads,4
intentions,4
concepts,4
address,4
principles,4
tradition,4
procedure,4
real,4
state,4
protocols,4
robert,4
political,4
dissemination,4
condition,4
october,4
obvious,4
combination,4
dialogized,4
quality,4
objective,4
characteristic,4
large,4
concerning,4
journal,4
critique,4
act,4
statements,4
induces,4
l,4
public,4
en,4
explicit,4
reinforce,4
tensions,4
transferential,4
placed,4
bersani,4
too,4
age,4
based,4
critically,4
p,4
relating,4
philosophical,4
inaugural,4
shall,4
war,4
silence,4
appears,4
network,4
future,4
ideal,4
framed,4
genre,4
loss,4
used,4
mise,4
holy,4
revolution,4
involve,4
order,4
quite,4
hermeneutics,4
power,4
bringing,4
put,4
reception,4
tends,4
direction,4
chap,4
dialectical,4
ed,4
volume,4
mark,4
purely,4
longer,4
exclusion,4
enable,4
simple,4
enough,4
material,4
books,4
number,4
desires,4
subjectivity,4
helps,4
writings,4
soubiron,4
sees,4
theoretical,4
lyotard,4
points,4
good,4
internal,4
attendant,4
relative,4
applies,4
european,4
imply,4
perspectives,4
ordinary,4
dialogism,4
indicate,4
fall,4
hope,4
articulations,4
preface,4
accordance,4
symbolic,4
objects,4
md,4
dimension,4
steven,4
compulsively,4
did,4
better,4
investigation,4
combined,4
making,4
almost,4
radically,4
disciplines,4
come,4
until,4
difference,4
discursive,4
evidence,4
states,4
charles,4
themselves,4
early,4
much,4
signifier,4
memorials,3
traumas,3
combine,3
introduction,3
germany,3
denied,3
drastically,3
essays,3
h,3
bias,3
readily,3
contexts,3
journalism,3
give,3
attempts,3
asserts,3
england,3
together,3
reasons,3
reveal,3
deemed,3
help,3
introduces,3
precisely,3
rethinking,3
sophisticated,3
autonomous,3
arrive,3
saying,3
santner,3
geared,3
lures,3
variations,3
implications,3
conflict,3
facts,3
difficulties,3
inner,3
ability,3
elements,3
nor,3
elicit,3
emphases,3
scott,3
pure,3
performative,3
operative,3
influence,3
mourning,3
newer,3
employ,3
ruins,3
briefly,3
without,3
bring,3
remain,3
mean,3
conceptions,3
cockfight,3
goes,3
accurate,3
fixated,3
rigor,3
gesture,3
leave,3
direct,3
pp,3
irreducibility,3
determination,3
theorists,3
postmodern,3
established,3
disrupts,3
presumably,3
specify,3
harmonizing,3
orientation,3
monographic,3
dialectic,3
readings,3
reductive,3
helped,3
uses,3
found,3
projection,3
young,3
relate,3
phenomenology,3
indirect,3
structure,3
distinguish,3
writers,3
secret,3
positions,3
compulsive,3
t,3
specificity,3
autonomy,3
concerns,3
brought,3
reprocessing,3
boundaries,3
articulation,3
woolf,3
value,3
paradoxically,3
threatened,3
reduced,3
stronger,3
gender,3
brian,3
abyss,3
limited,3
whatever,3
manifest,3
coherence,3
observer,3
requiring,3
homogeneous,3
reports,3
quotations,3
foucault,3
lucid,3
metaphysical,3
toward,3
addition,3
contestable,3
lack,3
areas,3
treatment,3
abstract,3
debates,3
doubt,3
ironic,3
discussed,3
remarkable,3
constative,3
deep,3
controversy,3
fashion,3
meaningful,3
skepticism,3
novick,3
totalizing,3
aesthetics,3
rare,3
check,3
theories,3
initiatives,3
theses,3
reality,3
monologic,3
authors,3
professionalization,3
controversies,3
function,3
responses,3
narcissistic,3
dialogue,3
witness,3
topics,3
constructive,3
la,3
uncritical,3
emulates,3
reliable,3
kaplan,3
raise,3
note,3
invokes,3
movements,3
vision,3
testing,3
attitude,3
lost,3
force,3
understand,3
contribution,3
anxiety,3
try,3
responsible,3
construction,3
united,3
sound,3
addressed,3
redemption,3
complexity,3
precise,3
minn,3
sustained,3
alternative,3
control,3
clifford,3
reversal,3
believe,3
contextual,3
associations,3
shoah,3
consciousness,3
caricature,3
merely,3
ideally,3
insistent,3
william,3
statement,3
her,3
projective,3
require,3
textualized,3
phenomenological,3
emphasis,3
popular,3
sea,3
measure,3
hybridization,3
disconcerting,3
allows,3
think,3
synopsis,3
justifiably,3
write,3
define,3
d,3
sacrificial,3
writer,3
effects,3
limitations,3
balinese,3
association,3
rejection,3
chasms,3
develop,3
focus,3
signals,3
unpredictable,2
objectifying,2
final,2
emulate,2
periods,2
supplements,2
sigmund,2
respected,2
situate,2
ethics,2
concerned,2
implying,2
responds,2
commentary,2
insufficiently,2
fiction,2
revolutionary,2
alone,2
expect,2
becoming,2
properly,2
mankind,2
informative,2
likely,2
cherished,2
formalism,2
conscious,2
lucidly,2
western,2
necessarily,2
pose,2
variants,2
tells,2
positionality,2
synthesis,2
women,2
negative,2
scapegoating,2
aside,2
hence,2
caroline,2
certainly,2
preceding,2
interests,2
blunders,2
interested,2
ii,2
zizek,2
actual,2
zammito,2
definition,2
laughter,2
validating,2
leading,2
secondary,2
exceptionally,2
paranoia,2
thank,2
witnessing,2
justifiable,2
roland,2
analyses,2
normative,2
senses,2
follows,2
inherent,2
able,2
substantive,2
concludes,2
stand,2
raised,2
construe,2
techniques,2
papers,2
seminar,2
unconscious,2
acknowledged,2
establishes,2
unmediated,2
inquire,2
gaps,2
assertions,2
formulation,2
referents,2
sexual,2
discuss,2
nazi,2
retain,2
vol,2
utopian,2
fetishism,2
bloom,2
functions,2
insight,2
richard,2
mastery,2
literal,2
apply,2
engage,2
sign,2
perplexed,2
signal,2
exist,2
repeatedly,2
human,2
constitutive,2
mutually,2
collapse,2
bracketed,2
plato,2
delimit,2
redeemed,2
development,2
inevitable,2
run,2
hierarchy,2
g,2
integral,2
police,2
savages,2
moment,2
raises,2
crapanzano,2
associative,2
felman,2
bemoans,2
theorized,2
topic,2
century,2
marxism,2
remembering,2
religious,2
places,2
depend,2
back,2
contrary,2
highest,2
modernity,2
suitable,2
third,2
truly,2
find,2
formulate,2
explore,2
obscure,2
look,2
apparently,2
belongs,2
guard,2
arises,2
infinite,2
master,2
unfortunate,2
error,2
virtual,2
mechanisms,2
permits,2
civilization,2
textually,2
displacement,2
recognized,2
whose,2
german,2
genuinely,2
identification,2
clinical,2
across,2
joan,2
influential,2
appreciation,2
comparable,2
completely,2
walker,2
jonathan,2
aphoristic,2
special,2
elaborate,2
distant,2
white,2
awareness,2
dismiss,2
factors,2
periodic,2
uncanny,2
martin,2
accounts,2
changes,2
invalidates,2
romantic,2
university,2
consider,2
possibly,2
les,2
fast,2
descent,2
black,2
clearly,2
section,2
just,2
edition,2
frequently,2
unproblematic,2
prevent,2
show,2
democratic,2
origins,2
follow,2
linkage,2
shoshana,2
dominant,2
pocock,2
cut,2
opponents,2
remembered,2
reprinted,2
questioned,2
allow,2
relived,2
allusive,2
juncture,2
melancholia,2
effort,2
secularized,2
beckett,2
pass,2
events,2
initial,2
confronts,2
understood,2
informed,2
reviews,2
recently,2
intensity,2
propagandistic,2
wherein,2
oppositions,2
outside,2
instrumental,2
required,2
harmonized,2
creates,2
ludic,2
specifically,2
directly,2
already,2
claim,2
undercutting,2
r,2
psychological,2
london,2
training,2
confined,2
authenticity,2
describe,2
discussions,2
inherited,2
broad,2
collective,2
constitute,2
people,2
et,2
improvisation,2
anything,2
cat,2
entails,2
interpreted,2
conform,2
feast,2
following,2
towards,2
tensely,2
misplaced,2
rewritten,2
massacre,2
near,2
folie,2
instituted,2
questionable,2
speculations,2
exclusionary,2
le,2
relevant,2
involved,2
small,2
bind,2
few,2
theorist,2
essentially,2
chicago,2
methodological,2
inability,2
hayden,2
world,2
threatens,2
reducing,2
activities,2
seemed,2
community,2
erring,2
commodification,2
defended,2
second,2
situation,2
critics,2
demand,2
minor,2
resist,2
noble,2
bakhtin,2
scientific,2
identified,2
lukacs,2
separation,2
predecessors,2
gathering,2
irony,2
description,2
return,2
unconsciously,2
attaching,2
positioned,2
judgment,2
intervention,2
modes,2
positive,2
hollywood,2
worked,2
once,2
excessively,2
double,2
intense,2
move,2
hegemonic,2
banalized,2
undoing,2
objectified,2
j,2
neither,2
jay,2
symptom,2
lieux,2
shock,2
shifting,2
ideology,2
deliver,2
joins,2
darnton,2
rape,2
psyche,2
reliance,2
increasingly,2
assimilated,2
transvaluation,2
members,2
abjection,2
name,2
recall,2
assert,2
again,2
available,2
ask,2
saussure,2
signified,2
investigates,2
shows,2
conduct,2
endless,2
glories,2
break,2
everything,2
overwhelmingly,2
imperfect,2
observes,2
serious,2
chevalier,2
deceptive,2
obscures,2
hold,2
establish,2
ultimately,2
native,2
belief,2
gives,2
reconciled,2
revises,2
transparent,2
historiographical,2
annoyed,2
original,2
hermeneutic,2
classes,2
massumi,2
picaresque,2
treated,2
escape,2
hint,2
mere,2
looking,2
sufficiently,2
judge,2
quest,2
medium,2
louis,2
elucidated,2
entirely,2
virtually,2
refers,2
aporias,2
renunciation,2
apodictic,2
ideas,2
nothing,2
stay,2
predictable,2
disclosive,2
relegated,2
undecidable,2
jazz,2
crises,2
stress,2
comprehensive,2
michel,2
sensitivity,2
virtues,2
peter,2
amounts,2
allowed,2
powerful,2
revised,2
stresses,2
unintentionally,2
indiscriminately,2
standard,2
thomas,2
imagination,2
repeated,2
why,2
decide,2
cogent,2
commentators,2
evolutionary,2
interpretations,2
greatly,2
apologetic,2
effect,2
postwar,2
implication,2
dominance,2
guattari,2
haven,2
destruction,2
delimited,2
stereotypes,2
attended,2
ethic,2
upset,2
differend,2
imperialistic,2
esteemed,2
pay,2
today,2
tentative,2
lacan,2
she,2
independent,2
contestations,2
george,2
shell,2
impressive,2
practitioners,2
prose,2
vague,2
primarily,2
institutions,2
sensitive,2
directions,2
insist,2
transformed,2
translation,2
render,2
philosopher,2
interplay,2
recognize,2
paradoxical,2
nuance,2
types,2
arbitrary,2
face,2
empathy,2
erudite,2
eugene,2
striving,2
matters,2
growing,2
comes,2
series,2
changing,2
known,2
dubious,2
consensus,2
narrowly,2
carl,2
swindler,2
know,2
natural,2
continental,2
languages,2
cultures,2
inclined,2
presence,2
reminiscent,2
report,2
foundation,2
particularly,2
losses,2
metaphysics,2
exhaustive,2
rely,2
primary,2
bynum,2
charged,2
knows,2
poses,2
reactions,2
soundings,2
meticulous,2
validate,2
flaubert,2
dream,2
fascination,2
getting,2
secure,2
agents,2
yield,2
virginia,2
art,2
des,2
necessity,2
probing,2
unavoidable,2
decisive,2
introduced,2
musician,2
giving,2
returning,2
contribute,2
acknowledges,2
reconstruct,2
divided,2
mention,2
coming,2
satisfying,2
construed,2
terminal,2
abime,2
eric,2
facile,2
shown,2
deceptively,2
reveals,2
conn,2
samuel,2
deleuze,2
crisis,2
register,2
satisfactory,2
instead,2
repressing,2
integrated,2
land,2
heidegger,2
displaced,2
seeks,2
presenting,2
typology,2
comparison,2
inclination,2
evoked,2
potential,2
distinctions,2
reductionism,2
carnivalesque,2
proaches,2
scholarship,2
transitory,2
views,2
puts,2
element,2
instance,2
entire,2
divergent,2
appealing,2
conventions,2
observed,2
doing,2
roles,2
race,2
antidote,2
thorough,2
ending,1
margins,1
barbara,1
formulated,1
marcus,1
anarchistic,1
appropriation,1
surround,1
done,1
revisionist,1
validation,1
doubts,1
deny,1
page,1
flow,1
frequent,1
generalization,1
butler,1
declared,1
astounded,1
avoiding,1
inaccurate,1
nihilistic,1
indicated,1
stylistic,1
threadbare,1
pull,1
tropics,1
vienna,1
edouard,1
prompts,1
facade,1
praised,1
intricate,1
dangers,1
performativity,1
problematization,1
elaborating,1
enjoins,1
episodes,1
accords,1
ferdinand,1
legitimate,1
happen,1
glas,1
stylization,1
loewenberg,1
variety,1
eliminated,1
ultimate,1
fragmented,1
memoire,1
kant,1
manuscript,1
obliquely,1
berlin,1
passing,1
sympathetic,1
unsuccessful,1
alluded,1
willed,1
reflection,1
juxtaposition,1
summarizing,1
harks,1
saved,1
kinds,1
rethink,1
jews,1
dejasmin,1
myth,1
confidence,1
substantively,1
identify,1
pierre,1
conkin,1
obscurantist,1
historicisms,1
openness,1
philippe,1
positivistic,1
english,1
strictly,1
inhibits,1
tense,1
laborieuses,1
soap,1
iichiko,1
interweave,1
favor,1
lavished,1
satisfied,1
flows,1
considerations,1
spirit,1
abrams,1
opposites,1
ideals,1
policy,1
metametaphysical,1
potentials,1
irishman,1
presents,1
v,1
laid,1
macksey,1
postdeconstructive,1
fruitful,1
finely,1
induced,1
thematic,1
contested,1
proliferating,1
revision,1
relativism,1
uplifting,1
attuned,1
affects,1
princeton,1
overhauled,1
strikes,1
du,1
broaches,1
contact,1
invalidated,1
baker,1
test,1
ecstatic,1
diffusion,1
said,1
came,1
member,1
subjective,1
invoking,1
gap,1
decidedly,1
alsojohn,1
conforms,1
leon,1
philosophers,1
titles,1
long,1
infiltrates,1
constituting,1
rilke,1
abz,1
beautifully,1
aufgehoben,1
posed,1
enacts,1
production,1
gilles,1
victim,1
exclusive,1
exaggerated,1
medieval,1
introduce,1
originally,1
rested,1
spencer,1
saul,1
represented,1
refusal,1
irrelevance,1
reduction,1
downplay,1
rational,1
stem,1
results,1
official,1
departure,1
words,1
memorial,1
affirmed,1
divinity,1
reprocess,1
disconfirmation,1
shaped,1
europe,1
copy,1
down,1
belong,1
equivocal,1
harmoniously,1
display,1
feminism,1
predated,1
differences,1
geoff,1
agitate,1
origin,1
indifferent,1
aesthetic,1
preoccupied,1
government,1
balzac,1
service,1
closer,1
located,1
generalizations,1
prepossessing,1
court,1
exhilaration,1
unadorned,1
ough,1
analyst,1
subsequent,1
victimage,1
maurice,1
carrard,1
invoked,1
deraison,1
trashed,1
replicated,1
fullest,1
respond,1
remainder,1
classified,1
normal,1
embody,1
invalid,1
abbeele,1
improvises,1
revise,1
checked,1
hostile,1
confused,1
fascism,1
nazism,1
intersection,1
masochistic,1
keenan,1
system,1
epistemological,1
explosively,1
concealed,1
employs,1
subdisciplines,1
side,1
est,1
fortune,1
resemblances,1
ascribed,1
advocates,1
existence,1
suspect,1
plain,1
besides,1
inadequate,1
psychohistorical,1
significations,1
morison,1
foundational,1
conventionality,1
money,1
draws,1
beard,1
histoire,1
exceedingly,1
reciprocally,1
america,1
neil,1
ventures,1
reconsideration,1
undercut,1
neutralize,1
custom,1
mythology,1
cadava,1
hamacher,1
reassembled,1
prior,1
cares,1
fruition,1
implies,1
determined,1
compelling,1
leo,1
stance,1
ethical,1
tortuous,1
goethe,1
characterize,1
agonistic,1
transfiguration,1
establishing,1
lies,1
reaction,1
solely,1
reduce,1
nachtrdglich,1
investigator,1
arenas,1
transcend,1
west,1
exemplars,1
aram,1
invited,1
peggy,1
say,1
conceptual,1
stash,1
decoding,1
intelligent,1
dosage,1
eventuates,1
grandiose,1
selecting,1
along,1
constrained,1
considerably,1
enter,1
demanded,1
pain,1
ritual,1
minimum,1
confessions,1
letter,1
fixation,1
abode,1
harold,1
complicating,1
aggression,1
remainders,1
usage,1
ideologically,1
learned,1
relies,1
central,1
diversity,1
phallocentrism,1
exercises,1
includes,1
accessible,1
identities,1
search,1
conflate,1
inclusively,1
historically,1
kamuf,1
accuracy,1
schorske,1
component,1
severe,1
traumatizing,1
dynamics,1
attest,1
reject,1
bracket,1
prevails,1
rorschach,1
coda,1
supports,1
analyzing,1
pursuit,1
helen,1
assumes,1
silent,1
agent,1
novelistic,1
bodily,1
dynamic,1
divine,1
buzz,1
center,1
sharp,1
santa,1
natalie,1
projectively,1
participating,1
signifiers,1
application,1
analystanalysand,1
matejka,1
blatant,1
convention,1
ameliorative,1
preparation,1
structuralist,1
seeming,1
assured,1
dealings,1
overly,1
expected,1
placid,1
empathetically,1
z,1
surrealism,1
affairs,1
nazis,1
ladislav,1
plausibility,1
objectivist,1
defense,1
old,1
blame,1
phantasmatic,1
footnotes,1
document,1
refer,1
unassimilated,1
belabored,1
alcoff,1
body,1
nodal,1
boundary,1
six,1
extraordinary,1
oxford,1
recalls,1
putative,1
provisional,1
immobilizing,1
outweigh,1
attests,1
condensation,1
compared,1
arranged,1
left,1
relates,1
labile,1
brackets,1
drives,1
despair,1
seriousness,1
publications,1
determinations,1
mechanical,1
heightened,1
undertaking,1
committing,1
overarching,1
child,1
men,1
checks,1
suitability,1
dispensable,1
authenticated,1
student,1
parochialism,1
unreadable,1
problematizing,1
details,1
lookout,1
propositions,1
convictions,1
monological,1
traditions,1
averting,1
simplistic,1
terror,1
occasion,1
adult,1
mikhail,1
rebarbative,1
generation,1
acted,1
subversion,1
acknowledge,1
totalization,1
incredulity,1
downcast,1
foreclose,1
react,1
readable,1
grasp,1
next,1
speech,1
perfect,1
jean,1
phases,1
phantasmagoria,1
natur,1
van,1
gravitate,1
affiliations,1
site,1
biography,1
steps,1
deviation,1
exhaustively,1
evinced,1
escaped,1
sue,1
philadelphia,1
avoids,1
wishes,1
adequate,1
added,1
essential,1
prominence,1
oneiric,1
deferral,1
friedlander,1
frustration,1
marginalizes,1
synthesizing,1
policing,1
surreptitiously,1
ernst,1
sessions,1
postulate,1
performance,1
crooked,1
main,1
superficial,1
centered,1
magisterial,1
occurring,1
developed,1
adds,1
compatible,1
presupposed,1
illustration,1
aggressive,1
particularistic,1
paths,1
mitigates,1
provocation,1
sublated,1
preparing,1
doctrine,1
capture,1
presentation,1
myself,1
incapacitate,1
georges,1
environments,1
signaled,1
fed,1
phrases,1
granted,1
expectably,1
auguste,1
probability,1
proportion,1
loses,1
sprechens,1
similar,1
derived,1
induce,1
bryan,1
assuming,1
institutionalized,1
pages,1
enacted,1
envision,1
adversaries,1
falsity,1
sequitur,1
repeats,1
mystres,1
summarized,1
bibliographical,1
practicing,1
overlooked,1
consequences,1
nuances,1
precious,1
poetique,1
addressing,1
contestation,1
latency,1
fantasy,1
modified,1
establishment,1
category,1
genius,1
accomplishing,1
conformed,1
colonizing,1
developments,1
applied,1
donato,1
bad,1
want,1
recuperating,1
wanted,1
praise,1
marks,1
metonymy,1
gain,1
dichotomy,1
washed,1
triumphant,1
entry,1
encourages,1
frederick,1
retained,1
talk,1
intertwined,1
caveat,1
sphere,1
seeing,1
abuses,1
exciting,1
sacredindeed,1
ebranlement,1
elsewhere,1
allocation,1
typifies,1
marking,1
former,1
phonemes,1
subdominant,1
quoted,1
k,1
allude,1
inextricable,1
shore,1
accessibility,1
quarters,1
w,1
solid,1
xi,1
situations,1
presumed,1
four,1
inhuman,1
interpreter,1
communities,1
suspiciously,1
motivates,1
commented,1
prima,1
embedded,1
pains,1
severed,1
autonomized,1
undeveloped,1
submerged,1
vernunft,1
followed,1
punctually,1
modeled,1
believes,1
dramatized,1
consequence,1
stark,1
preferably,1
improvisational,1
apocalypse,1
exploitation,1
asks,1
appropriations,1
permanent,1
eventuate,1
rendered,1
plight,1
arguable,1
dilthey,1
sun,1
care,1
escapes,1
vehicles,1
nealon,1
metaphoric,1
strategy,1
coincide,1
tyranny,1
providing,1
humility,1
disclosed,1
advocated,1
sorciere,1
methodology,1
denounce,1
underexploited,1
disappeared,1
oppositional,1
reflections,1
empowers,1
redeeming,1
adieu,1
countervailing,1
belatedly,1
character,1
opening,1
palmer,1
parallel,1
result,1
closely,1
advance,1
treating,1
whom,1
expunge,1
tendentiously,1
priori,1
assimilation,1
premise,1
concentration,1
avenue,1
majdanek,1
fortunes,1
histories,1
opposing,1
rule,1
falls,1
ascription,1
strength,1
homogenizing,1
typical,1
enigmatic,1
inappropriate,1
combinations,1
baton,1
gayatri,1
foreground,1
confinement,1
solicits,1
lived,1
generates,1
changed,1
deal,1
format,1
intellectuals,1
shared,1
prepare,1
cannibalize,1
repress,1
curiosity,1
facilitate,1
criticisms,1
dispute,1
reiterate,1
light,1
symbolically,1
thejews,1
noting,1
denigration,1
bizarre,1
configuration,1
eliot,1
melancholy,1
captured,1
feasibility,1
pitfalls,1
representative,1
unintelligible,1
overcome,1
symptoms,1
creating,1
academic,1
abyssal,1
danger,1
culler,1
afternoon,1
fourth,1
equally,1
partorias,1
recuperable,1
prompt,1
criteria,1
immolating,1
equal,1
effective,1
technical,1
precaution,1
sentimental,1
rousseau,1
contestatory,1
stressing,1
mediated,1
reservation,1
uncultivated,1
connotations,1
interruption,1
misleading,1
divide,1
substantiate,1
imputes,1
pertinence,1
kristeva,1
experimental,1
grounds,1
energy,1
vivid,1
safe,1
record,1
avoid,1
bataille,1
emulating,1
spiritual,1
perform,1
confirmation,1
roudiez,1
intensely,1
explain,1
herdlike,1
practise,1
professionals,1
tracking,1
sacrifice,1
classicus,1
honore,1
property,1
cows,1
foregrounds,1
eliminate,1
wants,1
influenced,1
receive,1
wallach,1
shape,1
sites,1
refiguring,1
designed,1
eduardo,1
cheers,1
differ,1
figurative,1
spheres,1
correctly,1
justly,1
modesty,1
makers,1
artifacts,1
eugenio,1
gains,1
evolutions,1
publish,1
gossman,1
paraphrase,1
received,1
vincent,1
nostalgically,1
subtends,1
subjectpositions,1
blindly,1
cure,1
positivism,1
inapplicable,1
characterization,1
purpose,1
substantiating,1
devising,1
stimulating,1
objectifity,1
calls,1
edn,1
tune,1
riveted,1
minority,1
criticized,1
preserving,1
texture,1
repeating,1
annabel,1
eurocentric,1
whole,1
generalizing,1
tale,1
consistently,1
michael,1
instinctive,1
obscured,1
editorial,1
inferences,1
flight,1
contains,1
warranted,1
actually,1
simulates,1
anxieties,1
runs,1
scare,1
operas,1
rashly,1
examined,1
routinized,1
deconstructionists,1
egan,1
situates,1
intertextual,1
personal,1
focuses,1
away,1
employed,1
il,1
obviates,1
showing,1
project,1
psychosomatic,1
genet,1
stanford,1
strengths,1
wordplay,1
alan,1
president,1
lionel,1
challenging,1
weeks,1
constitutively,1
impasse,1
invasiveness,1
prices,1
someone,1
enclosures,1
independently,1
solution,1
legacy,1
construct,1
zauberkraft,1
unpopular,1
correct,1
sweep,1
inference,1
constituent,1
savage,1
reinforces,1
things,1
decentered,1
straight,1
prevalence,1
hired,1
disempowers,1
locus,1
politically,1
interacting,1
zerstorung,1
arrestingly,1
emphasizes,1
theorize,1
davis,1
night,1
imagined,1
normality,1
reappraisals,1
genocide,1
calling,1
boxes,1
weighty,1
characteristics,1
sufficient,1
shapes,1
tony,1
dire,1
highly,1
descendant,1
bottle,1
masking,1
assimilate,1
depression,1
industry,1
acts,1
modalities,1
rates,1
notorious,1
vicarious,1
distinguished,1
portions,1
occluded,1
emmanuel,1
differing,1
implausible,1
tended,1
engages,1
core,1
critiques,1
penultimate,1
disavowal,1
invariant,1
majority,1
complicates,1
unlimited,1
kellner,1
passivity,1
loci,1
filling,1
proper,1
pa,1
inverted,1
hurley,1
ellen,1
barthes,1
decontextualization,1
distinguishing,1
notes,1
plausible,1
reflected,1
provided,1
lincoln,1
discursiveinstitutional,1
inform,1
anomalous,1
waiting,1
invidious,1
questioning,1
enjoy,1
overturns,1
cathected,1
guises,1
normalizing,1
limiting,1
inspection,1
mess,1
upsets,1
analytic,1
integrating,1
adamantly,1
uncommon,1
counteract,1
therefore,1
transcended,1
forced,1
film,1
amalgamate,1
panoramic,1
misapplication,1
approximate,1
rogue,1
georg,1
excludes,1
higham,1
allusively,1
absence,1
elimination,1
fortunately,1
letters,1
parodic,1
stranded,1
wary,1
economic,1
encrypted,1
indicative,1
foibles,1
tedious,1
lynn,1
criticize,1
transvalued,1
excessive,1
subversive,1
tempted,1
wait,1
passively,1
ahistorical,1
appreciate,1
reenactment,1
brief,1
unstable,1
merits,1
allowable,1
female,1
renewed,1
opposed,1
strains,1
prove,1
slavoj,1
elusive,1
inhibiting,1
above,1
emulated,1
broadens,1
capacity,1
interactions,1
orbit,1
comments,1
upbeat,1
esse,1
permissible,1
triggering,1
covert,1
sensation,1
roads,1
authenticates,1
hitherto,1
cultivate,1
adamant,1
decisions,1
poetic,1
selection,1
conjoined,1
systematicity,1
blissful,1
undergo,1
applications,1
market,1
calculate,1
accumulate,1
unfolds,1
auspices,1
museum,1
violence,1
externally,1
felix,1
foreclosed,1
intimation,1
experienced,1
federalist,1
paradox,1
happened,1
figural,1
array,1
continuity,1
den,1
technology,1
proust,1
ne,1
repudiation,1
disastrous,1
pharmacy,1
favorable,1
classroom,1
thesis,1
reconciliation,1
imitate,1
ascetic,1
benefactor,1
symptomatic,1
included,1
extravagant,1
blackest,1
dori,1
intelligible,1
metahistorian,1
jeopardy,1
complete,1
reinvestment,1
memoires,1
abandon,1
purity,1
ethnographic,1
freer,1
indian,1
inaugurate,1
nineteenthcentury,1
largest,1
appeals,1
christological,1
insights,1
joyce,1
gay,1
thoughts,1
faint,1
department,1
commodified,1
begins,1
noted,1
arrives,1
periclean,1
truncated,1
anthropology,1
picture,1
published,1
rigidities,1
useful,1
neutralizes,1
testimony,1
include,1
definitions,1
tries,1
persuade,1
worst,1
contextualizing,1
inhabitants,1
starting,1
schizo,1
aleatory,1
idle,1
dilemma,1
unreliable,1
mouthpieces,1
courageous,1
attacks,1
naivete,1
confided,1
prompting,1
passed,1
polemic,1
locating,1
pointed,1
diremption,1
reporting,1
propagandizing,1
chaps,1
projects,1
langage,1
generously,1
misguided,1
demographic,1
unexpected,1
release,1
herbert,1
minorities,1
conventionalized,1
incorporates,1
true,1
darstellbarkeit,1
naive,1
canonicity,1
valid,1
consideration,1
limit,1
fundamental,1
scholars,1
laub,1
gottliche,1
occurrence,1
misinterpretation,1
striking,1
departments,1
proposal,1
beliefs,1
appeared,1
ought,1
lindsay,1
witnesses,1
coltrane,1
antinomy,1
praiseworthy,1
disturbed,1
thatjulia,1
choice,1
transcendental,1
panoptic,1
oneself,1
larger,1
classical,1
examinations,1
strategic,1
warning,1
hear,1
disoriented,1
becker,1
gray,1
loop,1
personality,1
mink,1
convert,1
overdose,1
advocacy,1
external,1
rhetoric,1
enact,1
stromberg,1
consciously,1
learn,1
napoleon,1
ground,1
tales,1
titunik,1
signifying,1
road,1
secular,1
moderate,1
purposes,1
implicate,1
conceiving,1
non,1
muster,1
compromising,1
cecile,1
marginal,1
answer,1
achieving,1
strategies,1
blunder,1
forth,1
dance,1
conviction,1
appropriating,1
orphenomena,1
fay,1
seminars,1
narrativity,1
sell,1
guarantees,1
picaro,1
literatures,1
confront,1
shoot,1
decontextualized,1
linked,1
unable,1
golob,1
thoroughly,1
insensitive,1
veeser,1
remained,1
violent,1
interpreting,1
imagine,1
revisionism,1
venerated,1
chakravorty,1
recognizing,1
displace,1
diverse,1
envisions,1
extended,1
ecstasy,1
intimate,1
uncannily,1
poetry,1
crudely,1
examples,1
staging,1
discovery,1
chiefly,1
liberates,1
upon,1
implicated,1
bear,1
asj,1
dismissive,1
situating,1
patriarchy,1
locate,1
evacuation,1
braudel,1
formal,1
hermetic,1
transgressive,1
retains,1
participatory,1
simulating,1
fictionalization,1
herself,1
complexities,1
guardrails,1
imbued,1
wis,1
ethnography,1
utterance,1
awry,1
food,1
reconstructs,1
unrestrained,1
complement,1
hypotheses,1
determining,1
largely,1
camps,1
residues,1
waking,1
feminists,1
encounters,1
causes,1
resonances,1
occlusion,1
engaging,1
mutability,1
refuse,1
prominently,1
harvard,1
pleasure,1
ethnic,1
evolution,1
unconcern,1
knowledgeable,1
freudian,1
maintains,1
irreducible,1
continue,1
helpful,1
fantastic,1
office,1
percipi,1
complicated,1
treasonous,1
rouge,1
workings,1
continuities,1
discontinuities,1
roberts,1
negotiating,1
clear,1
margaret,1
loosely,1
three,1
provoked,1
binaries,1
publication,1
nora,1
sustain,1
normalize,1
logic,1
interpret,1
prevents,1
subtitle,1
resorts,1
resultant,1
bennington,1
variant,1
characterized,1
peremptorily,1
broach,1
forte,1
spread,1
features,1
eiron,1
blanchot,1
crafted,1
lie,1
neb,1
shortly,1
proximity,1
incultes,1
epoch,1
preservation,1
threefold,1
volosinov,1
sartre,1
adequately,1
inversion,1
instruction,1
strangely,1
detached,1
visiting,1
favored,1
valued,1
somehow,1
systems,1
imaginative,1
eyes,1
lesbian,1
arise,1
transcendence,1
viewpoint,1
reads,1
editors,1
craft,1
narrow,1
weakest,1
nobody,1
incompatible,1
parody,1
excluded,1
keith,1
cognitive,1
confusing,1
mr,1
patterson,1
concluding,1
mellifluous,1
probably,1
capitalism,1
residue,1
tight,1
slightly,1
fe,1
looked,1
figures,1
saw,1
uohn,1
engagement,1
attend,1
insignificant,1
caution,1
convergent,1
strachey,1
tenuous,1
embodied,1
creativity,1
andreas,1
disorienting,1
propose,1
opposite,1
arresting,1
conjoin,1
narrator,1
disorientation,1
behind,1
opinions,1
division,1
paranoid,1
ones,1
decision,1
hunt,1
separate,1
gustave,1
tortured,1
authenticating,1
risk,1
retells,1
suggest,1
historicail,1
departs,1
defensible,1
indication,1
individualism,1
bon,1
accounted,1
tests,1
discussing,1
extracted,1
entailing,1
relegation,1
entail,1
informs,1
gloomy,1
me,1
constructed,1
dual,1
stems,1
mitigate,1
decomposed,1
supernaturalism,1
riff,1
continued,1
segments,1
bulk,1
mediation,1
linda,1
five,1
foreign,1
centrality,1
willingly,1
continuing,1
assimilates,1
developing,1
informing,1
suggestive,1
suspected,1
exacerbated,1
select,1
spivak,1
celebration,1
inside,1
parent,1
improvisations,1
dangereuses,1
male,1
mad,1
referred,1
byjohn,1
qualify,1
strongly,1
allegories,1
yale,1
bears,1
effectively,1
lawrence,1
threaten,1
confine,1
hopelessly,1
transformation,1
furnish,1
contents,1
whereby,1
expert,1
covering,1
wilhelm,1
kloppenberg,1
insistently,1
unimportance,1
extends,1
introductory,1
methods,1
phrase,1
implementing,1
adventure,1
comte,1
researcher,1
acquisition,1
schizophrenia,1
intactness,1
paraphrastic,1
interpretive,1
interview,1
disagrees,1
simulated,1
himmelfarb,1
measured,1
saturated,1
creatures,1
heightens,1
instances,1
psychiatrist,1
combines,1
occupies,1
grounded,1
rigorous,1
victorious,1
catholicity,1
blurred,1
short,1
stable,1
poets,1
judith,1
claims,1
differentiated,1
acquired,1
anthropological,1
stimulates,1
border,1
share,1
lineal,1
authorities,1
curious,1
rooney,1
resonates,1
commonsense,1
thinking,1
blocked,1
specification,1
chora,1
aspiring,1
leveling,1
begriffs,1
habermas,1
conclusion,1
formalistic,1
homogeneity,1
pointless,1
forget,1
wartime,1
founded,1
pretext,1
exorbitant,1
converges,1
detect,1
solidly,1
theme,1
scrutiny,1
debatably,1
intimidates,1
physical,1
temporal,1
alludes,1
explicate,1
mourn,1
facie,1
distributes,1
disdain,1
germane,1
set,1
bass,1
der,1
excoriate,1
school,1
orchestrated,1
quickly,1
trunk,1
respecting,1
your,1
delimitation,1
chartier,1
intricacies,1
components,1
refused,1
judt,1
each,1
sure,1
classifiable,1
martinjay,1
evacuate,1
shares,1
reciprocal,1
gertrude,1
specialized,1
worth,1
novel,1
attribute,1
save,1
setting,1
branches,1
exploration,1
gibaldi,1
board,1
variable,1
ingeniously,1
pragmatic,1
straightforward,1
castigate,1
semiotics,1
fearless,1
regard,1
scenario,1
unsettling,1
textuality,1
provoke,1
elaborates,1
relive,1
spaniards,1
reprocesses,1
plateaus,1
deem,1
contradictory,1
obviously,1
propensity,1
far,1
goods,1
longstanding,1
benefit,1
sum,1
sce,1
ambivalent,1
placing,1
invocation,1
passage,1
ethos,1
living,1
interactive,1
concrete,1
feminist,1
musings,1
believed,1
hermes,1
waller,1
cosmopolitanism,1
evincing,1
defend,1
pardon,1
suffering,1
day,1
commodity,1
avoidance,1
automatic,1
executes,1
mysteres,1
affirm,1
carefully,1
telling,1
particular,1
malaise,1
references,1
marche,1
reification,1
varying,1
lane,1
monastery,1
pertinent,1
metaphor,1
sadowsky,1
despite,1
signature,1
terming,1
interval,1
transactions,1
agrees,1
godzich,1
supplemented,1
repetitive,1
wrenched,1
undo,1
weights,1
futility,1
sarrasine,1
marginalizing,1
abruptly,1
gestures,1
rewrite,1
fruitfully,1
textual,1
proposing,1
skillfully,1
minimal,1
cognitively,1
suggests,1
dedication,1
transgression,1
suspicion,1
infant,1
congeniality,1
absolutized,1
categories,1
progress,1
middle,1
unconvincingly,1
dialogues,1
remember,1
joseph,1
careful,1
feat,1
interrelated,1
crossdisciplinary,1
multiple,1
counterhegemonic,1
peace,1
thereby,1
met,1
redundant,1
excesses,1
city,1
fair,1
altogether,1
pas,1
downplays,1
confirm,1
ingrained,1
became,1
facetiously,1
endlessly,1
buy,1
focal,1
die,1
disjunctive,1
tried,1
rendering,1
administration,1
endures,1
regulated,1
went,1
spending,1
weightings,1
anarchism,1
misidentification,1
encounter,1
zemon,1
programs,1
demanding,1
arguments,1
duped,1
colonial,1
relying,1
impartiality,1
grammatology,1
evidenced,1
goals,1
aspect,1
emplotment,1
reaching,1
varied,1
debatable,1
unexplored,1
named,1
intercultural,1
compulsion,1
models,1
obliged,1
annihilation,1
touch,1
legitimating,1
argues,1
nonviolent,1
doubting,1
generate,1
scholes,1
vann,1
unilateral,1
schizophrenic,1
disarray,1
advent,1
mitigating,1
counsels,1
twentieth,1
flamboyant,1
institutional,1
grant,1
finally,1
bibliography,1
newsletter,1
motives,1
offer,1
fecundity,1
triangulate,1
enlightenment,1
idealizing,1
orthodox,1
enabling,1
crimes,1
facilitates,1
willing,1
sober,1
unified,1
notions,1
integration,1
france,1
disguise,1
playing,1
derive,1
attempted,1
off,1
socialism,1
wlad,1
seejeffrey,1
hertz,1
speak,1
definitive,1
representational,1
brook,1
deductions,1
magical,1
tellers,1
thousand,1
modeling,1
objectionably,1
apart,1
postmodernist,1
masterful,1
effortlessly,1
certainty,1
attending,1
conflated,1
furthermore,1
deployment,1
johnson,1
gascon,1
restricts,1
individualistic,1
informants,1
homeopathic,1
irrelevant,1
partial,1
fears,1
substantial,1
import,1
documentary,1
interaction,1
traditional,1
re,1
unearned,1
immediately,1
counts,1
mmnoires,1
seek,1
ends,1
whenever,1
cosmopolitan,1
fordism,1
charms,1
concise,1
beings,1
jurgen,1
misleadingly,1
connor,1
supposes,1
captures,1
involuted,1
termed,1
contradictions,1
hans,1
major,1
evidently,1
elucidation,1
depriving,1
aufhebung,1
heterogeneous,1
werner,1
hypothesis,1
