WORDCOUNTS,WEIGHT
the,880
of,601
and,419
in,338
to,304
a,212
that,153
as,141
s,130
linnaeus,127
was,123
for,113
with,87
women,77
his,74
from,71
their,70
mammals,69
also,68
nature,62
were,62
not,61
milk,61
breast,56
breasts,56
it,54
term,53
have,53
by,52
all,51
animals,51
this,49
is,49
on,47
or,45
female,44
he,43
new,43
had,42
see,42
her,36
be,36
are,35
at,34
nursing,34
mother,34
but,32
children,32
historical,32
de,31
science,31
humans,30
history,29
century,29
london,29
male,28
wet,27
called,27
more,27
an,27
american,26
other,26
mammae,25
i,25
review,25
april,25
aristotle,25
mothers,25
they,24
one,24
no,24
than,22
mammalia,22
why,22
natural,22
into,21
only,21
man,21
class,21
animal,21
quadrupeds,20
these,20
french,20
woman,20
did,20
first,19
its,19
paris,19
schiebinger,19
among,19
eighteenth,18
which,18
after,18
european,18
been,18
londa,18
them,18
within,17
has,17
such,17
young,17
even,17
two,17
many,17
own,17
platypus,17
example,16
when,16
who,16
nomenclature,16
d,16
buffon,15
some,15
nurse,15
most,15
edn,15
used,15
diana,15
ed,15
would,15
mammary,15
figure,15
middle,15
child,14
modern,14
characteristic,14
ray,14
body,14
york,14
females,14
naturalists,14
gender,14
maternal,14
sexual,14
cited,13
human,13
how,13
glands,13
scientific,13
john,13
so,13
life,13
often,13
der,13
infant,13
des,13
both,13
cambridge,13
between,13
histoire,12
medical,12
n,12
naturae,12
rousseau,12
however,12
order,12
zoological,12
ages,12
nurses,12
considered,12
males,12
classification,12
hair,11
state,11
political,11
point,11
suggested,11
found,11
cultural,11
well,11
revolution,11
homo,11
midwives,11
men,11
la,11
infants,11
suckling,11
darwin,11
while,11
art,11
question,11
early,11
said,10
nursed,10
long,10
linnaean,10
europe,10
there,10
along,10
l,10
thought,10
could,10
work,10
where,10
eds,10
broberg,10
france,10
charles,10
traditional,10
systema,10
laws,10
viviparous,9
trans,9
being,9
might,9
those,9
sapiens,9
nipples,9
von,9
edition,9
four,9
late,9
up,9
und,9
sex,9
name,9
power,9
time,9
number,9
made,9
virgin,9
we,9
attention,9
carl,9
symbol,9
william,9
what,9
animalium,9
apes,9
meaning,8
e,8
great,8
hands,8
vol,8
warner,8
suckled,8
taxonomy,8
les,8
mary,8
out,8
organs,8
still,8
home,8
love,8
shown,8
classes,8
blood,8
better,8
terms,8
naturelle,8
should,8
later,7
over,7
reptiles,7
j,7
system,7
politics,7
against,7
g,7
care,7
hairy,7
aspects,7
frontispiece,7
knowledge,7
johann,7
svecica,7
le,7
sharp,7
family,7
value,7
production,7
ancient,7
cadogan,7
noted,7
book,7
do,7
teat,7
including,7
especially,7
feet,7
cuvier,7
species,7
today,7
dissertation,7
known,7
form,7
reported,7
die,7
teats,7
years,7
fauna,7
much,7
way,6
names,6
english,6
studies,6
ou,6
t,6
if,6
taken,6
england,6
devised,6
emile,6
thus,6
since,6
like,6
general,6
may,6
recognized,6
german,6
portrayed,6
rather,6
reason,6
image,6
important,6
featured,6
though,6
public,6
because,6
literature,6
heart,6
story,6
esp,6
good,6
small,6
suckle,6
god,6
historia,6
included,6
culture,6
same,6
erasmus,6
fact,6
reproductive,6
another,6
father,6
encouraged,6
health,6
least,6
quadrupedia,6
saw,6
continued,6
rpt,6
beasts,6
geoffroy,6
each,6
different,6
domestic,6
bartels,6
calif,6
ideal,6
focus,6
national,6
although,6
hunter,6
sur,6
bernard,5
groups,5
created,5
europeans,5
alone,5
noverca,5
anel,5
developed,5
before,5
nineteenth,5
tradition,5
reproduction,5
mass,5
ephesians,5
left,5
journal,5
drank,5
traditions,5
generation,5
henri,5
without,5
dictionnaire,5
yet,5
notion,5
similar,5
derived,5
parts,5
lay,5
university,5
descent,5
argued,5
w,5
age,5
origins,5
my,5
came,5
pendulous,5
having,5
feeding,5
pilosa,5
r,5
during,5
place,5
et,5
trends,5
characteristics,5
wife,5
beauty,5
will,5
f,5
led,5
zoology,5
orders,5
blainville,5
george,5
pointed,5
choice,5
v,5
enfans,5
native,5
coined,5
birds,5
louis,5
refers,5
essay,5
quadruped,5
period,5
can,5
anatomy,5
hunt,5
nutrix,5
centuries,5
monuments,5
meckel,5
seen,5
lives,5
mortality,5
sciences,5
berkeley,5
social,5
historians,5
ones,5
upon,5
too,5
categories,5
popular,5
through,5
despite,5
became,5
birth,5
instead,5
humankind,4
group,4
h,4
spirit,4
physicians,4
du,4
hire,4
menstruation,4
robert,4
coining,4
task,4
firm,4
aldrovandi,4
x,4
robours,4
sign,4
plato,4
raulin,4
author,4
mammal,4
lindemann,4
according,4
babies,4
oxford,4
edward,4
influential,4
senior,4
study,4
bosom,4
white,4
abuses,4
commonly,4
notions,4
traced,4
produced,4
whale,4
anthropomorpha,4
distinguish,4
part,4
gesner,4
call,4
away,4
few,4
stockholm,4
physician,4
things,4
goethe,4
goat,4
provided,4
maidens,4
critics,4
various,4
lynn,4
wrote,4
indeed,4
classic,4
concern,4
gave,4
alongside,4
friedrich,4
rise,4
paul,4
law,4
toward,4
death,4
mammiferes,4
blooded,4
oviparous,4
mammalian,4
seventeenth,4
less,4
ploss,4
background,4
use,4
evolution,4
three,4
peter,4
plant,4
him,4
high,4
weiblichen,4
article,4
personification,4
division,4
royer,4
she,4
sometimes,4
vision,4
nourishing,4
began,4
perhaps,4
wives,4
campaign,4
fertility,4
shaw,4
associated,4
historian,4
primates,4
fildes,4
theme,4
marina,4
gelphi,4
universal,4
feed,4
just,4
works,4
charged,4
jean,4
whether,4
particular,4
problem,4
fully,4
boston,4
trivial,4
blumenbach,4
tender,4
teeth,4
until,4
course,4
eggs,4
aristotelian,4
specific,4
udders,4
artemis,4
themselves,4
entire,4
little,4
images,4
broader,4
does,3
amphibians,3
now,3
o,3
sapientia,3
c,3
functional,3
determine,3
germany,3
church,3
valerie,3
identify,3
essays,3
formed,3
kirchhoff,3
uniquely,3
true,3
uterus,3
easily,3
position,3
classify,3
husbands,3
something,3
par,3
midwife,3
highlighted,3
every,3
frankfurt,3
certainly,3
medieval,3
ii,3
give,3
burrell,3
together,3
origin,3
onto,3
kingdom,3
represent,3
relations,3
bats,3
fecund,3
spherical,3
key,3
bird,3
primary,3
tenth,3
shared,3
sussman,3
naturalist,3
vital,3
weisheit,3
jordanova,3
except,3
treating,3
labor,3
throughout,3
classique,3
immediate,3
manatees,3
interest,3
large,3
gunnar,3
humboldt,3
fransois,3
cases,3
david,3
pierre,3
fig,3
ear,3
six,3
dates,3
inflate,3
colleague,3
word,3
convention,3
ideals,3
geneva,3
brute,3
americans,3
act,3
ernst,3
hubert,3
represented,3
deprived,3
earlier,3
certain,3
taxonomists,3
authors,3
benjamin,3
oeuvres,3
pleasures,3
brunswick,3
latin,3
follow,3
goats,3
terminology,3
back,3
m,3
drawing,3
fluid,3
character,3
medicine,3
cochin,3
search,3
international,3
western,3
further,3
african,3
let,3
gill,3
placed,3
alcohol,3
imagined,3
future,3
brust,3
icon,3
linne,3
creating,3
sense,3
contrast,3
concerns,3
distinguished,3
isis,3
st,3
jaucourt,3
gould,3
roots,3
dictated,3
barbara,3
republican,3
horses,3
intended,3
above,3
jesus,3
put,3
regne,3
chap,3
about,3
museum,3
seeing,3
baltimore,3
lactation,3
already,3
baby,3
management,3
mamma,3
others,3
ape,3
water,3
idea,3
appeared,3
reform,3
gilibert,3
depopulation,3
took,3
secrets,3
practice,3
bond,3
examples,3
organisms,3
bear,3
festival,3
significant,3
causes,3
questions,3
taxon,3
described,3
significance,3
discovered,3
moral,3
emphasizing,3
doctors,3
language,3
virtues,3
secreted,3
georges,3
distinction,3
thomas,3
enlightenment,3
james,3
figures,3
greek,3
suggest,3
nipple,3
christian,3
wisdom,3
darstellung,3
claimed,3
primarily,3
recognize,3
sloths,3
vestigial,3
citizens,3
itself,3
newborns,3
biology,3
then,3
any,3
natura,3
preface,3
md,3
society,3
temple,3
set,3
alexander,3
sloan,3
argue,3
sought,3
childbirth,3
conservation,3
unique,3
plants,3
leaving,3
produce,3
monotremes,3
whales,3
bodies,3
son,3
code,3
ill,3
given,3
introduced,3
giving,3
returning,3
went,3
merchant,3
divided,3
world,3
named,3
difference,3
numerous,3
gravelot,3
hermann,3
off,3
gland,3
virginal,3
immediately,3
doing,3
race,3
possessed,2
bared,2
struggle,2
fathers,2
common,2
rev,2
protestant,2
jane,2
revolutionary,2
red,2
grotesque,2
berlin,2
gynaecological,2
designed,2
stone,2
withered,2
weiblichkeit,2
pressing,2
acceptance,2
predicting,2
title,2
naturalness,2
source,2
princeton,2
chastity,2
contexts,2
highlight,2
lower,2
cast,2
philosophers,2
regeneration,2
distinguishing,2
fifteenth,2
derives,2
witches,2
attempt,2
beautiful,2
rational,2
knowing,2
active,2
maiden,2
words,2
enlightened,2
leading,2
incisors,2
belong,2
reasons,2
thank,2
producing,2
amoenitates,2
senses,2
follows,2
lapland,2
take,2
harvey,2
feature,2
mind,2
henry,2
classified,2
committed,2
intelligence,2
myths,2
context,2
lactiferous,2
similarities,2
citizenship,2
courage,2
kingdoms,2
case,2
issue,2
fortune,2
tyson,2
quahog,2
stedman,2
eastern,2
nourrissage,2
bones,2
america,2
draw,2
right,2
custom,2
account,2
announced,2
helpful,2
possible,2
sixteenth,2
haeckel,2
richard,2
west,2
interdisciplinary,2
say,2
whites,2
fur,2
himself,2
childbearing,2
collection,2
cheese,2
ranked,2
central,2
goddess,2
doctor,2
explained,2
representations,2
sending,2
relatively,2
disregard,2
im,2
price,2
prototheria,2
conrad,2
insisted,2
emerges,2
bounty,2
methodica,2
overly,2
held,2
ai,2
unity,2
distinct,2
old,2
unclean,2
farming,2
intercourse,2
kinds,2
androgynous,2
served,2
suitable,2
mistress,2
find,2
y,2
jones,2
rates,2
lyon,2
higher,2
interesting,2
library,2
essential,2
suck,2
main,2
roi,2
bore,2
process,2
personified,2
mean,2
knew,2
stearn,2
eight,2
renewal,2
contributions,2
pages,2
special,2
linnes,2
practicing,2
factors,2
understand,2
godwin,2
nor,2
grosse,2
och,2
consider,2
established,2
fishes,2
proposed,2
numbers,2
hemispherical,2
observations,2
puberty,2
superior,2
cadden,2
colostrum,2
max,2
uncomfortably,2
voluminous,2
passed,2
followed,2
spiritual,2
funestes,2
mercenaire,2
instance,2
mo,2
symbolized,2
unused,2
advocated,2
view,2
highest,2
reflections,2
mamelle,2
gregory,2
bearing,2
critic,2
das,2
traditionally,2
dingwall,2
lamarck,2
seven,2
changed,2
curiosity,2
noting,2
strident,2
arch,2
nurslings,2
equally,2
furthermore,2
traits,2
population,2
analogous,2
fish,2
fashionable,2
lyons,2
explain,2
taught,2
cows,2
shape,2
colonies,2
scripture,2
basis,2
deputies,2
tour,2
charity,2
british,2
remarkable,2
related,2
restructuring,2
barren,2
whole,2
year,2
genuine,2
fit,2
literally,2
structures,2
anatomist,2
translated,2
employed,2
maratre,2
clemence,2
project,2
humors,2
visions,2
rendered,2
holy,2
uniqueness,2
earth,2
solution,2
eine,2
painting,2
hard,2
monotremata,2
proctor,2
aphrodite,2
clothes,2
emphasizes,2
zoologists,2
quite,2
arbitrary,2
several,2
pregnant,2
pregnancy,2
highly,2
grow,2
presence,2
notorious,2
research,2
tended,2
offspring,2
lioness,2
using,2
depravity,2
appropriate,2
binomial,2
pinkerton,2
se,2
am,2
mutter,2
seemed,2
carolus,2
domesticity,2
naming,2
second,2
sons,2
business,2
onset,2
matter,2
noble,2
letters,2
short,2
rights,2
comparative,2
insecta,2
attaching,2
prove,2
handbuch,2
sexually,2
newborn,2
landrecht,2
silvestris,2
emerged,2
selling,2
fatty,2
permission,2
rules,2
lieselotte,2
bull,2
belon,2
jay,2
light,2
liberty,2
note,2
abandon,2
skin,2
gay,2
increasingly,2
volume,2
lamb,2
starting,2
phillip,2
hollander,2
ind,2
monkeys,2
eighteenthcentury,2
carolyn,2
stating,2
chaps,2
experienced,2
intending,2
deutsche,2
expose,2
academicae,2
admit,2
religious,2
fundamental,2
essence,2
end,2
doubt,2
pennsylvania,2
anne,2
never,2
present,2
chain,2
developing,2
dripping,2
systematic,2
renaissance,2
duties,2
deep,2
carnal,2
showing,2
real,2
als,2
ethiopia,2
remained,2
remove,2
kermack,2
private,2
nourrice,2
miles,2
systematics,2
martial,2
lactantia,2
abolish,2
dronke,2
neumann,2
spouting,2
bed,2
nothing,2
chosen,2
full,2
meanings,2
urbana,2
monkey,2
taxonomic,2
evils,2
features,2
dry,2
poetic,2
abundant,2
herman,2
internal,2
qualities,2
nicely,2
become,2
relation,2
plate,2
structure,2
slightly,2
horse,2
travelers,2
dividing,2
compendium,2
heinz,2
twelve,2
assigned,2
dissected,2
voyages,2
five,2
menstrual,2
hooves,2
bulletin,2
force,2
countries,2
diagnostic,2
comte,2
fall,2
sauvages,2
frey,2
arts,2
marquis,2
matters,2
stephen,2
dorinda,2
anthropological,2
publicly,2
heavy,2
following,2
broke,2
series,2
changing,2
must,2
monsieur,2
simply,2
reinforced,2
embryos,2
symbols,2
rival,2
erlangen,2
sugentia,2
terrestrial,2
pt,2
drew,2
locomotion,2
know,2
intellectual,2
refused,2
sheep,2
mulatto,2
camper,2
best,2
half,2
classed,2
wealthy,2
inquiry,2
foundation,2
twelfth,2
far,2
bynum,2
living,2
february,2
places,2
catalogue,2
goerke,2
ladies,2
born,2
witch,2
horns,2
vermes,2
iconologie,2
physiology,2
list,2
making,2
want,2
eroticism,2
stallions,2
theory,2
foundations,2
ideas,2
kuinstlerische,2
healthy,2
freedom,2
size,2
asians,2
naked,2
bloodless,2
paradise,2
unveiling,2
amphibia,2
ludmilla,2
practices,2
alternatives,2
easy,2
undermining,2
step,2
traite,2
scholastics,2
our,2
come,2
eric,2
necessarily,2
lactating,2
ultimately,2
synopsis,2
argument,2
unable,2
naturgeschichte,2
twentieth,2
foundling,2
suites,2
pleasing,2
lactentia,2
levy,2
imbibe,2
colleagues,2
organ,2
sexuality,2
huxley,2
aves,2
anonymous,2
flora,2
written,2
removed,2
outram,2
mystery,2
vary,2
chicago,2
debate,2
aurecaviga,2
siegesbeck,2
leclerc,2
abandoned,2
souls,2
obstetricians,2
animalia,2
virtue,2
asked,2
roles,2
close,2
major,2
increase,2
wolves,1
summed,1
burgerin,1
final,1
nahrmutter,1
defective,1
superiority,1
judge,1
recesses,1
helped,1
anatomists,1
medicinal,1
done,1
transforming,1
gagnebin,1
page,1
flow,1
natureherself,1
admonished,1
aat,1
sins,1
pleaded,1
negroes,1
janson,1
mervyn,1
representing,1
siam,1
fertile,1
eloge,1
concerned,1
inaccurate,1
anthony,1
whitlaw,1
religions,1
keller,1
generous,1
corruption,1
applewhite,1
expand,1
tastiest,1
porpoises,1
faced,1
poitiers,1
designated,1
prompts,1
grappled,1
separated,1
encyclop,1
affected,1
trunk,1
lachesis,1
moscucci,1
expedition,1
preussischen,1
insufficiently,1
struggled,1
ew,1
sewn,1
matrices,1
diane,1
gynecologists,1
celebrate,1
grasses,1
gripping,1
utility,1
notably,1
manuscript,1
onesmall,1
clerck,1
systemic,1
per,1
mouth,1
excuses,1
nhrmutter,1
incomprehensible,1
becoming,1
needed,1
complex,1
judged,1
qui,1
denied,1
systematically,1
backgammon,1
star,1
myth,1
fed,1
marianne,1
conserved,1
properly,1
corrupting,1
advised,1
hull,1
join,1
live,1
uncharacteristic,1
confines,1
flowering,1
ways,1
solemnly,1
earthworm,1
strictly,1
marsupial,1
completely,1
lizards,1
sublime,1
spoonful,1
tabula,1
acorns,1
notwithstanding,1
flows,1
nerve,1
conical,1
descriptive,1
animaux,1
trace,1
veulent,1
incus,1
pilus,1
ian,1
organic,1
unlike,1
laid,1
occurred,1
amply,1
garrand,1
ae,1
kultstatuen,1
remedy,1
unite,1
village,1
cribs,1
syllable,1
englewood,1
eye,1
economic,1
caritat,1
maclean,1
annals,1
institutes,1
rome,1
permitted,1
craze,1
turning,1
credence,1
adjective,1
arguing,1
arms,1
serpentini,1
paradoxus,1
interchangeability,1
notre,1
reprinted,1
consistent,1
anything,1
karen,1
quelles,1
menses,1
passion,1
else,1
regenerative,1
australia,1
cries,1
familiarity,1
wrong,1
davis,1
caroline,1
flaunted,1
swelling,1
jackson,1
creation,1
cetaceans,1
connection,1
aortic,1
fullness,1
interested,1
exaggerated,1
pus,1
originally,1
voluptuous,1
implications,1
attempts,1
military,1
injohn,1
streaming,1
spencer,1
sores,1
sub,1
refusal,1
vivipara,1
anima,1
grossen,1
worked,1
shortage,1
kessen,1
lactans,1
supplied,1
bloomington,1
grandfather,1
au,1
confirmed,1
zeitschrift,1
resemblance,1
waxed,1
alembert,1
reach,1
oval,1
jamaican,1
height,1
peck,1
thyself,1
scientists,1
wooden,1
jardin,1
secondary,1
uneasy,1
suggesting,1
warm,1
squamosal,1
featuring,1
desire,1
display,1
careers,1
spokesman,1
fortunes,1
farmers,1
coming,1
happy,1
pressed,1
manniskoldira,1
rich,1
borne,1
aesthetic,1
studied,1
physique,1
molding,1
ephesus,1
lumped,1
denying,1
link,1
harriet,1
thanks,1
excretory,1
scheme,1
exuberant,1
darline,1
ceremonies,1
odoriferous,1
remus,1
rechristened,1
immortal,1
motherly,1
unpleasant,1
emblem,1
help,1
platypuses,1
maurice,1
quarter,1
voyagers,1
embrace,1
aristocrats,1
mammalogie,1
constructions,1
studier,1
last,1
faithful,1
lv,1
rudimentary,1
erich,1
improving,1
priest,1
zu,1
emphasized,1
primitive,1
conserve,1
principal,1
access,1
contrasting,1
cogan,1
normal,1
provident,1
letting,1
somewhat,1
ambiguous,1
tympanic,1
behind,1
barred,1
daniel,1
imposing,1
stopped,1
apposition,1
allegories,1
legend,1
misbegotten,1
saiugetiere,1
slip,1
nearer,1
realignments,1
husband,1
globe,1
groag,1
botanical,1
barbarity,1
nurturance,1
abbots,1
portugal,1
recorded,1
courtesy,1
dying,1
anthropologists,1
attribute,1
foundational,1
king,1
mysteries,1
capacity,1
advice,1
francoise,1
prodrome,1
uterine,1
design,1
low,1
quantities,1
italian,1
perfections,1
felt,1
capable,1
chest,1
implies,1
determined,1
africans,1
panda,1
xv,1
illustrate,1
multimammae,1
breath,1
overloaded,1
slight,1
warburg,1
willy,1
lenox,1
strains,1
anatomically,1
folio,1
etienne,1
overuse,1
obvious,1
rid,1
professor,1
taking,1
pellegrin,1
conceptual,1
events,1
classics,1
margaret,1
stags,1
quantity,1
diurnus,1
foregone,1
apply,1
heretical,1
sont,1
azyr,1
fixation,1
pittoresque,1
belly,1
complicating,1
empires,1
adorning,1
diversity,1
vindication,1
stress,1
bares,1
surviving,1
romulus,1
complained,1
luxury,1
associations,1
assignment,1
albrecht,1
resonated,1
virginity,1
speise,1
milked,1
subclass,1
ronald,1
responded,1
surely,1
anteaters,1
merchants,1
doris,1
reciting,1
disposed,1
nn,1
lw,1
forcing,1
prejuges,1
las,1
inner,1
development,1
quality,1
extinguished,1
cloven,1
legitimize,1
longevity,1
singling,1
herbs,1
fountain,1
erwin,1
nanny,1
mammiferous,1
helen,1
realized,1
hierarchy,1
vertebrates,1
aus,1
police,1
lapponica,1
bodily,1
deign,1
arlette,1
center,1
patriot,1
alphabetically,1
fleischer,1
adopted,1
gendered,1
te,1
consolation,1
chaumette,1
natalie,1
metaphoris,1
dame,1
provides,1
grouped,1
histoty,1
tied,1
reenacted,1
fiona,1
pig,1
forbade,1
reproduced,1
legislators,1
align,1
topic,1
frauenheilkunde,1
bothering,1
forced,1
kind,1
joumnal,1
attracting,1
priority,1
turn,1
feathers,1
rank,1
bulls,1
adam,1
inclusion,1
individual,1
developments,1
pondered,1
fountains,1
glory,1
perspective,1
barr,1
nourished,1
moralistic,1
refer,1
sized,1
adjectives,1
causing,1
systematique,1
modifying,1
homes,1
dutifully,1
mirabeau,1
simplest,1
response,1
extraordinary,1
flawed,1
pores,1
fate,1
oken,1
compared,1
arranged,1
unchanged,1
libraries,1
surges,1
third,1
single,1
founain,1
countryside,1
svenska,1
pure,1
paradies,1
warned,1
designating,1
explore,1
mates,1
drawn,1
leurs,1
student,1
seal,1
mankind,1
bottles,1
look,1
magazin,1
exempted,1
festivals,1
dublin,1
aranei,1
digression,1
nourrir,1
cancerous,1
discovering,1
auch,1
pains,1
captive,1
shall,1
incarnation,1
pisces,1
parlance,1
sentiments,1
virtuous,1
hinden,1
error,1
neutral,1
immobilized,1
react,1
resulted,1
celebrating,1
fr,1
fourth,1
focused,1
ado,1
savant,1
distribution,1
languages,1
jungian,1
employ,1
pay,1
failed,1
cherished,1
regna,1
behave,1
turton,1
connexion,1
ruins,1
unhealthy,1
vied,1
erotic,1
vegetable,1
adequate,1
whose,1
hamburg,1
likeness,1
lt,1
fluids,1
identification,1
contravene,1
exposing,1
generalis,1
respondent,1
condorcet,1
growth,1
mes,1
congeners,1
across,1
cantabrigia,1
generations,1
gertz,1
illustration,1
contractions,1
lie,1
joan,1
basic,1
en,1
official,1
od,1
erreurs,1
culminating,1
observer,1
devise,1
doctrine,1
capture,1
subsistence,1
remote,1
romance,1
province,1
politicians,1
mater,1
naturuppfattning,1
titled,1
granted,1
saints,1
colorless,1
persistent,1
legal,1
thing,1
humanity,1
grew,1
talk,1
republic,1
travels,1
freed,1
ipsum,1
veronica,1
allegory,1
aquatic,1
levitical,1
empowered,1
lacking,1
scales,1
black,1
polymastia,1
impressed,1
discoveries,1
vollstandingen,1
bresslau,1
kames,1
consequences,1
litany,1
absorbed,1
precious,1
troublesome,1
proclaimed,1
decadence,1
support,1
raymond,1
reve,1
means,1
soul,1
eighteen,1
downward,1
category,1
genius,1
suffered,1
conformed,1
perceptions,1
corrupted,1
enfranchised,1
recommended,1
faust,1
marks,1
placental,1
tivoli,1
arsskrift,1
entry,1
raged,1
hermaphroditic,1
retained,1
literary,1
curiously,1
terrestria,1
peasant,1
emergence,1
olcin,1
clearly,1
sicilians,1
artificial,1
nosce,1
moderately,1
days,1
portrays,1
franzosische,1
thirty,1
objectivity,1
record,1
nakedness,1
hierarchically,1
climate,1
restricted,1
sounded,1
artedi,1
ignorance,1
casas,1
upper,1
mixtures,1
cloaca,1
jacobus,1
accurate,1
reiterated,1
giuliani,1
legends,1
powerful,1
prussian,1
readings,1
poor,1
beyond,1
edinburgh,1
polar,1
hertfordshire,1
defines,1
organisation,1
idealized,1
discomfort,1
evaluation,1
consequence,1
requires,1
bestial,1
rechtliche,1
asks,1
yes,1
determinate,1
pious,1
nourrices,1
monster,1
ouin,1
believed,1
lust,1
hetero,1
projected,1
kunstlerische,1
providing,1
humility,1
elderkin,1
fox,1
cut,1
forsake,1
vivien,1
conflicts,1
encircling,1
friends,1
regenerate,1
fierce,1
greater,1
hours,1
pox,1
authority,1
opening,1
sive,1
expressed,1
moving,1
result,1
closely,1
klaus,1
based,1
whom,1
encourage,1
memory,1
path,1
extent,1
shrews,1
questioned,1
professionals,1
blamed,1
very,1
appearance,1
repugnant,1
conservative,1
entered,1
demise,1
begun,1
superfluous,1
color,1
joy,1
houghton,1
curses,1
p,1
toby,1
attack,1
combinations,1
temptations,1
embracing,1
wollstonecraft,1
wrongly,1
bory,1
demands,1
parochial,1
abbey,1
unconcerned,1
betwixt,1
pass,1
herrentiere,1
intermediary,1
haller,1
plump,1
mythical,1
owen,1
parisian,1
reduplicated,1
nurturing,1
successively,1
endeavor,1
niece,1
emerge,1
hospitals,1
pelagi,1
captured,1
engraver,1
initial,1
struggles,1
semen,1
lent,1
reptilian,1
weed,1
kinship,1
paralleled,1
ranking,1
frauen,1
honoring,1
prelates,1
oder,1
equal,1
aime,1
durham,1
sympathetically,1
institute,1
heaven,1
block,1
cutaneous,1
lethal,1
separateness,1
oyseaux,1
versed,1
hamsters,1
prose,1
cannot,1
applied,1
modest,1
gories,1
groundwork,1
fruchtbarkeit,1
geburtshilfe,1
excluded,1
echidna,1
foreshadowed,1
guarantee,1
circumstances,1
flabby,1
scrotal,1
quadrupedum,1
tsl,1
triumph,1
schema,1
paleontologists,1
january,1
depictions,1
scene,1
marie,1
randolph,1
criteria,1
technical,1
deprive,1
thumb,1
beastlike,1
sveciae,1
christianity,1
gained,1
directly,1
none,1
detractors,1
correctly,1
stapes,1
modesty,1
egalitarian,1
gains,1
conjecture,1
nourishment,1
tyranny,1
sixteenthcentury,1
received,1
pliny,1
parades,1
reise,1
hemispheres,1
emphasis,1
preferred,1
dissatisfaction,1
clean,1
consequently,1
unless,1
prompted,1
themes,1
egyptian,1
characterization,1
crude,1
linsley,1
training,1
civil,1
commune,1
agnes,1
secret,1
nation,1
sydney,1
lactate,1
supreme,1
knight,1
bransom,1
description,1
methodical,1
geology,1
northern,1
intentionally,1
designate,1
describe,1
older,1
spiritualia,1
financial,1
people,1
officers,1
comprehensible,1
stanton,1
taxa,1
rendering,1
bolster,1
colossal,1
neue,1
nocturnus,1
forces,1
ontogenesis,1
reflect,1
surrounding,1
credo,1
prescriptive,1
haven,1
overseas,1
compact,1
folklore,1
stallion,1
stanford,1
penis,1
universally,1
currents,1
memoirs,1
sensuous,1
tiedemann,1
otherworldly,1
attributed,1
graduate,1
healing,1
weiber,1
violated,1
suffused,1
aided,1
norma,1
preceded,1
universalized,1
remember,1
exemplary,1
milky,1
dark,1
skeletons,1
paintings,1
nurture,1
outmoded,1
hang,1
describing,1
societes,1
working,1
roses,1
below,1
cette,1
borin,1
lungs,1
christened,1
mermaids,1
appended,1
relating,1
bath,1
foray,1
amphibious,1
innocent,1
rarer,1
agriculture,1
djussieu,1
zoologist,1
royale,1
claim,1
street,1
allusions,1
astor,1
involved,1
specifically,1
patiently,1
heat,1
statuary,1
contingency,1
deutsches,1
awakened,1
spanish,1
mammalogy,1
shapes,1
eleven,1
munich,1
infinite,1
este,1
ephesos,1
membrane,1
bowed,1
vesalius,1
governments,1
gegenbauer,1
brought,1
heller,1
dramatic,1
manchester,1
metiers,1
met,1
daedalus,1
essentially,1
narrative,1
weapons,1
villages,1
motherhood,1
breastembodied,1
camels,1
foremost,1
miracles,1
hermaphrodite,1
lindley,1
pennant,1
treasures,1
arose,1
sylvestris,1
always,1
sketches,1
visible,1
articulation,1
scott,1
progress,1
method,1
doctrines,1
moist,1
cattle,1
purpose,1
sheriff,1
filling,1
resistance,1
proper,1
potsdam,1
hirsute,1
peculiar,1
kulturbesitz,1
lore,1
galen,1
newly,1
putrefied,1
grateful,1
viktoria,1
ornella,1
heyday,1
wolfgang,1
evoked,1
humanistic,1
rest,1
disenfranchisement,1
questioning,1
undesirable,1
whitish,1
balm,1
nations,1
addiction,1
abbot,1
attacks,1
prescribed,1
south,1
wetnursing,1
spirituality,1
eternal,1
adamantly,1
defended,1
therefore,1
confined,1
ride,1
hatch,1
san,1
generis,1
arrangement,1
frederick,1
upperclass,1
variety,1
absence,1
principales,1
materials,1
complet,1
rivalries,1
gabriel,1
geistliche,1
action,1
idetitified,1
bastards,1
speeches,1
ire,1
synthesis,1
alma,1
universitytrained,1
blessed,1
expansion,1
wreaked,1
charlton,1
secondly,1
play,1
wings,1
return,1
wait,1
receptive,1
horrors,1
professionalize,1
appreciate,1
anniversary,1
spiny,1
meres,1
preached,1
nearly,1
pilifera,1
reproducing,1
purity,1
reduce,1
convince,1
community,1
pictorial,1
authorizing,1
harry,1
make,1
garden,1
ovoviviparous,1
denmark,1
house,1
comments,1
distribue,1
anatolien,1
boy,1
bona,1
postpartum,1
nudity,1
lb,1
historiae,1
judaic,1
suppose,1
cultivate,1
innovation,1
imposed,1
selection,1
theologians,1
bread,1
resilient,1
biological,1
corpus,1
crabs,1
blush,1
clouet,1
spoken,1
frank,1
once,1
pygmie,1
repression,1
artes,1
collect,1
fevers,1
depicted,1
communities,1
eyebrows,1
staatsbibliothek,1
extol,1
urged,1
ducation,1
violence,1
reference,1
felix,1
lloyd,1
represents,1
salvation,1
towards,1
accident,1
renaming,1
theodor,1
fragonard,1
message,1
borrowed,1
under,1
curvaceous,1
fifth,1
smell,1
nancy,1
elephants,1
corporalium,1
us,1
denounced,1
imitate,1
rgeneratin,1
courtauld,1
vierteljahrsschrzft,1
une,1
property,1
aristocratic,1
clothing,1
assistance,1
mediators,1
occident,1
lord,1
bonpland,1
choices,1
apres,1
dropped,1
refocused,1
heroism,1
supposedly,1
infused,1
beards,1
nineteenthcentury,1
fearsome,1
jaw,1
odds,1
psyche,1
multimammia,1
melzer,1
toronto,1
heroes,1
friend,1
inedible,1
inheritance,1
dispensatory,1
bipedal,1
watching,1
avoided,1
fairly,1
published,1
hallmark,1
considers,1
motives,1
declining,1
newall,1
affairs,1
chose,1
cheek,1
naively,1
ironically,1
preeminence,1
endured,1
members,1
quietly,1
tilden,1
critiques,1
caligula,1
challenge,1
decrease,1
metaphysical,1
neglect,1
again,1
sac,1
offer,1
academy,1
available,1
conceived,1
similarly,1
ask,1
surinam,1
madonna,1
domains,1
flat,1
raisonne,1
erect,1
sucking,1
gentle,1
smith,1
analytical,1
lacked,1
lighter,1
duckbilled,1
artists,1
santos,1
longer,1
overspreads,1
tetracoilia,1
marker,1
valid,1
ley,1
rosy,1
coinage,1
conduct,1
villa,1
relates,1
lieutenant,1
foods,1
walked,1
malleus,1
brigit,1
delicate,1
documents,1
mothering,1
goddesses,1
regulation,1
disuse,1
remarked,1
germans,1
ideology,1
larger,1
classical,1
pamphlet,1
chaste,1
medicinischen,1
cure,1
hear,1
plagued,1
fallen,1
emphatic,1
ventricles,1
everything,1
mammaux,1
identical,1
retracing,1
appropriately,1
segmentation,1
fashion,1
pattern,1
imperfect,1
orphans,1
deform,1
eroticized,1
discussed,1
epitre,1
serious,1
bell,1
external,1
predicted,1
angels,1
honor,1
feminism,1
cup,1
enough,1
ballexserd,1
lions,1
riddled,1
drinking,1
sweat,1
wild,1
progenitor,1
handing,1
covered,1
usinger,1
foyer,1
ancients,1
aldenham,1
road,1
creature,1
wielding,1
understandings,1
everard,1
refrain,1
soft,1
relevant,1
timaeus,1
ungulates,1
anteater,1
torture,1
uttered,1
politic,1
aux,1
twins,1
fourchambered,1
simplicity,1
generic,1
udder,1
leslie,1
tails,1
controversy,1
rniaejun,1
mercy,1
alle,1
lange,1
going,1
lowliest,1
encountered,1
sistens,1
day,1
ecology,1
depopulating,1
convenient,1
subcategory,1
ibid,1
inermis,1
quadrumanes,1
habitat,1
argues,1
amazons,1
original,1
able,1
venerated,1
demonstrated,1
heckscher,1
status,1
clitoris,1
emanating,1
lap,1
situated,1
vast,1
womankind,1
discussion,1
intimate,1
disease,1
poetry,1
considering,1
treated,1
subjectivity,1
conn,1
attribut,1
closer,1
conceptions,1
legs,1
values,1
nippleless,1
swollen,1
cult,1
impart,1
decent,1
verwandte,1
concentration,1
particuliere,1
desperate,1
looking,1
scala,1
vials,1
archetyp,1
grandmothers,1
arbitrarily,1
identity,1
prussia,1
empirical,1
wis,1
broude,1
expression,1
raven,1
determining,1
prevailed,1
fourteenth,1
decreed,1
naturalizing,1
emphasize,1
reptile,1
vocabulary,1
aside,1
prominently,1
harvard,1
curb,1
alsace,1
moller,1
bitter,1
simia,1
freudian,1
resolved,1
pamphlets,1
contrive,1
eligible,1
individuals,1
merit,1
voice,1
baptiste,1
field,1
raising,1
longino,1
vices,1
office,1
lebenskraft,1
dismissed,1
vermillion,1
taxidermists,1
fabricated,1
vii,1
subsequent,1
charge,1
rejected,1
ties,1
legendary,1
installed,1
daudin,1
open,1
nero,1
inconspicuous,1
stag,1
amazonian,1
aware,1
carol,1
b,1
favorite,1
comprehensive,1
lamented,1
devils,1
odious,1
surest,1
abortifacient,1
lady,1
logic,1
endangered,1
statues,1
try,1
subcurrents,1
outraged,1
defense,1
nombre,1
times,1
divisions,1
organism,1
revised,1
function,1
skulls,1
scholasticism,1
collected,1
tubingen,1
famos,1
paths,1
filled,1
kept,1
proximity,1
households,1
atran,1
preservation,1
offense,1
earaches,1
marriage,1
ix,1
sally,1
adequately,1
mamjoano,1
thornton,1
morals,1
quick,1
rubens,1
allgemeines,1
genealogy,1
origine,1
margin,1
aussi,1
valued,1
honorary,1
facing,1
panofsky,1
problems,1
mandeville,1
satisfy,1
spende,1
k,1
eyes,1
evolutionary,1
methods,1
causee,1
racist,1
linni,1
neck,1
sensible,1
mayr,1
effect,1
unites,1
superstitions,1
periodbecame,1
percent,1
femininity,1
artisans,1
fateful,1
probably,1
purging,1
joanna,1
statue,1
greece,1
revolted,1
ate,1
conquest,1
looked,1
galleries,1
mercenaires,1
bestowed,1
appropriateness,1
bosoms,1
fiddled,1
instances,1
completes,1
destruction,1
unwittingly,1
harding,1
quarterly,1
professional,1
fanciful,1
cliffs,1
embodied,1
sandra,1
gynaecology,1
vertebrate,1
fee,1
propose,1
inferior,1
regimes,1
tria,1
polarul,1
overlooked,1
donnison,1
motif,1
johnson,1
separate,1
menstruated,1
tore,1
genesis,1
primate,1
fifty,1
dawn,1
cornplet,1
ornithorhynchus,1
relationship,1
flesh,1
aid,1
rebel,1
abundance,1
panerfo,1
commentator,1
belonged,1
raise,1
fishesand,1
cow,1
furry,1
enquiry,1
frenc,1
movements,1
crucial,1
apprentices,1
chance,1
usually,1
foreign,1
willingly,1
nonpregnant,1
informing,1
practitioners,1
brutes,1
suspected,1
creatures,1
hill,1
catholic,1
deaths,1
rounder,1
puppies,1
phylogenesis,1
ovoviviparity,1
trait,1
referred,1
venereal,1
success,1
directing,1
army,1
un,1
modified,1
affinity,1
consonant,1
naturrecht,1
bears,1
render,1
credited,1
emblemes,1
fours,1
confine,1
iconographic,1
emble,1
expert,1
cognitive,1
bows,1
antiquity,1
squarely,1
volumes,1
arret,1
dormice,1
responsible,1
examine,1
pius,1
maternity,1
marched,1
empedocles,1
wittingly,1
lion,1
bimanes,1
elderly,1
table,1
confided,1
supporting,1
academie,1
measured,1
types,1
saturated,1
canonical,1
exists,1
elder,1
madison,1
face,1
worlds,1
figured,1
rationalize,1
joseph,1
thick,1
attachment,1
mannheim,1
increased,1
rightful,1
chests,1
sara,1
addressed,1
hearts,1
burned,1
mammalology,1
assistant,1
unmask,1
suggestions,1
duncan,1
farge,1
wars,1
curious,1
servants,1
sexes,1
rarely,1
fifteen,1
thinking,1
beast,1
singular,1
calling,1
protuberant,1
elaborate,1
encyclopedique,1
barbarous,1
version,1
zurich,1
baffled,1
grand,1
denote,1
frenchman,1
regni,1
meconium,1
diderot,1
smallness,1
ever,1
morally,1
bees,1
dimorphism,1
lest,1
delegates,1
marcel,1
stuffed,1
donna,1
founders,1
offered,1
kemp,1
ridiculed,1
physical,1
willingness,1
laxative,1
rabine,1
mammata,1
spots,1
rapturous,1
text,1
wicked,1
appealing,1
einer,1
vierteljahrsschrift,1
secretion,1
poorest,1
drake,1
headed,1
elzr,1
feelings,1
dentary,1
darwinian,1
nouvelle,1
offen,1
principle,1
hailed,1
revolutionaries,1
archiologische,1
monthly,1
rear,1
country,1
mort,1
moons,1
anthropology,1
compelled,1
scientist,1
cultures,1
beatified,1
neglected,1
novel,1
concocted,1
peasants,1
bruta,1
openings,1
setting,1
believe,1
entertainments,1
ft,1
prominence,1
appel,1
mockingly,1
skinner,1
propaganda,1
current,1
thy,1
rearing,1
shelley,1
arcy,1
report,1
seldom,1
absolutism,1
manuals,1
particularly,1
homme,1
solved,1
degenerates,1
denver,1
expresses,1
contradictory,1
perfectly,1
countering,1
syphilitic,1
physiocrat,1
asserting,1
edible,1
longstanding,1
separating,1
pretended,1
choosing,1
examining,1
elsewhere,1
placing,1
thompson,1
type,1
senate,1
vegetables,1
respect,1
preussischer,1
growing,1
augustine,1
game,1
api,1
leopard,1
heads,1
genera,1
equine,1
zoonomia,1
siegesbeckia,1
answered,1
carefully,1
investigation,1
adults,1
namely,1
degree,1
larson,1
lxix,1
haraway,1
mammifers,1
labia,1
attitudes,1
svecici,1
lindberg,1
bastille,1
fashions,1
warn,1
dedicated,1
unnecessary,1
bartolome,1
incorruptible,1
squammifera,1
tipt,1
fascination,1
customary,1
indignantly,1
require,1
divide,1
soothe,1
thiersch,1
hottentot,1
chodowiecki,1
awarded,1
advise,1
rationality,1
disgust,1
viviparity,1
treatises,1
almost,1
wanton,1
psychology,1
untersuchung,1
sullied,1
engravers,1
gradation,1
agreeable,1
wahren,1
burden,1
wandering,1
nj,1
litters,1
dialogues,1
cares,1
omen,1
apparatus,1
uniting,1
epithet,1
presented,1
occasionally,1
heady,1
preserved,1
imageryespecially,1
awkwardly,1
marked,1
daughters,1
sea,1
city,1
tragodie,1
revolutions,1
joining,1
strangers,1
press,1
ministers,1
role,1
sklavin,1
convinced,1
sl,1
nourish,1
tried,1
lehning,1
regulated,1
rationale,1
measure,1
extended,1
substance,1
cultivated,1
zemon,1
encyclopedie,1
lorenz,1
sophia,1
fiur,1
pnina,1
botany,1
preus,1
daubenton,1
colonial,1
families,1
coins,1
botanists,1
takeover,1
economically,1
representation,1
frangsmyr,1
emulate,1
aspect,1
faculty,1
think,1
contrasts,1
drive,1
generale,1
syrien,1
ephesia,1
jamaica,1
mammology,1
false,1
femme,1
promoted,1
cautioned,1
joyfully,1
francois,1
petrus,1
adopting,1
elongated,1
amrianhstoial,1
caring,1
touch,1
negro,1
reveals,1
ig,1
functions,1
connecting,1
quest,1
pne,1
maxime,1
milksecreting,1
defence,1
internally,1
jacques,1
daumas,1
finally,1
defender,1
hippo,1
mode,1
pennifera,1
snowy,1
indivisibility,1
joined,1
breasted,1
sues,1
eroticization,1
typically,1
biblish,1
consumption,1
need,1
evidence,1
guiding,1
smaller,1
connor,1
trumbach,1
regular,1
altertum,1
frontispisplanschen,1
ornament,1
leiden,1
philosophy,1
area,1
alder,1
instinct,1
susan,1
objections,1
lemurs,1
wirklichkeit,1
extremely,1
thierbuch,1
remains,1
francisco,1
repeopled,1
definitive,1
desfemmes,1
methodes,1
rackham,1
roughly,1
showed,1
wealth,1
flooding,1
moved,1
evelyn,1
scaly,1
thousand,1
blacks,1
privileging,1
orchestrated,1
vanity,1
avis,1
distinctions,1
melange,1
polizey,1
prospects,1
trichozoologia,1
guggenheim,1
zeus,1
liquid,1
loving,1
era,1
enterprise,1
supervision,1
create,1
norman,1
overfull,1
virgins,1
fears,1
views,1
bounds,1
exclusively,1
element,1
characters,1
fatally,1
samia,1
scorned,1
deafness,1
develop,1
sensibility,1
eb,1
here,1
harmful,1
beings,1
dos,1
statement,1
resembled,1
marketeers,1
tract,1
fostering,1
built,1
majora,1
uncertain,1
customs,1
otto,1
procurred,1
dea,1
amaltheia,1
brazilian,1
denis,1
ulisse,1
suger,1
