WORDCOUNTS,WEIGHT
the,761
of,544
to,445
and,374
in,319
that,229
a,223
his,144
their,142
letters,138
was,105
for,102
de,93
letter,87
i,82
by,81
were,81
he,80
with,80
war,77
s,74
it,70
they,70
not,67
from,67
you,64
her,63
as,61
on,61
one,59
pireaud,57
this,57
at,56
correspondence,54
have,54
had,53
would,49
writing,49
home,48
more,47
be,46
an,45
front,45
who,44
but,41
family,40
or,40
she,39
all,37
when,37
france,37
could,36
paul,36
lettres,35
marie,34
december,34
only,33
is,33
parents,32
soldiers,31
men,30
write,30
young,28
l,28
how,28
most,28
wrote,28
about,28
end,28
guerre,28
them,28
children,27
which,27
primaire,27
these,26
french,26
life,26
correspondents,25
review,25
so,25
what,25
even,24
start,24
many,24
wartime,24
historical,24
if,23
american,23
did,23
than,21
however,21
because,21
wife,21
maret,21
shat,21
became,21
women,20
during,20
also,20
republic,20
affection,19
him,19
sent,18
my,18
your,18
will,18
postal,18
barbusse,18
almost,18
such,17
love,17
fauconnier,17
d,17
early,17
little,17
daily,16
kahn,16
no,16
do,16
paris,16
la,16
donche,16
any,16
are,16
into,15
military,15
other,15
very,15
censorship,15
time,15
made,15
moral,15
like,15
instruction,15
been,15
frontline,15
lkt,15
censors,15
every,14
brother,14
manuel,14
et,14
general,14
often,14
spring,14
written,14
sa,13
first,13
great,13
hanna,13
thus,13
expected,13
whose,13
too,13
out,13
cultural,13
troops,13
writers,13
make,13
read,13
tell,13
intimate,13
un,13
martha,13
world,13
much,13
those,12
andre,12
work,12
year,12
records,12
own,12
death,12
model,12
me,12
paccot,12
wives,12
february,12
families,12
years,12
t,11
give,11
may,11
without,11
cuzacq,11
epistolary,11
we,11
up,11
same,11
new,11
where,11
see,11
another,11
intimacy,11
analysis,11
control,11
day,11
both,11
madeleine,10
verdun,10
composition,10
some,10
henri,10
friends,10
having,10
its,10
thoughts,10
friend,10
described,10
mother,10
civilians,10
social,10
while,10
suggests,10
regular,10
speak,10
should,10
way,9
revue,9
has,9
suffering,9
german,9
days,9
n,9
whom,9
simonet,9
example,9
le,9
convey,9
curriculum,9
absence,9
service,9
april,9
us,9
man,9
less,9
remained,9
father,9
august,9
can,9
army,9
confessed,9
must,9
ever,9
soldier,9
am,9
between,9
ways,8
words,8
there,8
journal,8
established,8
m,8
found,8
received,8
good,8
battle,8
fact,8
took,8
extended,8
conversation,8
physical,8
evident,8
grief,8
correspondent,8
son,8
civilian,8
alone,7
elementary,7
position,7
sources,7
might,7
last,7
october,7
familial,7
himself,7
learned,7
immediate,7
enseignement,7
postcards,7
importance,7
leave,7
postcard,7
bonds,7
peasants,7
peasant,7
just,7
superieur,7
lettre,7
well,7
used,7
nation,7
older,7
few,7
depression,7
practices,7
experiences,7
boy,7
une,7
private,7
exchange,7
means,7
collections,7
school,7
know,7
harvest,7
far,7
femme,7
although,7
go,6
common,6
truth,6
true,6
nineteenth,6
long,6
desire,6
silence,6
say,6
honest,6
century,6
honesty,6
third,6
affective,6
send,6
understand,6
les,6
beyond,6
always,6
important,6
suggested,6
effect,6
lyons,6
gave,6
describe,6
patriote,6
suggest,6
several,6
june,6
seemed,6
nonetheless,6
happy,6
july,6
nicot,6
under,6
combat,6
fiancee,6
ed,6
two,6
emotional,6
think,6
soldat,6
clear,6
filled,6
kept,6
juif,6
lines,6
itself,6
share,6
then,6
lessons,6
preface,6
grades,6
information,6
des,6
our,6
reveals,6
include,6
evidence,6
themselves,6
boege,6
herself,5
word,5
history,5
failing,5
best,5
take,5
reading,5
within,5
task,5
march,5
whatever,5
exercise,5
masson,5
artillery,5
live,5
bring,5
whether,5
want,5
maintain,5
four,5
show,5
confessional,5
neither,5
schooling,5
martyn,5
late,5
franchise,5
lapses,5
militaire,5
away,5
least,5
cold,5
brought,5
impossible,5
minet,5
content,5
power,5
horrors,5
urged,5
poilus,5
published,5
months,5
fire,5
educated,5
john,5
manuals,5
failings,5
gqg,5
three,5
reality,5
abbeville,5
offensive,5
circle,5
bureau,5
sometimes,5
husband,5
aunt,5
ordinary,5
bacconnier,5
here,5
literary,5
amiens,5
seem,5
soler,5
jean,5
together,5
saint,5
boys,5
indifference,5
don,5
circumstances,5
uniform,5
went,5
wish,5
offered,5
news,5
observed,5
asked,5
fernand,4
parole,4
forgiveness,4
stoic,4
siblings,4
du,4
experience,4
begged,4
seems,4
nature,4
flowers,4
lagraulet,4
simple,4
indifferent,4
reveal,4
packages,4
mind,4
emphasized,4
historians,4
histoire,4
against,4
confessions,4
million,4
admitted,4
maintaining,4
keep,4
back,4
compulsory,4
find,4
spite,4
sister,4
poor,4
knew,4
hardships,4
danger,4
rules,4
reason,4
nor,4
cause,4
welfare,4
allow,4
culture,4
teacher,4
recently,4
younger,4
taught,4
public,4
prompted,4
part,4
knowledge,4
criticized,4
bereavement,4
confession,4
either,4
openly,4
routine,4
local,4
protect,4
members,4
temporarily,4
available,4
experienced,4
lengthy,4
scholars,4
uncle,4
everything,4
enough,4
hand,4
fiance,4
compelled,4
temoins,4
sides,4
elite,4
entirely,4
food,4
nothing,4
tone,4
summer,4
farms,4
thomas,4
short,4
never,4
assigned,4
masefield,4
eteve,4
anxiety,4
why,4
citizens,4
meant,4
practice,4
sustained,4
ont,4
hoped,4
mere,4
loved,4
art,4
millions,4
middle,4
given,4
through,4
resignation,4
gerard,4
lesson,4
come,4
models,4
contract,4
rest,4
longer,4
daughter,4
horror,3
does,3
done,3
created,3
everyone,3
trans,3
introduction,3
unlike,3
before,3
descriptions,3
source,3
being,3
said,3
anything,3
passion,3
handwriting,3
testimonial,3
worked,3
j,3
knowing,3
regrettable,3
tradition,3
skills,3
able,3
larpin,3
loves,3
precisely,3
regiment,3
system,3
capacity,3
sexual,3
italian,3
prior,3
possible,3
morale,3
exposed,3
married,3
mastered,3
relations,3
consolation,3
beloved,3
felt,3
marriage,3
confess,3
though,3
sisters,3
promised,3
act,3
developed,3
practiced,3
heard,3
case,3
cru,3
witness,3
study,3
aout,3
impressed,3
support,3
university,3
moved,3
frequently,3
reviewed,3
pierre,3
attrition,3
compassion,3
effects,3
equally,3
cannot,3
required,3
sacrifice,3
memory,3
r,3
line,3
closed,3
strict,3
heart,3
feared,3
afar,3
discussions,3
place,3
officers,3
noted,3
speaking,3
thereafter,3
winter,3
personal,3
boches,3
germain,3
pedagogy,3
anger,3
commanding,3
order,3
contrast,3
crops,3
essentially,3
codes,3
occasions,3
quarante,3
notes,3
appropriate,3
provided,3
jules,3
society,3
survived,3
press,3
lapse,3
second,3
separation,3
female,3
exception,3
still,3
judgment,3
simultaneously,3
cultivate,3
once,3
york,3
thought,3
serve,3
friendship,3
secretaires,3
increasingly,3
company,3
continued,3
endured,3
fundamental,3
teachers,3
really,3
serious,3
everyday,3
unpleasant,3
material,3
style,3
going,3
identity,3
louis,3
expression,3
fed,3
continue,3
literate,3
office,3
connected,3
students,3
vigilant,3
open,3
significance,3
anxious,3
defense,3
times,3
conversational,3
random,3
article,3
january,3
distant,3
protocols,3
attention,3
farm,3
carried,3
things,3
flower,3
spelling,3
rise,3
patriotic,3
prose,3
fear,3
kill,3
confided,3
get,3
face,3
earliest,3
precise,3
trenches,3
huss,3
command,3
highly,3
chartier,3
thwart,3
endurance,3
conscientious,3
different,3
believe,3
comfort,3
half,3
better,3
implicit,3
ones,3
imposed,3
voice,3
careful,3
famille,3
die,3
tried,3
ranks,3
childhood,3
until,3
obliged,3
ulrich,3
offer,3
cafard,3
need,3
sur,3
opinions,3
writer,3
defined,3
michel,3
shells,3
chastised,3
needs,3
fears,3
exclusively,3
close,3
resolve,2
difficult,2
bernard,2
etprimaire,2
now,2
child,2
obligations,2
since,2
fathers,2
limits,2
sins,2
later,2
histoires,2
extend,2
uplands,2
confessing,2
passing,2
village,2
told,2
significant,2
cree,2
systematically,2
mutinies,2
barracks,2
cours,2
remind,2
cherished,2
alive,2
sons,2
notwithstanding,2
boulder,2
former,2
comrades,2
character,2
habits,2
replicate,2
husbands,2
criticizing,2
something,2
mourned,2
eye,2
contact,2
fearful,2
painful,2
reassure,2
gossip,2
stressed,2
certainly,2
pervasive,2
implications,2
taken,2
concentrated,2
nancy,2
certeau,2
secondary,2
emotion,2
aloud,2
real,2
deemed,2
help,2
maurice,2
faithful,2
state,2
replicated,2
mail,2
alike,2
somewhat,2
behind,2
sotheby,2
citizenship,2
chatting,2
speech,2
british,2
paying,2
occasional,2
badly,2
combatants,2
account,2
lamented,2
withdrawal,2
regretted,2
transcend,2
calculated,2
combatant,2
promises,2
ritual,2
despicable,2
reverence,2
eroded,2
prevented,2
engage,2
urging,2
warfare,2
behavior,2
labor,2
reassurance,2
complained,2
fussell,2
responded,2
explained,2
aunts,2
roger,2
alarm,2
health,2
neighbors,2
forgotten,2
ease,2
ability,2
decided,2
insisted,2
assured,2
forced,2
turn,2
individual,2
served,2
left,2
despair,2
mistress,2
died,2
identify,2
instruments,2
details,2
citizen,2
eager,2
occasion,2
billion,2
ballaison,2
blues,2
authority,2
recognized,2
pendant,2
town,2
ypres,2
russian,2
needy,2
card,2
wanting,2
stop,2
edward,2
myself,2
annoyed,2
process,2
rather,2
suffer,2
opportunity,2
after,2
persistent,2
jeanneney,2
talk,2
entre,2
benjamin,2
grieving,2
bleak,2
nivelle,2
bad,2
wanted,2
anguish,2
consider,2
physically,2
bit,2
reprimand,2
disaffected,2
argued,2
cousins,2
age,2
graphic,2
defeat,2
toulouse,2
care,2
opinion,2
greater,2
hours,2
pantheon,2
cochin,2
called,2
serge,2
lived,2
destined,2
sending,2
contemporaine,2
stomach,2
fuel,2
embedded,2
prompt,2
equal,2
let,2
rousseau,2
produced,2
fulfill,2
laughable,2
surrounded,2
outside,2
directly,2
receive,2
alienation,2
sites,2
taxes,2
bombardment,2
combattant,2
basis,2
journals,2
reader,2
reserve,2
apparent,2
edn,2
homeland,2
revealed,2
gender,2
ten,2
reminded,2
genuine,2
sorrow,2
densely,2
schoolchildren,2
frederic,2
anticipating,2
systematic,2
project,2
tears,2
artifact,2
lionel,2
enthusiastic,2
memoirs,2
weeks,2
relentless,2
violated,2
punctuated,2
brutality,2
hard,2
responsibility,2
next,2
quite,2
midst,2
hence,2
acted,2
night,2
around,2
unpunctuated,2
butchery,2
oral,2
invaluable,2
research,2
bernd,2
villages,2
managed,2
patience,2
infantry,2
filling,2
sad,2
alienated,2
censor,2
valuable,2
massive,2
commingled,2
noteworthy,2
teasingly,2
indeed,2
hide,2
correctional,2
return,2
acknowledged,2
classic,2
commit,2
western,2
community,2
grande,2
completely,2
railed,2
adapted,2
annoying,2
relied,2
yet,2
intense,2
soon,2
observance,2
included,2
assistance,2
complete,2
aux,2
insights,2
despondency,2
divulge,2
sector,2
delivery,2
provide,2
stories,2
fell,2
again,2
similarly,2
fete,2
generales,2
financial,2
efforts,2
cultivated,2
naive,2
happening,2
conduct,2
punctuation,2
sleep,2
homework,2
governed,2
francaise,2
doubt,2
considerable,2
honor,2
learn,2
present,2
ground,2
celebrated,2
commiseration,2
perhaps,2
woman,2
eds,2
distance,2
widespread,2
solicitude,2
dragged,2
fight,2
thousands,2
understanding,2
ignored,2
birth,2
easier,2
upon,2
mothers,2
bear,2
backbreaking,2
advent,2
fils,2
filthy,2
emphasize,2
worse,2
diaries,2
pleasure,2
stay,2
ozouf,2
frustrated,2
restraint,2
idiosyncratic,2
publication,2
workers,2
characterized,2
plant,2
inadequacies,2
high,2
condolence,2
course,2
offense,2
spent,2
portrayed,2
tolerant,2
especially,2
qualities,2
large,2
correction,2
grandmother,2
teach,2
analyze,2
lazy,2
conveyed,2
reluctant,2
suggestion,2
elderly,2
peers,2
violation,2
today,2
grammar,2
note,2
george,2
five,2
bound,2
rpt,2
directions,2
length,2
remembrance,2
acquaintances,2
norton,2
valiant,2
fall,2
hope,2
enforced,2
fields,2
mud,2
detail,2
supply,2
small,2
spoke,2
constant,2
historian,2
terrible,2
morning,2
series,2
girlfriends,2
dishonest,2
extensive,2
devout,2
reinforced,2
marcel,2
thousand,2
dupouey,2
colorado,2
cousin,2
sevigne,2
over,2
privacy,2
extant,2
correspond,2
abandonment,2
commission,2
accustomed,2
unknown,2
augustin,2
intrusive,2
presence,2
heavy,2
regard,2
guy,2
prayers,2
pour,2
rural,2
following,2
weather,2
regulations,2
according,2
form,2
particular,2
enterprise,2
mayenne,2
extent,2
carnet,2
secure,2
birthday,2
minimal,2
emphasis,2
infant,2
finished,2
occasionally,2
preserved,2
caporetto,2
november,2
convinced,2
subject,2
worst,2
au,2
gesture,2
recent,2
difference,2
cambridge,2
disappear,2
mutual,2
instead,2
land,2
resembled,2
sadness,2
harbored,2
remains,2
worried,2
anonymous,2
observation,2
admitting,2
dishonesty,2
dauphin,2
conscientiously,2
archival,2
obligation,2
era,2
irrelevant,2
romains,2
ends,2
drew,2
tokens,2
doing,2
conversations,2
frankly,2
poilu,2
admirably,1
final,1
countryside,1
frequent,1
intimately,1
undertakings,1
miraculous,1
syntax,1
archives,1
tedium,1
frontieres,1
complaint,1
vilified,1
consecutive,1
appropriation,1
audible,1
companionship,1
cinq,1
heroic,1
keeps,1
generated,1
stood,1
immune,1
lagruelet,1
protocol,1
encouraged,1
separated,1
judging,1
weeding,1
career,1
grievous,1
berkeley,1
distress,1
patriot,1
fingers,1
privations,1
insufficiently,1
busy,1
despairing,1
mire,1
germany,1
delighted,1
germaine,1
poorer,1
ultimate,1
originating,1
unabashedly,1
enclosing,1
flaws,1
augenzeugen,1
cartes,1
manuscript,1
pushed,1
distributed,1
reflective,1
glimpses,1
bended,1
themselvespostal,1
becoming,1
trench,1
mimi,1
conveys,1
instructions,1
cadences,1
confidence,1
correspondance,1
likely,1
philippe,1
solidarity,1
h,1
palpably,1
republique,1
equanimity,1
stoicism,1
hair,1
winning,1
oppressive,1
earnest,1
policy,1
page,1
justified,1
committee,1
necessarily,1
allies,1
harsh,1
occurred,1
noncombatant,1
total,1
avow,1
expressed,1
naturalness,1
diligent,1
track,1
indicating,1
evasion,1
princeton,1
claire,1
meaningless,1
selfless,1
terrifying,1
steven,1
petals,1
par,1
test,1
unpersuaded,1
vocabulary,1
deschanel,1
appealed,1
consistent,1
member,1
despairs,1
else,1
inclined,1
familiarity,1
relieve,1
davis,1
enseignementprimaire,1
unpatriotic,1
nurse,1
adversity,1
commissions,1
fielder,1
production,1
human,1
voices,1
expressive,1
combattants,1
undermining,1
planting,1
kilometers,1
attempt,1
dismissively,1
terrain,1
script,1
stifle,1
repressive,1
advanced,1
divorced,1
friendly,1
stolen,1
uncommunicative,1
europe,1
packed,1
twenty,1
pledge,1
broken,1
thank,1
dialogical,1
intercept,1
wither,1
skeptics,1
analyses,1
pressed,1
disgust,1
normative,1
confront,1
transferred,1
betrothed,1
transporting,1
overtaxed,1
procedure,1
psyche,1
room,1
delaying,1
providence,1
prompts,1
survey,1
ecrites,1
farmer,1
subsequent,1
belying,1
intercepted,1
failures,1
embrace,1
harrowing,1
persistence,1
abyss,1
stupid,1
respond,1
sacred,1
marine,1
principal,1
reminiscent,1
unedited,1
nachkriegszeit,1
signs,1
welsh,1
mailboxes,1
gratified,1
circumvent,1
producing,1
bluntly,1
courage,1
empty,1
fortune,1
takes,1
existence,1
deviation,1
cookies,1
disabling,1
laboring,1
plume,1
apprenticed,1
preoccupations,1
gaps,1
stretched,1
albeit,1
money,1
vincennes,1
adapts,1
nose,1
adverse,1
sought,1
jam,1
mass,1
beth,1
killed,1
right,1
reminder,1
wept,1
abhor,1
opened,1
symbol,1
determined,1
congregate,1
lethargy,1
bricolage,1
characterize,1
solely,1
functions,1
etienne,1
worry,1
obvious,1
estranged,1
aubert,1
desired,1
point,1
except,1
benefactors,1
utmost,1
laws,1
household,1
syntactical,1
apply,1
cyrano,1
bert,1
enter,1
postales,1
memoire,1
withhold,1
forged,1
safely,1
endearment,1
analyse,1
blond,1
sign,1
upbraiding,1
corresponding,1
feldpostbriefe,1
fusil,1
newfound,1
exist,1
victim,1
comprehensive,1
pen,1
exercises,1
peripheral,1
fluency,1
pocket,1
regularly,1
nullify,1
meslier,1
relationships,1
schoolteacher,1
pied,1
severe,1
coetzee,1
representations,1
neighbor,1
quality,1
run,1
countless,1
bourget,1
utter,1
due,1
demanded,1
analyzing,1
pursuit,1
categorized,1
helen,1
realized,1
prefaces,1
doctor,1
corner,1
intact,1
interest,1
domain,1
inhumane,1
relatively,1
juxtaposition,1
moment,1
inspiring,1
natalie,1
rigorously,1
honestly,1
concentric,1
uncelebrated,1
declined,1
regarded,1
insofar,1
sample,1
farewell,1
unwilling,1
learning,1
kind,1
taste,1
weaknesses,1
elders,1
occasioned,1
rank,1
cases,1
console,1
affectionate,1
distinct,1
honored,1
repeatedly,1
survivors,1
sibling,1
reluctance,1
psychological,1
mistakes,1
lax,1
bay,1
behaving,1
regretting,1
blank,1
moralistic,1
fond,1
kinds,1
subjects,1
simplest,1
determination,1
holds,1
chastise,1
inclusion,1
enquete,1
wholly,1
allowing,1
clare,1
strafed,1
continuous,1
witnessed,1
drives,1
fourth,1
truly,1
avowal,1
beginning,1
drawn,1
obscure,1
boureau,1
student,1
obliging,1
look,1
remiss,1
dear,1
gaze,1
deeply,1
loneliness,1
traditions,1
north,1
outpourings,1
delivered,1
hardly,1
forbade,1
coal,1
acknowledge,1
valiantly,1
master,1
bothered,1
essen,1
implementation,1
conjure,1
traumatic,1
battles,1
longing,1
book,1
disconsolate,1
failed,1
loyal,1
surprisingly,1
talks,1
implored,1
sixteen,1
profoundly,1
erotic,1
jochen,1
essential,1
youthful,1
candy,1
links,1
withered,1
brandy,1
modulate,1
grid,1
main,1
absent,1
stresses,1
remain,1
peddlers,1
unmoved,1
savored,1
agonizing,1
basic,1
secrets,1
wearisome,1
unit,1
thrift,1
annette,1
levels,1
boorer,1
preparing,1
scripted,1
ploys,1
permanent,1
stench,1
associate,1
juifpatriote,1
thing,1
similar,1
certain,1
adjustments,1
derived,1
precocity,1
ongoing,1
ix,1
jeopardize,1
worthless,1
echoed,1
offering,1
lay,1
crying,1
summarized,1
animals,1
future,1
sunshine,1
periodic,1
bach,1
absorbed,1
precious,1
addressing,1
shell,1
unconventional,1
firing,1
making,1
adolescents,1
esoteric,1
circulated,1
affect,1
praise,1
censored,1
darrow,1
counterparts,1
blame,1
revising,1
poisoned,1
discouraged,1
unexpurgated,1
image,1
intensive,1
fille,1
argues,1
subterfuge,1
glum,1
proved,1
section,1
platitudes,1
placed,1
dictee,1
propaganda,1
house,1
sheer,1
corpses,1
instrument,1
sounded,1
ignorance,1
xi,1
companions,1
accurate,1
put,1
concerned,1
exploited,1
store,1
idiots,1
follow,1
officer,1
wondering,1
followed,1
discomfort,1
madame,1
pedroncini,1
tranchees,1
hereafter,1
reconsideration,1
victorian,1
willing,1
jags,1
plight,1
bombs,1
unvarnished,1
pious,1
helped,1
womenfolk,1
nier,1
use,1
truthfully,1
preach,1
appear,1
grammatically,1
hole,1
censuree,1
reflections,1
union,1
response,1
uses,1
advance,1
came,1
lock,1
based,1
earned,1
anastasie,1
laziness,1
lead,1
aftermath,1
walk,1
arrival,1
abandoning,1
diligently,1
inequality,1
lulls,1
medic,1
harder,1
critic,1
embittered,1
carrying,1
rule,1
search,1
fatalistic,1
strength,1
joy,1
access,1
p,1
six,1
conveying,1
effort,1
embracing,1
changed,1
format,1
introspective,1
shared,1
infrequent,1
author,1
linger,1
niece,1
melancholy,1
eat,1
illness,1
captured,1
emotionally,1
stewardship,1
numbing,1
compromised,1
sends,1
big,1
wonder,1
academic,1
materiality,1
bemoaned,1
impression,1
rousing,1
irony,1
understood,1
informed,1
chronique,1
sentimental,1
carnets,1
hall,1
confined,1
bore,1
dismissal,1
divide,1
population,1
reinforce,1
obedience,1
applied,1
purchased,1
erratic,1
exhaustion,1
rubber,1
safe,1
record,1
democratization,1
reproches,1
bataille,1
dialectic,1
lebek,1
produce,1
guarantee,1
guidance,1
overwhelmed,1
fledgling,1
moaning,1
comprehension,1
premise,1
prayer,1
revived,1
hopkins,1
near,1
schoolgirl,1
possibility,1
sustenance,1
affair,1
preparations,1
scribbling,1
failure,1
pigs,1
existential,1
suspended,1
aging,1
armageddon,1
none,1
percent,1
seeking,1
network,1
schoolmaster,1
degrees,1
seminal,1
unworthy,1
gains,1
lied,1
dugout,1
francs,1
rocks,1
already,1
mobilization,1
reassurances,1
ideal,1
delicacies,1
reestablished,1
protected,1
concept,1
sorrows,1
supeieur,1
london,1
inconveniences,1
explains,1
norm,1
modere,1
communication,1
secret,1
transcended,1
paralytic,1
excessive,1
description,1
got,1
loss,1
armchair,1
refined,1
churned,1
demonstrates,1
collective,1
contains,1
people,1
grain,1
knees,1
earn,1
unwell,1
focuses,1
appreciated,1
employed,1
deserved,1
shelter,1
sensibility,1
compact,1
philosophically,1
fought,1
rationing,1
evelyne,1
week,1
strengthened,1
visions,1
discretion,1
minds,1
patriots,1
graduate,1
count,1
incomprehension,1
shortcomings,1
errors,1
thrived,1
aspired,1
lifted,1
exemplary,1
misery,1
abuse,1
wounded,1
caressing,1
nephew,1
sense,1
successful,1
element,1
caused,1
describing,1
schoolboy,1
idiom,1
below,1
current,1
fostered,1
revolution,1
undeterred,1
simpler,1
appreciably,1
excuse,1
protest,1
poet,1
depositing,1
edmonton,1
appreciatively,1
fallow,1
owned,1
phrase,1
allusions,1
submit,1
fatigue,1
stare,1
richter,1
accomplished,1
feelings,1
components,1
ill,1
reread,1
acts,1
somber,1
amounted,1
peace,1
combats,1
manchester,1
distinguished,1
foremost,1
noncombatants,1
engages,1
germans,1
fully,1
barely,1
inability,1
progress,1
majority,1
pays,1
express,1
paid,1
leshauris,1
anticipations,1
reciprocated,1
deepened,1
plausible,1
value,1
comfortable,1
skill,1
preliminary,1
leg,1
inform,1
waiting,1
miserable,1
grasp,1
reneging,1
jeffrey,1
subsequently,1
abbot,1
dishonestly,1
patrie,1
solidarist,1
threatened,1
critical,1
girl,1
therefore,1
republican,1
vantage,1
condolences,1
tasks,1
heretofore,1
transform,1
candid,1
situation,1
fortunate,1
edmond,1
forever,1
positions,1
binds,1
apprehensive,1
innocent,1
entitled,1
troop,1
homemade,1
exhaust,1
canini,1
unrealistic,1
admire,1
atypical,1
unusual,1
identified,1
action,1
demoralizing,1
spell,1
logically,1
tedious,1
criticize,1
expansion,1
resisted,1
ancien,1
brief,1
nearly,1
innocence,1
breath,1
emulated,1
garden,1
mayhem,1
flag,1
ignorant,1
comments,1
manifest,1
minutiae,1
newton,1
malice,1
ask,1
religious,1
schoolbooks,1
chap,1
notables,1
spoken,1
frank,1
sincere,1
violate,1
jaded,1
collect,1
assuring,1
communities,1
conjugal,1
victor,1
reference,1
examined,1
security,1
makes,1
rendell,1
exactly,1
rain,1
message,1
offenses,1
inspiration,1
challenged,1
inconsistencies,1
disastrous,1
lovers,1
tax,1
jay,1
participants,1
initiation,1
modestly,1
adjusted,1
light,1
professor,1
manning,1
callous,1
claptrap,1
keeping,1
abandon,1
choices,1
rotting,1
scrutinized,1
memories,1
window,1
depressive,1
sergeant,1
astonished,1
nineteenthcentury,1
frightened,1
organize,1
fearsome,1
odds,1
preeminent,1
illustrated,1
garqon,1
disagreed,1
boost,1
enforce,1
moments,1
bar,1
gentlemen,1
baby,1
functioned,1
watching,1
memento,1
miseries,1
testimony,1
chose,1
tough,1
street,1
ecritures,1
diary,1
starting,1
deeds,1
tenant,1
name,1
conscript,1
mona,1
reassuring,1
law,1
suit,1
forgivable,1
naivete,1
desbois,1
business,1
toward,1
others,1
spend,1
punish,1
conceived,1
mme,1
punctuality,1
towns,1
europeens,1
flat,1
intellect,1
smudging,1
gentle,1
arras,1
deutsche,1
adherence,1
emotions,1
unsuccessful,1
herbert,1
wooden,1
shows,1
lack,1
mesure,1
admit,1
unparalleled,1
limit,1
xii,1
endless,1
fearing,1
lieutenant,1
occupations,1
copied,1
environs,1
appeared,1
afraid,1
abstract,1
rotated,1
reform,1
crop,1
pretty,1
inevitably,1
casualties,1
manifested,1
angry,1
oneself,1
classical,1
becker,1
plagued,1
lifeline,1
quelques,1
substantially,1
contends,1
innocents,1
venture,1
clearing,1
orphans,1
habit,1
fragments,1
battery,1
intimes,1
jealousy,1
virginie,1
nag,1
patterns,1
ages,1
readers,1
journalists,1
savoie,1
elementaire,1
sausage,1
select,1
capitaine,1
couldn,1
idealism,1
discuss,1
developing,1
inroads,1
compositional,1
ultimately,1
calif,1
sorry,1
coexisted,1
unanticipated,1
palaver,1
reminders,1
duties,1
necessary,1
uttered,1
conviction,1
civils,1
rich,1
simplicity,1
tiny,1
weaken,1
belief,1
packs,1
assault,1
frequency,1
movements,1
ink,1
grave,1
gives,1
brutally,1
destroyed,1
encountered,1
locals,1
recommend,1
orphaned,1
historiographical,1
thoroughly,1
divulges,1
scant,1
doubtful,1
original,1
selfish,1
analyzed,1
classes,1
luck,1
greatest,1
reckoning,1
casual,1
vast,1
inviting,1
deuils,1
accelerate,1
caring,1
rendered,1
quintessential,1
dipped,1
moralist,1
servant,1
doorstep,1
defied,1
dordogne,1
delicate,1
chilling,1
apology,1
sufficiently,1
contacts,1
judge,1
load,1
sensibilities,1
concern,1
top,1
honorable,1
appalling,1
enduring,1
skeptical,1
forgot,1
confide,1
characteristically,1
persisted,1
assumption,1
plantation,1
sprig,1
advises,1
assume,1
spouting,1
engaging,1
complements,1
bed,1
questions,1
bitter,1
dessert,1
rare,1
antipathy,1
engaged,1
frame,1
field,1
sees,1
previous,1
armees,1
alarming,1
low,1
catch,1
edification,1
giraud,1
margaret,1
trauma,1
modem,1
notice,1
woodall,1
maligned,1
sustain,1
victory,1
essay,1
peter,1
urge,1
armee,1
interpret,1
dominique,1
kriegsund,1
horrific,1
preceded,1
christopher,1
compatriots,1
ecrit,1
evening,1
reviewers,1
innermost,1
period,1
miscarry,1
kashen,1
stages,1
easter,1
diligence,1
spirits,1
anyone,1
earlier,1
tangible,1
preservation,1
believing,1
mourning,1
expressing,1
adequately,1
patriotism,1
imagination,1
inscribed,1
faith,1
educational,1
prosecution,1
commentators,1
trying,1
elaborate,1
eloquent,1
uncles,1
become,1
shirkers,1
sight,1
overcome,1
acquire,1
examine,1
diploma,1
masculine,1
rupture,1
enjoyed,1
remainder,1
structure,1
suicidal,1
enemies,1
postwar,1
capabilities,1
probably,1
bragging,1
horse,1
contracts,1
southwest,1
looked,1
northern,1
lawyer,1
downy,1
haven,1
engagement,1
attend,1
professional,1
congratulate,1
vain,1
gide,1
disgusted,1
concluded,1
widely,1
division,1
ninety,1
attended,1
visit,1
nonsense,1
genesis,1
european,1
dupuy,1
oxford,1
conjuring,1
asking,1
yields,1
dawn,1
twelve,1
marilyn,1
replies,1
conscripted,1
oh,1
raw,1
humanities,1
education,1
overburden,1
replied,1
lot,1
independent,1
affirmation,1
inhabitants,1
science,1
chance,1
centrality,1
assiduously,1
affectionately,1
outsiders,1
maps,1
unwarranted,1
employment,1
parent,1
deaths,1
attitude,1
fewer,1
bare,1
attacking,1
becomes,1
mood,1
lost,1
sensitive,1
insist,1
seen,1
strongly,1
force,1
returned,1
jar,1
visual,1
lives,1
threaten,1
extremity,1
indecipherable,1
septembre,1
reservations,1
deals,1
owed,1
schoolteachers,1
helpful,1
amusement,1
literacy,1
responsible,1
embarrassment,1
dans,1
expectations,1
blood,1
whole,1
infidelity,1
solange,1
steindecker,1
michael,1
rosalie,1
sage,1
entertainment,1
dead,1
respect,1
composed,1
ing,1
hug,1
saturated,1
arbitrary,1
uncertain,1
event,1
canada,1
arts,1
problematic,1
sound,1
grounded,1
interspersed,1
resemble,1
burdens,1
joseph,1
clinical,1
considered,1
yourself,1
rostand,1
matters,1
popularstrategy,1
acquired,1
assistant,1
historique,1
abhorrent,1
ordeals,1
weariness,1
punished,1
exercised,1
rarely,1
secondhand,1
believed,1
prohibited,1
broke,1
antecedent,1
firsthand,1
version,1
punishments,1
apprehension,1
talking,1
proficient,1
athens,1
constituted,1
beside,1
continues,1
subterfuges,1
theme,1
known,1
objects,1
borrow,1
aspire,1
chores,1
plea,1
glimpse,1
collar,1
loving,1
voyeurs,1
useful,1
offers,1
scrupulously,1
set,1
cushy,1
pauses,1
chided,1
natural,1
cannon,1
intellectual,1
refused,1
each,1
commonplace,1
rear,1
country,1
gneral,1
thumb,1
paper,1
regrets,1
itinerant,1
save,1
circumvented,1
pragmatic,1
ahr,1
print,1
indelibly,1
temper,1
fiances,1
materiaux,1
visiting,1
temoignages,1
draws,1
inquiry,1
foundation,1
milk,1
hospital,1
brothers,1
mailed,1
greetings,1
enemy,1
narrowed,1
closest,1
c,1
outrage,1
alluded,1
ethos,1
works,1
fellow,1
assessment,1
advances,1
merely,1
pushing,1
person,1
turned,1
musings,1
hebuterne,1
forgave,1
reproach,1
agriculture,1
defend,1
didn,1
malaysia,1
gambled,1
addressee,1
champagne,1
enjoyment,1
etched,1
preexisting,1
strained,1
denouncing,1
vaisseau,1
exploding,1
impulse,1
month,1
circles,1
unique,1
interwar,1
rose,1
adults,1
professors,1
ferry,1
frankness,1
add,1
counseled,1
austrian,1
apologized,1
hellish,1
starkly,1
getting,1
bitterly,1
complain,1
healthy,1
require,1
glee,1
vansittart,1
grandma,1
parcels,1
agreed,1
terre,1
fraction,1
dangerous,1
urban,1
aren,1
categories,1
freedom,1
popular,1
bob,1
gratitude,1
grab,1
bemoaning,1
outing,1
code,1
marked,1
cattle,1
malicious,1
thereby,1
reported,1
unavoidable,1
ohio,1
decisive,1
wedding,1
resentful,1
franqaise,1
prospect,1
veronique,1
develop,1
uninhibited,1
duty,1
unaffected,1
easy,1
bourgeois,1
activity,1
impose,1
respectable,1
administration,1
situated,1
fortitude,1
everywhere,1
dautrey,1
confronted,1
impulses,1
wear,1
zemon,1
cruelly,1
commodities,1
mistreated,1
alain,1
tender,1
despondent,1
clothing,1
challenges,1
exceptionally,1
maintained,1
isolated,1
despised,1
comprised,1
daring,1
jan,1
internalized,1
complaints,1
courtship,1
cowardice,1
false,1
comparable,1
grace,1
cautioned,1
devoted,1
shown,1
survival,1
lice,1
touch,1
undue,1
overladen,1
donald,1
copiously,1
bout,1
jacques,1
national,1
jeune,1
finally,1
evasions,1
accept,1
imperative,1
crisis,1
mindful,1
ended,1
unfit,1
socially,1
canadian,1
moynihan,1
weep,1
staying,1
autumn,1
willingness,1
shameful,1
playing,1
contemptible,1
shift,1
disapproval,1
rudiments,1
underlined,1
restrained,1
enclosed,1
mobilized,1
narrowly,1
charles,1
wondered,1
sisterly,1
squad,1
intensely,1
minefields,1
substitute,1
compounded,1
frans,1
arrived,1
repentance,1
prospects,1
rejection,1
scholarship,1
headed,1
avowed,1
pleased,1
potatoes,1
subverting,1
guys,1
instituteurs,1
ecrire,1
characters,1
entire,1
absences,1
traditional,1
duration,1
immediately,1
seek,1
retrouver,1
fontenay,1
nantes,1
famous,1
alberta,1
virtue,1
owe,1
successive,1
eerily,1
kisses,1
delayed,1
groundbreaking,1
draft,1
happiest,1
major,1
tormented,1
eagerly,1
