WORDCOUNTS,WEIGHT
the,311
of,248
to,169
in,159
and,140
a,117
that,112
i,79
is,60
as,58
for,54
my,53
book,51
his,48
s,44
not,44
was,42
it,41
he,41
by,38
on,38
have,36
with,34
history,33
review,29
this,28
religious,28
from,28
be,25
studies,24
about,22
or,22
but,21
more,21
at,19
university,19
me,18
are,18
if,17
american,17
one,17
an,17
their,17
than,17
french,16
which,16
no,15
slaves,15
been,15
what,15
evidence,15
they,14
cherry,14
hart,14
field,14
some,13
its,13
sinor,13
would,13
so,13
foltz,12
could,12
when,12
use,12
were,12
article,12
historical,12
both,12
way,11
may,11
am,11
germany,10
such,10
because,10
has,10
people,10
see,10
did,10
them,10
much,10
religions,9
policy,9
first,9
human,9
might,9
even,9
ekirch,9
work,9
up,9
world,9
will,9
sleep,9
readers,9
we,9
who,9
quantitative,9
written,9
editor,9
does,8
had,8
p,8
many,8
ahr,8
scholarship,8
point,8
all,7
october,7
slave,7
most,7
communications,7
these,7
two,7
fact,7
time,7
do,7
general,7
very,7
north,7
americas,7
view,6
government,6
religion,6
since,6
how,6
out,6
social,6
yet,6
also,6
scholars,6
then,6
historian,6
claims,6
over,6
suffering,6
years,6
instead,6
should,6
modern,5
better,5
negative,5
being,5
other,5
those,5
against,5
clock,5
rather,5
slavery,5
after,5
criticisms,5
academic,5
further,5
purpose,5
own,5
wished,5
tried,5
und,5
make,5
experiences,5
us,5
only,5
toward,5
pattern,5
books,5
bungert,5
asian,5
especially,5
can,5
any,5
scholarly,5
her,5
writing,5
off,5
between,5
dreams,4
divinity,4
europe,4
help,4
state,4
political,4
discipline,4
replies,4
issue,4
historians,4
along,4
central,4
mine,4
roger,4
century,4
journal,4
german,4
feel,4
bit,4
too,4
generally,4
instance,4
result,4
cultural,4
reviews,4
cannot,4
public,4
well,4
basis,4
night,4
specifically,4
seemed,4
wrote,4
indeed,4
still,4
convictions,4
demographic,4
easier,4
write,4
points,4
essay,4
like,4
probably,4
where,4
wilson,4
life,4
why,4
shaffer,4
here,4
believe,4
whether,4
terms,4
particular,4
quote,4
mentalities,4
wish,4
although,4
d,4
carr,4
bentley,4
go,3
now,3
allegedly,3
o,3
done,3
smyser,3
berlin,3
integrity,3
true,3
sources,3
witches,3
words,3
conditions,3
able,3
survey,3
there,3
mind,3
robert,3
case,3
primary,3
america,3
account,3
opened,3
far,3
ignores,3
de,3
author,3
conrad,3
trail,3
weaver,3
student,3
critique,3
acknowledge,3
cites,3
failed,3
testimony,3
certain,3
study,3
dismiss,3
consequences,3
familiar,3
asks,3
willing,3
appear,3
hope,3
deutschlandpolitik,3
transmission,3
found,3
called,3
international,3
appears,3
however,3
claim,3
reader,3
comment,3
issues,3
actually,3
statistics,3
sabbaths,3
suggest,3
quite,3
gaulle,3
several,3
enslaved,3
always,3
f,3
economic,3
criticism,3
makes,3
thought,3
favorable,3
thesis,3
silk,3
denis,3
published,3
stated,3
mark,3
others,3
treatment,3
really,3
new,3
john,3
contemporary,3
discussed,3
enough,3
accusations,3
road,3
michael,3
perhaps,3
made,3
individuals,3
students,3
trade,3
publication,3
him,3
faith,3
protestantism,3
james,3
tadman,3
compendium,3
european,3
today,3
she,3
mitterrand,3
translation,3
lives,3
analysis,3
mother,3
articles,3
small,3
heike,3
thousand,3
text,3
natural,3
intellectual,3
works,3
form,3
problem,3
while,3
little,3
role,3
transition,3
our,3
crisis,3
critics,3
france,3
morning,3
early,3
among,3
recent,3
tainted,2
sterile,2
slaveowners,2
seminary,2
ready,2
overland,2
banfield,2
referring,2
schools,2
approaches,2
bias,2
jonathan,2
satisfied,2
position,2
into,2
unlike,2
occurred,2
before,2
something,2
contexts,2
assaults,2
experience,2
said,2
kohl,2
long,2
fifteenth,2
motivations,2
seems,2
asia,2
leading,2
great,2
rhineland,2
real,2
devils,2
reading,2
nowhere,2
assertions,2
right,2
assure,2
apart,2
owners,2
cited,2
sign,2
witchcraft,2
historically,2
hiuser,2
objective,2
g,2
relations,2
marshals,2
topic,2
cases,2
individual,2
nor,2
contrary,2
left,2
jacob,2
find,2
explore,2
y,2
neusner,2
look,2
hardly,2
let,2
aim,2
opposed,2
whose,2
without,2
statements,2
remain,2
stuttgart,2
completely,2
taller,2
importance,2
grew,2
pages,2
changes,2
praise,2
key,2
teaches,2
section,2
just,2
numbers,2
house,2
clyde,2
vitality,2
stewart,2
diatribes,2
opinion,2
protestant,2
greater,2
opening,2
moving,2
standards,2
based,2
whom,2
societies,2
histories,2
changed,2
relate,2
diet,2
late,2
war,2
zion,2
recently,2
scale,2
record,2
wide,2
receive,2
having,2
r,2
revealed,2
used,2
received,2
example,2
secret,2
gave,2
hurrying,2
during,2
maleficarum,2
away,2
believes,2
class,2
misguided,2
errors,2
remy,2
working,2
tom,2
frankreich,2
family,2
few,2
munich,2
research,2
choosing,2
foremost,2
st,2
value,2
society,2
south,2
rainer,2
second,2
communist,2
saw,2
matter,2
schuman,2
triumphalism,2
cloud,2
april,2
whatever,2
indicates,2
movement,2
positive,2
interpretation,2
security,2
same,2
chew,2
already,2
quotations,2
useful,2
routes,2
lack,2
twenty,2
minnesota,2
documents,2
everything,2
question,2
patterns,2
hand,2
learn,2
tales,2
less,2
slumber,2
gives,2
number,2
free,2
convenient,2
hudemann,2
another,2
imagine,2
original,2
understanding,2
indiana,2
assessment,2
including,2
increase,2
enduring,2
dietmar,2
ideas,2
questions,2
clear,2
authors,2
workers,2
times,2
period,2
diasporas,2
earlier,2
herman,2
sabbats,2
conclusions,2
trying,2
correct,2
exactly,2
effect,2
italy,2
dismissive,2
dogmatism,2
sugar,2
uncritical,2
fails,2
dealing,2
liberalism,2
supernaturalism,2
sometimes,2
recognizes,2
seen,2
strongly,2
try,2
education,2
centuries,2
imperialism,2
following,2
series,2
mentioned,2
simply,2
theme,2
der,2
know,2
partner,2
cultures,2
december,2
exploration,2
best,2
audience,2
curricular,2
merely,2
recollections,2
add,2
produce,2
suggests,2
w,2
categories,2
amazed,2
gatherings,2
trivial,2
african,2
intended,2
went,2
arguments,2
holbrook,2
argument,2
deutschland,2
numerous,2
course,2
include,2
remains,2
needs,2
offered,2
posture,2
c,2
focus,2
major,2
appeasement,1
resolve,1
miller,1
difficult,1
talas,1
brighter,1
margins,1
archives,1
complaint,1
decentralized,1
gerald,1
kulturmission,1
currently,1
deference,1
revisionist,1
hallmarks,1
prefer,1
car,1
medieval,1
later,1
indicated,1
meaning,1
groups,1
druckmittel,1
hesitation,1
forschung,1
till,1
commitment,1
deserve,1
extreme,1
intriguing,1
schuker,1
e,1
liberating,1
tangentially,1
inferior,1
unwilling,1
combine,1
totally,1
manuscript,1
unbiased,1
dogmatic,1
linguistic,1
told,1
enlightening,1
needed,1
discover,1
significant,1
partially,1
judged,1
lattard,1
fed,1
identify,1
imperceptive,1
word,1
informative,1
live,1
specialist,1
ways,1
rewards,1
h,1
situation,1
merrily,1
contend,1
competence,1
favor,1
incidentally,1
former,1
justified,1
committee,1
cavorted,1
truthfully,1
presents,1
stefan,1
manichaeism,1
laid,1
sophomoric,1
husbands,1
feels,1
uses,1
nineteenth,1
plantations,1
source,1
princeton,1
hoping,1
themes,1
unlock,1
politik,1
huiser,1
anything,1
discretion,1
else,1
either,1
provision,1
beneficial,1
wrong,1
titles,1
frankfurt,1
certainly,1
iranic,1
creation,1
interests,1
originally,1
implications,1
taken,1
unconstrained,1
feeling,1
attempt,1
refusal,1
emerged,1
discerned,1
j,1
nefarious,1
shaped,1
summation,1
down,1
belong,1
broadly,1
assertion,1
daily,1
careers,1
confusion,1
portrayal,1
imaginary,1
producing,1
enrolled,1
liverpool,1
achievement,1
verbal,1
hundred,1
concludes,1
take,1
fascinated,1
evolving,1
misrepresenting,1
last,1
faithful,1
date,1
miles,1
greatly,1
respond,1
raised,1
deriving,1
towered,1
headings,1
behind,1
within,1
demonolatry,1
system,1
telephion,1
british,1
side,1
forum,1
armin,1
alfred,1
attacked,1
persian,1
east,1
draws,1
guidelines,1
u,1
sexual,1
discuss,1
chapter,1
vol,1
felt,1
capable,1
possible,1
determined,1
politics,1
cooperation,1
sixteenth,1
exhibits,1
reply,1
establishing,1
reaction,1
moscow,1
move,1
richard,1
births,1
fine,1
west,1
morale,1
smooth,1
headed,1
say,1
except,1
uighur,1
reflecting,1
milder,1
undoubtedly,1
accustomed,1
letter,1
measurement,1
interestingly,1
labor,1
complained,1
currency,1
conflict,1
thus,1
surely,1
merchants,1
heinen,1
reverse,1
facts,1
inner,1
aha,1
medical,1
illustrates,1
due,1
demanded,1
creators,1
unpublished,1
aus,1
remorse,1
interest,1
finally,1
type,1
insofar,1
february,1
mild,1
wannell,1
humorous,1
z,1
hat,1
kind,1
exercise,1
turn,1
estimates,1
buddhism,1
remembering,1
perpetuate,1
distinct,1
potion,1
old,1
blame,1
curiously,1
clocks,1
demons,1
keep,1
stokes,1
crosses,1
raises,1
praises,1
refer,1
hemmed,1
hopefully,1
reparationsgut,1
holds,1
young,1
third,1
truly,1
compare,1
profit,1
sicilian,1
conspiracy,1
drawn,1
communication,1
rest,1
sorcery,1
shippensburg,1
apparently,1
appreciated,1
weave,1
discovering,1
adult,1
invites,1
oder,1
acted,1
claude,1
stagnate,1
readable,1
newer,1
phases,1
henri,1
sophomores,1
via,1
wishes,1
recognized,1
americans,1
town,1
shunnedthe,1
edited,1
portrayed,1
factual,1
absent,1
soviet,1
sentences,1
across,1
stop,1
excerpts,1
premodern,1
responded,1
joumal,1
politicians,1
practiced,1
undergraduates,1
deliberately,1
analyzes,1
zeitgeschichte,1
suffer,1
goes,1
opportunity,1
expelled,1
leave,1
sympathize,1
direct,1
parts,1
ongoing,1
selfstyled,1
special,1
nos,1
illustrations,1
awareness,1
factors,1
characterizes,1
support,1
reason,1
soul,1
references,1
send,1
recalled,1
developments,1
affect,1
immigrant,1
cause,1
consider,1
possibly,1
sorts,1
physically,1
benefits,1
image,1
debunking,1
organized,1
clearly,1
latin,1
notthey,1
elsewhere,1
edition,1
franzosische,1
ideologies,1
gradually,1
bruce,1
argued,1
frequently,1
reviewed,1
threat,1
prevent,1
scottsboro,1
show,1
seamless,1
merciless,1
exceed,1
followed,1
modeled,1
discomfort,1
evaluation,1
cost,1
requires,1
oppression,1
answers,1
ming,1
yes,1
injustice,1
yalta,1
helped,1
m,1
pity,1
decades,1
cut,1
beryle,1
numerical,1
umbilical,1
constructive,1
assessments,1
union,1
carelessness,1
nettlesome,1
talking,1
expressed,1
chair,1
came,1
someone,1
asserts,1
adoption,1
speculators,1
access,1
temptation,1
relating,1
seven,1
lived,1
objectives,1
demands,1
pigeonholes,1
internationalist,1
carolina,1
drawbacks,1
disorders,1
unsubstantiated,1
majoring,1
initial,1
instruct,1
experts,1
representative,1
term,1
accurately,1
handbook,1
standardized,1
streaming,1
informed,1
effective,1
technical,1
interconnections,1
careless,1
awaken,1
population,1
produced,1
persons,1
sentence,1
boys,1
younger,1
diatribe,1
your,1
explain,1
haslam,1
taught,1
possibility,1
unraveled,1
briefly,1
aspects,1
bother,1
supernaturalist,1
christianity,1
directly,1
theological,1
detractors,1
monique,1
seminal,1
formerly,1
overviews,1
guazzo,1
industrial,1
reinhard,1
start,1
writers,1
cord,1
future,1
significantly,1
characterization,1
hardships,1
part,1
breeding,1
discusses,1
edn,1
esp,1
chooses,1
confirms,1
experiencing,1
caught,1
elizabeth,1
fence,1
reminded,1
whole,1
literature,1
overview,1
tale,1
citation,1
fail,1
place,1
printers,1
constitute,1
relevance,1
nach,1
personal,1
illustrative,1
deserved,1
indianapolis,1
francogerman,1
mombert,1
suffices,1
mistimed,1
count,1
towards,1
t,1
traders,1
good,1
change,1
officials,1
least,1
viable,1
caused,1
describing,1
responsibility,1
grievance,1
demystifying,1
politically,1
order,1
rushed,1
careful,1
around,1
quantification,1
ignore,1
lefevre,1
eighth,1
supposedly,1
distinguished,1
latest,1
narshaki,1
tended,1
classrooms,1
parliament,1
visible,1
universities,1
outnumbering,1
weightings,1
pennybacker,1
proper,1
citations,1
roots,1
altogether,1
enormously,1
florida,1
appropriate,1
siberian,1
newly,1
grateful,1
provided,1
americanist,1
actions,1
avoid,1
religionfriendly,1
curricula,1
believers,1
flourished,1
eternal,1
battle,1
critical,1
happen,1
kindness,1
led,1
investigating,1
demand,1
mrp,1
various,1
alarmingly,1
letters,1
scientific,1
populations,1
identified,1
transnational,1
logically,1
short,1
papua,1
overall,1
comparative,1
insiders,1
tempted,1
trials,1
appreciate,1
merits,1
nearly,1
july,1
uber,1
above,1
says,1
expanded,1
onl,1
backdrop,1
eighty,1
shabby,1
single,1
dismemberment,1
duplicate,1
oblivious,1
asiatic,1
justifying,1
reference,1
rubric,1
added,1
read,1
soon,1
rain,1
seeing,1
under,1
assemblies,1
clash,1
reconciliation,1
smith,1
puzzle,1
zauner,1
home,1
falls,1
islam,1
continents,1
lacked,1
ed,1
repercussions,1
unproven,1
insights,1
prematurely,1
reliance,1
speaking,1
typed,1
penalties,1
stones,1
sam,1
tries,1
party,1
repies,1
uncontested,1
name,1
attacks,1
technique,1
power,1
stronger,1
factory,1
think,1
stating,1
nestorians,1
christ,1
similarly,1
ask,1
l,1
experienced,1
financial,1
gentle,1
dissertations,1
efforts,1
lengthy,1
longer,1
main,1
idea,1
fundamental,1
areas,1
relates,1
plan,1
agree,1
appeared,1
ought,1
exclusion,1
grave,1
understandable,1
debates,1
variation,1
condensed,1
considerable,1
charges,1
man,1
rebuke,1
selects,1
depict,1
sozialismus,1
never,1
consciously,1
likelihood,1
present,1
signifying,1
model,1
manner,1
nicolas,1
discussing,1
wandel,1
continuing,1
empire,1
shared,1
seventeenth,1
answer,1
sorry,1
informally,1
royal,1
spoke,1
ahead,1
focusing,1
nocturnal,1
oxymoron,1
slaveholder,1
remarkably,1
opines,1
aftershocks,1
notion,1
bukhara,1
thousands,1
classes,1
exploring,1
divided,1
considering,1
treated,1
touched,1
discovery,1
range,1
eighteenth,1
bear,1
reparations,1
values,1
misdating,1
sides,1
writings,1
expand,1
wonder,1
findings,1
entirely,1
angle,1
unfortunately,1
largely,1
virtually,1
schreiner,1
maria,1
academics,1
products,1
submitted,1
nothing,1
examination,1
stay,1
hebraic,1
chosen,1
vices,1
deemed,1
california,1
optimistic,1
nevertheless,1
described,1
kindred,1
open,1
discovered,1
directed,1
b,1
sensitivity,1
language,1
wilfried,1
utter,1
peter,1
objection,1
diplomats,1
reservations,1
eve,1
defense,1
homes,1
glorify,1
started,1
caribbean,1
spread,1
brussels,1
solel,1
high,1
winner,1
rhetoric,1
played,1
serves,1
lie,1
filled,1
kept,1
accurate,1
spirits,1
ignominy,1
workpresumably,1
black,1
segment,1
lose,1
accused,1
latter,1
forms,1
exchange,1
gets,1
decide,1
migrants,1
problems,1
disclaims,1
outcomes,1
understate,1
often,1
insists,1
awakening,1
editors,1
become,1
parochial,1
hastily,1
interpretations,1
assessing,1
topics,1
mainly,1
postwar,1
differ,1
dominance,1
assesses,1
rosenhaft,1
industrialization,1
cologne,1
evaluated,1
professional,1
reckless,1
mortality,1
attention,1
concluded,1
widely,1
justice,1
reluctant,1
things,1
indication,1
suggestion,1
assigned,1
relationship,1
helmut,1
escondido,1
reviewer,1
enumerated,1
sealed,1
meets,1
allemagne,1
movements,1
iir,1
usually,1
five,1
yearwood,1
vision,1
naturally,1
ideology,1
bound,1
tech,1
fear,1
reasonable,1
employment,1
sadler,1
assigns,1
parent,1
deaths,1
fewer,1
outburst,1
inviting,1
collections,1
establish,1
began,1
transformation,1
anxiety,1
recognize,1
pens,1
internationalismus,1
countries,1
antiquity,1
introductory,1
methods,1
responsible,1
fateful,1
fall,1
united,1
sylvie,1
surprising,1
dead,1
wives,1
misleads,1
months,1
instances,1
administering,1
unusual,1
paying,1
susan,1
investigate,1
fought,1
considered,1
door,1
frankreichs,1
gabaccia,1
addressed,1
detail,1
stephen,1
suggestions,1
persecution,1
reviewing,1
francesco,1
conclusion,1
comparison,1
peoples,1
throw,1
must,1
demonstrate,1
menudier,1
officially,1
beside,1
continues,1
donna,1
alludes,1
reserving,1
narrowly,1
symbol,1
sciences,1
compensation,1
offers,1
doppelte,1
dimension,1
respecting,1
occupee,1
control,1
sure,1
readily,1
gale,1
graduate,1
different,1
share,1
global,1
connection,1
welch,1
seem,1
gone,1
leaders,1
endeavored,1
wall,1
surprised,1
regard,1
allied,1
ideological,1
particularly,1
mongolia,1
steppe,1
guinea,1
placing,1
invocation,1
proposed,1
passage,1
living,1
mill,1
masters,1
absolutely,1
plantation,1
segmented,1
slumbering,1
activism,1
william,1
according,1
witch,1
jean,1
fuller,1
combined,1
depicts,1
preface,1
list,1
malaise,1
accounts,1
larson,1
supports,1
westminster,1
thirty,1
rationales,1
statement,1
writes,1
weasel,1
extent,1
listen,1
getting,1
awoke,1
bidault,1
secure,1
monnet,1
encounters,1
almost,1
emphasis,1
virginia,1
permeated,1
contain,1
art,1
cheerfully,1
middle,1
welcome,1
hunslet,1
conveniently,1
directive,1
intention,1
andrea,1
surveys,1
timely,1
despite,1
chip,1
content,1
courses,1
perpetuates,1
november,1
easy,1
trails,1
die,1
subject,1
puzzled,1
happens,1
target,1
alain,1
resistance,1
unity,1
fleeting,1
qualitative,1
using,1
quantifiable,1
gain,1
aspect,1
coming,1
childhood,1
remarks,1
prepared,1
apuleius,1
come,1
named,1
bargaining,1
promoted,1
francois,1
radicalism,1
loth,1
difference,1
miletus,1
overfield,1
decrease,1
steam,1
institutional,1
zum,1
national,1
mongols,1
washington,1
charge,1
accept,1
aware,1
sufferings,1
typescript,1
irate,1
documentation,1
specialists,1
haste,1
product,1
obscurity,1
glass,1
thoughtful,1
integration,1
saarjahre,1
you,1
quotes,1
bliss,1
presenting,1
definitive,1
charles,1
mum,1
potential,1
erziehung,1
charlotte,1
assumed,1
valuable,1
exhaustive,1
nestorian,1
enormity,1
era,1
conceptual,1
irrelevant,1
sparingly,1
bargain,1
import,1
entire,1
documentary,1
given,1
permutations,1
immediately,1
recalcitrant,1
counts,1
strong,1
seek,1
taylor,1
drew,1
livestock,1
concise,1
cross,1
asked,1
doing,1
portrait,1
vividly,1
bigotry,1
thorough,1
