WORDCOUNTS,WEIGHT
the,972
of,835
and,603
to,389
in,354
war,231
a,218
for,180
that,172
was,162
were,131
by,123
as,119
s,111
not,96
civil,93
or,88
they,84
it,82
on,79
see,78
their,75
from,75
had,74
but,73
be,73
his,68
at,60
with,56
historical,56
parliament,53
he,52
treason,51
london,50
military,48
soldiers,47
i,46
against,46
them,45
an,44
is,43
english,42
this,42
law,42
its,41
quarter,41
royalist,40
laws,39
which,39
who,39
have,36
state,35
justice,35
one,33
all,33
surrender,33
england,32
conduct,32
those,32
between,32
october,31
review,31
only,31
also,31
american,29
did,29
prisoners,28
enemies,28
blood,28
atrocity,27
when,27
after,27
fairfax,25
rules,25
both,25
if,24
new,24
sir,24
been,24
wars,24
other,23
king,23
such,23
crime,23
mercy,23
so,23
life,23
should,23
ms,22
more,22
than,21
no,21
second,21
yet,21
donagan,21
articles,21
first,20
officers,20
oxford,20
would,20
morris,20
collections,20
although,20
defeated,19
barbara,19
john,19
upon,19
civilians,19
are,19
rushworth,19
crimes,19
some,18
example,18
codes,18
these,18
practice,18
most,18
before,17
arms,17
trial,17
any,17
over,17
fol,17
vols,16
atrocities,16
henry,16
out,16
irish,16
trials,16
men,16
general,16
army,16
terms,16
grotius,16
c,16
history,15
hereafter,15
royalists,15
however,15
hopton,15
ed,15
nature,14
there,14
like,14
even,14
international,14
professional,14
colonel,14
e,13
into,13
being,13
ordinances,13
de,13
argued,13
bl,13
colchester,13
hamilton,13
him,13
we,13
lucas,13
howell,13
what,13
despite,13
d,13
reprisal,13
now,12
troops,12
william,12
could,12
lords,12
death,12
power,12
clarendon,12
three,12
breach,12
acts,12
gentili,12
later,11
library,11
somers,11
soldier,11
lisle,11
tracts,11
house,11
parliamentarians,11
own,11
bodl,11
cold,11
libr,11
sides,11
faith,11
jurisdiction,11
protections,11
shall,11
j,10
court,10
political,10
march,10
fols,10
may,10
legal,10
just,10
sword,10
part,10
commons,10
social,10
ordinance,10
many,10
execution,10
british,10
then,10
enemy,10
pontefract,10
actions,10
civilian,10
much,10
observed,10
said,9
killed,9
guilty,9
conflict,9
relations,9
act,9
rather,9
edward,9
earl,9
p,9
prisoner,9
surrendered,9
still,9
religious,9
under,9
two,9
fell,9
treatment,9
man,9
present,9
another,9
use,9
thomas,9
saw,9
according,9
add,9
manuscripts,9
theory,9
while,9
our,9
charles,9
prince,8
taken,8
might,8
kingdom,8
cheshire,8
committed,8
account,8
hmc,8
due,8
firth,8
compare,8
authority,8
recognized,8
old,8
n,8
came,8
punishment,8
persons,8
because,8
during,8
et,8
forces,8
status,8
sense,8
barthomley,8
essex,8
about,8
whose,8
home,8
do,8
v,8
less,8
made,8
martial,8
lord,8
cols,8
nuremberg,8
each,8
tried,8
cruelty,8
siege,8
rupert,8
early,8
conventions,8
common,7
f,7
germany,7
fate,7
h,7
duke,7
parliamentary,7
great,7
right,7
vol,7
cases,7
r,7
how,7
victors,7
granted,7
lives,7
traitors,7
standards,7
relation,7
late,7
failure,7
edn,7
good,7
lilburne,7
nations,7
will,7
zouche,7
return,7
orders,7
council,7
defense,7
distinction,7
foreign,7
cromwell,7
must,7
soldierly,7
set,7
victims,7
rebellion,7
given,7
became,7
webb,7
applicable,7
instead,7
o,6
way,6
murder,6
modern,6
former,6
francis,6
whom,6
governed,6
within,6
case,6
richard,6
himself,6
rait,6
theorists,6
third,6
rights,6
high,6
warre,6
offenses,6
exact,6
fair,6
established,6
w,6
m,6
hot,6
chester,6
parliamentarian,6
gouge,6
well,6
future,6
nation,6
englishmen,6
used,6
personal,6
away,6
memoirs,6
t,6
exemplary,6
executed,6
protect,6
cj,6
matter,6
action,6
toward,6
god,6
same,6
put,6
fact,6
charges,6
honor,6
engaged,6
trust,6
office,6
described,6
moral,6
b,6
claim,6
exchange,6
guilt,6
become,6
kill,6
here,6
past,6
themselves,6
traditional,6
go,5
huntington,5
dangers,5
church,5
told,5
son,5
protection,5
unlike,5
women,5
either,5
victim,5
europe,5
leaders,5
take,5
robert,5
side,5
woodhouse,5
letter,5
thus,5
iure,5
sp,5
affairs,5
subjects,5
find,5
warned,5
york,5
without,5
l,5
knew,5
killing,5
walker,5
humanity,5
certain,5
study,5
forced,5
familiar,5
too,5
four,5
beyond,5
view,5
my,5
captured,5
otherwise,5
ludlow,5
brought,5
enraged,5
people,5
massacre,5
bath,5
castle,5
always,5
up,5
grateful,5
am,5
society,5
survived,5
wrote,5
breaches,5
lex,5
july,5
make,5
capel,5
rape,5
useful,5
fire,5
again,5
time,5
michael,5
norms,5
degree,5
remained,5
churches,5
including,5
peter,5
hutchinson,5
held,5
allowed,5
mss,5
me,5
note,5
practical,5
claimed,5
seen,5
force,5
try,5
fall,5
hope,5
education,5
marquis,5
talionis,5
punished,5
cruelties,5
belli,5
observe,5
town,5
newman,5
very,5
turned,5
proceedings,5
cause,5
shakespeare,5
peace,5
subject,5
world,5
argument,5
lawes,5
offered,5
among,5
col,5
bernard,4
done,4
excepted,4
affected,4
kinds,4
meron,4
live,4
true,4
ways,4
studies,4
policy,4
royal,4
long,4
evolution,4
restoration,4
attempt,4
seems,4
broken,4
subsequent,4
raised,4
alike,4
harl,4
mutual,4
holland,4
restraint,4
explained,4
reputation,4
large,4
pay,4
vengeance,4
kind,4
offenders,4
elements,4
blame,4
contrary,4
response,4
gustavus,4
served,4
y,4
hardly,4
goring,4
commanders,4
adolphus,4
category,4
latin,4
passed,4
officer,4
protestant,4
conquest,4
found,4
hands,4
called,4
rainsborough,4
events,4
commander,4
wales,4
russell,4
record,4
your,4
january,4
precedent,4
retribution,4
literature,4
place,4
bullets,4
claims,4
notorious,4
proper,4
value,4
rest,4
led,4
colors,4
letters,4
short,4
limited,4
acknowledged,4
april,4
hanged,4
fifth,4
light,4
already,4
tanner,4
penalties,4
revenge,4
fellow,4
lawful,4
staunton,4
children,4
fear,4
hand,4
books,4
admittedly,4
free,4
day,4
discussion,4
morality,4
full,4
clear,4
ireland,4
august,4
kept,4
offense,4
accused,4
can,4
european,4
christian,4
legitimacy,4
often,4
dead,4
fought,4
ordered,4
believed,4
humane,4
earle,4
command,4
courtesy,4
refused,4
country,4
commission,4
appendix,4
outrage,4
merely,4
whether,4
together,4
particular,4
property,4
circumstances,4
through,4
generals,4
barbarously,4
question,4
until,4
survival,4
years,4
charge,4
course,4
need,4
you,4
declared,3
memorials,3
concerned,3
trans,3
notably,3
denied,3
designed,3
word,3
penruddock,3
unwritten,3
martyrs,3
pleaded,3
every,3
betrayal,3
commissions,3
attempts,3
secretary,3
principles,3
tradition,3
down,3
reveal,3
religion,3
written,3
behind,3
context,3
papers,3
vii,3
has,3
matthew,3
combatants,3
exception,3
powers,3
taking,3
point,3
prolonged,3
sent,3
collection,3
language,3
severe,3
difficulties,3
development,3
september,3
g,3
interest,3
honest,3
conducted,3
conrad,3
century,3
admitted,3
thing,3
individual,3
six,3
left,3
deeply,3
though,3
influence,3
dnb,3
portland,3
bull,3
defendant,3
suffer,3
heard,3
derived,3
special,3
thought,3
generall,3
barbarous,3
escaped,3
clearly,3
days,3
impact,3
honourable,3
calendar,3
age,3
ministers,3
followed,3
merited,3
harsher,3
important,3
opponents,3
aftermath,3
behalf,3
sutcliffe,3
gardiner,3
preacher,3
none,3
teaching,3
understood,3
equal,3
let,3
applied,3
scale,3
foreshadowed,3
governing,3
receive,3
agreed,3
liable,3
work,3
formerly,3
narratives,3
byron,3
cspd,3
fit,3
issues,3
broad,3
zavala,3
change,3
published,3
hard,3
field,3
savage,3
things,3
fury,3
contrast,3
arbitrary,3
hugo,3
distinguished,3
condemned,3
necessity,3
criminals,3
sovereign,3
nonetheless,3
indeed,3
service,3
civility,3
permissible,3
went,3
zeal,3
fighting,3
victor,3
violence,3
hugh,3
peers,3
selective,3
us,3
neither,3
revulsion,3
efforts,3
enforce,3
gentlemen,3
double,3
seymour,3
worst,3
members,3
garrison,3
added,3
observance,3
regulation,3
hinchcliffe,3
warning,3
granting,3
contemporary,3
sieges,3
bitterness,3
took,3
ground,3
manner,3
discourses,3
extended,3
prohibition,3
murdered,3
prevailed,3
largely,3
partisan,3
armes,3
rejected,3
characterized,3
summer,3
preservation,3
article,3
edmund,3
newcastle,3
james,3
differ,3
vitoria,3
attention,3
declaration,3
deaths,3
months,3
widespread,3
success,3
steeple,3
wounding,3
responsible,3
ofjustice,3
matters,3
ayala,3
incorporated,3
constituted,3
supported,3
mutually,3
blackborne,3
herefordshire,3
iudiciifecialis,3
novel,3
december,3
save,3
victorious,3
best,3
report,3
particularly,3
proved,3
works,3
february,3
better,3
waller,3
pardon,3
captive,3
bristol,3
accounts,3
armies,3
protective,3
problem,3
occasions,3
utilitarian,3
prudence,3
views,3
threat,3
categories,3
art,3
careful,3
code,3
recognition,3
thereby,3
demanded,3
confronted,3
arguments,3
families,3
rebels,3
sanctioned,3
cambridge,3
samuel,3
dangerous,3
judges,3
francisco,3
increased,3
lj,3
negotiations,3
potential,3
distinctions,3
souls,3
recent,3
major,3
courts,2
difficult,2
mingled,2
parole,2
obligations,2
limits,2
appealed,2
stuart,2
considerations,2
perfidious,2
college,2
legitimate,2
alone,2
appear,2
utility,2
appalling,2
group,2
tigers,2
prohibitions,2
complex,2
saved,2
jurisdictions,2
rt,2
favor,2
harsh,2
title,2
reprieved,2
lilburn,2
character,2
experience,2
moore,2
warburton,2
anything,2
moderated,2
failing,2
sources,2
hence,2
yorkshire,2
joined,2
give,2
acutely,2
refusal,2
emerged,2
publick,2
majesty,2
excellency,2
containing,2
unjust,2
captives,2
copy,2
leading,2
puritan,2
liverpool,2
inherent,2
able,2
government,2
abolishing,2
impious,2
phinehas,2
witness,2
marches,2
damage,2
failures,2
previously,2
greatly,2
endanger,2
sacred,2
normal,2
discipline,2
sermon,2
confused,2
issue,2
fortune,2
occasional,2
forthcoming,2
recorded,2
historians,2
formulation,2
money,2
sought,2
italian,2
luris,2
illustrate,2
shared,2
contractual,2
clemency,2
obvious,2
counsel,2
apply,2
bibliotheca,2
internationally,2
intervention,2
behavior,2
presently,2
usage,2
hangings,2
proceeded,2
immediate,2
quality,2
run,2
since,2
predated,2
offended,2
ancient,2
plotting,2
learning,2
mixed,2
maintaining,2
items,2
inhumanity,2
allowing,2
honour,2
fowler,2
marino,2
vincent,2
journal,2
atrocious,2
solution,2
propositions,2
colonels,2
hys,2
brereton,2
distribution,2
geneva,2
subordination,2
german,2
purely,2
dishonour,2
absent,2
watch,2
capture,2
derbyshire,2
process,2
represented,2
overrode,2
vicente,2
earlier,2
lasted,2
parts,2
danger,2
scarborough,2
consequences,2
ar,2
qualify,2
insistence,2
nor,2
bad,2
consider,2
broadside,2
poisoned,2
severity,2
grounds,2
baghdad,2
quoted,2
weak,2
clopton,2
plunder,2
gloucester,2
gloucestrensis,2
concerning,2
judicial,2
committee,2
guarantee,2
reprisals,2
suggested,2
cut,2
expressed,2
rebells,2
geoffrey,2
laid,2
abandoning,2
bonds,2
commonwealth,2
reassuring,2
speaker,2
relating,2
scotland,2
alberico,2
radical,2
owen,2
flying,2
shock,2
base,2
shrewsbury,2
engagements,2
further,2
equally,2
transactions,2
gell,2
heaven,2
recently,2
cannot,2
promise,2
wherein,2
washbourn,2
gone,2
required,2
negotiated,2
criteria,2
shape,2
specifically,2
directly,2
imprisoned,2
basis,2
traytors,2
degrees,2
unworthy,2
clarke,2
lapses,2
designation,2
charity,2
betrayed,2
throat,2
protected,2
unless,2
story,2
sin,2
purpose,2
reserve,2
related,2
ten,2
year,2
realm,2
bayley,2
noted,2
revenged,2
justification,2
cry,2
discretionary,2
il,2
rector,2
president,2
received,2
polity,2
weeks,2
aided,2
enmy,2
responses,2
officials,2
least,2
normally,2
allegiance,2
revolution,2
storm,2
maiesty,2
cries,2
catholic,2
supervention,2
precedents,2
settlement,2
acted,2
diary,2
autonomy,2
county,2
dramatic,2
manchester,2
decline,2
latest,2
concluded,2
ofjohn,2
whatsoever,2
haf,2
palace,2
resistance,2
protectorate,2
correspondence,2
mischief,2
provided,2
assizes,2
kingly,2
precepts,2
threatened,2
defended,2
kindness,2
collingwood,2
san,2
situation,2
condemnation,2
mutinous,2
connought,2
warwick,2
intended,2
horrors,2
eminent,2
prospered,2
courtesies,2
learn,2
judgment,2
standing,2
lb,2
neat,2
chap,2
draper,2
relied,2
meanwhile,2
treaty,2
security,2
marginal,2
happened,2
lamentations,2
civill,2
official,2
reconciliation,2
perceived,2
al,2
defendants,2
reports,2
assimilated,2
sheaf,2
paul,2
courageous,2
others,2
punish,2
towns,2
water,2
lacked,2
liberties,2
fundamental,2
regret,2
documents,2
match,2
educated,2
uncle,2
indemnity,2
rawson,2
arter,2
imperfect,2
serious,2
minister,2
reasons,2
besieged,2
confusion,2
father,2
fame,2
fecialis,2
model,2
continuing,2
purposes,2
seventeenth,2
shortly,2
duties,2
necessary,2
conviction,2
perhaps,2
eds,2
reflected,2
chair,2
myself,2
submit,2
original,2
private,2
malbon,2
signaled,2
depended,2
judge,2
concern,2
iuris,2
frontispiece,2
factor,2
causes,2
inflicted,2
questions,2
bitter,2
processes,2
individuals,2
merit,2
theories,2
nevertheless,2
finally,2
ties,2
comprehensive,2
maurice,2
profession,2
safety,2
victory,2
anxious,2
times,2
wyth,2
ended,2
latter,2
never,2
breached,2
especially,2
thorpe,2
problems,2
memorialls,2
narrow,2
hastings,2
effect,2
excluded,2
postwar,2
grudging,2
harley,2
conscience,2
below,2
cornet,2
destruction,2
doddington,2
governor,2
division,2
myddelton,2
decision,2
hedley,2
stearns,2
raise,2
continued,2
george,2
provide,2
christianson,2
sometimes,2
crucial,2
criminal,2
defenders,2
bound,2
interregnum,2
order,2
institutions,2
statutes,2
treacherous,2
accepted,2
began,2
returned,2
render,2
thirteen,2
reverted,2
barbarian,2
why,2
escape,2
barbarians,2
event,2
face,2
dorset,2
addressed,2
ensure,2
reciprocal,2
abandonment,2
authorities,2
small,2
rarely,2
overriding,2
version,2
biography,2
extensive,2
known,2
implied,2
specific,2
echoes,2
ralph,2
besides,2
june,2
alternative,2
starr,2
orchestrated,2
headed,2
natural,2
principle,2
control,2
evolved,2
dore,2
different,2
capital,2
printed,2
half,2
heavy,2
domestic,2
iii,2
spaniards,2
houses,2
oblivion,2
differed,2
symmons,2
proposed,2
oliver,2
places,2
ius,2
defend,2
regulations,2
iudicii,2
hall,2
economy,2
notable,2
combined,2
hanging,2
list,2
bloodiness,2
thirty,2
maintain,2
mere,2
constitutional,2
explored,2
yield,2
bosnia,2
suggests,2
contain,2
freedom,2
middle,2
popular,2
ccc,2
naked,2
intention,2
presented,2
excesses,2
introduced,2
sea,2
november,2
mayor,2
die,2
regulated,2
ever,2
colonial,2
indians,2
think,2
varied,2
ultimately,2
reveals,2
contract,2
conditions,2
grant,2
contributed,2
salt,2
land,2
connaught,2
bear,2
states,2
defined,2
philosophy,2
implacable,2
needs,2
morally,2
cousin,2
ser,2
fellows,2
parl,2
stemming,2
obligation,2
irrelevant,2
debate,2
little,2
abandoned,2
immediately,2
brave,2
strong,2
north,2
famous,2
nasty,2
hovered,2
sa,1
nicholas,1
final,1
horror,1
democracy,1
does,1
undertakings,1
superiority,1
clustered,1
abolition,1
deak,1
complaint,1
receded,1
lust,1
firmest,1
publique,1
declension,1
doubts,1
fathers,1
hishand,1
calibrated,1
rendr,1
destroying,1
curtailed,1
englzsh,1
tres,1
names,1
italy,1
impunity,1
generous,1
manuce,1
sydenham,1
gentler,1
poitiers,1
guaranteeing,1
fled,1
functional,1
ready,1
encouraged,1
truth,1
culminated,1
everyone,1
deserve,1
algiers,1
expedition,1
rapes,1
fiennes,1
interlude,1
struggled,1
misery,1
liberating,1
inconvenience,1
goebel,1
ultimate,1
bargaining,1
introduction,1
justificatory,1
plainly,1
defenses,1
misnumbered,1
cowardly,1
rickety,1
stripped,1
center,1
strafford,1
kinder,1
languished,1
judged,1
postdated,1
effective,1
tryable,1
prime,1
uncomfortable,1
advised,1
conducting,1
demoting,1
vj,1
unavailing,1
item,1
martyrdom,1
delft,1
vindication,1
symonds,1
georg,1
additionally,1
divers,1
intermittent,1
fault,1
conscious,1
notwithstanding,1
naseby,1
ordained,1
asmppal,1
beleaguered,1
acceptance,1
undertaken,1
speedily,1
justified,1
western,1
round,1
ameliorated,1
heh,1
ian,1
yard,1
charitable,1
occurred,1
habits,1
rigour,1
amply,1
individually,1
jerrilyn,1
sr,1
royalism,1
fragile,1
exceptions,1
something,1
nominally,1
summarily,1
tojames,1
alleged,1
lib,1
xenophon,1
penialosa,1
kinsmen,1
endow,1
narration,1
themes,1
reconciled,1
sprigge,1
reprinted,1
minted,1
cast,1
else,1
observer,1
explaining,1
provision,1
beneficial,1
etter,1
brigands,1
wrong,1
learned,1
outraged,1
preceding,1
subscribed,1
posed,1
fifteenth,1
nassau,1
sad,1
unexpected,1
exclusive,1
exaggerated,1
covent,1
ii,1
adaptable,1
chaos,1
progression,1
straightforwardly,1
gazetteer,1
departure,1
liberty,1
words,1
mob,1
hacking,1
parties,1
modus,1
hedged,1
comparatively,1
muskets,1
height,1
dq,1
attractive,1
route,1
paramount,1
belong,1
advantage,1
assertion,1
ardently,1
supplemnt,1
felony,1
confiscation,1
confirming,1
ashore,1
happy,1
origin,1
fully,1
normative,1
hulks,1
follows,1
shot,1
gregor,1
incident,1
complicitous,1
farther,1
loud,1
pleas,1
designated,1
eing,1
harfleur,1
misled,1
resulting,1
invalidate,1
literate,1
deemed,1
barnard,1
achieved,1
forjustice,1
cc,1
toleration,1
improved,1
faithful,1
lv,1
unspecified,1
emphasized,1
keith,1
protocols,1
prohibiting,1
current,1
california,1
ours,1
studio,1
untitled,1
temporary,1
somewhat,1
gibson,1
focus,1
hostility,1
slapstick,1
stopped,1
pointedly,1
moneths,1
ad,1
grudgingly,1
proposals,1
system,1
speech,1
kingdoms,1
revolt,1
proceed,1
poyer,1
adjured,1
brief,1
suspect,1
essexjustified,1
barbarity,1
plain,1
principality,1
roy,1
weakened,1
allowable,1
politicized,1
mass,1
america,1
robbery,1
scapegoat,1
coward,1
uncodified,1
pacifism,1
futility,1
otftan,1
felt,1
littledean,1
fitting,1
possible,1
determined,1
monarchies,1
politics,1
delivering,1
machinery,1
wreake,1
withdrawal,1
intro,1
condition,1
extinguished,1
shame,1
slight,1
greene,1
move,1
professionals,1
leniency,1
doth,1
cromwellian,1
purchases,1
exemplars,1
pirates,1
desired,1
except,1
reflecting,1
x,1
harshness,1
subjection,1
ioshua,1
exchanges,1
bello,1
conception,1
above,1
anticipated,1
along,1
peacefully,1
constrained,1
promises,1
spain,1
protocol,1
savours,1
ritual,1
permissive,1
inviolable,1
sloane,1
marginalized,1
lambert,1
engage,1
immodesty,1
directed,1
muel,1
audience,1
expecting,1
perplexed,1
interestingly,1
expanded,1
luck,1
li,1
tribute,1
conot,1
human,1
regarding,1
dispatched,1
sensitivity,1
selves,1
collapse,1
married,1
outrages,1
professionalism,1
hazards,1
luciano,1
release,1
beating,1
disorder,1
martyrologae,1
dying,1
invaders,1
mine,1
neutralism,1
reject,1
consumed,1
faced,1
creatively,1
iiji,1
ql,1
endangering,1
afterthought,1
neighbours,1
agent,1
scarce,1
maintenance,1
cooperate,1
animosity,1
neighbors,1
divine,1
savages,1
entrenchment,1
authoritative,1
relatively,1
ease,1
brotherly,1
moment,1
wakefield,1
sadistic,1
panic,1
evils,1
te,1
issued,1
walter,1
price,1
characteristic,1
application,1
ravish,1
uxbridge,1
jr,1
regarded,1
foreclose,1
militarily,1
assured,1
sore,1
term,1
hempsted,1
insult,1
retaliatory,1
tempests,1
clausewitz,1
comforted,1
self,1
mentors,1
deluded,1
marauding,1
legally,1
evident,1
david,1
perspective,1
opporector,1
codas,1
inattention,1
back,1
sentinel,1
approval,1
bloody,1
body,1
ha,1
speed,1
recrimination,1
extraordinary,1
elicit,1
twelve,1
putative,1
compared,1
libraries,1
shott,1
single,1
eodem,1
traveler,1
seventeenthcentury,1
perenia,1
unequivocally,1
sanguine,1
conspiracy,1
drawn,1
mingling,1
confident,1
memoir,1
beat,1
unresolved,1
look,1
bennett,1
spoils,1
practically,1
apparently,1
morrill,1
diabolicall,1
sister,1
robin,1
occasion,1
augustine,1
spoil,1
born,1
delivered,1
conceded,1
tolerance,1
immunity,1
talent,1
subversion,1
unfortunate,1
virtuous,1
ftebrts,1
proviso,1
convention,1
reasonings,1
battles,1
selectively,1
promised,1
perfect,1
yeeld,1
site,1
messy,1
jacobean,1
poor,1
iti,1
philadelphia,1
commissioners,1
wrestled,1
menace,1
essential,1
genuinely,1
coats,1
eiece,1
forbidding,1
unhanged,1
cleared,1
policing,1
dilemma,1
clapt,1
tt,1
barbarousnesse,1
performance,1
lessening,1
captor,1
brethren,1
encompassed,1
depredations,1
nathaniel,1
developed,1
angeles,1
debated,1
interpretation,1
illustration,1
turncoats,1
apostate,1
sort,1
brierly,1
tribunals,1
miraculously,1
influential,1
en,1
regicide,1
provocation,1
explicit,1
executioners,1
tb,1
philolaus,1
treat,1
convicted,1
dealt,1
slipped,1
gull,1
flexible,1
similar,1
importance,1
grew,1
lamented,1
atrociousness,1
direct,1
impiously,1
slippery,1
executions,1
shrift,1
undertaking,1
ix,1
institutionalized,1
hardships,1
pardoned,1
matched,1
rutter,1
vindicate,1
tree,1
illustrations,1
inherit,1
informant,1
confusions,1
laying,1
von,1
factors,1
panoply,1
fairfaxhopton,1
counterfeiting,1
risks,1
enlisted,1
raymond,1
firing,1
harmed,1
modified,1
rising,1
send,1
voluntarily,1
cellar,1
defies,1
win,1
tho,1
leveller,1
soon,1
affect,1
repellent,1
militarie,1
stand,1
quaestionum,1
drill,1
legitimizing,1
preclude,1
moved,1
physically,1
benefits,1
literary,1
clergy,1
berry,1
sick,1
gallant,1
abuses,1
intrinsically,1
amid,1
disgrace,1
elsewhere,1
allocation,1
edition,1
survivor,1
participants,1
placed,1
mary,1
sheer,1
ignorance,1
exhortation,1
quarters,1
benefited,1
menu,1
presumed,1
inhuman,1
besiegers,1
duc,1
fashioned,1
squad,1
americanjournal,1
commented,1
merciless,1
additional,1
inviolably,1
powerful,1
desperation,1
fss,1
follow,1
demarcate,1
derby,1
treachery,1
histonrcal,1
sedgwick,1
random,1
telford,1
dalbier,1
ronan,1
votes,1
christmas,1
prosecution,1
counties,1
mutilation,1
civilities,1
permanent,1
portrays,1
subsidiary,1
injustice,1
murthered,1
explain,1
hit,1
care,1
helped,1
constitution,1
fates,1
renegade,1
perceive,1
conflicts,1
ineffectual,1
commanded,1
matching,1
union,1
whereas,1
greater,1
raw,1
sive,1
ou,1
result,1
pretending,1
advance,1
bodin,1
based,1
memory,1
allow,1
iniquity,1
unorganized,1
fortunes,1
embittered,1
terrorem,1
consisting,1
mercenaries,1
entered,1
begun,1
plot,1
erosion,1
speeches,1
savagery,1
attack,1
deterrence,1
politicization,1
ambiguity,1
aristocratic,1
collectively,1
lived,1
changed,1
escapt,1
omnivorous,1
rumbled,1
destined,1
pass,1
compassion,1
primacy,1
agendas,1
ironically,1
eliot,1
ottley,1
fo,1
wimborne,1
burst,1
struggles,1
inter,1
execute,1
prevented,1
academic,1
forgotten,1
rebellious,1
kinship,1
afternoon,1
mandated,1
bravely,1
occupation,1
furthermore,1
exempt,1
informed,1
posited,1
recurrences,1
usurper,1
career,1
attackers,1
enrag,1
congrave,1
agreements,1
marmaduke,1
prohibit,1
cam,1
appears,1
population,1
vile,1
produced,1
obedience,1
meet,1
suffered,1
thin,1
safe,1
benito,1
faire,1
arrowes,1
tension,1
defenseless,1
furled,1
confirmation,1
refuge,1
absolute,1
guidance,1
approached,1
instrumental,1
palliate,1
hath,1
numerous,1
wide,1
gods,1
sacrifice,1
benign,1
balance,1
affair,1
retroactive,1
underlie,1
abuse,1
lost,1
legislate,1
keeping,1
carte,1
priamus,1
seeking,1
condoned,1
relief,1
dog,1
soldiery,1
fhanidv,1
evading,1
foes,1
meddled,1
sadism,1
circumstantial,1
draconian,1
los,1
disloyall,1
gil,1
carry,1
writers,1
detestation,1
phillipson,1
concept,1
significantly,1
restrain,1
norm,1
knowledge,1
apparent,1
reduction,1
confined,1
passionate,1
torturing,1
journals,1
positions,1
excessive,1
cavaliers,1
surprise,1
treate,1
shocking,1
whole,1
impl,1
craved,1
fail,1
merciful,1
aggravated,1
reportedly,1
perceval,1
deponent,1
belligerent,1
binding,1
call,1
schwarzenberger,1
translated,1
absented,1
garden,1
reflect,1
anger,1
believes,1
scholastic,1
anglia,1
systematic,1
robbers,1
silvio,1
harmless,1
fickle,1
alan,1
strengthened,1
conceive,1
universally,1
diverted,1
connections,1
engagement,1
transmit,1
misguided,1
violated,1
stowe,1
massacres,1
mantra,1
staple,1
sepulveda,1
nents,1
wounded,1
running,1
rolfe,1
protestantism,1
hee,1
tudor,1
viable,1
decencies,1
cruel,1
love,1
worcester,1
responsibility,1
vote,1
especial,1
theoretically,1
wished,1
stage,1
xo,1
dictionary,1
stafford,1
rump,1
box,1
politically,1
exhorted,1
clothes,1
owned,1
phrase,1
midst,1
admired,1
sake,1
prnwa,1
fast,1
around,1
heat,1
overshadowed,1
historicist,1
discretion,1
indictment,1
spanish,1
grievously,1
characteristics,1
lndn,1
sufficient,1
senrous,1
issuing,1
disposition,1
revealing,1
demolish,1
hague,1
grow,1
assimilate,1
fired,1
transfer,1
stript,1
nonobservance,1
invoke,1
presence,1
heirs,1
research,1
met,1
petition,1
portions,1
differing,1
telling,1
yielded,1
core,1
lindley,1
christians,1
customary,1
scott,1
st,1
maxwell,1
infantry,1
ommon,1
paid,1
notes,1
unduly,1
appropriate,1
regal,1
intransigent,1
newly,1
lincoln,1
comprehensively,1
monarchy,1
reenlist,1
hw,1
miserable,1
activities,1
unfinished,1
casts,1
seemed,1
armie,1
ini,1
appeal,1
hambeton,1
precariously,1
void,1
liberation,1
sanctions,1
battle,1
ew,1
therefore,1
brevity,1
fortunate,1
cruell,1
conditioning,1
ramifications,1
ado,1
driven,1
minor,1
exeter,1
lit,1
absence,1
practices,1
spelled,1
protecting,1
carkasse,1
functioning,1
devon,1
fortunately,1
survive,1
sanctity,1
supreme,1
wary,1
reneging,1
economic,1
penalized,1
rule,1
synthesis,1
sirjohn,1
comparative,1
surprisingly,1
bulwarks,1
play,1
bis,1
successes,1
brutally,1
classic,1
commit,1
coleman,1
nearly,1
unsystematic,1
assurance,1
ginies,1
deserters,1
object,1
academy,1
prove,1
reconstruction,1
wronged,1
mainstream,1
got,1
turncoat,1
commissioned,1
garrisoned,1
dignify,1
aok,1
hero,1
expectation,1
strategic,1
betray,1
parker,1
positive,1
measure,1
assigned,1
illuminating,1
blush,1
guide,1
once,1
meritorious,1
superiour,1
assuring,1
envoys,1
kent,1
criticism,1
cruelly,1
urged,1
iurns,1
reference,1
arrangements,1
isown,1
coole,1
arundel,1
tryed,1
takeing,1
stinking,1
barometer,1
pp,1
accident,1
rebel,1
theodor,1
alongside,1
financial,1
dual,1
sex,1
implacably,1
formally,1
exceptionalism,1
combat,1
challenged,1
inconsistencies,1
magistrates,1
erskine,1
salutary,1
ince,1
today,1
assurances,1
earned,1
acting,1
included,1
earls,1
butcheries,1
iurts,1
hopefull,1
complete,1
masse,1
compassionate,1
cried,1
culture,1
abandon,1
dukes,1
shifting,1
dropped,1
ideology,1
skin,1
formalized,1
injuly,1
indian,1
reply,1
unsoldierly,1
damaged,1
hunger,1
gloss,1
unusually,1
dispute,1
begins,1
hym,1
mak,1
slain,1
misjudgment,1
ambiguities,1
clipping,1
disciplinary,1
longer,1
volume,1
persuade,1
party,1
libri,1
tribunal,1
resolution,1
lewis,1
embody,1
chirk,1
name,1
successfully,1
ameliorating,1
tuck,1
plundered,1
scot,1
comfortable,1
fleshly,1
book,1
temporarily,1
abrogated,1
comparison,1
lexander,1
mark,1
admirable,1
spend,1
renewed,1
forfeit,1
usual,1
deserves,1
swept,1
lucy,1
chaps,1
ravishments,1
elegies,1
suspension,1
groping,1
tacitely,1
head,1
adherence,1
anecdotal,1
corporal,1
whosever,1
abolished,1
lengthy,1
shows,1
outside,1
lack,1
main,1
idea,1
consideration,1
preserve,1
overwhelming,1
underestimated,1
reputed,1
reasserted,1
torture,1
albans,1
distracted,1
plundering,1
lieutenant,1
agree,1
appeared,1
impractical,1
abstract,1
pains,1
choice,1
viii,1
insular,1
warm,1
inexcusable,1
chadwick,1
break,1
larger,1
hewed,1
heretic,1
fallen,1
end,1
debates,1
everything,1
remain,1
causeth,1
villains,1
levellers,1
descended,1
ominously,1
junior,1
pattern,1
concernment,1
factions,1
discussed,1
collonell,1
entertained,1
mustered,1
ought,1
ages,1
readers,1
enough,1
fits,1
leviathan,1
racist,1
dominion,1
barre,1
drove,1
adjacent,1
performances,1
intervene,1
remarkable,1
crowns,1
covered,1
where,1
essentially,1
revolts,1
blount,1
demonized,1
amnesia,1
inflammatory,1
hated,1
marched,1
answer,1
bootless,1
negotiators,1
disparity,1
deep,1
woman,1
native,1
belief,1
militated,1
rainborow,1
ard,1
ignoring,1
alleviated,1
manuals,1
lurk,1
going,1
shoot,1
recommend,1
onfia,1
guicciardini,1
custody,1
casting,1
civilized,1
levying,1
entity,1
predict,1
local,1
demonstrated,1
massacred,1
dishonorable,1
credit,1
wasonly,1
understanding,1
instrumentality,1
kepe,1
exhibit,1
misfoliated,1
simple,1
sutherland,1
theirs,1
campaigns,1
northumberland,1
doubting,1
intimate,1
heralded,1
excluding,1
considering,1
effectiveness,1
treated,1
onerous,1
practised,1
fissel,1
explanation,1
worden,1
implacability,1
implicated,1
incidents,1
helps,1
culpability,1
wretched,1
writings,1
discrimination,1
formal,1
salamanca,1
regicides,1
ridiculous,1
scorned,1
secularly,1
owe,1
moles,1
sufficiently,1
morall,1
teener,1
safer,1
survives,1
knowles,1
ruthless,1
oral,1
uneasy,1
knights,1
elucidated,1
honorable,1
heath,1
rediviva,1
providence,1
food,1
affection,1
characteristically,1
irregularitie,1
arthur,1
prisonersthat,1
decreed,1
billeting,1
refers,1
juan,1
doubt,1
approach,1
engaging,1
pauline,1
ideas,1
exhibited,1
rare,1
real,1
hour,1
injustices,1
nothing,1
clauses,1
examination,1
ys,1
pagan,1
chosen,1
raising,1
sinned,1
previous,1
relegated,1
considerable,1
hardened,1
complicated,1
dating,1
treasonous,1
theoretical,1
shelter,1
roberts,1
low,1
open,1
help,1
quotation,1
quietly,1
exonerated,1
gaunt,1
tis,1
originated,1
adding,1
authors,1
op,1
publication,1
express,1
seejulius,1
points,1
utter,1
charged,1
objection,1
combustions,1
co,1
cognizance,1
unnaturall,1
eve,1
evening,1
helpful,1
period,1
belongs,1
function,1
snead,1
reconstructed,1
pathetic,1
mexico,1
naturalization,1
indisputable,1
obtained,1
horrifying,1
lie,1
counted,1
keen,1
statutory,1
last,1
believing,1
intrinsic,1
tardiness,1
ijt,1
alive,1
class,1
decide,1
iustice,1
mundanely,1
pa,1
caesar,1
nos,1
qualities,1
elaborate,1
parallel,1
vivendi,1
feet,1
requiring,1
parochial,1
centrally,1
trouble,1
svm,1
taunton,1
evoke,1
respectively,1
woefull,1
preston,1
britain,1
ireton,1
proceeding,1
untechnical,1
accusations,1
cortez,1
zwicker,1
mr,1
recalled,1
deafe,1
probably,1
implication,1
refrained,1
dominance,1
infallibly,1
fe,1
travelers,1
equivalent,1
looked,1
attracted,1
denizens,1
institution,1
hoiend,1
famine,1
joint,1
davies,1
chc,1
darker,1
vain,1
pupils,1
dipt,1
unrelated,1
sequestration,1
ajustificatory,1
prescient,1
negative,1
widely,1
deplored,1
anatomy,1
derivative,1
separate,1
explicatio,1
indicted,1
carried,1
suggest,1
guiltyofhisowndeath,1
antiquities,1
defensible,1
bellamy,1
liberalism,1
valuable,1
beset,1
bodleian,1
educate,1
imply,1
untenable,1
adultery,1
mitigate,1
marginally,1
understonde,1
ing,1
residual,1
wisdom,1
replied,1
lot,1
quo,1
legalism,1
bold,1
usually,1
five,1
brj,1
windebank,1
outsiders,1
effects,1
impressive,1
grass,1
applicability,1
pieces,1
shining,1
prudent,1
reasonable,1
imperatives,1
vague,1
exacerbated,1
gloucs,1
retributive,1
gentry,1
rpt,1
leslie,1
nexus,1
exceptional,1
concluding,1
mirroring,1
indiscriminate,1
deposit,1
castles,1
itself,1
effectively,1
circumstance,1
understand,1
threaten,1
enlist,1
confine,1
anxiety,1
covering,1
length,1
advantages,1
phineas,1
grose,1
settled,1
deposed,1
sack,1
accusation,1
implementing,1
shed,1
beneficiaries,1
fostered,1
banishment,1
degenerating,1
istvan,1
respect,1
wives,1
agincourt,1
creatures,1
rohan,1
problematic,1
enemie,1
israelites,1
meant,1
slowness,1
door,1
viscount,1
earles,1
hearts,1
bench,1
reposed,1
meddle,1
adlestrop,1
definition,1
contained,1
assize,1
curious,1
exercised,1
shadow,1
prohibited,1
lessons,1
broke,1
francesco,1
intervened,1
souediers,1
series,1
redemption,1
meted,1
culled,1
hang,1
anglocentric,1
rendered,1
worse,1
punishments,1
extending,1
beeston,1
agents,1
officially,1
invoked,1
extension,1
deferred,1
elicited,1
excusable,1
reciprocity,1
butchery,1
fluctuating,1
friends,1
physical,1
ll,1
recruits,1
marquesses,1
shooting,1
phillips,1
sweden,1
offers,1
oathcscafhld,1
wretch,1
know,1
outcome,1
defining,1
ran,1
continental,1
blair,1
schoolmaster,1
substantively,1
dismay,1
hale,1
scots,1
redaction,1
steven,1
publicist,1
nobility,1
mischiefs,1
abetted,1
burghall,1
raid,1
interested,1
aivr,1
key,1
variable,1
albeit,1
politick,1
infringed,1
ahr,1
clubbed,1
dependable,1
loyall,1
argue,1
propaganda,1
saddlebag,1
comp,1
determination,1
regard,1
intrusion,1
unsettling,1
cures,1
countrymen,1
followers,1
foundation,1
brothers,1
invaluable,1
pointed,1
gregg,1
reliability,1
plague,1
equilibrium,1
longstanding,1
waged,1
explicitly,1
unequal,1
capitulation,1
impinged,1
hostilities,1
vainly,1
passage,1
options,1
lykewyse,1
instant,1
permnissible,1
person,1
upton,1
catalogue,1
following,1
prosecute,1
beginning,1
cosmopolitanism,1
specter,1
muddled,1
warnings,1
suffering,1
destructiveness,1
defending,1
jean,1
irreconcilability,1
cruise,1
pomeroy,1
answered,1
countenancing,1
wrangled,1
month,1
rose,1
means,1
stability,1
selected,1
offering,1
namely,1
mete,1
ones,1
slay,1
attitudes,1
reiterated,1
warn,1
militanr,1
exemplified,1
grief,1
design,1
starkly,1
leaving,1
extent,1
admiral,1
gascoyne,1
incompetence,1
predate,1
managed,1
sleeping,1
flattering,1
prestige,1
autobiography,1
indications,1
institute,1
whitelocke,1
innumerable,1
require,1
secure,1
dark,1
houre,1
number,1
hyde,1
captains,1
respited,1
colnock,1
treatises,1
u,1
phenomena,1
instilled,1
emphasis,1
ancl,1
halcyon,1
bounds,1
inability,1
ah,1
administration,1
oath,1
xi,1
promys,1
misdemeanor,1
oyl,1
lieber,1
preserved,1
expected,1
hexham,1
trivial,1
marked,1
dire,1
reported,1
companions,1
duie,1
somerset,1
city,1
pitched,1
excursion,1
scudamore,1
missiles,1
elucidate,1
strangers,1
prevalent,1
alternatives,1
omissions,1
innocent,1
marston,1
giving,1
infamous,1
justinian,1
extrinsic,1
rightful,1
impose,1
preached,1
lies,1
warres,1
returning,1
explication,1
histoiy,1
ignorant,1
untidy,1
minutiae,1
edw,1
territory,1
acute,1
exceeded,1
conventional,1
testified,1
jv,1
target,1
eldest,1
protestants,1
secured,1
abbott,1
appointed,1
challenges,1
maintained,1
estates,1
definitions,1
ensuing,1
writing,1
eb,1
poore,1
preemption,1
prepared,1
comprehended,1
come,1
fright,1
strung,1
sickness,1
wild,1
devoted,1
moderate,1
stmnser,1
pembroke,1
spring,1
carefully,1
englishman,1
apostasised,1
iudgement,1
invasion,1
editor,1
traitorous,1
inancial,1
murderer,1
carlton,1
sufficed,1
lambeth,1
copies,1
maidservant,1
tackled,1
twentieth,1
abused,1
smoked,1
slashed,1
defence,1
national,1
washington,1
vernacular,1
defender,1
aware,1
mode,1
reversed,1
isles,1
sufferings,1
begin,1
judicature,1
sat,1
include,1
analogy,1
define,1
shipboard,1
bulstrode,1
evidence,1
etiquette,1
ladder,1
mas,1
transgressed,1
yong,1
disruption,1
langdale,1
involving,1
asked,1
punitive,1
shameful,1
nott,1
changes,1
defiance,1
colleagues,1
majorjohn,1
discomfort,1
posterity,1
promptly,1
objections,1
gloucestershire,1
captain,1
remains,1
chelmsford,1
ranged,1
financially,1
nonchristians,1
summary,1
doubtless,1
anonymous,1
ied,1
observation,1
intermittently,1
atthew,1
carl,1
pioneering,1
passages,1
bellum,1
sporadic,1
authoriseth,1
askt,1
impugned,1
protested,1
elites,1
rejection,1
justify,1
huntingdon,1
butchering,1
grandson,1
stipulations,1
th,1
impedes,1
norman,1
selfjustification,1
fears,1
imprisonment,1
bargain,1
aviso,1
element,1
endangered,1
ingrained,1
gulf,1
fellowship,1
appealing,1
meriting,1
remonstrance,1
ends,1
grace,1
whenever,1
taylor,1
gentes,1
premature,1
drunk,1
compounding,1
tricky,1
loyalties,1
stormed,1
doing,1
showed,1
tendentious,1
vertuous,1
uncertain,1
race,1
chambers,1
stifled,1
customs,1
inventories,1
mouth,1
faction,1
els,1
