WORDCOUNTS,WEIGHT
and,859
the,803
of,613
in,414
pacific,347
a,167
to,163
history,107
as,96
new,90
by,75
from,75
for,63
islands,61
on,61
with,59
is,58
eds,57
no,55
histories,53
that,50
s,50
are,49
honolulu,47
cultural,46
culture,46
an,44
have,42
american,41
such,41
south,41
contemporary,39
studies,38
colonial,38
or,34
ed,33
these,32
not,30
peoples,30
politics,29
century,28
historical,28
journal,27
has,27
political,26
also,26
asia,25
this,25
oceanic,25
at,24
european,24
island,23
women,22
york,22
identity,22
hawaiʕi,22
c,22
colonialism,21
n,21
oceania,21
zealand,21
tales,21
was,20
narratives,20
world,20
been,20
j,19
other,19
asian,19
margaret,19
sea,19
australia,18
cambridge,18
thomas,18
through,18
maori,18
lal,17
caledonia,17
fiji,17
islanders,17
hawaiian,17
scholars,17
native,17
land,17
between,17
it,16
tahiti,16
their,16
out,16
jolly,16
but,16
french,16
were,16
david,16
what,16
multiple,16
be,16
literature,15
canberra,15
gender,15
power,15
empire,15
local,15
who,15
postcolonial,15
nineteenth,14
white,14
academic,14
war,14
many,14
states,14
both,14
national,14
robert,13
de,13
study,13
ocean,13
london,13
indigenous,13
where,13
trade,13
legacies,13
making,13
one,12
into,12
tradition,12
samoa,12
japanese,12
knowledge,12
suva,12
which,12
life,12
islander,12
cultures,12
polynesian,12
calif,12
paradise,12
cook,12
they,11
i,11
issue,11
rim,11
representations,11
self,11
across,11
nation,11
its,11
dening,11
v,11
see,11
approach,11
brij,11
melanesia,11
trask,11
over,11
guinea,11
imperial,11
polynesia,11
much,11
north,11
nicholas,10
authority,10
anthropology,10
labor,10
hauʕofa,10
auckland,10
since,10
r,10
space,10
age,10
southeast,10
about,10
linnekin,10
denoon,10
forms,10
wendt,10
japan,10
questions,10
k,10
we,10
wilson,10
united,10
anthropological,10
seas,10
global,10
d,10
early,10
migration,9
practices,9
historiography,9
china,9
within,9
british,9
some,9
economies,9
development,9
struggles,9
times,9
his,9
tourism,9
m,9
societies,9
sovereignty,9
work,9
people,9
trading,9
society,9
sydney,9
economic,9
ethnographic,9
only,9
paul,9
narrative,9
narrations,9
mead,9
practice,9
hereniko,9
twentieth,9
race,9
tongan,8
shaped,8
great,8
e,8
borofsky,8
relations,8
rather,8
howe,8
most,8
durham,8
pasts,8
encounters,8
smith,8
contact,8
papua,8
meleisea,8
yet,8
water,8
john,8
donald,8
nuclear,8
micronesia,8
movements,8
while,8
question,8
philippines,8
way,7
western,7
princeton,7
first,7
east,7
haunani,7
ritual,7
networks,7
jean,7
rights,7
whose,7
l,7
developed,7
special,7
samoan,7
literary,7
impact,7
jocelyn,7
melbourne,7
douglas,7
part,7
change,7
around,7
critical,7
albert,7
ancient,7
marshall,7
social,7
oral,7
stories,7
et,7
exchange,7
especially,7
ann,7
ecological,7
france,7
vision,7
dirlik,7
imperialism,7
simply,7
kay,7
identities,7
scholarly,7
art,7
our,7
spring,7
territories,7
h,6
modern,6
cargo,6
production,6
military,6
possibilities,6
europe,6
religion,6
case,6
custom,6
tied,6
roger,6
hawaii,6
critique,6
civilization,6
americans,6
how,6
notion,6
active,6
lindstrom,6
beyond,6
indonesia,6
drawing,6
artistic,6
marie,6
writers,6
framed,6
future,6
place,6
issues,6
stanford,6
creating,6
suggest,6
aotearoa,6
la,6
female,6
sahlins,6
osorio,6
al,6
solomon,6
challenge,6
debates,6
invested,6
ethnicity,6
would,6
general,6
waves,6
foreign,6
area,6
often,6
small,6
here,6
berkeley,6
crocombe,6
works,6
vanuatu,6
them,6
migrations,6
categories,6
writing,6
chicago,6
euro,6
democracy,5
navigation,5
before,5
sources,5
caroline,5
creation,5
chronicles,5
historians,5
repr,5
feminism,5
hanlon,5
those,5
geoffrey,5
anthropologists,5
america,5
greg,5
conflict,5
g,5
famously,5
campbell,5
malinowski,5
perspective,5
firth,5
philadelphia,5
empires,5
objects,5
korea,5
w,5
diaz,5
stewart,5
suggested,5
my,5
scarr,5
rule,5
events,5
paris,5
sites,5
malama,5
example,5
guam,5
visions,5
own,5
chappell,5
family,5
australian,5
boundaries,5
resonant,5
pa,5
he,5
kauanui,5
scientific,5
analyses,5
return,5
july,5
strategic,5
transits,5
more,5
others,5
death,5
solomons,5
time,5
transit,5
performances,5
ron,5
perhaps,5
maritime,5
region,5
patricia,5
melanesian,5
vicente,5
europeans,5
california,5
kehaulani,5
logic,5
vilsoni,5
become,5
james,5
northern,5
kaplan,5
transformations,5
voyages,5
testing,5
mediterranean,5
remembrance,5
kameʕeleihiwa,5
fall,5
finney,5
claims,5
mass,5
different,5
post,5
research,5
past,5
plantation,5
sexual,5
malaysia,5
cult,5
asians,5
challenges,5
although,5
specific,5
scholarship,5
texts,5
traditional,5
focus,5
grace,5
should,5
bernard,4
o,4
edge,4
imagining,4
will,4
later,4
groups,4
created,4
coups,4
center,4
large,4
english,4
jonathan,4
policy,4
long,4
interests,4
taken,4
broken,4
government,4
material,4
written,4
papers,4
poyer,4
bases,4
marked,4
west,4
exchanges,4
introduction,4
wallace,4
human,4
natives,4
against,4
moment,4
canoes,4
subjects,4
y,4
ralston,4
than,4
deeply,4
traditions,4
chinese,4
epeli,4
languages,4
without,4
sandalwood,4
remain,4
connected,4
distant,4
lives,4
tensions,4
university,4
articulated,4
readings,4
isolation,4
problems,4
tides,4
appropriations,4
based,4
called,4
economics,4
international,4
focused,4
wealth,4
wide,4
lahui,4
journals,4
even,4
romance,4
regional,4
missions,4
connections,4
contests,4
field,4
underscore,4
highly,4
presence,4
when,4
up,4
resistance,4
tjibaou,4
populations,4
indeed,4
hawaiians,4
communities,4
violence,4
home,4
indian,4
two,4
law,4
heritage,4
projects,4
gauguin,4
present,4
ports,4
dance,4
alan,4
munro,4
discovery,4
upon,4
braudel,4
commonwealth,4
doug,4
largely,4
academics,4
ethnic,4
kastom,4
language,4
so,4
imagination,4
class,4
include,4
viewpoint,4
sailing,4
wives,4
inside,4
male,4
independence,4
rob,4
centuries,4
worlds,4
arts,4
colonised,4
any,4
thinking,4
continental,4
dismembering,4
intellectual,4
grimshaw,4
molisa,4
particularly,4
living,4
lamont,4
economy,4
vessels,4
little,4
remember,4
kiste,4
became,4
role,4
subject,4
danielsson,4
representation,4
coming,4
difference,4
enlightenment,4
themselves,4
among,4
cross,4
struggle,3
prostitution,3
concerned,3
rev,3
scholar,3
market,3
trans,3
methodologies,3
complex,3
enduring,3
agency,3
essays,3
reflections,3
ways,3
approaches,3
bamboo,3
freedom,3
plantations,3
contested,3
territorial,3
contexts,3
disputed,3
laura,3
diasporic,3
being,3
ii,3
implications,3
entangled,3
navigating,3
all,3
tourist,3
tarte,3
nature,3
gary,3
desire,3
differences,3
shineberg,3
rich,3
studied,3
take,3
nationalism,3
discipline,3
reading,3
racial,3
context,3
sophisticated,3
teaiwa,3
u,3
tracing,3
arif,3
accommodation,3
powers,3
mutual,3
richard,3
dutch,3
along,3
interrelational,3
saltwater,3
savages,3
bounty,3
rooted,3
teresia,3
nor,3
immigrants,3
agents,3
myth,3
deryck,3
lisa,3
hybrid,3
reimagined,3
société,3
centered,3
activists,3
takaki,3
decolonisation,3
outward,3
arbor,3
supposed,3
ram,3
civilizations,3
keesing,3
had,3
okihiro,3
melville,3
basin,3
access,3
amsterdam,3
zone,3
bikini,3
poetry,3
late,3
equally,3
guns,3
gods,3
voice,3
modernities,3
tarcisius,3
realm,3
increasingly,3
personal,3
earth,3
lockwood,3
cold,3
shaping,3
archaeology,3
theater,3
discourse,3
things,3
desires,3
settlement,3
emerging,3
spanish,3
underscoring,3
ancestors,3
visible,3
richness,3
passive,3
actions,3
hokuleʕa,3
salesa,3
limited,3
cartography,3
henningham,3
experiences,3
movement,3
thought,3
mission,3
continuity,3
under,3
extinction,3
perspectives,3
shifting,3
mich,3
oceans,3
filipino,3
critiques,3
voyage,3
jane,3
mark,3
domains,3
towards,3
sipolo,3
voyaging,3
areas,3
creative,3
micronesian,3
end,3
anthropologist,3
kabutaulaka,3
do,3
model,3
metaphors,3
kanak,3
renaissance,3
imaginary,3
royal,3
strathern,3
controversy,3
number,3
historiographical,3
vast,3
disease,3
traders,3
open,3
okamura,3
meanings,3
discovered,3
archaeological,3
points,3
voyagers,3
men,3
faith,3
exoticism,3
sense,3
sacred,3
can,3
ground,3
moruroa,3
engagement,3
harding,3
controversial,3
decolonization,3
marilyn,3
wastes,3
science,3
claimed,3
gananath,3
grim,3
institutions,3
lost,3
began,3
reckons,3
adventure,3
chamorro,3
frontier,3
nos,3
kingdoms,3
aldrich,3
stephen,3
wars,3
intersections,3
hula,3
lilikalā,3
defining,3
each,3
bronwen,3
india,3
capital,3
very,3
examining,3
oliver,3
davidson,3
whether,3
terms,3
nationalist,3
theory,3
alice,3
lepervanche,3
divide,3
navigators,3
conference,3
martha,3
ancestral,3
strangers,3
mirab,3
obeyesekere,3
bougainville,3
steel,3
germs,3
maintained,3
models,3
commercial,3
numerous,3
institutional,3
washington,3
joined,3
americas,3
define,3
specialists,3
evidence,3
reflexive,3
diaspora,3
daughter,3
captain,3
association,3
speak,3
slavers,3
third,3
memories,3
era,3
given,3
re,3
famous,3
laborers,3
building,3
resources,3
moana,3
close,3
major,3
horror,2
now,2
portuguese,2
appropriation,2
denuclearisation,2
common,2
if,2
generated,2
names,2
corporate,2
corruption,2
resulted,2
fiction,2
ferdinand,2
state,2
collision,2
coastlines,2
crossing,2
neocolonial,2
village,2
film,2
sexualities,2
diplomatic,2
belich,2
songs,2
macpherson,2
live,2
true,2
strictly,2
better,2
boulder,2
navigational,2
collection,2
polynesians,2
title,2
francis,2
freeman,2
revered,2
fashioning,2
thematic,2
iwo,2
source,2
du,2
journeys,2
highlighted,2
kula,2
morton,2
reconstructions,2
crews,2
attempts,2
might,2
ourselves,2
sustainable,2
interrogating,2
capitalist,2
could,2
dé,2
leading,2
theme,2
ben,2
honiara,2
mangilao,2
sucheng,2
temporalities,2
confront,2
atlantic,2
waikiki,2
subsequent,2
half,2
last,2
influences,2
marine,2
primitive,2
indochina,2
forums,2
empty,2
reefs,2
jima,2
key,2
draws,2
neil,2
victims,2
account,2
possible,2
cooperation,2
subaltern,2
april,2
lin,2
mastery,2
sent,2
gegeo,2
jully,2
nostalgic,2
review,2
ronald,2
historically,2
inevitable,2
spickard,2
océanistes,2
mixed,2
gendered,2
duff,2
turn,2
distinct,2
reimagining,2
desmond,2
concerning,2
te,2
pierre,2
body,2
ithaca,2
response,2
inclusion,2
kinship,2
durée,2
alliances,2
collaboration,2
drawn,2
blue,2
performative,2
bombe,2
gaze,2
consumerism,2
leadership,2
born,2
anae,2
confluence,2
may,2
oxford,2
sue,2
recognized,2
tonga,2
german,2
played,2
kensington,2
principally,2
performance,2
generations,2
forced,2
organizing,2
capture,2
christine,2
deliberately,2
after,2
b,2
tidal,2
columbian,2
lacking,2
fantasy,2
colonizing,2
day,2
familiar,2
organized,2
linked,2
edition,2
linguistics,2
max,2
origins,2
surface,2
notions,2
storytelling,2
cordell,2
exploitation,2
kerry,2
back,2
rendered,2
edmond,2
helped,2
martyn,2
decades,2
mer,2
view,2
fates,2
dependency,2
categorical,2
globalization,2
mainland,2
prisoners,2
ranges,2
paradisiacal,2
narration,2
came,2
coral,2
harbor,2
search,2
savagery,2
missionary,2
fishing,2
jouvert,2
versus,2
melancholy,2
flying,2
term,2
big,2
gunson,2
bottomley,2
understood,2
reviews,2
activist,2
population,2
tension,2
lyons,2
directions,2
wright,2
memory,2
because,2
aspects,2
maasina,2
colonies,2
dilemmas,2
closed,2
artifacts,2
used,2
bounded,2
leisure,2
imagined,2
secret,2
positions,2
chesneaux,2
loss,2
discussions,2
during,2
travel,2
inherited,2
broad,2
partly,2
actually,2
lanham,2
realms,2
genealogies,2
seaborne,2
currents,2
cults,2
t,2
regions,2
remake,2
joanne,2
bêche,2
working,2
textual,2
talents,2
miliani,2
orientalist,2
autonomy,2
chan,2
ship,2
sisters,2
migrating,2
yves,2
acts,2
decline,2
villages,2
philip,2
dedicated,2
always,2
customary,2
progress,2
nui,2
commemorative,2
copra,2
structured,2
inform,2
moved,2
longue,2
barbara,2
pearson,2
f,2
sons,2
waddell,2
indigeneity,2
naidu,2
reinvented,2
anticolonialism,2
cannibalism,2
guadalcanal,2
tropical,2
gift,2
stannard,2
community,2
formative,2
intervention,2
interactions,2
domination,2
buck,2
initially,2
vocabularies,2
biological,2
once,2
chronicle,2
magellan,2
edited,2
pukapukan,2
museum,2
read,2
manderson,2
figiel,2
sex,2
narokobi,2
us,2
neither,2
demographic,2
continents,2
trobriand,2
popularized,2
intersexions,2
visitors,2
papeete,2
armed,2
speaking,2
sharrad,2
double,2
love,2
lee,2
routes,2
lewis,2
name,2
museums,2
inflected,2
sia,2
keri,2
idea,2
religious,2
music,2
wesley,2
exclusion,2
port,2
fatal,2
connell,2
diverse,2
stage,2
prose,2
seafarers,2
advocacy,2
outside,2
took,2
urban,2
geography,2
continuing,2
dorothy,2
spivak,2
establish,2
sensual,2
michael,2
heavily,2
strategies,2
pease,2
hu,2
invitation,2
project,2
marshalls,2
literatures,2
forging,2
marquesas,2
antony,2
discourses,2
demonstrated,2
meetings,2
bigness,2
private,2
genres,2
made,2
sulu,2
quanchi,2
eighteenth,2
formal,2
yo,2
billy,2
lowe,2
sovereignties,2
significant,2
expression,2
extraordinarily,2
pleasure,2
stoler,2
kingdom,2
engaged,2
examination,2
sees,2
students,2
diplomacy,2
emphasizing,2
essay,2
individual,2
christopher,2
controversies,2
anne,2
period,2
summer,2
kituai,2
distinction,2
preservation,2
black,2
standard,2
palmerston,2
martin,2
ridge,2
internal,2
systems,2
evolutionary,2
diamond,2
structure,2
dominance,2
blood,2
adaptations,2
contending,2
sandra,2
propose,2
encompassing,2
specialties,2
increasing,2
ranging,2
kalpana,2
bertram,2
conjunctures,2
aid,2
dehart,2
today,2
pasefika,2
stars,2
george,2
ideology,2
lines,2
palauan,2
transformed,2
detailed,2
castes,2
seventeenth,2
millennia,2
visual,2
transformation,2
maternities,2
deals,2
why,2
hooper,2
analysis,2
vanessa,2
mother,2
aboriginal,2
itself,2
comaroff,2
sailors,2
problematic,2
susan,2
smallness,2
detail,2
panama,2
ihimaera,2
grand,2
extending,2
diderot,2
matters,2
constituted,2
continues,2
symbolic,2
known,2
constructed,2
temporal,2
ishtar,2
darwin,2
md,2
sciences,2
offers,2
set,2
beachcombers,2
resonance,2
melani,2
natural,2
colonization,2
control,2
exploration,2
best,2
guiart,2
emergence,2
yamanaka,2
hopping,2
feminisms,2
goods,2
witi,2
thompson,2
historian,2
merely,2
places,2
feminist,2
beginning,2
activism,2
realities,2
atolls,2
transmitted,2
telling,2
selected,2
form,2
typologies,2
agricultural,2
map,2
mere,2
hulme,2
beaches,2
tahitian,2
ethnography,2
nautical,2
brilliant,2
emblematic,2
suggests,2
meanjin,2
des,2
middle,2
poems,2
lois,2
antarctica,2
rod,2
innocent,2
assumptions,2
territory,2
encounter,2
officially,2
indians,2
isolated,2
vietnamese,2
come,2
eric,2
guha,2
survival,2
years,2
lands,2
outrigger,2
finding,2
colo,2
afu,2
newly,2
destinies,2
mandates,2
usa,2
need,2
regular,2
terence,2
playing,2
off,2
sexuality,2
ships,2
evelyn,2
passages,2
partial,2
nan,2
views,2
develop,2
strong,2
janes,2
zones,2
malcolm,2
built,2
roles,2
bronislaw,2
citizenship,1
nuñez,1
processes,1
intimately,1
hezel,1
margins,1
archives,1
woven,1
fernand,1
thrall,1
lateness,1
damon,1
done,1
transforming,1
aristocracies,1
tikongs,1
lulei,1
millennial,1
oriented,1
ethics,1
emptiness,1
spatiality,1
declared,1
treaties,1
responds,1
commentary,1
tropics,1
imported,1
nest,1
melanésie,1
praised,1
wonder,1
fanfare,1
dangers,1
epidemics,1
victor,1
mita,1
interventions,1
fredrick,1
bricolage,1
mana,1
connery,1
epidemic,1
clio,1
ultimate,1
intersect,1
folklorism,1
notably,1
conversion,1
overland,1
becoming,1
settlements,1
microstates,1
burton,1
franz,1
integrity,1
denied,1
fate,1
mobility,1
closure,1
stone,1
join,1
insurgency,1
linkages,1
formed,1
remind,1
niel,1
miriam,1
asserted,1
uniquely,1
bikinis,1
marcus,1
paradigms,1
epidemiological,1
favor,1
park,1
flows,1
decolonized,1
former,1
unmaking,1
whiting,1
trace,1
pakeha,1
undertaken,1
reconnect,1
locale,1
ian,1
harmony,1
hugh,1
allies,1
pau,1
confluent,1
techniques,1
kolo,1
total,1
saviors,1
belgrave,1
communicating,1
viewpoints,1
something,1
rosemary,1
edu,1
newbury,1
englewood,1
resituates,1
thaman,1
faiths,1
specters,1
tambiah,1
baker,1
porous,1
arms,1
test,1
experience,1
congress,1
nero,1
constructedness,1
said,1
statist,1
notre,1
reprinted,1
anything,1
archaeologists,1
passion,1
langi,1
barriers,1
ethnologist,1
constituting,1
suburbs,1
inexorable,1
jackson,1
voices,1
ancestries,1
exclusive,1
give,1
sampling,1
discursively,1
vols,1
musical,1
attempt,1
idylls,1
turbulent,1
promoting,1
cathy,1
heavens,1
tilted,1
hotels,1
experiments,1
bloomington,1
marianas,1
dramatically,1
mateat,1
incorporating,1
icons,1
reach,1
book,1
crops,1
mau,1
oʕiwi,1
elegiac,1
quel,1
suggesting,1
accompanied,1
tours,1
includes,1
display,1
simple,1
predated,1
faces,1
dryland,1
exotic,1
torres,1
arctic,1
refrigerator,1
borne,1
drama,1
vanishing,1
quotidian,1
venus,1
thanks,1
vijay,1
manoa,1
ceremonies,1
cohesion,1
quantum,1
survey,1
real,1
evolving,1
conceptualising,1
expansion,1
domesticating,1
there,1
feature,1
integrate,1
teʕo,1
roosevelt,1
harmondsworth,1
navigations,1
rafael,1
playground,1
rise,1
critically,1
stupid,1
murray,1
emphasized,1
greatly,1
warships,1
mr,1
situ,1
jeannette,1
reserved,1
deriving,1
potiki,1
untitled,1
blong,1
siân,1
signs,1
theodore,1
surveys,1
narrated,1
behind,1
biersack,1
trials,1
kava,1
epic,1
motivated,1
visibility,1
hempenstall,1
worldwide,1
intersection,1
rethinking,1
weighing,1
nomadic,1
politico,1
system,1
wollongong,1
friendly,1
helplessness,1
invasions,1
fortune,1
inseparable,1
gouda,1
alfred,1
prefaced,1
aletta,1
reverse,1
interrogations,1
enata,1
holly,1
anthology,1
foundational,1
klaus,1
mysteries,1
melanesienne,1
wasafiri,1
adopts,1
toyotas,1
histoire,1
chants,1
incorporate,1
agriculture,1
maʕohi,1
right,1
addresses,1
inauthenticity,1
asesela,1
malaita,1
clowns,1
fijian,1
provincialize,1
design,1
chapter,1
poutaveri,1
police,1
felt,1
responses,1
capable,1
toullelan,1
sixteenth,1
authentic,1
kidnapping,1
shared,1
establishing,1
etienne,1
october,1
coloniale,1
move,1
investigator,1
vital,1
crossed,1
information,1
analogically,1
diss,1
seizure,1
microhistories,1
variations,1
point,1
tastes,1
conceptual,1
x,1
tuiletufuga,1
familial,1
besnier,1
gailey,1
dynamic,1
kahn,1
above,1
academically,1
representing,1
plied,1
marriage,1
interact,1
recruiters,1
galapagos,1
moral,1
reverence,1
meijl,1
engage,1
warfare,1
magarey,1
guano,1
reassessments,1
robie,1
hunkin,1
fitfully,1
karen,1
mid,1
sartori,1
cannibals,1
possessing,1
thus,1
pen,1
andrew,1
chapters,1
terra,1
constitutive,1
conquest,1
reappropriated,1
declaimed,1
selves,1
relocation,1
aoteaora,1
merchants,1
montreal,1
interdisciplinarity,1
gunew,1
dying,1
peculiarities,1
immediate,1
invisibility,1
counterpoint,1
mataora,1
initial,1
health,1
helen,1
realized,1
september,1
nic,1
stakes,1
unpublished,1
silent,1
tattooing,1
stasis,1
likewise,1
obeysekere,1
millennium,1
interest,1
domain,1
rereadings,1
characteristic,1
relatively,1
javanese,1
contributors,1
peattie,1
santa,1
consumer,1
bone,1
highlighting,1
adams,1
galumalemana,1
encyclopedia,1
pani,1
flux,1
hippolite,1
restore,1
materially,1
struggled,1
employing,1
pay,1
supremacy,1
walnut,1
barrier,1
forthrightly,1
theaters,1
nested,1
held,1
affairs,1
exercise,1
plessis,1
rank,1
nuanua,1
cases,1
nelson,1
remembering,1
elements,1
adopted,1
chakrabarty,1
constitutions,1
clashes,1
deeds,1
problematize,1
odyssey,1
canal,1
document,1
inaugural,1
hebridean,1
chass,1
sam,1
contrary,1
http,1
marlene,1
determination,1
africans,1
twelve,1
served,1
wholly,1
emphases,1
merle,1
site,1
chap,1
autonomies,1
vancouver,1
truly,1
blu,1
like,1
momentary,1
arab,1
explore,1
battalions,1
brother,1
unresolved,1
instruments,1
look,1
waterways,1
apotheosis,1
festivals,1
details,1
william,1
coasts,1
discovering,1
delivered,1
generation,1
weakness,1
acted,1
fijians,1
bashing,1
influence,1
word,1
stanley,1
ton,1
sheree,1
nucléaire,1
heteroglossic,1
convention,1
sparking,1
crossroads,1
industries,1
pean,1
reef,1
videorecording,1
tex,1
konai,1
loyal,1
surprisingly,1
messy,1
awash,1
excavate,1
sinclair,1
acculturation,1
forerunners,1
colin,1
legitimation,1
unhappily,1
laenui,1
heroism,1
pidgin,1
identification,1
heroes,1
operations,1
timor,1
traverse,1
devastating,1
sandwich,1
growth,1
grid,1
troubled,1
adsett,1
superficial,1
majorities,1
morrison,1
hana,1
angeles,1
samoans,1
latukefu,1
sort,1
tagliacozzo,1
idioms,1
appreciation,1
annette,1
revisions,1
coastal,1
process,1
historiographically,1
cruelest,1
instantiations,1
knew,1
conceptions,1
decentering,1
environments,1
rondilla,1
republics,1
opportunity,1
gifting,1
teacher,1
legendary,1
à,1
weiner,1
talk,1
ethnicities,1
handicrafts,1
parts,1
dell,1
mythmaking,1
greenwood,1
folkloric,1
matched,1
creek,1
schoeffel,1
tree,1
resettlement,1
prophecy,1
discoveries,1
tatau,1
barker,1
kanaké,1
derek,1
perilous,1
contestation,1
noenoe,1
support,1
terrell,1
means,1
straits,1
settled,1
escape,1
perceptions,1
maintaining,1
inauguration,1
bhabha,1
bad,1
old,1
soon,1
clearings,1
immigrant,1
piailug,1
marks,1
barbarous,1
exhibitions,1
pali,1
locally,1
missionization,1
dichotomy,1
organization,1
academe,1
poisoned,1
imposing,1
benefits,1
image,1
louise,1
indenture,1
finnin,1
fabian,1
yellow,1
otherwise,1
presumably,1
png,1
warren,1
parkville,1
driven,1
proposed,1
spirit,1
fabled,1
attain,1
tying,1
wardlow,1
gradually,1
remaking,1
inextricable,1
characterizations,1
shore,1
argued,1
landing,1
cliff,1
observations,1
situations,1
presumed,1
sione,1
multicultural,1
commonly,1
theatre,1
fashioned,1
monographic,1
vietnam,1
officer,1
peru,1
civilize,1
spoliations,1
cotton,1
generally,1
consequence,1
putting,1
ethnies,1
requires,1
waikanae,1
instance,1
victorian,1
signification,1
hate,1
pious,1
dominant,1
ravuvu,1
films,1
important,1
borders,1
strategy,1
rainbow,1
salient,1
cut,1
fabulist,1
constitution,1
fluid,1
regenerate,1
contention,1
bligh,1
character,1
geographies,1
cucumber,1
gregory,1
result,1
prehistoric,1
referenced,1
whom,1
slave,1
path,1
leary,1
concentration,1
location,1
romances,1
encoding,1
opposing,1
found,1
demise,1
devastation,1
hands,1
rediscovering,1
p,1
toby,1
ambitions,1
mapping,1
inter,1
kaeppler,1
baton,1
politicization,1
gayatri,1
centers,1
lived,1
avenir,1
conventionally,1
rotorua,1
piloting,1
zealanders,1
mythical,1
bombing,1
bougaville,1
personas,1
illuminated,1
bali,1
herman,1
wood,1
caravels,1
markets,1
poirine,1
midway,1
circulation,1
remedy,1
engagements,1
further,1
unite,1
traced,1
pointing,1
transactions,1
elemental,1
posited,1
engraved,1
linguists,1
silence,1
rousseau,1
studying,1
jacob,1
sharpened,1
annales,1
watters,1
produced,1
française,1
meet,1
godlewska,1
intertwined,1
grounds,1
ignorance,1
scouts,1
spiritual,1
confirmation,1
loathe,1
explain,1
conferences,1
fox,1
designations,1
hawaiki,1
revived,1
effrontery,1
delegitimation,1
sacrifice,1
possibility,1
sustenance,1
expressions,1
confluences,1
charlottesville,1
warriors,1
eurocentrism,1
well,1
shape,1
abuse,1
weight,1
directly,1
knowledges,1
unequal,1
seeking,1
trial,1
basis,1
betrayed,1
julia,1
multilocal,1
remittances,1
propagated,1
scope,1
homi,1
nebr,1
benevolence,1
los,1
turning,1
claim,1
concept,1
richmond,1
significantly,1
simms,1
irresolution,1
instigating,1
overlay,1
gabbard,1
actors,1
comment,1
homeland,1
tenure,1
preludes,1
elizabeth,1
compulsive,1
conn,1
typifications,1
anti,1
marquesan,1
securing,1
lovely,1
authenticity,1
traditionelle,1
gave,1
tale,1
laurence,1
intermediate,1
borthwick,1
kamakawiwoʕole,1
queens,1
constitute,1
pomares,1
dru,1
concentrate,1
formerly,1
underscored,1
anxieties,1
filipinos,1
timelessness,1
tumultuous,1
call,1
outposts,1
forces,1
battering,1
recounting,1
emma,1
focuses,1
kieuea,1
away,1
dijon,1
surrounding,1
novels,1
formations,1
employed,1
spoliation,1
balboa,1
workload,1
fieldwork,1
stillness,1
artifact,1
president,1
fabulous,1
status,1
presbyterian,1
challenging,1
genealogical,1
contradictions,1
orbell,1
cosmic,1
redistributed,1
bodies,1
pollution,1
trades,1
am,1
ringed,1
sinavaiana,1
overlap,1
excavated,1
dark,1
legacy,1
apparatus,1
strict,1
commerce,1
peltzer,1
suns,1
ago,1
below,1
manners,1
emergent,1
fuzzy,1
savage,1
tangata,1
reinforces,1
unexpected,1
chiefs,1
decentered,1
involve,1
mentalités,1
canoe,1
protest,1
gooch,1
indicators,1
alto,1
peruvian,1
complicate,1
imposition,1
wrestling,1
emphasizes,1
vahine,1
sharp,1
quite,1
jeanette,1
orient,1
ariel,1
involved,1
ethnobotanists,1
belittlement,1
kanaky,1
ban,1
mutineers,1
mineral,1
ignore,1
fraught,1
maneuvering,1
concerns,1
propelled,1
routine,1
bolton,1
folk,1
multination,1
ingram,1
mi,1
remapping,1
cluny,1
simplicities,1
distinguished,1
boroko,1
neemia,1
coast,1
engages,1
impoverishment,1
maine,1
condemned,1
rifled,1
seed,1
typhoon,1
cosmology,1
method,1
universities,1
majority,1
dibblin,1
degeneration,1
wife,1
mccall,1
vi,1
city,1
reflexively,1
peculiar,1
roots,1
gunboat,1
joel,1
immortalized,1
depths,1
bourgeois,1
appropriate,1
fairbairn,1
crossover,1
malaysians,1
provided,1
lincoln,1
rodgers,1
heyday,1
separate,1
monarchy,1
leckie,1
lenore,1
championed,1
planter,1
suit,1
stephens,1
nations,1
subsequently,1
commodification,1
survived,1
typee,1
tea,1
span,1
culmination,1
liberation,1
england,1
naming,1
republican,1
gilroy,1
statuses,1
womanhood,1
san,1
faberon,1
indentured,1
noteworthy,1
second,1
investigating,1
primitivism,1
fortunate,1
inhabit,1
haole,1
hegemony,1
creed,1
outsider,1
advocate,1
crow,1
contest,1
subramani,1
rotuma,1
villainy,1
expanse,1
misrepresent,1
noble,1
gerard,1
sanctity,1
moresby,1
action,1
logically,1
incorrect,1
separation,1
lynn,1
distorted,1
criticize,1
wrote,1
located,1
bullard,1
exile,1
decolonising,1
alliance,1
crossings,1
volunteerism,1
play,1
racialized,1
cloud,1
deadly,1
tide,1
spoonley,1
disciplines,1
albany,1
veterans,1
innocence,1
sheridan,1
reproducing,1
object,1
rowley,1
reconstruction,1
babadzan,1
nonstandard,1
brook,1
mainstream,1
expanded,1
silva,1
juggling,1
standing,1
adrienne,1
modes,1
nainoa,1
southern,1
christian,1
va,1
structural,1
single,1
gilbert,1
twists,1
repression,1
communications,1
falgout,1
criticism,1
interpretation,1
reclassification,1
commodities,1
observer,1
vila,1
examined,1
treaty,1
security,1
fanon,1
salvation,1
marginal,1
taro,1
hegemonic,1
trinh,1
seeing,1
technology,1
mobile,1
paradoxes,1
inspiration,1
combat,1
populated,1
emplotted,1
amidst,1
thesis,1
heiau,1
malay,1
included,1
totem,1
falls,1
subset,1
indebted,1
belonged,1
reynolds,1
poison,1
wallis,1
same,1
landfalls,1
sharply,1
naval,1
topical,1
robust,1
nominatives,1
coastwatchers,1
broached,1
already,1
parties,1
communal,1
reports,1
lynne,1
binney,1
begins,1
noted,1
moments,1
kareva,1
frameworks,1
inheritance,1
phyllis,1
exploring,1
suzanne,1
chatterjee,1
tropes,1
picard,1
declining,1
volume,1
angel,1
street,1
corporeal,1
samson,1
diary,1
gill,1
organizations,1
leader,1
fire,1
mona,1
improbably,1
ind,1
houston,1
attacks,1
hammerstein,1
anchored,1
nationalists,1
antipodes,1
toward,1
again,1
fragmentation,1
pointed,1
whaling,1
put,1
haʕi,1
financial,1
sky,1
adherence,1
whalers,1
herbert,1
artists,1
fact,1
spousal,1
sing,1
rehabilitating,1
maternal,1
trobriands,1
penelope,1
genuine,1
pressure,1
striking,1
indies,1
toon,1
match,1
webb,1
mera,1
polynésie,1
teachers,1
insular,1
toeolesulusulu,1
children,1
epilogue,1
understandable,1
atomic,1
surfaces,1
employments,1
androcentrism,1
implantations,1
celebrations,1
administrations,1
retracing,1
reckoned,1
prosaic,1
man,1
dramas,1
dependencies,1
audiences,1
fragments,1
external,1
rhetoric,1
laracy,1
mediterraneans,1
never,1
patterns,1
consciously,1
everyday,1
employment,1
journalists,1
crosscut,1
conflicts,1
refashioning,1
puerto,1
pistol,1
uentabo,1
bonus,1
finau,1
isabelle,1
armaments,1
faleomavaega,1
waitangi,1
non,1
extremity,1
geographer,1
boats,1
council,1
epistemologies,1
colony,1
ao,1
fatuaua,1
resigned,1
simplicity,1
banner,1
austronesia,1
daunting,1
belief,1
bengt,1
hamilton,1
võ,1
routledge,1
distance,1
adolescence,1
threats,1
knapman,1
lono,1
instigated,1
locations,1
encountered,1
chair,1
conscripts,1
obsession,1
realize,1
nicole,1
zohl,1
allain,1
geopolitical,1
degree,1
civilized,1
repudiation,1
fight,1
liliuʕokalani,1
imagine,1
originary,1
crown,1
emanating,1
technologies,1
greatest,1
behaviors,1
adjudicating,1
investigated,1
divided,1
expertise,1
polynesie,1
father,1
intimate,1
neatly,1
link,1
multiplicities,1
turkey,1
effectiveness,1
subjectivity,1
treacherous,1
reversed,1
virgin,1
shipboard,1
range,1
implicated,1
reparations,1
situating,1
sneja,1
represented,1
evacuation,1
counterpointing,1
catholicism,1
parents,1
including,1
concurrent,1
enormous,1
previously,1
exploitations,1
contacts,1
après,1
warrior,1
worship,1
landfinding,1
lecture,1
appalling,1
use,1
illusion,1
johannes,1
neumann,1
emphasize,1
refers,1
divergences,1
feminists,1
globalizing,1
visioning,1
lanes,1
reconstructing,1
autobiographical,1
diaries,1
dances,1
ideas,1
resulting,1
evolution,1
herdt,1
liminality,1
nuis,1
continue,1
ibid,1
trust,1
archive,1
emplacements,1
imagery,1
papalagi,1
reinforcing,1
theories,1
dating,1
rouge,1
theoretical,1
futuna,1
continuities,1
tricolour,1
negotiating,1
ties,1
hank,1
passim,1
provincializing,1
fracturing,1
three,1
royalty,1
dunmore,1
reality,1
laboratories,1
deckker,1
comprehensive,1
michel,1
mageo,1
lakes,1
dominated,1
peter,1
mutiny,1
smuggling,1
foodways,1
workers,1
august,1
counter,1
eve,1
pride,1
echos,1
powerful,1
ellis,1
countries,1
georges,1
tim,1
spread,1
direct,1
thérèse,1
strange,1
hardship,1
tribal,1
high,1
diasporas,1
mexico,1
mélanésian,1
engle,1
paths,1
ecology,1
earlier,1
poetic,1
misunderstanding,1
commentaries,1
sally,1
guidieri,1
short,1
melanesians,1
kaima,1
marama,1
inscribed,1
promotion,1
postcard,1
mainstreams,1
favored,1
migrants,1
maclellan,1
pearl,1
papa,1
dipesh,1
satisfy,1
trying,1
qualities,1
imaginative,1
parallel,1
textbooks,1
methods,1
chapel,1
feet,1
debutante,1
palo,1
epistemology,1
remade,1
cabinets,1
evoke,1
tactics,1
recoverable,1
reestablishing,1
nei,1
interconnections,1
blackbirding,1
maude,1
seattle,1
rupture,1
enemies,1
priests,1
postwar,1
sanctuaries,1
capitalism,1
anthony,1
captivity,1
kamehameha,1
robbins,1
ibrum,1
patrol,1
save,1
ponders,1
invented,1
overthrow,1
haven,1
frictions,1
tendency,1
destruction,1
relative,1
polyglot,1
niko,1
quarterly,1
atlantics,1
professional,1
sugar,1
rubinstein,1
pottery,1
cliffs,1
irresponsible,1
attention,1
cruz,1
teleologies,1
immigration,1
nativist,1
claudia,1
widely,1
division,1
remo,1
species,1
justice,1
perouse,1
antoinette,1
brenda,1
historicized,1
perils,1
overlapping,1
jeannie,1
observational,1
revolution,1
regained,1
entertainment,1
wage,1
deepens,1
rico,1
identité,1
unstable,1
lapita,1
debbie,1
christchurch,1
makes,1
liberalism,1
lo,1
ferocious,1
relationship,1
coercion,1
critics,1
crnle,1
me,1
perry,1
oceanian,1
note,1
africa,1
humanities,1
charters,1
helu,1
continued,1
inhabitants,1
vanutau,1
usually,1
linda,1
curiosities,1
criminal,1
outsiders,1
poka,1
developing,1
missionaries,1
selections,1
groves,1
foster,1
suspected,1
fear,1
hill,1
spouse,1
begin,1
category,1
cooper,1
order,1
wash,1
nemesis,1
fabulation,1
attributions,1
recourse,1
pop,1
seen,1
marae,1
maohi,1
possession,1
markers,1
misreads,1
suggestions,1
sequences,1
peril,1
recognize,1
covering,1
littoral,1
linking,1
hazel,1
poetics,1
institutionally,1
construction,1
existed,1
ward,1
researcher,1
geoff,1
respect,1
sharers,1
composed,1
education,1
enforced,1
fields,1
humiliation,1
allusions,1
face,1
gun,1
interview,1
mcgrew,1
sandy,1
rigorous,1
navigator,1
regularly,1
concomitantly,1
judith,1
articulations,1
addressed,1
wakea,1
merry,1
circumscribed,1
acquired,1
kate,1
ignited,1
abandonment,1
seriously,1
authorities,1
victoria,1
rarely,1
eventually,1
constant,1
poets,1
singular,1
following,1
enthusing,1
broke,1
van,1
prehistory,1
aliʕi,1
complexity,1
charting,1
changing,1
seafaring,1
bill,1
underdeveloped,1
carnal,1
contradiction,1
canton,1
extensive,1
pomare,1
geographic,1
ever,1
dimorphism,1
profits,1
reinforced,1
htm,1
extension,1
mythologies,1
bush,1
controversially,1
vince,1
favors,1
cohn,1
trapped,1
regress,1
insider,1
privileging,1
magellanic,1
depredation,1
taiwan,1
established,1
extolled,1
issuing,1
goldsmith,1
survivals,1
eni,1
finnegan,1
korean,1
know,1
hanging,1
competitions,1
partner,1
principle,1
monthly,1
cannibal,1
chapman,1
monroe,1
multiculturalism,1
regionalism,1
lying,1
zimmer,1
setting,1
simplifications,1
cogently,1
altering,1
ubiquitous,1
down,1
greenpeace,1
downing,1
ph,1
clan,1
caine,1
cyclical,1
specificities,1
colonisation,1
constructions,1
ncsu,1
current,1
regard,1
domestic,1
intersected,1
regaining,1
foundation,1
searched,1
grosz,1
meralata,1
leacock,1
stretching,1
kovave,1
clearly,1
entitlement,1
mcdonald,1
latin,1
reconfiguring,1
researches,1
lagoons,1
brighter,1
oceangoing,1
jennifer,1
ethnohistorians,1
haka,1
oceanographic,1
recherche,1
conklin,1
disputes,1
pour,1
consciousness,1
type,1
loti,1
redefined,1
insistent,1
jacqueline,1
purported,1
ideologies,1
schooners,1
wuzzy,1
ranajit,1
according,1
partha,1
cruise,1
catastrophic,1
morse,1
reign,1
transfers,1
unique,1
rose,1
francesco,1
lettre,1
accounts,1
hoorn,1
particular,1
asias,1
imposed,1
bislama,1
peninsulas,1
metaphor,1
proven,1
apologized,1
reinscribed,1
eroticism,1
artifactual,1
predicaments,1
shall,1
dureau,1
tightly,1
problem,1
woodward,1
waters,1
edward,1
characterizes,1
westerners,1
prestige,1
acciaioli,1
pursued,1
boughton,1
amy,1
supplément,1
equator,1
property,1
huge,1
girls,1
reappraising,1
almost,1
anna,1
sentimental,1
articulation,1
emphasis,1
vasco,1
hundreds,1
praying,1
tempest,1
universe,1
spaces,1
punishing,1
marking,1
researchers,1
boston,1
howard,1
tidwell,1
paintings,1
presented,1
offshore,1
mercantile,1
recognition,1
nederends,1
prerogative,1
outlander,1
kin,1
introduced,1
remittance,1
beach,1
despite,1
eleanor,1
november,1
duty,1
monarchs,1
african,1
giving,1
infamous,1
die,1
beechert,1
administration,1
clancy,1
concessions,1
planters,1
marshallese,1
fellizzi,1
extended,1
substance,1
possessions,1
alain,1
programs,1
adoptions,1
reconstruct,1
sinking,1
manufacturing,1
hirst,1
botany,1
superpower,1
polyandry,1
stevenson,1
phenomenon,1
using,1
deities,1
blackbirders,1
au,1
belligerents,1
think,1
lali,1
ambiguously,1
frances,1
courtship,1
vouza,1
macintyre,1
examinations,1
atoll,1
herda,1
shores,1
singapore,1
determinism,1
vol,1
runs,1
ultimately,1
underworld,1
multiethnic,1
argument,1
crises,1
fetishes,1
verities,1
petersen,1
fake,1
rediscovery,1
sensibilities,1
caledonian,1
springing,1
quest,1
contract,1
crosby,1
paradigm,1
grappling,1
materials,1
guest,1
craig,1
grant,1
finally,1
iconic,1
staging,1
discursive,1
mateata,1
jared,1
imperative,1
newsletter,1
motives,1
carucci,1
capabilities,1
crisis,1
public,1
brisbane,1
documentation,1
yeatman,1
actively,1
takiora,1
humor,1
peninsular,1
kala,1
archipelago,1
writer,1
integration,1
constituencies,1
hemispheric,1
centrality,1
effects,1
settling,1
meyers,1
defined,1
harbors,1
attempted,1
voluntary,1
locate,1
fated,1
grapple,1
kavaliku,1
ghosts,1
frum,1
did,1
francisco,1
burdens,1
magical,1
yoneyama,1
reorganized,1
traveling,1
ruth,1
australasian,1
flora,1
settler,1
charles,1
conceptualizing,1
modeling,1
defied,1
postmodernist,1
intentional,1
distinctions,1
valuable,1
lilley,1
meaning,1
interdisciplinary,1
mystery,1
castaways,1
archival,1
transgress,1
bell,1
commodity,1
ondobondo,1
enterprise,1
sharing,1
create,1
norman,1
euroamerican,1
aloha,1
abroad,1
ownership,1
entire,1
documentary,1
salmond,1
classics,1
images,1
seek,1
encoded,1
fujitani,1
celebes,1
loyalties,1
doing,1
penal,1
representational,1
gladney,1
kisses,1
otto,1
climax,1
owns,1
denis,1
