WORDCOUNTS,WEIGHT
the,284
of,204
and,173
a,111
in,90
system,66
to,62
power,49
for,49
balance,41
german,37
that,31
european,29
international,29
was,27
states,26
as,24
vienna,23
on,23
gruner,21
not,21
europe,21
great,20
following,19
powers,19
political,18
by,17
had,17
new,17
its,17
be,17
germany,16
d,16
und,16
wolf,15
confederation,15
an,15
this,14
schroeder,14
der,13
order,13
role,12
would,12
at,11
from,11
reformed,11
see,11
middle,11
die,11
were,11
national,11
it,10
their,10
or,10
these,10
s,10
peace,10
economic,9
with,9
changes,9
june,9
more,9
based,9
i,9
there,9
empire,9
des,9
period,9
security,8
interests,8
deutsche,8
bavaria,8
historical,8
concept,8
review,8
have,8
settlement,8
munich,8
american,7
is,7
multipolar,7
means,7
also,7
did,7
could,7
state,7
bond,7
central,7
bund,7
britain,7
hegemony,6
if,6
gleichgewicht,6
hegemonic,6
established,6
any,6
determinants,6
only,6
paul,6
constitutional,6
geschichte,6
war,6
since,6
against,6
century,6
small,6
become,6
friedens,5
territorial,5
been,5
federal,5
independence,5
balanced,5
paris,5
stable,5
ed,5
but,5
without,5
struktur,5
social,5
other,5
within,5
stability,5
british,5
prussia,5
deutschen,5
london,5
such,5
deutschland,5
relations,5
structure,5
major,5
south,4
he,4
sovereign,4
practices,4
common,4
rather,4
wurttemberg,4
reconstruction,4
southern,4
one,4
rules,4
into,4
w,4
law,4
set,4
all,4
type,4
hauptstaatsarchiv,4
existence,4
after,4
example,4
place,4
thus,4
which,4
development,4
zum,4
change,4
im,4
revolution,4
grossbritannien,4
world,4
than,4
should,4
cooperative,4
von,4
problem,3
second,3
functioning,3
his,3
vols,3
play,3
systemic,3
they,3
gegenwart,3
complex,3
europaischen,3
studies,3
old,3
league,3
claims,3
rise,3
history,3
demanded,3
nineteenth,3
europdischen,3
provide,3
members,3
french,3
napoleonic,3
important,3
view,3
constitution,3
financial,3
my,3
roman,3
wars,3
best,3
das,3
domestic,3
influences,3
peaceful,3
europa,3
prosperity,3
jahrhundert,3
public,3
free,3
replacement,3
politics,3
cooperation,3
mutual,3
part,3
despite,3
esp,3
baden,3
framework,3
like,3
statesmen,3
seit,3
own,3
clear,3
holy,3
language,3
interest,3
function,3
france,3
respective,3
compare,3
among,3
we,3
rest,3
seemed,3
model,2
factors,2
will,2
failed,2
oxford,2
assigned,2
helmut,2
units,2
hamburg,2
essential,2
played,2
independent,2
treaties,2
checks,2
through,2
developed,2
h,2
created,2
bound,2
affected,2
notion,2
rhine,2
stuttgart,2
still,2
make,2
center,2
special,2
enabled,2
analysis,2
reforms,2
about,2
respect,2
interpretation,2
itself,2
treaty,2
many,2
detail,2
policy,2
confederate,2
frage,2
necessary,2
before,2
under,2
same,2
n,2
impact,2
are,2
partly,2
industrial,2
austrian,2
most,2
being,2
max,2
additional,2
member,2
regional,2
austria,2
double,2
long,2
permanent,2
attacks,2
geburtstag,2
m,2
military,2
stating,2
systems,2
over,2
towns,2
country,2
key,2
leading,2
ahr,2
gentz,2
together,2
argue,2
reasons,2
convinced,2
berding,2
time,2
able,2
government,2
intermediary,2
far,2
italian,2
half,2
enlarged,2
just,2
forms,2
ambitions,2
weis,2
existing,2
context,2
establish,2
them,2
karl,2
cannot,2
case,2
well,2
conferences,2
distribution,2
shifts,2
bayerisches,2
hegemonical,2
institutions,2
trade,2
napoleonischen,2
breakdown,2
capable,2
possible,2
determined,2
used,2
discussion,2
europaische,2
made,2
eighteenth,2
writers,2
true,2
taking,2
characterization,2
answer,2
resources,2
fur,2
nation,2
monarchs,2
northern,2
enduring,2
during,2
superpowers,2
congress,2
ideas,2
aims,2
alliance,2
constitutive,2
gleichgewichtes,2
believes,2
powerful,2
analyzing,2
de,2
solution,2
hanover,2
kind,2
least,2
instruction,2
perspective,2
am,2
eberhard,2
potential,2
body,2
assumed,2
research,2
point,2
misleading,2
dem,2
mechanical,2
enabling,2
postwar,2
up,2
entire,2
paid,2
strong,2
fall,2
politischen,2
provided,2
foreign,2
guaranteed,2
avoid,2
festschrift,2
perfect,1
final,1
may,1
haas,1
enough,1
mechanisms,1
f,1
dominant,1
fifty,1
operation,1
archives,1
challenge,1
tests,1
herries,1
led,1
biirgertums,1
moreover,1
situation,1
done,1
me,1
raison,1
iuber,1
no,1
fierce,1
way,1
redefine,1
quo,1
concerned,1
aim,1
estate,1
rolle,1
action,1
five,1
preussischejahrbucher,1
main,1
staatskanzlei,1
stood,1
sanctions,1
compatible,1
overall,1
labeled,1
both,1
multilateral,1
ancien,1
represent,1
dangers,1
unit,1
wait,1
inside,1
accepting,1
interesse,1
attitude,1
levels,1
playing,1
ferdinand,1
legitimate,1
revolutionary,1
trans,1
process,1
e,1
predatory,1
antagonism,1
success,1
friedenssicherung,1
jure,1
community,1
seen,1
reformen,1
detailed,1
violators,1
dealt,1
staatsarchiv,1
tijdschrzft,1
force,1
denmark,1
sphere,1
berlin,1
idee,1
legal,1
flexible,1
contribution,1
developments,1
subsystems,1
b,1
condominium,1
vulnerable,1
becoming,1
large,1
frankfort,1
seemingly,1
replaced,1
standpoint,1
life,1
positive,1
kinds,1
structural,1
produced,1
peter,1
efficiency,1
danger,1
promoting,1
essays,1
designed,1
existed,1
ludwig,1
proposals,1
ma,1
endeavored,1
referring,1
alternative,1
space,1
live,1
derek,1
composed,1
actions,1
mack,1
fields,1
support,1
fulfill,1
completely,1
modified,1
walker,1
opportunities,1
grossbnitannien,1
understand,1
solutions,1
etat,1
niedersachsisches,1
articles,1
dimension,1
perceptions,1
franzosischen,1
propagandists,1
princes,1
deliberations,1
modern,1
joseph,1
east,1
britishjournal,1
whereas,1
burg,1
considered,1
formally,1
demand,1
possibly,1
selfconception,1
protection,1
us,1
obligations,1
description,1
allies,1
gottingen,1
pamphleteers,1
neglected,1
laid,1
occurred,1
elisabeth,1
home,1
extinction,1
general,1
overtaxing,1
proposed,1
culture,1
stabilizing,1
rosecrance,1
beispiel,1
included,1
arbitration,1
leipzig,1
einzelstaaten,1
friedrich,1
opposition,1
reich,1
homogeneity,1
restoration,1
estates,1
largest,1
restauration,1
insights,1
hoping,1
manual,1
two,1
functions,1
experience,1
politik,1
simply,1
chancelleries,1
favored,1
operate,1
constituted,1
ever,1
first,1
bundesstaatlich,1
decomposition,1
t,1
destabilizing,1
especially,1
followed,1
regime,1
subjective,1
persuasive,1
position,1
wrong,1
kraus,1
frankfurt,1
wurttembergisches,1
creation,1
organizational,1
acquired,1
committee,1
doppelte,1
setting,1
nationales,1
readjustment,1
strategy,1
ullmann,1
toward,1
eds,1
participated,1
decades,1
shelf,1
natural,1
bundes,1
actual,1
heeren,1
intellectual,1
chaps,1
reflections,1
strengthened,1
goal,1
between,1
j,1
paper,1
chaumont,1
efforts,1
result,1
zeit,1
advance,1
interesting,1
binding,1
handling,1
fact,1
deutschlandpolitik,1
shows,1
bilateral,1
rights,1
kennedy,1
principles,1
consideration,1
preserve,1
believe,1
fundamental,1
scholars,1
societies,1
sonderbund,1
sent,1
fehrenbach,1
friihen,1
proposal,1
plan,1
harmoniously,1
bu,1
propaganda,1
universal,1
zwischen,1
right,1
decide,1
indeed,1
solved,1
reform,1
forces,1
choice,1
foundation,1
als,1
years,1
adaptability,1
neighbors,1
classical,1
subscribe,1
terminological,1
otmar,1
guaranteeing,1
sovereigns,1
closer,1
john,1
benign,1
concludes,1
launched,1
end,1
launch,1
wirklichkeit,1
expense,1
accession,1
aloof,1
hanse,1
real,1
cities,1
saxony,1
past,1
discussed,1
feature,1
base,1
called,1
serious,1
strength,1
prescription,1
fransois,1
mind,1
took,1
wilson,1
gesellschaftlichen,1
believed,1
bavarian,1
equally,1
agriculture,1
present,1
fidratif,1
geography,1
shall,1
cultural,1
according,1
p,1
discussing,1
what,1
keystone,1
impeded,1
montgelas,1
carefully,1
reestablishment,1
bohemia,1
accepted,1
whether,1
regards,1
wiederherstellung,1
meet,1
rising,1
sovereignty,1
defense,1
want,1
interpreted,1
particular,1
era,1
intertwined,1
join,1
material,1
forum,1
wiener,1
however,1
maintain,1
cabinet,1
mere,1
guarantee,1
required,1
ceased,1
fragmente,1
groundwork,1
herrmann,1
has,1
extent,1
colonies,1
actors,1
capacity,1
status,1
zur,1
guidelines,1
always,1
rheinbzindischendeutschland,1
britischen,1
sought,1
eliminate,1
wants,1
tenth,1
constitutionally,1
ought,1
because,1
march,1
incursions,1
polities,1
ibid,1
can,1
neutralize,1
retain,1
influenced,1
durchbruch,1
account,1
almost,1
derdeutsche,1
minimal,1
restoring,1
seeking,1
stabilize,1
spheres,1
some,1
marked,1
understanding,1
betrachtungen,1
sixteenth,1
summing,1
those,1
mandatory,1
size,1
work,1
anmerkungen,1
rearrangement,1
degenerate,1
mittelstaaten,1
establishing,1
britischer,1
pursue,1
reaction,1
mitteleuropa,1
etienne,1
bodies,1
boston,1
staatenbilndisch,1
tool,1
even,1
apparatus,1
presented,1
balances,1
worked,1
future,1
challenging,1
west,1
apart,1
met,1
given,1
prerequisite,1
scott,1
decisive,1
discusses,1
territorially,1
establishment,1
pfeffel,1
aretin,1
providing,1
edn,1
italy,1
became,1
negative,1
apply,1
along,1
ruling,1
catholics,1
elite,1
terms,1
identity,1
facto,1
concern,1
durable,1
plans,1
hinsley,1
varying,1
aggression,1
incorporation,1
curtail,1
haushofund,1
colloquium,1
use,1
prevented,1
minor,1
warfare,1
fit,1
largely,1
assumption,1
results,1
europaischer,1
protestants,1
doppeltes,1
pursuing,1
easiest,1
issues,1
collective,1
mitten,1
sheehan,1
envoy,1
people,1
descended,1
mckay,1
definitions,1
exist,1
labor,1
linked,1
institutional,1
player,1
structures,1
neglect,1
take,1
ein,1
woodrow,1
trios,1
centralized,1
our,1
prepared,1
come,1
saw,1
voorgeschiedenis,1
option,1
canberra,1
bargaining,1
maurenbrecher,1
promoted,1
advantages,1
necessitated,1
nevertheless,1
eurocentric,1
netherlands,1
underwent,1
described,1
explained,1
modernization,1
kongress,1
argues,1
dynamics,1
received,1
ignored,1
points,1
steering,1
restructure,1
crises,1
hannover,1
resist,1
diplomacy,1
three,1
objective,1
quest,1
abused,1
approach,1
permit,1
overcomeor,1
either,1
defend,1
conflicts,1
lien,1
aus,1
monarchy,1
accept,1
cooperate,1
essay,1
makes,1
motives,1
finally,1
dominating,1
endangered,1
regarded,1
course,1
officials,1
instead,1
keep,1
allowed,1
touches,1
land,1
characterized,1
describing,1
participating,1
below,1
need,1
constituent,1
responsibility,1
evidence,1
agree,1
realization,1
vital,1
him,1
things,1
heartland,1
rhetoric,1
ernst,1
static,1
arena,1
stages,1
affairs,1
petersburg,1
forming,1
gesellschaftsgeschichte,1
kriege,1
initiate,1
epoch,1
last,1
joined,1
friede,1
provides,1
reformpolitik,1
decided,1
freiherr,1
nor,1
latter,1
bosl,1
frankreich,1
attention,1
spindler,1
loose,1
calling,1
anonymous,1
gesandtschaft,1
vom,1
intergroup,1
charles,1
driving,1
problems,1
zeitalter,1
ante,1
ruled,1
differently,1
safeguard,1
components,1
ithaca,1
allotted,1
evolutionary,1
mistaken,1
governments,1
industry,1
furthered,1
convincing,1
successful,1
suitable,1
vacuum,1
protect,1
suddenly,1
elites,1
boundaries,1
continuous,1
third,1
differing,1
except,1
methodological,1
germans,1
debate,1
james,1
seibt,1
when,1
y,1
working,1
st,1
method,1
equilibrist,1
majority,1
differ,1
posed,1
interaction,1
communication,1
napoleon,1
look,1
parameters,1
focus,1
much,1
staatsfinanzen,1
save,1
ostfildern,1
city,1
decision,1
destruction,1
traditions,1
plausible,1
neuesten,1
limitation,1
so,1
leadership,1
arnold,1
building,1
hardly,1
wirtschaftlichen,1
oder,1
andreas,1
privatkapital,1
files,1
restricting,1
influence,1
opposed,1
hans,1
applies,1
perception,1
schmitt,1
product,1
formed,1
kept,1
ende,1
