WORDCOUNTS,WEIGHT
the,910
of,589
and,460
in,414
to,352
a,207
french,164
that,138
was,138
as,123
for,102
it,93
by,82
de,81
this,81
france,81
on,73
s,70
l,63
were,62
their,60
africa,58
african,56
west,55
is,53
not,52
be,51
no,50
labor,47
at,46
africans,46
dakar,46
la,46
with,46
its,45
from,44
an,43
colonial,43
republican,42
would,41
general,39
they,38
all,37
rights,37
which,37
had,35
these,35
see,35
more,34
new,34
d,34
history,32
republic,32
or,31
also,30
paris,29
empire,29
et,28
but,28
slavery,28
have,28
du,27
government,27
april,27
colonialism,27
historical,27
american,26
one,26
third,25
en,25
des,25
review,24
most,24
colonies,24
only,24
local,24
administration,24
chiefs,22
subjects,22
forced,20
than,20
could,20
gouverneur,20
ans,20
mission,20
law,20
human,19
work,19
i,19
education,19
imperialism,19
both,19
afrique,19
policy,18
civilization,18
joaof,18
modern,17
civilizing,17
public,17
own,17
francaise,17
who,17
did,17
between,17
how,16
les,16
rule,16
occidentale,16
native,16
use,16
justice,16
conklin,16
our,16
roume,15
political,15
even,15
into,15
well,15
world,15
under,15
administrators,15
alice,15
way,14
first,14
there,14
such,14
rather,14
democratic,14
part,14
two,14
social,14
after,14
been,14
schools,13
studies,13
western,13
n,13
war,13
however,13
during,13
progress,13
about,13
other,13
free,13
made,13
individual,13
universal,13
through,13
although,13
great,12
case,12
circulaire,12
because,12
policies,12
overseas,12
le,12
power,12
eds,12
governor,12
force,12
are,12
what,12
aof,12
theory,12
gouvernement,12
cambridge,12
forms,12
much,12
before,11
those,11
thus,11
development,11
liberal,11
senegal,11
place,11
will,11
yet,11
many,11
ideas,11
citizens,11
any,11
them,11
form,11
e,10
federation,10
group,10
universalism,10
system,10
has,10
hygiene,10
example,10
when,10
society,10
same,10
can,10
ideology,10
regime,10
over,10
calif,10
said,9
railroads,9
help,9
state,9
citizenship,9
right,9
some,9
colonized,9
language,9
decree,9
century,9
his,9
too,9
least,9
discourse,9
he,9
may,9
economic,9
idea,9
coercion,9
roberts,9
moral,9
commands,9
coloniale,9
claims,9
peoples,9
december,9
au,9
difference,9
conseil,9
courts,8
democracy,8
now,8
conquest,8
principles,8
court,8
nevertheless,8
british,8
politics,8
powers,8
along,8
medical,8
since,8
slave,8
york,8
legal,8
study,8
politique,8
women,8
nation,8
research,8
expansion,8
ed,8
time,8
never,8
colony,8
another,8
slaves,8
health,8
then,8
practice,8
each,8
different,8
particularly,8
making,8
freedom,8
conditions,8
abolition,7
authority,7
governors,7
mass,7
richard,7
natives,7
g,7
whose,7
without,7
certain,7
age,7
ansom,7
revolution,7
lieutenants,7
home,7
name,7
end,7
rhetoric,7
material,7
so,7
civilisatrice,7
we,7
european,7
compulsory,7
liberalism,7
note,7
science,7
itself,7
set,7
colonization,7
historians,7
rural,7
particular,7
gouverneurs,7
sur,7
territories,7
themselves,7
early,7
little,7
does,6
limits,6
concern,6
metropole,6
within,6
chambre,6
throughout,6
against,6
interest,6
february,6
chap,6
journal,6
ways,6
notion,6
just,6
important,6
patrick,6
indigene,6
cultural,6
feudal,6
stanford,6
good,6
field,6
second,6
comparative,6
still,6
make,6
oxford,6
violence,6
culture,6
lieutenant,6
where,6
necessary,6
belief,6
enseignement,6
stoler,6
like,6
men,6
special,6
construction,6
school,6
masses,6
works,6
while,6
code,6
maintained,6
postcolonial,6
prestations,6
cooper,6
recourse,6
helped,5
done,5
obligations,5
if,5
created,5
volta,5
essays,5
production,5
nature,5
tradition,5
take,5
last,5
wolfe,5
committed,5
existence,5
possible,5
far,5
antislavery,5
y,5
influence,5
basic,5
humanity,5
republicans,5
old,5
image,5
peasants,5
civilize,5
hereafter,5
based,5
term,5
further,5
aspects,5
london,5
knowledge,5
used,5
people,5
actually,5
emancipation,5
sense,5
order,5
up,5
resistance,5
homologation,5
actions,5
variety,5
practices,5
technology,5
us,5
railroad,5
assistance,5
toward,5
efforts,5
travail,5
hand,5
less,5
aux,5
metropolitan,5
franqaise,5
discussion,5
august,5
period,5
martin,5
ap,5
ann,5
rapport,5
provide,5
esclavage,5
ministre,5
niger,5
hierarchy,5
must,5
sentences,5
best,5
sudan,5
very,5
guinea,5
better,5
william,5
agricultural,5
argued,5
influenced,5
introduced,5
despite,5
adapted,5
enlightenment,5
need,5
specific,5
klein,5
point,5
era,5
should,5
race,5
common,4
later,4
market,4
legitimate,4
measures,4
alone,4
village,4
elementary,4
instructions,4
true,4
h,4
justified,4
occurred,4
nineteenth,4
being,4
long,4
interests,4
military,4
attempt,4
forcibly,4
liberty,4
words,4
aspect,4
thanks,4
ernest,4
issue,4
generosity,4
histoire,4
march,4
capable,4
marked,4
taking,4
regarding,4
september,4
frenchmen,4
ivoire,4
finally,4
issued,4
price,4
application,4
progressive,4
david,4
races,4
recognized,4
essential,4
act,4
represented,4
b,4
tensions,4
university,4
days,4
educational,4
schooling,4
ou,4
result,4
my,4
found,4
years,4
out,4
late,4
judicial,4
discours,4
taxes,4
future,4
change,4
siecle,4
level,4
suggest,4
several,4
june,4
philip,4
always,4
subjecthood,4
appeal,4
xixe,4
sons,4
service,4
limited,4
july,4
once,4
communications,4
paradoxes,4
official,4
assimilation,4
paul,4
barbarians,4
went,4
longer,4
documents,4
ponty,4
larger,4
man,4
learn,4
michael,4
citoyen,4
bulletin,4
rendered,4
ruling,4
elite,4
entirely,4
ethnic,4
full,4
trade,4
dominique,4
liberate,4
him,4
weiskel,4
promulguant,4
adequately,4
instruction,4
james,4
circle,4
five,4
criminal,4
institutions,4
bouche,4
contradiction,4
here,4
coloniales,4
berkeley,4
baule,4
cultures,4
organized,4
ahr,4
terms,4
imposed,4
suggests,4
upper,4
given,4
role,4
question,4
aristocratic,4
madison,4
november,4
justify,4
superiority,3
archives,3
currently,3
soudan,3
declared,3
revue,3
valeur,3
affected,3
trans,3
liberating,3
denied,3
provisions,3
ostensibly,3
nord,3
ideals,3
protection,3
renault,3
princeton,3
par,3
either,3
every,3
certainly,3
posed,3
vols,3
j,3
book,3
alike,3
personnel,3
context,3
rethinking,3
merchants,3
searing,3
primary,3
vol,3
subaltern,3
territoires,3
exchanges,3
carde,3
exist,3
goal,3
explained,3
dahomey,3
relations,3
insisted,3
turn,3
cases,3
legally,3
perspective,3
freed,3
pierre,3
bloody,3
ithaca,3
left,3
outset,3
liberte,3
higher,3
conquerors,3
racism,3
remain,3
process,3
knew,3
republique,3
granted,3
pressure,3
lay,3
lafrique,3
projet,3
ferry,3
means,3
understand,3
ensure,3
signed,3
established,3
languages,3
india,3
superior,3
noire,3
respected,3
tyranny,3
greater,3
fm,3
called,3
baton,3
effort,3
muslim,3
equally,3
reasons,3
codification,3
portant,3
recently,3
population,3
presided,3
marie,3
warriors,3
abuse,3
almost,3
literature,3
confirms,3
year,3
mise,3
status,3
approach,3
hardly,3
contrast,3
specifically,3
accomplished,3
coast,3
decision,3
regulating,3
newly,3
provided,3
francais,3
liberation,3
therefore,3
transform,3
feudalism,3
scientific,3
action,3
short,3
return,3
classic,3
indigenes,3
whatever,3
domination,3
builders,3
roads,3
put,3
decisions,3
treaty,3
makes,3
ne,3
included,3
islam,3
workers,3
teaching,3
algeria,3
frederick,3
stated,3
chaps,3
notables,3
addition,3
fact,3
fundamental,3
appeared,3
exclusion,3
children,3
enough,3
took,3
colonizer,3
conquete,3
manner,3
accepted,3
relevant,3
answer,3
remained,3
private,3
encounter,3
disease,3
birth,3
values,3
previously,3
europeans,3
assume,3
morality,3
alternative,3
nothing,3
recruitment,3
rouge,3
clear,3
essay,3
collaboration,3
high,3
played,3
administrative,3
include,3
labour,3
article,3
promote,3
become,3
exactly,3
capitalism,3
institution,3
professional,3
naturalization,3
attention,3
modernization,3
relationship,3
she,3
bound,3
claimed,3
program,3
began,3
inspired,3
often,3
dans,3
acquisition,3
chamber,3
proof,3
believed,3
constituted,3
democracies,3
cohn,3
dimension,3
natural,3
control,3
sure,3
seem,3
universalist,3
ivory,3
current,3
ideological,3
cultivation,3
legacy,3
past,3
pour,3
quoted,3
turned,3
according,3
automatically,3
economy,3
reconcile,3
ones,3
references,3
attitudes,3
customary,3
produce,3
imperial,3
emphasis,3
circumstances,3
uniform,3
content,3
regulate,3
subject,3
protected,3
francois,3
until,3
wis,3
motives,3
course,3
offer,3
upon,3
reminiscent,3
states,3
orientalism,3
association,3
speak,3
administrateurs,3
c,3
create,3
exclusively,3
images,3
glance,3
among,3
seek,3
building,3
indig,3
nicholas,2
final,2
bernard,2
ending,2
judge,2
publique,2
owes,2
concerned,2
meaning,2
export,2
embarked,2
designated,2
deserve,2
tenet,2
sacre,2
expect,2
large,2
complex,2
replaced,2
marianne,2
properly,2
reason,2
genius,2
barbaric,2
monolithic,2
considerations,2
unlike,2
vestiges,2
realms,2
contact,2
forcible,2
laura,2
humankind,2
architecture,2
programmes,2
stressed,2
sources,2
destroying,2
caroline,2
arrete,2
contingent,2
taken,2
trend,2
questioned,2
moulin,2
advanced,2
seems,2
bloomington,2
officiel,2
services,2
crops,2
together,2
desire,2
fully,2
furet,2
narrative,2
survey,2
deemed,2
subsequent,2
robert,2
federated,2
discipline,2
reading,2
somewhat,2
hostility,2
racializing,2
daniel,2
prosper,2
speech,2
side,2
forthcoming,2
key,2
sought,2
sexual,2
deherme,2
account,2
suppress,2
anything,2
illustrate,2
establishing,2
dutch,2
laws,2
radical,2
anticipated,2
standards,2
sign,2
diversity,2
conflict,2
sociale,2
tyrannical,2
jorf,2
attest,2
accommodation,2
objective,2
analyzing,2
uniformity,2
westport,2
kind,2
distinct,2
nor,2
clark,2
having,2
amount,2
contrary,2
response,2
serving,2
machines,2
extraordinary,2
insistence,2
allowing,2
fines,2
applying,2
cohen,2
truly,2
enlightened,2
drawn,2
details,2
jail,2
upkeep,2
generation,2
pasteur,2
loans,2
aristocracy,2
critics,2
drescher,2
simultaneously,2
profoundly,2
expected,2
etudes,2
individuals,2
growth,2
aimed,2
main,2
reorganisation,2
edward,2
joan,2
pascal,2
coastal,2
subdivision,2
comparable,2
georges,2
killing,2
earlier,2
interwar,2
denise,2
deputy,2
practicing,2
imperialist,2
consequences,2
moreover,2
decret,2
tower,2
provinces,2
developments,2
administratif,2
violette,2
improvement,2
placed,2
preoccupation,2
ignorance,2
prevent,2
tried,2
additional,2
beyond,2
followed,2
magistrates,2
oppression,2
guarantee,2
founding,2
appeals,2
drawing,2
view,2
affaires,2
opening,2
rosanvallon,2
path,2
ethnography,2
mossi,2
medicine,2
conservative,2
corvee,2
hands,2
attack,2
worker,2
lieux,2
governing,2
constantly,2
acquiring,2
embedded,2
sentencing,2
understood,2
though,2
profited,2
circular,2
fuglestad,2
viewed,2
produced,2
cannot,2
employers,2
elwitt,2
excellent,2
dirks,2
ford,2
explain,2
creates,2
january,2
near,2
possibility,2
information,2
provincial,2
julia,2
ideal,2
odds,2
themes,2
indigenat,2
purpose,2
denial,2
marketplace,2
gender,2
whole,2
older,2
issues,2
structures,2
devant,2
organizing,2
personal,2
statesmen,2
away,2
project,2
relative,2
massacre,2
suzanne,2
tone,2
officials,2
administrator,2
sarr,2
obligatory,2
acted,2
underscore,2
sufficient,2
few,2
brought,2
presence,2
villages,2
impossible,2
managed,2
annual,2
prakash,2
paid,2
jules,2
monarchy,2
nations,2
inspection,2
f,2
critical,2
led,2
indigenous,2
chains,2
reduced,2
equality,2
various,2
universalizing,2
populations,2
indeed,2
museum,2
convince,2
above,2
intervention,2
expanded,2
seemingly,2
scolaires,2
gave,2
advent,2
security,2
democrats,2
devotion,2
serve,2
classroom,2
asia,2
complete,2
saw,2
punishment,2
al,2
already,2
increasingly,2
functioned,2
ambiguities,2
evolve,2
chose,2
seymour,2
fellow,2
lewis,2
ind,2
custom,2
challenge,2
again,2
others,2
conceived,2
projects,2
lack,2
religious,2
scholars,2
areas,2
reform,2
regulation,2
practical,2
contemporary,2
inherently,2
discussed,2
felonies,2
anne,2
do,2
continuing,2
existing,2
perhaps,2
commercial,2
railways,2
grounds,2
discourses,2
disappearance,2
analyzed,2
classes,2
explanation,2
identity,2
louis,2
sponsored,2
findings,2
bondage,2
emprunt,2
evolution,2
africaines,2
actual,2
real,2
continue,2
merit,2
camille,2
office,2
theoretical,2
charge,2
open,2
similar,2
three,2
nora,2
christopher,2
pride,2
allowed,2
improved,2
came,2
thomas,2
latter,2
why,2
proclaim,2
faith,2
sentiment,2
coercive,2
k,2
constructing,2
britain,2
claiming,2
conscience,2
gyan,2
connections,2
republicaine,2
payment,2
guaranteed,2
regimes,2
violation,2
back,2
prosecutor,2
equals,2
independent,2
continued,2
ministry,2
unquestioned,2
referred,2
army,2
legitimacy,2
recognize,2
paradoxical,2
countries,2
life,2
existed,2
fall,2
united,2
inferior,2
directives,2
enforced,2
types,2
get,2
fraternity,2
face,2
legitimately,2
dordrecht,2
dissertation,2
acquired,2
laborer,2
neglected,2
seriously,2
authorities,2
fifteen,2
constant,2
inculcate,2
underpinned,2
series,2
franqois,2
agents,2
extensive,2
ever,2
organization,2
requisitions,2
nationales,2
quickly,2
principle,2
literary,2
eltis,2
global,2
leaders,2
argue,2
republicanism,2
contradictory,2
guy,2
papiers,2
collaborators,2
living,2
masters,2
weber,2
merely,2
phd,2
investigation,2
whether,2
add,2
maintain,2
comme,2
shall,2
problem,2
extent,2
mythe,2
generally,2
urban,2
categories,2
millions,2
scientifiques,2
eiffel,2
directive,2
intention,2
presented,2
ageron,2
determined,2
daughters,2
fair,2
blanchard,2
confirm,2
became,2
emancipatory,2
duty,2
easy,2
bourgeois,2
cash,2
assumptions,2
officially,2
oeuvre,2
eric,2
suffrage,2
formation,2
argument,2
conn,2
intensified,2
finding,2
quest,2
unpalatable,2
jacques,2
national,2
catherine,2
exceed,2
instead,2
crimes,2
consumption,2
product,2
exceeding,2
voluntary,2
remains,2
charles,2
ser,2
chicago,2
yesterday,2
enterprise,2
views,2
maximum,2
traditional,2
focus,2
recent,2
built,2
major,2
normalizing,1
auspitz,1
objectifying,1
miller,1
difficult,1
liberals,1
go,1
portuguese,1
housing,1
transportation,1
forceful,1
registers,1
antoine,1
deny,1
lovejoy,1
tainted,1
appealed,1
ambivalence,1
curtailed,1
milieu,1
groups,1
stood,1
poitiers,1
guaranteeing,1
commitment,1
blaise,1
truth,1
everyone,1
elliot,1
esprit,1
jane,1
revolutionary,1
determine,1
chefferie,1
dale,1
tangentially,1
reigning,1
considerably,1
totally,1
minimum,1
introduction,1
sphere,1
linguistic,1
germany,1
passing,1
florencia,1
novembre,1
employees,1
steeped,1
touched,1
achievements,1
systematically,1
illegal,1
forgot,1
effective,1
confidence,1
identify,1
designed,1
disentangling,1
egalite,1
word,1
disciples,1
formed,1
rogers,1
remind,1
scrutinize,1
cherished,1
asserted,1
english,1
motivation,1
continent,1
rewards,1
solidarity,1
remnants,1
strictly,1
completely,1
inconsistent,1
rediscovered,1
mentality,1
conscious,1
decolonized,1
spirit,1
missionaries,1
prestation,1
laborers,1
overlook,1
oppressive,1
ceremonial,1
position,1
servitude,1
allies,1
harsh,1
insisting,1
expressed,1
fragile,1
levying,1
obligate,1
fulfillment,1
interfering,1
newbury,1
migration,1
contest,1
source,1
detected,1
claire,1
mademba,1
closely,1
endow,1
lessons,1
credence,1
clozel,1
unlock,1
experience,1
diffusion,1
gail,1
notre,1
reprinted,1
consistent,1
expanding,1
cast,1
baser,1
noir,1
discretion,1
decidedly,1
porters,1
bondsman,1
ethnologist,1
jackson,1
preceding,1
dcfawn,1
exclusive,1
guises,1
entailed,1
introduce,1
implications,1
joyous,1
colors,1
enforceable,1
rested,1
planting,1
might,1
autorites,1
season,1
encouraged,1
opted,1
refusal,1
humans,1
agenda,1
worked,1
jacobinisme,1
gone,1
shortage,1
freely,1
england,1
overnight,1
bonneuil,1
definition,1
parties,1
prejudices,1
separation,1
interrogating,1
goodbye,1
imposes,1
leading,1
secondary,1
down,1
belong,1
advantage,1
burkina,1
suggesting,1
borders,1
undertake,1
etre,1
careers,1
convinced,1
thank,1
differences,1
lso,1
fondamental,1
compounds,1
tactic,1
exotic,1
confront,1
vectors,1
able,1
bancel,1
housewife,1
atlantic,1
abolishing,1
closer,1
hundred,1
professor,1
procedure,1
productive,1
boubacar,1
expense,1
assikasso,1
ami,1
debt,1
reproduction,1
nationalism,1
antipathy,1
maurice,1
integrate,1
ancestry,1
confers,1
colonisation,1
textbooks,1
historiques,1
abomey,1
mind,1
improving,1
applegate,1
respond,1
sacred,1
keith,1
raised,1
prohibiting,1
principal,1
normal,1
surely,1
coordinated,1
temporary,1
publicist,1
indochina,1
intelligence,1
hostile,1
stopped,1
fulfilling,1
triggered,1
historiens,1
empty,1
indelible,1
eradicate,1
forum,1
francophone,1
forward,1
preoccupations,1
attacked,1
autonomous,1
ozouf,1
naturalisation,1
king,1
conquests,1
modify,1
task,1
capacity,1
versions,1
blackburn,1
conditioned,1
masked,1
draw,1
rests,1
scenes,1
sheridan,1
clinic,1
design,1
intermediaries,1
recruiting,1
porter,1
laurent,1
felt,1
dismantling,1
activity,1
girardet,1
condition,1
international,1
judith,1
plague,1
submission,1
functions,1
edn,1
splendid,1
move,1
obvious,1
rid,1
transcend,1
fine,1
community,1
occurring,1
sheku,1
likely,1
desired,1
headed,1
say,1
supervision,1
timothy,1
establishment,1
owners,1
sent,1
cited,1
babacar,1
literal,1
kan,1
interior,1
entities,1
promises,1
edgar,1
awaits,1
memoire,1
helping,1
annales,1
letter,1
safely,1
todd,1
engage,1
stirring,1
former,1
penetrate,1
usurping,1
prudently,1
instrumentalist,1
facets,1
autre,1
frangaise,1
learned,1
repeatedly,1
furthering,1
divide,1
central,1
million,1
accommodate,1
chapters,1
iron,1
anthropologues,1
tzetvan,1
domesticating,1
structuration,1
responded,1
nash,1
purportedly,1
historically,1
reclaim,1
author,1
component,1
immediate,1
representations,1
roger,1
dynamics,1
utopian,1
lombard,1
provision,1
savages,1
patient,1
countless,1
vnhappy,1
illustrates,1
due,1
reforming,1
offended,1
integral,1
rooting,1
scarce,1
madness,1
relatively,1
ease,1
interchangeably,1
moment,1
allure,1
gendered,1
dreyfus,1
enjoying,1
freycinet,1
afford,1
deserving,1
universai,1
burton,1
materially,1
pay,1
legislators,1
paused,1
anouar,1
entire,1
accelerating,1
separate,1
arena,1
marseille,1
learning,1
exercise,1
unity,1
va,1
theorists,1
imperialisms,1
immigrants,1
curiously,1
problematize,1
stokes,1
kwame,1
body,1
highest,1
moutet,1
twelve,1
served,1
repress,1
franqais,1
interfered,1
commandant,1
compared,1
site,1
thin,1
converging,1
networks,1
adrianna,1
ligue,1
committing,1
explore,1
vincent,1
sin,1
nouveau,1
preserving,1
rest,1
vice,1
gaze,1
diagne,1
slaveiy,1
secular,1
apparently,1
citizen,1
traditions,1
regulations,1
lejeune,1
stone,1
uncivilized,1
banamba,1
climates,1
hygienic,1
pronounced,1
marx,1
talent,1
taguieff,1
nuanced,1
crowder,1
stanley,1
bubonic,1
implementation,1
contracting,1
fixant,1
incentive,1
sol,1
monarchist,1
tragically,1
jean,1
distribution,1
van,1
economique,1
lesser,1
insofar,1
freedoms,1
envelop,1
surprisingly,1
gwendolyn,1
inspections,1
opposed,1
communities,1
underfunded,1
mohammed,1
colin,1
americans,1
revisit,1
divested,1
genuinely,1
examine,1
exact,1
dilemma,1
subjected,1
bring,1
principally,1
destroy,1
abolished,1
predictably,1
highlands,1
essence,1
compatible,1
district,1
stop,1
particularistic,1
affairs,1
unit,1
admitted,1
reference,1
capture,1
presentation,1
mean,1
politicians,1
adopted,1
goes,1
dealt,1
fever,1
deprived,1
titled,1
bankruptcy,1
pheffer,1
strands,1
importance,1
leave,1
headquartered,1
haute,1
balanced,1
parts,1
exemple,1
doubted,1
gallery,1
assuming,1
pages,1
witness,1
nos,1
empowered,1
enabled,1
mobilize,1
offering,1
white,1
summarized,1
arbor,1
aoiit,1
support,1
raymond,1
miers,1
modified,1
recherches,1
empires,1
favor,1
suffered,1
escape,1
avenement,1
colonizing,1
musulman,1
enfranchised,1
biased,1
cause,1
civilizations,1
deflect,1
consider,1
hygienists,1
revising,1
doctrinaire,1
retry,1
imposing,1
familiar,1
retained,1
negriere,1
asiwaju,1
peasant,1
yellow,1
emergence,1
hygi,1
teaches,1
abuses,1
presumably,1
clearly,1
jews,1
latin,1
section,1
edition,1
monde,1
rabinow,1
ideologies,1
attain,1
distressing,1
dominate,1
fairness,1
idee,1
instrument,1
westerners,1
reviewed,1
emmer,1
w,1
raoul,1
benefited,1
presumed,1
tempered,1
show,1
commonly,1
initiative,1
commented,1
origins,1
powerful,1
passed,1
refer,1
bender,1
shed,1
efficient,1
isolation,1
frangaises,1
toro,1
notions,1
arrests,1
putting,1
territorial,1
sanford,1
exploitation,1
servile,1
backwardness,1
instance,1
answers,1
vastness,1
bruno,1
shifted,1
care,1
medicale,1
foner,1
opinion,1
comite,1
signing,1
hope,1
organic,1
civilizer,1
experimentation,1
whereas,1
siele,1
arrived,1
mamadou,1
racialism,1
incomplete,1
lead,1
whom,1
sooner,1
exhibition,1
citoyens,1
alienation,1
buildings,1
societies,1
feingold,1
histories,1
quinet,1
clinics,1
color,1
critically,1
typical,1
access,1
p,1
amsterdam,1
economics,1
stereotype,1
demands,1
monarchies,1
iconographie,1
linstitut,1
curiosity,1
facilitate,1
pass,1
watchdogs,1
requirements,1
barry,1
accommodations,1
samori,1
hospitals,1
persist,1
portsmouth,1
attenuated,1
struggles,1
representative,1
manning,1
jami,1
academic,1
economiques,1
pioneered,1
arkoun,1
neighboring,1
embarrassing,1
occupation,1
exempt,1
traced,1
briefly,1
equal,1
shifting,1
poverty,1
kangah,1
colonialisn,1
youthful,1
districts,1
dernier,1
awaken,1
tools,1
appears,1
essentialist,1
schneider,1
moderne,1
persons,1
companies,1
promise,1
wherein,1
scale,1
appearing,1
otherwise,1
energy,1
integrating,1
outside,1
tension,1
expedient,1
osborne,1
lyons,1
absolute,1
planet,1
required,1
conferences,1
numerous,1
find,1
comprehension,1
lebovics,1
hierarchies,1
orpolitique,1
pyenson,1
wants,1
affair,1
improve,1
wallach,1
commitments,1
possession,1
directly,1
none,1
sounded,1
unequal,1
fulani,1
network,1
figurative,1
faire,1
mobilization,1
distinguish,1
r,1
degrees,1
kelly,1
agreed,1
murard,1
egalitarian,1
formerly,1
counterweight,1
idealistic,1
planning,1
scope,1
permeate,1
sanction,1
industrial,1
deserved,1
tool,1
start,1
turning,1
writers,1
preferred,1
aut,1
franchise,1
raison,1
heart,1
reader,1
concept,1
striking,1
fraternite,1
advancement,1
dominance,1
hereditary,1
training,1
civil,1
agnes,1
curriculum,1
oppressionalthough,1
secret,1
commonalities,1
comment,1
newest,1
description,1
overview,1
realm,1
designate,1
reasoned,1
felix,1
fit,1
consistently,1
couched,1
obscured,1
inherited,1
myriad,1
kinglets,1
enforce,1
underscored,1
tentatively,1
hildreth,1
justification,1
legalizing,1
francs,1
legislation,1
corollary,1
bakar,1
folklore,1
participate,1
missions,1
latour,1
won,1
alan,1
president,1
verbaux,1
unjustified,1
faso,1
class,1
washington,1
diverted,1
following,1
abolish,1
transatlantic,1
assainissement,1
amadu,1
violated,1
food,1
regions,1
semblances,1
prices,1
subtle,1
suffused,1
expended,1
kristin,1
relatif,1
creating,1
unfavorable,1
commerce,1
caused,1
societes,1
love,1
tentacles,1
carry,1
wished,1
individualism,1
socialist,1
involve,1
excuse,1
protest,1
lacked,1
germ,1
lois,1
inspector,1
quite,1
acceder,1
pouvoirs,1
orient,1
imagined,1
gervereau,1
around,1
paddington,1
calonial,1
family,1
sole,1
gauche,1
interdisciplinary,1
replace,1
revealing,1
assimilate,1
transfer,1
permettant,1
governments,1
julien,1
breaking,1
supposedly,1
dramatic,1
decline,1
protect,1
boundaries,1
tended,1
whatsoever,1
palatable,1
commandants,1
centennaire,1
adversary,1
parliament,1
prerogatives,1
articulation,1
scott,1
doctrines,1
groff,1
majority,1
ensemble,1
dependent,1
productivity,1
regardless,1
pa,1
colloquium,1
protectorate,1
pastorienne,1
altogether,1
diminished,1
zylberman,1
value,1
posing,1
preliminary,1
questions,1
tribus,1
claude,1
am,1
evoked,1
questioning,1
duplicitous,1
behalf,1
avoid,1
lend,1
limiting,1
conceal,1
transforming,1
domesticity,1
deprives,1
void,1
solidarist,1
threatened,1
battle,1
defended,1
privilege,1
pervasive,1
noteworthy,1
situation,1
ramifications,1
forever,1
hegemony,1
dealing,1
absence,1
klaits,1
functioning,1
bringing,1
steadily,1
fell,1
diouf,1
primitive,1
identified,1
failed,1
incentives,1
wrote,1
happy,1
henri,1
resisted,1
techniques,1
cannibalism,1
administer,1
ancien,1
successes,1
minority,1
address,1
horrors,1
ahistorical,1
microbiology,1
steps,1
lies,1
albany,1
exception,1
brings,1
betts,1
instincts,1
tropical,1
headrick,1
oppressed,1
prove,1
authorizing,1
judgment,1
legalized,1
currency,1
comments,1
experiences,1
explored,1
railway,1
standing,1
sending,1
terrain,1
greed,1
dreaming,1
movement,1
interesting,1
evinced,1
haltzel,1
innovation,1
direction,1
approve,1
cercle,1
maclane,1
single,1
illuminating,1
robin,1
frank,1
repression,1
meritorious,1
criticism,1
edited,1
selling,1
interpretation,1
justifying,1
ceddo,1
toure,1
rulings,1
etat,1
democratize,1
paradox,1
thought,1
suspicious,1
residence,1
manpower,1
professionalized,1
evil,1
unidirectional,1
collect,1
entitled,1
restricted,1
populated,1
selective,1
genevieve,1
neither,1
koch,1
perceived,1
quarrel,1
tax,1
participants,1
milieus,1
une,1
homogeneous,1
nat,1
infrastructure,1
transformations,1
light,1
liberties,1
sociologie,1
memoires,1
abandon,1
cahiers,1
dialectical,1
ethnographic,1
unfinished,1
baltimore,1
historiography,1
wright,1
savants,1
inalienable,1
senegambie,1
exodus,1
unmitigated,1
essai,1
qualified,1
dramatically,1
propagande,1
leitmotif,1
mich,1
noted,1
assimilated,1
predominate,1
cadres,1
irvine,1
avoided,1
harlot,1
useful,1
tall,1
endured,1
members,1
starting,1
critiques,1
etiology,1
successfully,1
mona,1
proposals,1
conquetes,1
seduced,1
attacks,1
facility,1
blinders,1
business,1
think,1
mark,1
marty,1
fin,1
renewed,1
punish,1
kloosterboer,1
available,1
deserves,1
similarly,1
responsibilities,1
ask,1
europeens,1
motifs,1
suspension,1
intellect,1
added,1
financial,1
endorse,1
complementary,1
release,1
francaises,1
arbitration,1
nationhood,1
gildea,1
lille,1
insidious,1
valid,1
wide,1
preserve,1
conduct,1
head,1
cour,1
tos,1
bourgeoisie,1
remuneration,1
departments,1
plan,1
rodinson,1
illegality,1
abstract,1
murphy,1
developed,1
mann,1
republicanize,1
governed,1
nationalist,1
john,1
forging,1
rochester,1
granting,1
doubt,1
curtin,1
considerable,1
pennsylvania,1
fashion,1
pattern,1
decrets,1
serious,1
sanctioned,1
removal,1
minister,1
simple,1
cooperated,1
brotherhood,1
honor,1
receiving,1
anthropologist,1
sort,1
considered,1
racist,1
remade,1
consciously,1
assimilationist,1
meant,1
intervene,1
operating,1
nicolas,1
road,1
essentially,1
revolts,1
compulsion,1
purposes,1
equitable,1
systematic,1
shared,1
emanated,1
orthodoxy,1
unchaining,1
celebrated,1
contemporaries,1
confrontation,1
council,1
imperialists,1
duties,1
origin,1
ahead,1
norms,1
irreducibly,1
intensify,1
populist,1
petites,1
preparation,1
adas,1
socialization,1
accommnodation,1
guarantees,1
style,1
monopoly,1
reflected,1
mallon,1
transparent,1
administratives,1
break,1
degree,1
violent,1
submit,1
interpreted,1
hesitate,1
mcglynn,1
week,1
jurisprudence,1
empirically,1
technologies,1
strengthened,1
investment,1
extended,1
rulers,1
indefeasible,1
bacteriology,1
session,1
universally,1
examples,1
harriet,1
fraisse,1
disappear,1
conceptions,1
unquestionably,1
refused,1
uplift,1
active,1
parents,1
including,1
arose,1
clerical,1
manufactured,1
patois,1
pittsburgh,1
apology,1
sufficiently,1
silverman,1
marabouts,1
arbitrarily,1
looking,1
murdered,1
budget,1
decrease,1
nicolet,1
religion,1
combining,1
illusion,1
unstated,1
touchstone,1
prevailed,1
assumption,1
accession,1
decreed,1
emphasize,1
robinson,1
feminists,1
debora,1
projets,1
variation,1
lazy,1
mcmillan,1
institutional,1
conflicted,1
refonte,1
assign,1
rhetorically,1
acquiesced,1
almamys,1
examination,1
stay,1
voice,1
previous,1
counterparts,1
california,1
optimistic,1
initiatives,1
students,1
fabricated,1
benin,1
levy,1
masquerading,1
quotation,1
earth,1
margaret,1
loi,1
centuwy,1
doctors,1
sy,1
welcomed,1
achieved,1
publication,1
disguised,1
urbanism,1
virtues,1
maintenance,1
admission,1
held,1
rationalized,1
keep,1
reviewers,1
republicain,1
federal,1
parti,1
tribal,1
features,1
synthese,1
static,1
meunier,1
shortly,1
standard,1
provides,1
faithful,1
jeopardizing,1
exchange,1
spent,1
inscribed,1
accused,1
exoticism,1
favored,1
harder,1
debuts,1
especially,1
jurisdiction,1
ethnies,1
prosecution,1
somehow,1
archinard,1
enacted,1
satisfy,1
parallel,1
methods,1
viewpoint,1
lalgerie,1
bacteriological,1
relation,1
respectively,1
eugen,1
nationally,1
awful,1
sentiments,1
teach,1
excluded,1
availability,1
fairly,1
seeking,1
certificate,1
rhetorical,1
displacements,1
contracts,1
chefs,1
looked,1
entrusted,1
joucla,1
windschuttle,1
overthrow,1
revisiting,1
engagement,1
conveyed,1
ago,1
perverted,1
anomaly,1
outright,1
councils,1
universality,1
opposite,1
fonctionnement,1
indige,1
dispossessed,1
widely,1
attended,1
phraseology,1
examines,1
antoinette,1
depuis,1
blakemore,1
visit,1
bacillus,1
discriminating,1
ethic,1
mordechai,1
indentured,1
bakos,1
implicitly,1
wage,1
consists,1
arrogated,1
dawn,1
imply,1
aid,1
rebel,1
theodore,1
backward,1
emancipating,1
proc,1
declaration,1
perspectives,1
delhi,1
romanced,1
tentative,1
integration,1
raise,1
subdivided,1
bureaucrats,1
commuted,1
humanitarian,1
ecole,1
chance,1
irreconcilable,1
linda,1
impressive,1
pasteurization,1
fear,1
doctorat,1
othering,1
exacerbated,1
rpt,1
attitude,1
exclusions,1
colonis,1
male,1
appanage,1
complicate,1
independence,1
dimensions,1
leiden,1
pastorian,1
beheading,1
un,1
mirroring,1
seen,1
collections,1
interfere,1
strongly,1
accommodating,1
render,1
dirt,1
katherine,1
fecund,1
extrait,1
expert,1
linking,1
fonctionnemenit,1
owed,1
herman,1
es,1
successor,1
steamboat,1
extra,1
analysis,1
diu,1
tre,1
caste,1
incisive,1
lion,1
respect,1
charlottesville,1
supporting,1
centuries,1
exists,1
ascendent,1
articles,1
arts,1
involuntary,1
monumental,1
joseph,1
regularly,1
earliest,1
figureheads,1
celia,1
walvin,1
matters,1
supply,1
xve,1
assistant,1
environment,1
reciprocal,1
wars,1
dirat,1
exercised,1
rarely,1
liked,1
thinking,1
historian,1
conviction,1
senior,1
traditionnelles,1
citizenry,1
dislocations,1
reasoning,1
conclusion,1
necessity,1
complexity,1
version,1
humane,1
bill,1
forget,1
reverberated,1
exorbitant,1
canton,1
steel,1
apprenticeship,1
mobilized,1
reinforced,1
gouda,1
known,1
textes,1
exposition,1
scrutiny,1
barbarism,1
endows,1
christophe,1
discrete,1
record,1
spots,1
codifying,1
intensely,1
md,1
sujet,1
flagrant,1
sciences,1
disastrous,1
offers,1
magnificently,1
willemina,1
napoleonic,1
receipts,1
der,1
respecting,1
country,1
readily,1
blind,1
dismantled,1
sell,1
legitimated,1
connection,1
porterage,1
interested,1
adjudication,1
believe,1
ubiquitous,1
straightforward,1
appel,1
skinner,1
entrenched,1
propaganda,1
tunisia,1
regard,1
domestic,1
draws,1
followers,1
eventually,1
advice,1
universel,1
guidelines,1
umar,1
obviously,1
leeway,1
rely,1
privileged,1
longstanding,1
precedent,1
benefit,1
number,1
build,1
ascension,1
examining,1
emancipate,1
hypocritically,1
enes,1
placing,1
passage,1
encountered,1
zeldin,1
evident,1
person,1
feminist,1
scholarship,1
growing,1
beginning,1
id,1
fayet,1
landes,1
born,1
realize,1
ethnically,1
automatic,1
enjoyment,1
fuller,1
condemning,1
impact,1
proceedings,1
muse,1
stability,1
twisted,1
edmond,1
kanyaforstner,1
want,1
berge,1
sociology,1
eyesof,1
quote,1
civilized,1
hoped,1
saint,1
mere,1
petitjean,1
remove,1
ruin,1
vigorously,1
adaptation,1
nes,1
fascination,1
immersed,1
prudence,1
contemporaine,1
institute,1
priscilla,1
concessionary,1
secure,1
malaria,1
oppositions,1
studied,1
lenient,1
enslavement,1
acc,1
property,1
girls,1
stade,1
encounters,1
coutumes,1
rectitude,1
crudest,1
civilian,1
psychology,1
abolitionism,1
threat,1
art,1
chanet,1
temps,1
middle,1
popular,1
conference,1
martha,1
knot,1
hindsight,1
remunerative,1
penales,1
naked,1
recognizing,1
son,1
careful,1
severely,1
ruled,1
peace,1
thereby,1
met,1
utilitarians,1
greatest,1
borus,1
wrought,1
buy,1
domaine,1
plans,1
lehning,1
respectable,1
instructed,1
infatuation,1
measure,1
vast,1
harvesting,1
affront,1
contribute,1
entry,1
programs,1
operate,1
demanding,1
policymakers,1
bridges,1
divided,1
challenges,1
using,1
traite,1
isolated,1
economically,1
nous,1
writing,1
goals,1
eroding,1
harrison,1
coming,1
neglect,1
recovered,1
pouvoir,1
kley,1
frances,1
obligatoire,1
pacified,1
named,1
futa,1
idealism,1
finn,1
shown,1
regulatory,1
youth,1
faama,1
theme,1
todorov,1
argues,1
authorized,1
treated,1
conspired,1
patries,1
contract,1
rationalization,1
twentieth,1
maxime,1
web,1
europ,1
immaturity,1
imperative,1
aware,1
artificial,1
crisis,1
andaction,1
applicable,1
actively,1
nabas,1
judges,1
statesman,1
consolidated,1
coetcion,1
abdul,1
specialists,1
constructed,1
organisation,1
glass,1
conquered,1
willingness,1
underanalyzed,1
geographie,1
defined,1
attempted,1
postcolonialism,1
ca,1
burdens,1
senegalfrom,1
increased,1
underlined,1
anonymous,1
needs,1
moved,1
morally,1
restored,1
prost,1
blacks,1
potential,1
engerman,1
kajoor,1
substitute,1
assumed,1
valuable,1
sudanese,1
brubaker,1
counselors,1
petitioned,1
elites,1
tastes,1
obligation,1
fonds,1
debate,1
algerian,1
disrupting,1
element,1
predisposed,1
valley,1
metropoles,1
mauritania,1
eloquently,1
mobility,1
strong,1
ends,1
aristocrats,1
beings,1
clerics,1
loyalties,1
broader,1
meeting,1
subordinates,1
penal,1
sameness,1
draft,1
customs,1
dictum,1
increase,1
continuously,1
