WORDCOUNTS,WEIGHT
the,1767
of,969
and,467
a,439
in,429
to,310
was,202
le,150
that,146
as,146
it,140
mass,140
for,124
crowd,124
petit,123
by,118
press,117
public,112
on,106
journal,103
this,102
is,100
paris,96
s,89
at,84
an,79
badaud,74
with,74
de,70
but,70
i,67
france,63
culture,62
la,61
not,61
they,60
its,59
from,59
be,54
flaneur,52
his,49
he,49
see,49
all,48
crime,47
or,47
more,47
new,46
february,45
these,44
would,43
l,42
end,42
historical,42
american,40
their,40
were,40
du,39
newspaper,38
start,37
review,36
figure,36
we,35
are,34
no,33
french,32
crowds,32
city,32
one,31
who,31
century,30
curiosity,30
had,29
early,29
there,28
street,28
audience,28
des,28
same,27
news,27
than,26
making,26
popular,26
baudelaire,25
such,25
have,25
here,25
et,24
where,24
illustre,23
supplement,23
social,23
percent,23
has,22
into,22
described,22
what,22
her,22
parisien,22
shaya,21
late,21
people,21
divers,20
nineteenth,20
matin,20
gregory,20
out,20
readers,20
life,20
through,20
sphere,19
before,19
look,19
schwartz,19
been,19
together,18
made,18
common,17
t,17
benjamin,17
could,17
will,17
clear,17
class,17
habermas,17
au,17
faits,16
september,16
example,16
two,16
only,16
which,16
january,16
urban,16
horror,15
other,15
illustration,15
les,15
disaster,15
flineur,15
logic,15
newspapers,15
vision,15
often,15
if,14
assiette,14
some,14
politics,14
en,14
morgue,14
also,14
man,14
gathered,14
pity,13
catastrophe,13
beurre,13
very,13
parisian,13
work,13
up,13
community,13
trimm,13
can,13
she,13
masses,13
image,13
sensational,13
way,12
old,12
york,12
most,12
view,12
my,12
research,12
society,12
about,12
reporting,12
classes,12
so,12
him,12
bourgeois,12
world,12
you,12
point,12
should,12
e,11
histoire,11
turn,11
observers,11
after,11
pages,11
scene,11
indeed,11
illustrated,11
picture,11
time,11
outside,11
like,11
reality,11
presse,11
badauds,11
over,11
d,11
charles,11
kiosk,11
images,11
solidarity,10
modern,10
paper,10
women,10
j,10
simple,10
emotion,10
take,10
march,10
modernity,10
young,10
n,10
affair,10
literature,10
part,10
place,10
siecle,10
spectacle,10
us,10
woman,10
years,10
attention,10
itself,10
following,10
victims,10
another,10
when,10
bodies,10
presented,10
offered,10
c,10
history,9
great,9
case,9
himself,9
badauderie,9
interest,9
served,9
event,9
june,9
female,9
spectacular,9
read,9
emotional,9
law,9
fact,9
troppmann,9
michael,9
streets,9
day,9
workers,9
story,9
program,9
curious,9
them,9
calif,9
twentieth,9
go,8
revolutionary,8
library,8
realities,8
those,8
political,8
october,8
mechanism,8
dictionnaire,8
how,8
back,8
important,8
sights,8
few,8
always,8
violence,8
ed,8
stories,8
children,8
v,8
nothing,8
kalifa,8
face,8
then,8
berkeley,8
did,8
turned,8
national,8
moved,8
told,7
first,7
distraction,7
vol,7
may,7
media,7
details,7
site,7
want,7
university,7
just,7
follow,7
m,7
opinion,7
expressed,7
events,7
term,7
pantin,7
r,7
nation,7
gave,7
own,7
matter,7
wrote,7
gaping,7
victor,7
under,7
do,7
eds,7
especially,7
sight,7
suggest,7
lines,7
each,7
better,7
republic,7
went,7
question,7
between,7
debate,7
accidents,6
stood,6
center,6
likely,6
true,6
studies,6
communion,6
experience,6
being,6
pictured,6
less,6
plain,6
human,6
faces,6
kind,6
pierre,6
body,6
even,6
critics,6
delporte,6
fianeur,6
too,6
worker,6
circulation,6
cultural,6
hartley,6
reader,6
brought,6
fournel,6
used,6
poet,6
am,6
second,6
role,6
rise,6
killed,6
joural,6
death,6
shows,6
men,6
examples,6
meanings,6
empathic,6
empathy,6
grand,6
simply,6
universel,6
terms,6
form,6
subject,6
come,6
crimes,6
showed,6
little,6
explosion,5
page,5
los,5
generous,5
revue,5
trans,5
something,5
said,5
long,5
production,5
might,5
down,5
mollier,5
government,5
getty,5
reveal,5
real,5
robert,5
reading,5
behind,5
historians,5
right,5
enter,5
labor,5
million,5
que,5
against,5
police,5
large,5
nor,5
third,5
strikes,5
critique,5
general,5
essential,5
across,5
angeles,5
cinema,5
ce,5
special,5
study,5
beyond,5
came,5
alienation,5
hands,5
institute,5
cannot,5
well,5
london,5
gender,5
whole,5
describe,5
away,5
visions,5
order,5
contrast,5
horrible,5
passive,5
f,5
critical,5
xixe,5
epoque,5
warner,5
movement,5
morbid,5
une,5
power,5
factory,5
others,5
many,5
daily,5
debates,5
tales,5
remarkable,5
model,5
understanding,5
discovery,5
explanation,5
sold,5
individuals,5
full,5
modem,5
noussanne,5
justice,5
christian,5
masse,5
male,5
un,5
seen,5
dans,5
vanessa,5
series,5
must,5
founded,5
qu,5
observation,5
offers,5
seem,5
capital,5
outrage,5
quoted,5
accounts,5
house,5
both,5
devoted,5
copies,5
portrait,5
medias,5
much,5
close,5
impressionable,4
now,4
struggle,4
meaning,4
legitimate,4
hats,4
sympathetic,4
essays,4
word,4
murder,4
pressing,4
every,4
taken,4
seems,4
broken,4
differences,4
gawking,4
fait,4
papers,4
issue,4
suicide,4
emile,4
intelligent,4
sign,4
central,4
palais,4
explained,4
since,4
walter,4
courtroom,4
subjects,4
highest,4
response,4
left,4
gaze,4
unfortunate,4
henri,4
whose,4
zola,4
humanity,4
coverage,4
spectators,4
nos,4
danger,4
guesde,4
raymond,4
funeral,4
days,4
age,4
show,4
max,4
longed,4
followed,4
mon,4
uses,4
train,4
search,4
p,4
foreground,4
further,4
michigan,4
explain,4
trial,4
line,4
bystanders,4
writers,4
prominent,4
explains,4
collective,4
project,4
flanerie,4
responses,4
field,4
revolution,4
belle,4
socialist,4
poster,4
theater,4
around,4
decline,4
top,4
appeal,4
petits,4
tribunaux,4
various,4
criticize,4
expansion,4
put,4
oxford,4
observer,4
makes,4
accident,4
reports,4
noted,4
fire,4
idle,4
again,4
jours,4
john,4
watch,4
hand,4
present,4
imagine,4
father,4
pleasure,4
open,4
dominique,4
period,4
played,4
thomas,4
become,4
victim,4
capitalism,4
figures,4
saw,4
widely,4
movements,4
criminal,4
begin,4
nourrisson,4
analysis,4
blood,4
door,4
historique,4
any,4
terrible,4
set,4
gazette,4
december,4
ahr,4
argue,4
written,4
nye,4
brutal,4
particular,4
metaphor,4
problem,4
dream,4
emblematic,4
psychology,4
haussmann,4
entire,4
november,4
gregoire,4
cambridge,4
jacques,4
course,4
sur,4
photograph,4
defined,4
off,4
still,4
built,4
child,3
appealed,3
promises,3
career,3
everyone,3
fiction,3
alone,3
sorbonne,3
group,3
replaced,3
live,3
ways,3
republique,3
easily,3
sure,3
satisfied,3
protection,3
presents,3
journalism,3
highlighted,3
cast,3
else,3
wrong,3
invention,3
sad,3
ii,3
words,3
immense,3
display,3
follows,3
found,3
able,3
room,3
help,3
last,3
mind,3
raised,3
within,3
context,3
system,3
side,3
est,3
sought,3
sexual,3
account,3
knife,3
chronicler,3
authentic,3
insight,3
x,3
laws,3
thus,3
mouth,3
development,3
menagerie,3
consumer,3
barrier,3
hat,3
inclusion,3
background,3
y,3
flneur,3
guard,3
terror,3
insisted,3
promised,3
perfect,3
foule,3
commune,3
rather,3
portrayed,3
ferguson,3
celebres,3
granted,3
space,3
front,3
supplements,3
gathering,3
soul,3
rising,3
mission,3
wanted,3
familiar,3
literary,3
w,3
powerful,3
idealized,3
lion,3
scenes,3
radiguet,3
publics,3
poetry,3
voit,3
valorized,3
healthy,3
let,3
silence,3
your,3
wide,3
triumph,3
rue,3
feminine,3
directly,3
concierges,3
guys,3
dog,3
implication,3
heart,3
jules,3
bois,3
esp,3
revealed,3
realm,3
issues,3
horrified,3
cry,3
deserved,3
solution,3
least,3
sense,3
box,3
discourse,3
quite,3
pain,3
mal,3
reported,3
generally,3
eyes,3
pas,3
led,3
carried,3
action,3
return,3
july,3
above,3
make,3
railway,3
hero,3
once,3
yet,3
interpretation,3
thought,3
albert,3
reconciliation,3
home,3
cried,3
nineteenthcentury,3
journalist,3
toward,3
respectable,3
added,3
fleurs,3
idea,3
foules,3
grave,3
everything,3
prose,3
travail,3
prerevolutionary,3
legislation,3
forms,3
took,3
journalists,3
il,3
empire,3
spoke,3
practice,3
perhaps,3
reflected,3
violent,3
upon,3
eighteenth,3
distinctly,3
xixeme,3
causes,3
write,3
schudson,3
legs,3
similar,3
discovered,3
three,3
directed,3
language,3
essay,3
david,3
georges,3
distinction,3
disasters,3
steinlein,3
parallel,3
reads,3
artisans,3
painter,3
amateur,3
adorno,3
signs,3
cadavers,3
boulevards,3
watching,3
execution,3
collections,3
translation,3
visual,3
love,3
understand,3
satisfaction,3
fall,3
dailies,3
baron,3
dead,3
sympathy,3
guillotine,3
consumers,3
addressed,3
eyewitnesses,3
beast,3
ever,3
boulogne,3
beside,3
extension,3
known,3
implied,3
text,3
symbol,3
cover,3
know,3
ran,3
spontaneous,3
universal,3
current,3
emphasis,3
ideological,3
far,3
number,3
evident,3
rues,3
according,3
scholarly,3
symbolically,3
passed,3
theory,3
while,3
information,3
indifference,3
horkheimer,3
carlegle,3
altogether,3
duped,3
writing,3
think,3
gesture,3
generale,3
false,3
spirit,3
spectatorship,3
commercial,3
argues,3
dangerous,3
move,3
dense,3
scandals,3
association,3
speak,3
artisan,3
themselves,3
scholarship,3
era,3
fears,3
among,3
recent,3
observed,3
waited,2
given,2
mingled,2
democracy,2
does,2
transfixed,2
clichy,2
lebon,2
mirrors,2
prostitution,2
stuart,2
declared,2
car,2
tester,2
groups,2
mer,2
elaborating,2
frantext,2
college,2
columns,2
formed,2
union,2
sublime,2
position,2
boulevard,2
essais,2
total,2
accentuated,2
martyrs,2
eager,2
princeton,2
laura,2
arcades,2
explaining,2
frankfurt,2
jackson,2
creation,2
utopia,2
chronicles,2
interests,2
solidaristic,2
later,2
military,2
contrasted,2
viewer,2
enfants,2
dreams,2
bloomington,2
definition,2
parties,2
flowers,2
tradition,2
twenty,2
sang,2
validated,2
assembled,2
frightful,2
thanks,2
friedberg,2
sees,2
bazar,2
begun,2
marches,2
circuses,2
artfl,2
state,2
stand,2
investigations,2
idler,2
photographer,2
courage,2
advice,2
hall,2
overexcited,2
chapter,2
armand,2
opened,2
felt,2
marc,2
possible,2
figaro,2
denominator,2
etc,2
obvious,2
o,2
taking,2
composition,2
bottom,2
peuple,2
recreated,2
rioux,2
attract,2
penalty,2
lover,2
silent,2
houses,2
beating,2
misfortune,2
marthe,2
mine,2
countless,2
medical,2
fate,2
g,2
characteristic,2
madness,2
gendered,2
elles,2
excites,2
miners,2
meyer,2
sample,2
vengeance,2
affairs,2
ai,2
items,2
innovation,2
commercialization,2
counterpublics,2
bread,2
holds,2
poem,2
illustrator,2
mistress,2
compare,2
find,2
ladies,2
egli,2
influence,2
infinite,2
publicity,2
claude,2
virtual,2
promenade,2
incidental,2
lanterns,2
longing,2
communities,2
martinique,2
without,2
parisians,2
main,2
developed,2
coachmen,2
stop,2
lamentable,2
parents,2
signaled,2
suffering,2
arm,2
chambers,2
grew,2
lamented,2
certain,2
strange,2
executions,2
gawker,2
oeuvres,2
moves,2
tumult,2
theodor,2
means,2
insistence,2
bad,2
plural,2
consider,2
eley,2
antidote,2
talk,2
peasant,2
downs,2
argued,2
orientation,2
poemes,2
passerby,2
distracting,2
dramatized,2
journalistic,2
madame,2
martyred,2
faced,2
qui,2
hours,2
opening,2
result,2
remembered,2
bibliotheque,2
conflagration,2
appearance,2
extraordinary,2
called,2
color,2
joy,2
amsterdam,2
martyr,2
seven,2
patrick,2
commotion,2
compassion,2
mining,2
kinck,2
captured,2
constantly,2
punishment,2
politique,2
understood,2
chronique,2
cgt,2
war,2
displayed,2
onlookers,2
annales,2
viewed,2
recently,2
nous,2
dialectic,2
illustrg,2
murders,2
marie,2
because,2
curieux,2
having,2
figurative,2
encre,2
received,2
basis,2
leisure,2
distinguish,2
concept,2
secret,2
pulls,2
surprise,2
loss,2
nu,2
private,2
database,2
illustrators,2
refined,2
obscured,2
speaking,2
contentious,2
weekly,2
frederic,2
soleilland,2
holy,2
billoir,2
assassinee,2
published,2
broadcast,2
erbelding,2
useful,2
lowest,2
chose,2
vain,2
family,2
crepet,2
industry,2
observe,2
musee,2
vein,2
visible,2
tracks,2
sea,2
newly,2
se,2
readership,2
seemed,2
newsreaders,2
advertised,2
masthead,2
pervasive,2
demand,2
timothee,2
identified,2
drama,2
horses,2
dressed,2
classic,2
nearly,2
april,2
formative,2
grande,2
expanded,2
indignation,2
artist,2
sensation,2
suppose,2
direction,2
airship,2
structural,2
chap,2
robin,2
depicted,2
leering,2
strolling,2
evil,2
seeing,2
sensationalism,2
ne,2
palmer,2
forays,2
sociological,2
included,2
light,2
aux,2
passions,2
al,2
natural,2
until,2
already,2
visitors,2
coeur,2
department,2
moments,2
williams,2
fugitive,2
seulement,2
fill,2
lee,2
volume,2
representation,2
critiques,2
name,2
ind,2
paul,2
attacks,2
coming,2
strike,2
policeman,2
mark,2
fin,2
water,2
headquarters,2
emotions,2
longer,2
cortege,2
cour,2
bourgeoisie,2
lives,2
centered,2
appeared,2
francaise,2
hear,2
contemporary,2
considerable,2
discussed,2
serious,2
audiences,2
anne,2
rough,2
joumalistes,2
faints,2
lions,2
actor,2
covered,2
maza,2
systematic,2
continuing,2
purposes,2
flattered,2
darnton,2
tell,2
necessary,2
indifferent,2
minneapolis,2
ta,2
petitparisien,2
hugo,2
distance,2
issy,2
pelouse,2
degree,2
notion,2
thousands,2
bellanger,2
becomes,2
franqaise,2
ecstasy,2
restrictions,2
range,2
murderer,2
charney,2
backed,2
individuality,2
concern,2
conceived,2
grisly,2
rubberneck,2
aside,2
sarah,2
mercier,2
distracted,2
simpleminded,2
moral,2
b,2
august,2
individual,2
spectacularized,2
parisienne,2
imaginary,2
flood,2
joumalisme,2
spread,2
manach,2
high,2
apaches,2
earlier,2
misunderstanding,2
martin,2
different,2
presidential,2
imagination,2
boitard,2
sentiment,2
k,2
interpretations,2
depictions,2
distant,2
rhetorical,2
equivalent,2
need,2
visit,2
suggestion,2
relationship,2
today,2
window,2
lot,2
continued,2
fear,2
reasonable,2
celebration,2
multitude,2
lost,2
force,2
markers,2
transformation,2
gullible,2
jiirgen,2
construction,2
united,2
wooster,2
chamber,2
geoff,2
respect,2
composed,2
education,2
remains,2
arts,2
susan,2
photographs,2
detail,2
plus,2
school,2
grimm,2
seine,2
ineffable,2
comes,2
watches,2
locomotive,2
shop,2
frightening,2
command,2
column,2
why,2
quickly,2
mis,2
intellectual,2
fldneur,2
sirinelli,2
bit,2
domestic,2
returns,2
kinds,2
ir,2
identities,2
pictures,2
works,2
working,2
phd,2
sincerity,2
ruins,2
month,2
combined,2
coaches,2
character,2
despite,2
mere,2
steinheil,2
charite,2
fascination,2
contemporaine,2
prendergast,2
priscilla,2
boys,2
u,2
demonstrated,2
rally,2
feminized,2
sordid,2
temps,2
lithograph,2
son,2
staged,2
emperor,2
preferable,2
extraordinaire,2
duty,2
giving,2
step,2
circulations,2
millaud,2
disappears,2
exceeded,2
entry,2
tender,2
lesson,2
memories,2
phenomenon,2
cheap,2
invoked,2
construed,2
travailleurs,2
renovations,2
symbolic,2
touch,2
foreigners,2
sensibilities,2
overdeveloped,2
detective,2
iconic,2
crisis,2
offer,2
detached,2
enlightenment,2
consumption,2
unified,2
shift,2
morning,2
potential,2
spectator,2
massive,2
rejection,2
say,2
mugging,2
reached,2
windowshopping,2
texts,2
enfant,2
souls,2
litteraire,2
run,2
cause,2
building,2
asked,2
conversations,2
glances,1
idling,1
bernard,1
quotidienne,1
lears,1
panicked,1
wishful,1
books,1
shrinks,1
helped,1
produces,1
stain,1
triple,1
flow,1
limits,1
underpinning,1
estimated,1
heroic,1
grinning,1
proud,1
gawked,1
libraire,1
responsible,1
recalls,1
pull,1
corruption,1
preference,1
scholar,1
pecit,1
triviality,1
designated,1
created,1
gastronome,1
jackets,1
intoxicating,1
boomed,1
universite,1
represent,1
alphonse,1
dangers,1
market,1
victimes,1
extreme,1
fingers,1
foolishness,1
mysteries,1
thisflaneur,1
nationalities,1
fut,1
red,1
seances,1
mana,1
eliminated,1
mundane,1
introduction,1
stroll,1
satyrs,1
voltaire,1
illustree,1
berlin,1
disregard,1
legitimization,1
germany,1
passing,1
forcing,1
minutes,1
village,1
clung,1
novembre,1
reliquiae,1
pseudonymous,1
juxtaposition,1
inward,1
needed,1
burton,1
startlingly,1
achievements,1
pondered,1
mike,1
conveys,1
instructions,1
myth,1
mythic,1
marianne,1
escape,1
referent,1
entries,1
crowded,1
songs,1
dialectics,1
picking,1
evocative,1
posthumes,1
h,1
tailor,1
radial,1
grenelle,1
sinister,1
dump,1
rejoicing,1
walker,1
courrieres,1
jonathan,1
outstretched,1
favor,1
ardent,1
ms,1
ti,1
barricades,1
socialists,1
trace,1
declarations,1
loitering,1
vanea,1
enjoys,1
fixed,1
cynical,1
explanatory,1
dignified,1
uncountable,1
unlike,1
rf,1
crushes,1
vaulx,1
overturning,1
tells,1
cornell,1
petite,1
elbow,1
viewpoints,1
ou,1
edu,1
aflianeur,1
arguing,1
dtwaji,1
eye,1
revision,1
attuned,1
lib,1
descriptions,1
wolff,1
offering,1
hearty,1
aujourd,1
fires,1
arms,1
highlight,1
hebdomadaire,1
ethics,1
travers,1
round,1
attcrrissant,1
confederation,1
consistent,1
fabric,1
lock,1
ideas,1
passion,1
ante,1
www,1
criminals,1
ravishes,1
problems,1
lament,1
coalesced,1
cries,1
davis,1
barthes,1
wax,1
unimaginable,1
likewise,1
figurations,1
give,1
fathom,1
correspondant,1
vols,1
tax,1
address,1
attempt,1
progression,1
terrain,1
nancy,1
unfolding,1
weekend,1
freely,1
neil,1
nature,1
supplied,1
reevaluation,1
comedy,1
aeronautics,1
possibilities,1
reach,1
allan,1
available,1
continue,1
jardin,1
distorted,1
stairways,1
contentment,1
ardently,1
accompanied,1
desire,1
wcr,1
naissance,1
thank,1
hmsaet,1
remedies,1
katharine,1
roland,1
barrows,1
pressed,1
disgust,1
rallies,1
journaliste,1
convoy,1
closer,1
hundred,1
onto,1
exuberant,1
cumming,1
professor,1
brantlinger,1
court,1
cohesion,1
annick,1
imperious,1
maurice,1
integrate,1
fresh,1
riled,1
stupid,1
underside,1
typical,1
precisely,1
keith,1
concepts,1
parade,1
pale,1
offlanerie,1
debut,1
lodgings,1
surely,1
profitable,1
somewhat,1
committed,1
theophile,1
ash,1
sbir,1
intelligence,1
construe,1
larousse,1
barred,1
confused,1
panoramas,1
chandra,1
jaap,1
rethinking,1
tragedy,1
lanterne,1
faceless,1
tide,1
arrticcle,1
ernest,1
magazines,1
dirigeablc,1
woke,1
inclusive,1
takes,1
existence,1
catastrophes,1
rapes,1
heaped,1
oskar,1
avril,1
theodore,1
fickleness,1
quais,1
roy,1
shuddered,1
strip,1
stretched,1
steaming,1
king,1
captures,1
prone,1
immerse,1
matthew,1
cragin,1
amplified,1
facts,1
america,1
discontent,1
walz,1
tug,1
worthy,1
twist,1
representations,1
enthusiasm,1
shoppers,1
carriages,1
jouihrnal,1
stepped,1
commencement,1
determined,1
marked,1
neighbor,1
leo,1
taudis,1
impassivity,1
cap,1
burning,1
erasure,1
reaching,1
beverly,1
chateau,1
erased,1
functions,1
etienne,1
consciousness,1
gaikii,1
richard,1
investigator,1
moscovici,1
pilot,1
illustrd,1
fine,1
deeds,1
apart,1
parfum,1
notations,1
jeff,1
surrounded,1
pile,1
lyric,1
mme,1
exchanges,1
owners,1
sent,1
conception,1
cited,1
fl,1
literal,1
columnist,1
ship,1
scandal,1
establishes,1
along,1
fourteen,1
fliineur,1
recapture,1
demanded,1
overthrow,1
remodeling,1
memoire,1
unhappy,1
formula,1
avocat,1
forged,1
gourmet,1
moralizing,1
ross,1
spleen,1
former,1
flocked,1
denoting,1
frai,1
diversity,1
stands,1
frangaise,1
wherever,1
usage,1
imminent,1
regarding,1
conflict,1
goal,1
andrew,1
therein,1
collapse,1
however,1
hecatombe,1
debauchery,1
historically,1
reverse,1
dying,1
campbell,1
immediate,1
sociability,1
passengers,1
reject,1
reputation,1
informational,1
whore,1
agent,1
bent,1
parkhurst,1
daylight,1
due,1
safety,1
jourmal,1
reactionary,1
tables,1
dixmier,1
realized,1
assumes,1
przyblyski,1
machine,1
sociale,1
observersare,1
monarchy,1
demagoguery,1
criminality,1
janet,1
fright,1
domain,1
moment,1
proteus,1
dreyfus,1
natalie,1
price,1
heightened,1
verhey,1
vanguard,1
cf,1
encyclopedia,1
smiling,1
nurtured,1
ds,1
adolphe,1
excessives,1
rooted,1
privilege,1
industrial,1
gaulois,1
susanna,1
bus,1
passante,1
roche,1
sleeve,1
haunted,1
unity,1
cases,1
affectionate,1
diversionary,1
uchicago,1
defense,1
par,1
survivors,1
sibling,1
shoulders,1
christopher,1
legally,1
times,1
displays,1
blank,1
burgeoning,1
refreshing,1
unions,1
profound,1
contrary,1
differently,1
entailed,1
http,1
milling,1
difficulty,1
devraient,1
lachaise,1
radio,1
assassins,1
compared,1
avidly,1
taste,1
bridged,1
vendors,1
anonymity,1
publications,1
carrying,1
databases,1
helpful,1
momentary,1
invert,1
eveno,1
marvelous,1
receipt,1
drawn,1
uniformity,1
vincent,1
ralston,1
mankind,1
communication,1
tout,1
xixrme,1
roaring,1
kelley,1
recapitulates,1
sun,1
traditions,1
precise,1
guide,1
occasion,1
marx,1
invites,1
generation,1
stereoscopic,1
shall,1
coal,1
rates,1
sensations,1
etat,1
reenact,1
jean,1
griset,1
beard,1
van,1
blase,1
aim,1
failed,1
wounds,1
inspections,1
opposed,1
oversees,1
unemotional,1
unhealthy,1
populaires,1
fort,1
seekers,1
oblivious,1
recognized,1
mot,1
town,1
german,1
defendant,1
agitation,1
incomparable,1
hesitant,1
air,1
heroism,1
during,1
russian,1
identification,1
expected,1
exact,1
act,1
bagatelle,1
bring,1
traffic,1
mes,1
reinvigoration,1
cleaned,1
happily,1
adds,1
debated,1
ironic,1
edward,1
unmoved,1
possession,1
influential,1
na,1
joumal,1
assassination,1
explicit,1
pascal,1
vampire,1
carnival,1
reference,1
patronage,1
capture,1
bs,1
dirigeable,1
di,1
levine,1
represented,1
postcards,1
goes,1
opportunity,1
neighborhood,1
risk,1
stimulation,1
heard,1
coffee,1
assuree,1
legal,1
developments,1
strands,1
ponder,1
leave,1
direct,1
vaut,1
floated,1
serial,1
ix,1
comme,1
fjineur,1
blurring,1
illustrations,1
echoed,1
white,1
lay,1
ama,1
ile,1
productive,1
fraternize,1
steamroller,1
barker,1
celebrities,1
absorbed,1
caps,1
precious,1
impressionability,1
informations,1
dueling,1
contestation,1
milled,1
support,1
fantasy,1
reve,1
psychologie,1
determination,1
category,1
suppression,1
remarks,1
deputes,1
huyssen,1
romantic,1
dean,1
vastly,1
dror,1
devotes,1
postmodern,1
cruppi,1
instruction,1
triumphant,1
efts,1
river,1
raged,1
enraptured,1
prepares,1
negt,1
hellish,1
nearby,1
fathomed,1
clearly,1
technology,1
amid,1
liberal,1
tenacity,1
elsewhere,1
driven,1
edition,1
monde,1
argent,1
caillaux,1
numbers,1
impact,1
squares,1
tims,1
bruce,1
desirability,1
lssy,1
commissaire,1
wanderer,1
instrument,1
vitality,1
ville,1
frozen,1
situations,1
millay,1
four,1
commonly,1
fashioned,1
nomme,1
heading,1
exploited,1
store,1
overshadows,1
origins,1
ugly,1
pains,1
readings,1
avatar,1
shed,1
bastille,1
psi,1
douce,1
institutions,1
hertz,1
justified,1
fronts,1
painted,1
tragedies,1
puts,1
schor,1
determinate,1
orators,1
founding,1
care,1
simond,1
tu,1
article,1
personified,1
drawing,1
footnote,1
cut,1
appear,1
disappeared,1
reflections,1
iconography,1
boisterous,1
thinks,1
annees,1
distances,1
whereas,1
mazedier,1
liberatory,1
vivras,1
chaussee,1
worries,1
plantes,1
lead,1
suburbs,1
laid,1
aftermath,1
walk,1
concentration,1
bearing,1
culturelle,1
societies,1
future,1
jll,1
fortunes,1
examines,1
rule,1
inherent,1
conservative,1
demise,1
serge,1
faubourgs,1
ambitions,1
attack,1
docile,1
listen,1
embracing,1
photographie,1
lived,1
underneath,1
demands,1
bakers,1
bistouri,1
circa,1
radical,1
bind,1
pioneer,1
dislocation,1
metier,1
governing,1
shield,1
emotionally,1
faite,1
burst,1
featured,1
lafayette,1
im,1
mined,1
representative,1
passionate,1
manning,1
thiers,1
markets,1
accourt,1
big,1
flianeur,1
agrandissement,1
degrading,1
hui,1
rentrant,1
banker,1
criticizing,1
impression,1
reinstatement,1
proportions,1
lits,1
exempt,1
durham,1
buried,1
studying,1
contestatory,1
pwiw,1
lowbrow,1
burial,1
population,1
attracts,1
produced,1
petitjournal,1
promise,1
applied,1
banliiiiimitje,1
diatribe,1
intertwined,1
otherwise,1
fish,1
photographed,1
mayne,1
doesn,1
litterature,1
produce,1
dwelling,1
strolled,1
conferences,1
andre,1
taught,1
overwhelmed,1
fledgling,1
noticed,1
opposition,1
jouralistes,1
burrowing,1
james,1
schoolgirl,1
sales,1
meditation,1
wants,1
provisos,1
discours,1
strikingly,1
undermined,1
shape,1
sites,1
bloodthirsty,1
colonies,1
satiric,1
none,1
francia,1
imprisoned,1
mobilization,1
invisible,1
restrain,1
relief,1
closed,1
frightened,1
alcohol,1
mirrored,1
shopkeepers,1
anecdotes,1
intense,1
narratives,1
blouse,1
fraser,1
moins,1
dissatisfaction,1
imagined,1
orgy,1
slightly,1
unless,1
guess,1
overstrained,1
tens,1
drew,1
herd,1
morceaux,1
assassin,1
fundamentally,1
socite,1
illustrtf,1
hunger,1
apparent,1
calls,1
superficiality,1
floating,1
idevourm,1
dreadfuls,1
tune,1
stores,1
caught,1
description,1
criticized,1
verging,1
shocking,1
year,1
tale,1
universe,1
discussions,1
sili,1
editorial,1
mademoiselle,1
literally,1
patently,1
destination,1
beginnings,1
relevance,1
concentrate,1
structures,1
conditions,1
perrot,1
vieillards,1
staid,1
kings,1
emancipation,1
selfprotection,1
call,1
translated,1
dubied,1
forces,1
mukerji,1
jjwui,1
surrounding,1
accord,1
novels,1
institution,1
employed,1
believes,1
pauvri,1
compact,1
intersections,1
folklore,1
michelle,1
participate,1
showing,1
wanders,1
resort,1
fickle,1
stanford,1
triumphal,1
listening,1
stupefaction,1
week,1
maneuvers,1
shapiro,1
riotous,1
iw,1
challenging,1
minds,1
weeks,1
sampled,1
approach,1
josephine,1
misplaced,1
conflicts,1
impasse,1
earth,1
indescribability,1
smiles,1
tool,1
preceded,1
evening,1
xavier,1
bazin,1
running,1
deguisees,1
salons,1
strict,1
successful,1
hard,1
pere,1
toilette,1
responsibility,1
monarchist,1
cold,1
aphorisms,1
cette,1
coup,1
buildings,1
blamed,1
recast,1
wished,1
noisy,1
simplemindedness,1
tested,1
next,1
maudits,1
lowly,1
sings,1
leisured,1
television,1
destiny,1
keenly,1
rushed,1
reaches,1
sharp,1
things,1
midst,1
night,1
involved,1
sonts,1
motte,1
venality,1
dwell,1
dominick,1
several,1
accuse,1
mitchell,1
specificity,1
flamme,1
stationmaster,1
soil,1
clemenceau,1
shapes,1
concerns,1
debatable,1
choose,1
rag,1
resolution,1
breaking,1
detectives,1
presence,1
ts,1
master,1
invaluable,1
fltineur,1
hexagon,1
codes,1
latest,1
boundaries,1
norris,1
telling,1
potent,1
gaper,1
yielded,1
gunpowder,1
dedicated,1
clever,1
condemned,1
annual,1
lui,1
jordan,1
st,1
headline,1
necessity,1
grandjouan,1
meditations,1
degeneration,1
peculiarly,1
infanticide,1
introduced,1
proper,1
describes,1
mob,1
ay,1
resignation,1
heralding,1
niu,1
notes,1
beauty,1
stagnate,1
tiersten,1
alienated,1
grateful,1
provided,1
finds,1
redon,1
marketing,1
propriety,1
waiting,1
discontents,1
recompense,1
telegraphed,1
championed,1
constantin,1
corpse,1
champion,1
guises,1
nations,1
bourses,1
thrust,1
inspection,1
cite,1
transforming,1
scarf,1
flourished,1
soleil,1
faithfully,1
leps,1
defended,1
kant,1
telegraph,1
republican,1
naremore,1
armored,1
sovereign,1
verb,1
business,1
sylvia,1
fly,1
urbanite,1
reduced,1
implications,1
equality,1
lit,1
journaux,1
ingredients,1
cottage,1
bonne,1
protecting,1
gears,1
mysterious,1
multiplied,1
dispositions,1
accompanies,1
seductions,1
gather,1
pushes,1
focal,1
lurid,1
star,1
abusive,1
labors,1
experiencing,1
dauphine,1
warwick,1
play,1
jostled,1
wait,1
scenescentered,1
horrors,1
acknowledged,1
anniversary,1
lamentation,1
ten,1
flock,1
fractured,1
mingling,1
lievin,1
advertisements,1
suburban,1
poor,1
object,1
baudelairean,1
juin,1
rules,1
cole,1
judgment,1
harry,1
murderous,1
domination,1
rigid,1
comments,1
newsworthiness,1
choix,1
mainstays,1
shrouded,1
recreating,1
happens,1
paint,1
spate,1
burguiere,1
va,1
tends,1
selection,1
positive,1
measure,1
vie,1
lisa,1
sidewalks,1
corrupting,1
calculate,1
repression,1
chronicle,1
recipe,1
rs,1
modeme,1
joshua,1
sort,1
edited,1
horreur,1
spectatorial,1
usages,1
vs,1
repressive,1
sociologists,1
consuming,1
lamentations,1
acted,1
soon,1
sounds,1
continuity,1
den,1
utile,1
windows,1
formally,1
dwelled,1
nerves,1
official,1
tangled,1
magistrates,1
neither,1
drunkenness,1
flower,1
senseless,1
falls,1
connotation,1
bornons,1
assistance,1
delight,1
compassionate,1
mitterand,1
newpaper,1
baltimore,1
performers,1
si,1
unrequited,1
largest,1
exterieure,1
cultivated,1
include,1
thoughts,1
jouy,1
commodified,1
lined,1
gentlemen,1
twin,1
inheritance,1
exit,1
cage,1
teas,1
outskirts,1
miseries,1
insolent,1
lavish,1
seventeen,1
meit,1
transformative,1
worst,1
inaih,1
provide,1
dire,1
starting,1
policing,1
gain,1
ao,1
recall,1
protectrices,1
jeffrey,1
precariously,1
guiral,1
flash,1
runs,1
blazing,1
hears,1
coincidence,1
viewers,1
annonces,1
academy,1
antin,1
secours,1
ask,1
misfortunes,1
flat,1
addition,1
financial,1
reappearance,1
friday,1
devouement,1
oddities,1
efforts,1
passer,1
averages,1
artists,1
marthiel,1
phantom,1
rights,1
deviance,1
hollow,1
insatiable,1
treatment,1
preserve,1
professions,1
head,1
animates,1
auclair,1
stanza,1
pulp,1
advertising,1
abstract,1
witnesses,1
rotated,1
clerks,1
pretty,1
shocked,1
practical,1
pamphlet,1
crossing,1
accounted,1
divisionnaire,1
emphatically,1
dirigible,1
shallow,1
doubt,1
descended,1
golden,1
fashion,1
impending,1
optic,1
popularize,1
minister,1
etre,1
corollary,1
multiplication,1
throwing,1
prescriptive,1
everyday,1
geography,1
centre,1
decried,1
operating,1
underclass,1
creature,1
competitors,1
noun,1
theflacneur,1
unei,1
apprehending,1
algebra,1
inside,1
lepetit,1
relevant,1
karl,1
celebrated,1
magnate,1
answer,1
strategies,1
coincided,1
judith,1
recount,1
duties,1
conviction,1
norms,1
joumaux,1
parted,1
storekeeper,1
youth,1
metropolitan,1
silenced,1
frequency,1
shovels,1
unleashed,1
going,1
destroyed,1
garret,1
obsession,1
rationality,1
runaway,1
convenient,1
insensitive,1
durkheim,1
break,1
remained,1
fonctions,1
fight,1
recits,1
compose,1
blurry,1
swimmer,1
emanating,1
analyzed,1
londres,1
balance,1
anomie,1
jameson,1
extended,1
vast,1
discussion,1
indiana,1
birth,1
treated,1
subjectivity,1
rendered,1
forbidden,1
craig,1
maritime,1
values,1
active,1
endowment,1
aligning,1
region,1
transformed,1
hypnotic,1
owe,1
moeurs,1
fjt,1
xc,1
judge,1
causeries,1
charts,1
postmoder,1
reside,1
herself,1
wore,1
murdered,1
outward,1
lecture,1
admiring,1
providence,1
use,1
touchstone,1
ewald,1
plein,1
lettres,1
pavement,1
largely,1
persisted,1
station,1
waking,1
grappling,1
camera,1
encounters,1
shopping,1
lazy,1
univers,1
congress,1
distanced,1
militarism,1
ferenczi,1
circumstance,1
examination,1
stay,1
frame,1
jeanneney,1
populararts,1
dge,1
dull,1
theories,1
vu,1
students,1
solitude,1
attraction,1
versions,1
featherstone,1
army,1
trade,1
low,1
significance,1
explorations,1
photojournalism,1
cabaretiere,1
provoked,1
advent,1
adding,1
peur,1
restraint,1
idiosyncratic,1
publication,1
fidneur,1
express,1
tl,1
points,1
dominated,1
annee,1
maintenance,1
spawned,1
evils,1
try,1
surrealism,1
gestures,1
shopkeeper,1
architectural,1
divisions,1
good,1
democratizing,1
threw,1
collaboration,1
crushing,1
gruesome,1
function,1
parts,1
creating,1
features,1
sowerwine,1
dry,1
devil,1
counted,1
filled,1
longings,1
qoiw,1
configurations,1
anyone,1
tricolor,1
wandered,1
commentaries,1
construct,1
wood,1
saarbriicken,1
ignorance,1
exchange,1
overestimation,1
solipsism,1
seeks,1
benedict,1
faith,1
interieures,1
educational,1
observant,1
smoldering,1
enough,1
fatal,1
inutile,1
flame,1
flatneur,1
satisfy,1
mathews,1
imaginative,1
senti,1
methods,1
constructing,1
transcendence,1
normal,1
editors,1
guillaume,1
theorists,1
narrow,1
impersonal,1
strikers,1
topics,1
britain,1
anderson,1
effect,1
agulhon,1
dumbing,1
excluded,1
franqois,1
marine,1
mellon,1
structure,1
wedged,1
henry,1
electric,1
seats,1
seeking,1
journ,1
thrills,1
foot,1
juvenilia,1
advertisement,1
sept,1
magnetic,1
aix,1
northern,1
attracted,1
robbins,1
slipping,1
save,1
hind,1
haven,1
vtfgiai,1
destruction,1
engagement,1
rtyr,1
neur,1
professional,1
stick,1
ago,1
andreas,1
ponytail,1
delimited,1
comings,1
greek,1
animals,1
personification,1
negative,1
bowlers,1
ri,1
attended,1
experienced,1
motif,1
separate,1
dismiss,1
grandes,1
gustave,1
pichois,1
partook,1
wahrman,1
culturels,1
individualism,1
fldneuse,1
fifty,1
ghosts,1
straight,1
heeled,1
seer,1
educator,1
gloomy,1
aid,1
circle,1
me,1
backward,1
dreadful,1
declaration,1
perspectives,1
brau,1
succinctly,1
humanities,1
astonished,1
bars,1
complaining,1
science,1
sometimes,1
addressing,1
iir,1
usually,1
battled,1
five,1
foreign,1
sports,1
amherst,1
immobilized,1
deep,1
ideology,1
pleasures,1
philosophique,1
claimed,1
eixt,1
ginneken,1
beings,1
lantere,1
dumb,1
modernism,1
widespread,1
bulletin,1
edna,1
slow,1
trait,1
investigators,1
sensitive,1
treacherous,1
agences,1
tsss,1
moder,1
detailed,1
injustement,1
began,1
distorting,1
lawrence,1
interplay,1
caption,1
wilson,1
soucis,1
indignity,1
stage,1
watercolors,1
proletarian,1
insecurity,1
nuance,1
zohn,1
kill,1
continually,1
judet,1
comte,1
hole,1
figured,1
earthquake,1
bon,1
mother,1
suii,1
ebb,1
abcnnetmew,1
insurance,1
marchers,1
sweetness,1
mirror,1
hermite,1
subtext,1
interpretive,1
quelle,1
investigate,1
syndicalism,1
joseph,1
ie,1
poets,1
considered,1
hearts,1
insecuritiesbroadcasting,1
dissertation,1
assistant,1
regularly,1
suggestions,1
legitimated,1
authorities,1
vibrations,1
resonates,1
tlf,1
rarely,1
liked,1
associated,1
gourmand,1
singular,1
spell,1
growing,1
meaulle,1
grounds,1
farmhouse,1
ljj,1
tensions,1
arrest,1
mentioned,1
version,1
comparison,1
radiant,1
principles,1
reclames,1
ve,1
berenson,1
diderot,1
gullibility,1
converges,1
steel,1
solitary,1
satisfying,1
oi,1
onrushing,1
wares,1
elicited,1
theme,1
satirique,1
vient,1
thousand,1
constructed,1
christophe,1
chorus,1
palace,1
quotes,1
slf,1
occurrences,1
besides,1
glimpse,1
forgets,1
lacapra,1
sciences,1
ame,1
calamity,1
dramatize,1
animation,1
xt,1
agony,1
equation,1
acclamation,1
locke,1
bright,1
forty,1
drowned,1
spectacles,1
branches,1
unavailable,1
cigar,1
rouvrant,1
guerre,1
unwashed,1
spied,1
control,1
introducing,1
chroniques,1
commonplace,1
country,1
readily,1
palpitate,1
pedestrian,1
cemetery,1
puppeteers,1
refeudalization,1
grow,1
barbier,1
debilitating,1
azur,1
amiens,1
connection,1
shrine,1
ui,1
counterexample,1
believe,1
sm,1
best,1
unknown,1
elisabeth,1
alexander,1
prominence,1
acts,1
print,1
appel,1
riddled,1
compounded,1
half,1
surprised,1
apparition,1
regard,1
report,1
followers,1
ptit,1
textuality,1
foundation,1
dramatic,1
hospital,1
brothers,1
losses,1
sc,1
chambre,1
besotted,1
perfectly,1
rely,1
privileged,1
embodiment,1
raphael,1
proved,1
build,1
associations,1
kluge,1
invite,1
director,1
placing,1
passage,1
explicitly,1
type,1
zeldin,1
caricature,1
deal,1
merely,1
pushing,1
cleared,1
responsabilites,1
consisted,1
beginning,1
coupee,1
sartre,1
elevated,1
defend,1
knows,1
pardon,1
revel,1
victime,1
atterrissant,1
recapitulated,1
femmes,1
sorel,1
pooled,1
proceedings,1
transmitted,1
montmartre,1
mixing,1
implicit,1
whether,1
volcanic,1
rose,1
adults,1
twisted,1
ent,1
reification,1
ma,1
maintain,1
overawed,1
juxtaposed,1
map,1
slate,1
ait,1
boite,1
unrest,1
baillon,1
dismembered,1
loved,1
correspondent,1
insightful,1
tituses,1
foundations,1
appetite,1
butchers,1
remarked,1
brilliant,1
babel,1
divide,1
dark,1
barely,1
calhoun,1
explored,1
smoothing,1
shirk,1
bustle,1
lois,1
endpoints,1
communards,1
uneven,1
observations,1
pleases,1
suggests,1
deconstructing,1
sullied,1
hundreds,1
morales,1
categories,1
freedom,1
ses,1
millions,1
anxieties,1
acteur,1
unseen,1
strolls,1
marking,1
cares,1
neck,1
delivery,1
uniting,1
emergent,1
gatherings,1
circumstances,1
preserved,1
exclaimed,1
ups,1
multiple,1
ill,1
watched,1
met,1
responded,1
testimonials,1
interet,1
raucous,1
marble,1
revolutions,1
greatest,1
strangers,1
glue,1
became,1
easy,1
happy,1
turns,1
tried,1
lies,1
everywhere,1
urbanity,1
sheets,1
connoisseur,1
encounter,1
zemon,1
penny,1
demanding,1
encircled,1
indebted,1
clothing,1
jeannene,1
families,1
mention,1
traite,1
exploit,1
isolated,1
commented,1
definitions,1
throw,1
rio,1
faculty,1
bonuses,1
frivolous,1
teeth,1
sfldneur,1
lille,1
multiply,1
subsumed,1
youthful,1
femme,1
burger,1
pleins,1
promoted,1
grevin,1
anarchist,1
sustains,1
peddlers,1
ronsin,1
nationale,1
cigarette,1
rubbed,1
fi,1
lefigaro,1
difference,1
reveals,1
conn,1
tableau,1
average,1
walkowitz,1
intensified,1
prochasson,1
web,1
distinctive,1
steam,1
opens,1
glencoe,1
leverage,1
samuel,1
catherine,1
grant,1
aristocratic,1
naomi,1
micenn,1
aware,1
mode,1
stretches,1
jamais,1
completed,1
ttstx,1
origines,1
value,1
traitors,1
trains,1
mobilizing,1
lively,1
although,1
personne,1
inform,1
throat,1
jarring,1
evidence,1
regime,1
celebrate,1
grim,1
thoughtful,1
incidents,1
schafer,1
effects,1
assises,1
polydore,1
michel,1
cheering,1
area,1
oversaw,1
quotidien,1
judiciaire,1
chastised,1
vloras,1
cost,1
recalling,1
stark,1
sandwichman,1
flinerie,1
hooligans,1
rosenberg,1
dispose,1
sideshow,1
particularities,1
fourmies,1
traveling,1
anonymous,1
vi,1
pointe,1
specific,1
evoked,1
emptied,1
removed,1
struggles,1
recounted,1
goings,1
hills,1
chicago,1
steeling,1
views,1
tabloids,1
element,1
hymn,1
yeux,1
eloquently,1
shuts,1
statistician,1
re,1
charmes,1
seek,1
stupidly,1
vendor,1
unseemly,1
magistrate,1
jsartpal,1
famous,1
arnold,1
enters,1
doing,1
sparked,1
daughter,1
penal,1
pillars,1
roles,1
interrogated,1
major,1
stunned,1
ploy,1
parisiens,1
flaneurs,1
