WORDCOUNTS,WEIGHT
the,738
and,488
of,404
in,331
a,109
s,94
to,63
pp,53
l,51
new,49
j,47
und,45
on,44
university,43
press,41
john,40
der,40
m,38
american,35
introduction,32
history,31
et,31
from,31
de,30
editors,29
early,29
c,28
revolution,27
for,26
historical,26
des,26
social,25
political,25
t,24
politics,24
as,24
editor,24
robert,23
richard,23
economic,23
h,22
century,22
an,22
state,22
d,22
england,21
essays,20
york,20
w,20
war,20
r,20
world,20
michael,20
united,19
newman,19
i,18
german,18
peter,18
studies,17
david,17
society,17
liberalism,17
states,17
policy,16
p,16
late,16
thomas,16
la,16
science,16
marc,16
e,15
modern,15
von,15
mumford,15
south,15
louis,15
martin,15
european,15
middle,15
british,14
east,14
x,14
bloch,14
die,14
frederick,14
china,13
review,13
development,13
douglass,13
n,13
b,13
culture,13
by,13
empire,13
william,13
economy,13
nato,12
english,12
america,12
relations,12
perspective,12
pious,12
its,12
government,12
collected,12
james,12
brazil,12
charles,12
at,11
age,11
das,11
alan,11
june,11
lewis,11
number,11
britain,11
virginia,11
years,11
cambridge,11
g,10
les,10
london,10
french,10
law,10
karl,10
trade,10
africa,10
lawrence,10
joseph,10
city,10
between,10
germany,9
princeton,9
du,9
case,9
histoire,9
zur,9
andrew,9
edward,9
sunbelt,9
elizabeth,9
f,9
al,9
wilson,9
imperialism,9
paper,9
cloth,9
art,9
formation,9
frommen,8
jr,8
jones,8
im,8
during,8
le,8
comparative,8
or,8
rhetoric,8
roberts,8
hungary,8
period,8
sciences,8
problem,8
colonial,8
zum,8
tribes,8
o,7
scottish,7
nineteenth,7
ludwigs,7
chinese,7
study,7
liberal,7
origins,7
reflections,7
royal,7
muslim,7
work,7
knowledge,7
regional,7
change,7
teil,7
settlement,7
smith,7
seventeenth,7
classes,7
eighteenth,7
harvard,7
christian,7
george,7
literacy,7
stephen,7
ukrainian,7
urban,7
west,7
democracy,6
khan,6
first,6
professions,6
atlantic,6
some,6
uber,6
soviet,6
public,6
en,6
benjamin,6
women,6
lower,6
scientific,6
expansion,6
southern,6
oxford,6
industrial,6
two,6
rise,6
paul,6
towns,6
region,6
national,6
with,6
hill,6
life,6
tribe,6
series,6
conclusion,6
collins,6
interwar,6
question,6
donald,6
enlightenment,6
france,6
ukraine,6
patricia,6
werner,6
haq,6
ansar,5
distributed,5
asian,5
ian,5
roman,5
ii,5
military,5
graham,5
half,5
zu,5
italian,5
labor,5
conflict,5
sympotic,5
roger,5
body,5
poor,5
philadelphia,5
ontario,5
den,5
mary,5
xi,5
international,5
cultural,5
population,5
literature,5
bois,5
civil,5
policies,5
wolfgang,5
toward,5
second,5
zahid,5
gilbert,5
technology,5
sociales,5
present,5
power,5
europe,5
honor,5
road,5
symposion,5
einer,5
ernst,5
after,5
foreword,5
eugene,5
austria,5
ganzes,5
moinul,5
imperial,5
missionary,5
crisis,5
evidence,5
sur,5
era,5
gerald,4
stuart,4
medieval,4
later,4
one,4
before,4
charity,4
witherspoon,4
liberty,4
great,4
murray,4
mckitterick,4
system,4
howard,4
sixteenth,4
center,4
adams,4
hughes,4
their,4
black,4
ludwig,4
raymond,4
image,4
literary,4
emergence,4
austrian,4
franz,4
parliaments,4
konrad,4
people,4
historien,4
overseas,4
consolidation,4
decline,4
st,4
nationalsozialismus,4
community,4
frank,4
thought,4
une,4
asia,4
mediaeval,4
indian,4
williams,4
jeffrey,4
eighteenthcentury,4
xii,4
end,4
confucian,4
kline,4
v,4
paris,4
burrage,4
renaissance,4
strategies,4
makkai,4
discovery,4
ideas,4
significance,4
margaret,4
transformation,4
versus,4
professional,4
greek,4
weimar,4
pequot,4
relationship,4
institutions,4
independence,4
un,4
centuries,4
rosamond,4
wars,4
historian,4
changing,4
territories,4
association,4
country,4
slavery,4
foundation,4
powell,4
cities,4
making,4
edinburgh,4
theory,4
parliament,4
institute,4
freedom,4
republic,4
elizabethan,4
transition,4
au,4
writing,4
ein,4
pakistan,4
eric,4
effects,4
frontier,4
walter,4
ireland,4
heir,4
north,4
hans,4
nicholas,3
struggle,3
consommation,3
commentary,3
revolutionary,3
llewellyn,3
neils,3
san,3
larry,3
di,3
approaches,3
jonathan,3
theatre,3
arms,3
rudy,3
notre,3
evolution,3
deutschen,3
all,3
hellmuth,3
court,3
products,3
kingdom,3
henry,3
westman,3
agriculture,3
jack,3
cooperation,3
uwe,3
bibliography,3
barry,3
establishment,3
carolingian,3
joan,3
supple,3
inner,3
essay,3
aus,3
dame,3
backes,3
garber,3
old,3
uberlegungen,3
christopher,3
cohen,3
generation,3
influence,3
versuch,3
chartres,3
growth,3
across,3
conceptions,3
jarausch,3
michel,3
exemple,3
ix,3
recherches,3
dean,3
female,3
metropolis,3
papacy,3
rozman,3
bruce,3
lindberg,3
olivier,3
problems,3
sher,3
strategy,3
view,3
rule,3
search,3
scotland,3
xiv,3
memory,3
elliott,3
provincial,3
nation,3
comment,3
winfried,3
collective,3
alliance,3
legacy,3
migration,3
industry,3
hugo,3
research,3
texas,3
monarchy,3
eckhart,3
ker,3
role,3
business,3
exeter,3
noble,3
forges,3
brian,3
hubert,3
allen,3
movement,3
values,3
hey,3
albert,3
continuity,3
ancient,3
bemerkungen,3
denis,3
koshar,3
love,3
muslims,3
clarendon,3
viii,3
time,3
confucianism,3
anne,3
als,3
style,3
ayers,3
local,3
robertson,3
deutschland,3
furner,3
use,3
defense,3
symposium,3
professionalization,3
times,3
rus,3
vergangenheitsbewaltigung,3
woronoff,3
faith,3
k,3
hungarian,3
land,3
xvi,3
structure,3
capitalism,3
italy,3
thirsk,3
kristin,3
immigration,3
not,3
bellamy,3
kaplan,3
perspectives,3
dm,3
missionaries,3
class,3
introductory,3
construction,3
education,3
susan,3
historique,3
constantine,3
mann,3
historischen,3
gerhard,3
nigel,3
natural,3
control,3
comparatisme,3
pequots,3
past,3
impact,3
reign,3
property,3
arnstein,3
popular,3
schulze,3
african,3
kostiner,3
resistance,3
aspect,3
jan,3
our,3
green,3
philosophy,3
norman,3
oswyn,3
corporatism,3
jurgen,3
dopsch,2
miller,2
child,2
limits,2
edge,2
ethics,2
socialisation,2
export,2
forschung,2
career,2
market,2
reconsidered,2
tuscaloosa,2
ferdinand,2
girl,2
presses,2
seizure,2
berlin,2
leighton,2
individualismus,2
stone,2
friuli,2
word,2
wiebes,2
continent,2
federal,2
harmony,2
brannon,2
into,2
uses,2
village,2
zwischen,2
liberation,2
experience,2
morton,2
electoral,2
long,2
etudes,2
kent,2
tion,2
bild,2
book,2
charlemagne,2
tradition,2
yucatan,2
hourani,2
agrarian,2
uneasy,2
narrative,2
goffen,2
maurice,2
feodalisme,2
last,2
mind,2
written,2
miles,2
jeffery,2
epilogue,2
sundquist,2
xv,2
johns,2
daniel,2
context,2
corfield,2
inquiry,2
meal,2
payne,2
roy,2
persian,2
historians,2
king,2
leo,2
reaction,2
powers,2
taxation,2
medical,2
timothy,2
household,2
liberals,2
ritual,2
moral,2
koropeckyj,2
gardner,2
human,2
central,2
sogenannten,2
ronald,2
ganzen,2
professionalism,2
dynamics,2
since,2
elton,2
pour,2
ray,2
janet,2
basil,2
bundesrepublik,2
progressive,2
nelson,2
urbanization,2
clark,2
vom,2
pierre,2
response,2
slave,2
myth,2
alfons,2
plant,2
van,2
civilization,2
town,2
mexico,2
air,2
act,2
boulton,2
splintered,2
adam,2
process,2
catholics,2
alabama,2
kevin,2
derek,2
support,2
bonds,2
park,2
muir,2
immigrant,2
prehistory,2
loren,2
organization,2
louise,2
peasant,2
latin,2
warren,2
consciousness,2
democratic,2
beyond,2
dominic,2
rice,2
victorian,2
marriage,2
angela,2
ou,2
nancy,2
mashantucket,2
technics,2
politicization,2
maria,2
patrick,2
out,2
radical,2
agatha,2
transactions,2
dining,2
recently,2
symbols,2
beispiel,2
russell,2
dialectic,2
method,2
triumph,2
aspects,2
interface,2
future,2
relief,2
y,2
hagan,2
clarke,2
goldman,2
del,2
concept,2
county,2
example,2
rawlinson,2
laurence,2
place,2
wherry,2
issues,2
historische,2
renovatio,2
personal,2
legislation,2
xviii,2
missions,2
chemistry,2
nolte,2
eine,2
sense,2
working,2
penelope,2
campisi,2
peterson,2
baluch,2
archaeology,2
around,2
family,2
mitchell,2
spanish,2
luisa,2
civic,2
comparaison,2
philip,2
symposia,2
scott,2
progress,2
woodrow,2
ellen,2
hautes,2
joel,2
hitlers,2
preliminary,2
smitten,2
nations,2
critical,2
reflexions,2
observations,2
barany,2
architecture,2
action,2
mark,2
schmidt,2
lynn,2
u,2
play,2
mysore,2
harris,2
brazilian,2
warner,2
harry,2
prophet,2
capitulary,2
newton,2
gent,2
southeast,2
vergangenheit,2
fascism,2
about,2
bentham,2
tibor,2
frankish,2
q,2
violence,2
security,2
lloyd,2
cleveland,2
under,2
chronology,2
jay,2
friendship,2
naval,2
these,2
essai,2
weltkrieg,2
volume,2
xixc,2
subcontinent,2
kenneth,2
baptist,2
heraldic,2
lucy,2
towards,2
projects,2
sozialwissenschaften,2
herbert,2
idea,2
occupations,2
loyalism,2
vision,2
stevens,2
reform,2
classical,2
gray,2
man,2
music,2
entertainers,2
patterns,2
nathan,2
drinking,2
yucatecan,2
model,2
allgemeinen,2
polis,2
council,2
origin,2
japan,2
hartmut,2
routledge,2
free,2
saddlemyer,2
simon,2
dominions,2
technologies,2
kathleen,2
cees,2
burguitre,2
stinger,2
sieles,2
elite,2
identity,2
fromme,2
religion,2
morality,2
congress,2
office,2
theories,2
vii,2
language,2
ottoman,2
lady,2
workers,2
belsey,2
kievan,2
pride,2
spread,2
fr,2
banquet,2
brewer,2
keene,2
dual,2
educational,2
ages,2
dawson,2
edmund,2
atwood,2
dominion,2
ann,2
detente,2
trades,2
artisans,2
joanna,2
morris,2
grain,2
we,2
industrialization,2
riess,2
sugar,2
brown,2
regiment,2
fifty,2
historisierung,2
helmut,2
seigneurie,2
ecole,2
foreign,2
ideology,2
prose,2
wandel,2
wiener,2
leslie,2
virtue,2
oexle,2
rolf,2
economists,2
visual,2
dans,2
analysis,2
verhaltniss,2
fall,2
perceptions,2
confronts,2
machine,2
acham,2
milieu,2
fleischer,2
vergleich,2
sweden,2
paolo,2
blair,2
intellectual,2
colonization,2
anthropology,2
cultures,2
are,2
steven,2
genese,2
global,2
capital,2
leaders,2
mandler,2
meier,2
searching,2
raj,2
domestic,2
manchester,2
impossible,2
geschichte,2
associations,2
schofield,2
rural,2
torstendahl,2
beginning,2
keynes,2
activism,2
islamic,2
agricultural,2
attitudes,2
saint,2
merle,2
mathematics,2
godman,2
hitler,2
information,2
anna,2
don,2
siecles,2
janice,2
hanoverian,2
betrachtung,2
kim,2
andrea,2
through,2
mangan,2
pincus,2
alternatives,2
reappraisal,2
mohl,2
treasury,2
indians,2
khoury,2
models,2
survival,2
mentalities,2
notes,2
utilitarianism,2
quest,2
hauptman,2
consumption,2
canadian,2
niels,2
malcolm,2
rosenberg,2
christi,2
archaic,2
castile,2
carl,2
charlotte,2
shurbutt,2
debate,2
texts,2
phillips,2
interaction,2
mozart,2
images,2
among,2
recent,2
otto,2
willis,2
ira,1
bergquist,1
pinter,1
malaya,1
combustible,1
sauberungskonzeptionen,1
bernard,1
hatfield,1
modelling,1
changes,1
propylaen,1
lis,1
jury,1
jesse,1
humanism,1
kumamoto,1
merovingian,1
sawday,1
buffon,1
institut,1
selbsttauschung,1
common,1
conley,1
melvin,1
way,1
conflicting,1
dritten,1
representing,1
ikramuddin,1
if,1
anthony,1
estate,1
katerina,1
balzar,1
hannes,1
bedeutung,1
morineau,1
complexities,1
principality,1
linken,1
pity,1
created,1
margers,1
functional,1
krauss,1
franchot,1
balisch,1
abulafia,1
iowa,1
rusen,1
coffman,1
jane,1
college,1
fiction,1
pruitt,1
magnetic,1
schweiger,1
kontroverse,1
niermann,1
zettler,1
syring,1
wahler,1
deak,1
collegium,1
enclosing,1
growthmanship,1
sharpe,1
gutzlaff,1
evans,1
dossier,1
weber,1
atsma,1
group,1
allgemeinem,1
reflection,1
large,1
hot,1
gemeinsamen,1
goff,1
freemasonry,1
aymard,1
syphilis,1
anschluss,1
jews,1
arsenii,1
fate,1
endlosung,1
mobility,1
birmingham,1
decentralization,1
closure,1
capitallabor,1
demeanour,1
vickers,1
clements,1
pieter,1
rogers,1
kirchhoff,1
schools,1
authority,1
true,1
solidarity,1
soudan,1
exservicemen,1
vorbehalte,1
heyck,1
marcus,1
mathieu,1
testy,1
paradigms,1
conamerican,1
leer,1
bullough,1
cooperateur,1
legende,1
flows,1
lettre,1
considerations,1
tito,1
horst,1
odyssey,1
ausstehenden,1
bellini,1
kwame,1
notizen,1
bodeker,1
devices,1
position,1
servitude,1
galicia,1
cycles,1
faria,1
huck,1
frage,1
historiographical,1
stefan,1
hamdard,1
douglassgerrit,1
eisenman,1
avant,1
lissarrague,1
total,1
beckett,1
robinson,1
biographical,1
assisted,1
tishkoff,1
whigs,1
antebellum,1
capsule,1
batt,1
hungarians,1
induced,1
acy,1
mcmullin,1
margravates,1
newbury,1
bethlehem,1
variety,1
perachora,1
stereotype,1
mademba,1
amongst,1
reich,1
portuguese,1
bark,1
xcuyum,1
cullom,1
properties,1
root,1
romanian,1
systemes,1
aujourd,1
themes,1
journalism,1
topper,1
travers,1
round,1
said,1
ghaznawid,1
fabric,1
kuchenbuch,1
aside,1
gap,1
twilight,1
leaven,1
marco,1
rooman,1
revoluamerican,1
alsop,1
okonomischer,1
sources,1
that,1
rathje,1
davis,1
berend,1
revisited,1
swedish,1
management,1
methodologische,1
frankfurt,1
bichler,1
norbert,1
utopia,1
regeneration,1
production,1
ernan,1
beethoven,1
megamachine,1
bazillion,1
ethnic,1
give,1
proud,1
siegrist,1
melanges,1
rede,1
rustling,1
musical,1
signorelli,1
brien,1
moulin,1
lutz,1
progression,1
grossen,1
moderatism,1
walahfrid,1
alienation,1
intellectuelle,1
gefahrenund,1
hoffmann,1
heinz,1
advanced,1
freely,1
gellner,1
official,1
mehrfache,1
nature,1
discontinuity,1
editions,1
salvador,1
historiography,1
universitaire,1
gary,1
gesamtanalyse,1
divinity,1
albrecht,1
regionale,1
bruit,1
allan,1
berlatsky,1
mudejars,1
knowing,1
fitzpatrick,1
scientists,1
phil,1
crops,1
pragmatic,1
herrup,1
artaud,1
neal,1
debra,1
industrie,1
rodney,1
geschichtlichen,1
classe,1
sang,1
athenaeus,1
metropolitan,1
akletoi,1
rich,1
achievement,1
were,1
sokal,1
vanishing,1
germaine,1
xiii,1
substantive,1
hundred,1
sultans,1
terrae,1
hannah,1
reactors,1
antiquarianism,1
providence,1
sous,1
assikasso,1
copenhaver,1
espaces,1
theatres,1
melnyk,1
reproduction,1
lewandowski,1
subsequent,1
ganze,1
teilungsprinzip,1
xx,1
ruffner,1
wurzeln,1
roosevelt,1
forjustice,1
gladstonianism,1
lees,1
datant,1
swasey,1
hao,1
mai,1
innes,1
cartier,1
blackwell,1
influences,1
keith,1
ormos,1
creativity,1
verona,1
haqqee,1
lagos,1
saratoga,1
reading,1
cereal,1
gibson,1
shanul,1
optimistic,1
ecclesiology,1
personnel,1
byzantium,1
threshold,1
benson,1
historik,1
rethinking,1
papers,1
gunther,1
elliot,1
nomadic,1
beaglehole,1
ernest,1
swavely,1
stew,1
issue,1
ganz,1
afterword,1
disarmament,1
shelby,1
guillot,1
angie,1
alfred,1
dr,1
anfalligkeit,1
plain,1
bayor,1
tweddle,1
portugal,1
biologie,1
lash,1
espace,1
mysteries,1
lived,1
doreen,1
money,1
motion,1
gabbey,1
mass,1
gegenstand,1
discontent,1
hall,1
right,1
march,1
arkush,1
design,1
campidoglio,1
gregg,1
soldier,1
figaro,1
winch,1
verneys,1
maislinger,1
open,1
reaktions,1
geschichtssynthesen,1
anmerkungen,1
fritz,1
hungry,1
janos,1
buckley,1
laudibus,1
gama,1
diplomat,1
julian,1
cockshut,1
moseley,1
births,1
erich,1
pietistic,1
petersburg,1
austin,1
apart,1
reassessing,1
doctrinal,1
supply,1
allemande,1
adoption,1
reflecting,1
trevor,1
papsttum,1
christianisation,1
associational,1
resources,1
fur,1
laws,1
cumberland,1
eva,1
maccaffrey,1
casestudy,1
reimund,1
polemical,1
ebrey,1
heretical,1
promises,1
irrational,1
dagmar,1
zhang,1
benedict,1
millwrights,1
letter,1
todd,1
sweet,1
ross,1
wallace,1
steiner,1
analyse,1
donovan,1
frankreich,1
prejudice,1
inventory,1
stanislaus,1
here,1
marsyas,1
harold,1
langewiesche,1
homogenitat,1
pillar,1
eamon,1
etzold,1
ottavia,1
framework,1
sy,1
justitielle,1
mid,1
tribute,1
piedmont,1
connecticut,1
icons,1
ladd,1
peripheral,1
anthropologues,1
enrique,1
leigh,1
plato,1
waifs,1
wiest,1
strategische,1
doris,1
mikrogeschichte,1
ravenna,1
modernization,1
constitutent,1
luc,1
lebensborn,1
inevitable,1
whore,1
church,1
visualized,1
barton,1
borderlands,1
millennium,1
simmons,1
against,1
ferenc,1
pursuit,1
singularitat,1
magic,1
hermetism,1
axiology,1
boll,1
tableau,1
maintenance,1
ivoire,1
lectures,1
republica,1
arlette,1
rebecca,1
hainan,1
atlanticism,1
helena,1
kuttler,1
moment,1
pershey,1
semmler,1
associative,1
jeremy,1
artist,1
patlagean,1
conrad,1
coexistence,1
individuelles,1
dresch,1
seamed,1
chirelstein,1
fishkin,1
ammon,1
supremacy,1
punishment,1
emigration,1
ladurie,1
changer,1
haupt,1
fried,1
learning,1
susanna,1
bacon,1
santo,1
cases,1
ombersley,1
periphery,1
religious,1
flourishing,1
lin,1
desmond,1
parallee,1
patch,1
stokes,1
nevio,1
weizsacker,1
salisbury,1
birtsch,1
cavallo,1
reyna,1
systematique,1
kaisers,1
dockrill,1
speed,1
tamsyn,1
denken,1
modernity,1
reuter,1
flawed,1
facons,1
young,1
barfield,1
simultaneity,1
amark,1
bef,1
regierungszeit,1
honour,1
left,1
taming,1
third,1
single,1
ideal,1
europeanization,1
enlightened,1
publications,1
manures,1
palladium,1
networks,1
georges,1
basoga,1
inigo,1
rosen,1
imbroglios,1
kelly,1
saxony,1
stites,1
maconochie,1
unresolved,1
communication,1
brigade,1
look,1
preserving,1
argentina,1
critique,1
yan,1
patrons,1
balan,1
secular,1
deporte,1
libyan,1
border,1
citizen,1
bradley,1
impudent,1
traditions,1
bianca,1
taiwo,1
rubinstein,1
fragen,1
castro,1
general,1
bills,1
deputationist,1
qidwai,1
marx,1
judensau,1
krater,1
sisters,1
stanley,1
ton,1
summer,1
starna,1
alteren,1
claude,1
constraints,1
scholarly,1
teilen,1
sears,1
rosalind,1
catharina,1
jean,1
ideals,1
languages,1
hartzell,1
rights,1
steps,1
nagy,1
displacement,1
eines,1
giulia,1
wilmington,1
colin,1
laboring,1
ruggiero,1
essential,1
polarization,1
hesitant,1
no,1
russian,1
rowan,1
menschlichkeit,1
gerstner,1
probate,1
dilemma,1
subjected,1
partition,1
performance,1
managing,1
parente,1
generations,1
taxonomy,1
everett,1
angeles,1
denmark,1
z,1
ironic,1
reinhold,1
zs,1
agonizing,1
peacock,1
secrets,1
fantasies,1
verstrickung,1
kalgan,1
appreciation,1
annette,1
corinth,1
harryj,1
patronage,1
subsistence,1
johannes,1
hacienda,1
stuttgart,1
cult,1
laity,1
arts,1
mechanics,1
erklaren,1
weg,1
edwin,1
landesgeschichte,1
retour,1
legal,1
mughul,1
gallucci,1
sarah,1
gothard,1
observatory,1
epoch,1
stapleton,1
japanese,1
strange,1
channell,1
flaviana,1
mumtaz,1
hoston,1
muscovite,1
sanctuary,1
shannon,1
denise,1
adversaries,1
clayton,1
form,1
stella,1
heinzgerhard,1
lay,1
fallers,1
reforms,1
discoveries,1
boyle,1
mackaye,1
consequences,1
space,1
front,1
luraghi,1
precious,1
lea,1
eau,1
guides,1
bohm,1
faschismus,1
hook,1
unseres,1
reason,1
soul,1
wolffsohn,1
lives,1
premodern,1
corrta,1
adolescents,1
provinces,1
makround,1
lacey,1
pact,1
day,1
drill,1
calif,1
stimson,1
tardits,1
accati,1
bremen,1
was,1
notwendigkeit,1
grains,1
india,1
mira,1
duke,1
abuses,1
metaphysics,1
wealth,1
tenacity,1
forestry,1
edition,1
margery,1
spirit,1
verhaltnis,1
dena,1
forschungskontroverse,1
bradlow,1
amerique,1
accumulaamerican,1
welfare,1
cristoforo,1
cal,1
antwort,1
hindenburg,1
moyen,1
listed,1
emmer,1
upper,1
statics,1
tibi,1
motive,1
unsimultaneous,1
valenz,1
leicester,1
riegel,1
strikwerda,1
bridges,1
mellini,1
vornefeld,1
stroker,1
resource,1
brauer,1
etforets,1
prussian,1
graves,1
orange,1
tourism,1
depart,1
organisation,1
comparisons,1
spiritual,1
plates,1
putting,1
usines,1
hof,1
philosemitismus,1
buffalo,1
kirche,1
tides,1
servile,1
witness,1
graus,1
vale,1
historischkritische,1
massena,1
woodsmarsden,1
triangle,1
care,1
senegal,1
pellizer,1
opinion,1
sultanate,1
tyranny,1
obstruction,1
brownell,1
tory,1
protestant,1
francorum,1
chanock,1
methodology,1
weise,1
ihre,1
ludolf,1
conquest,1
union,1
raw,1
station,1
crucis,1
moving,1
theft,1
zitelmann,1
my,1
hallamshire,1
pledges,1
adaptation,1
cynthia,1
kerr,1
geoffrey,1
mordek,1
kennedy,1
snodgrass,1
aftermath,1
desertion,1
bookidis,1
zeit,1
societies,1
route,1
critic,1
plumb,1
medicine,1
parrott,1
marion,1
conservative,1
victorians,1
preaching,1
erosion,1
taschenbuch,1
vincenzo,1
serge,1
richmond,1
gibbins,1
livingston,1
amsterdam,1
taboo,1
effort,1
seven,1
larner,1
bomb,1
finnis,1
tucker,1
economics,1
crowd,1
intellectuals,1
antifaschismus,1
geza,1
rudolf,1
spechler,1
empress,1
hospitals,1
wayne,1
portsmouth,1
anglaise,1
weltbild,1
moin,1
philosophical,1
poetry,1
lohrmann,1
arrogance,1
representative,1
erkenntniss,1
markets,1
zirkel,1
stansifer,1
svante,1
brante,1
big,1
chang,1
circulation,1
politique,1
engel,1
hui,1
gaul,1
zweiten,1
pederasty,1
hartley,1
oklahoma,1
kuchment,1
martial,1
oder,1
equal,1
bryson,1
poverty,1
kangah,1
rooke,1
healthy,1
brownlee,1
displayed,1
blaine,1
job,1
orientales,1
reviews,1
auschwitz,1
anderson,1
fisher,1
bullion,1
distillers,1
rosemary,1
seiner,1
imanamerican,1
schneider,1
moore,1
wholesome,1
vilmar,1
missionsauftrag,1
alvarado,1
peripheriques,1
dacre,1
younger,1
lodwick,1
lichte,1
chris,1
frantisek,1
verse,1
gollin,1
metals,1
ford,1
saudi,1
vadstena,1
arians,1
lyons,1
wangermann,1
conferences,1
andre,1
fox,1
kilimanjaro,1
nils,1
gregory,1
levant,1
justif,1
opposition,1
colonies,1
blake,1
jewish,1
offizier,1
synoecism,1
insider,1
periodization,1
benign,1
hopkins,1
balance,1
prophecy,1
siderurgies,1
vegetal,1
urdu,1
affair,1
wills,1
einige,1
silver,1
receive,1
pineda,1
kitchen,1
sathyamurthy,1
currey,1
feminine,1
rieppel,1
shape,1
xix,1
golinski,1
deutscher,1
christianity,1
ferrante,1
voter,1
lanz,1
feeding,1
ludendorff,1
kiev,1
figurative,1
manhood,1
klosterplan,1
imamuddin,1
dilemmas,1
harvie,1
christa,1
journals,1
sozialen,1
quincy,1
baer,1
shopkeepers,1
planning,1
douglas,1
memorialuberlieferung,1
harley,1
klippel,1
received,1
zeitung,1
reychler,1
avery,1
reinhard,1
mercantilist,1
reid,1
koerfer,1
raimondo,1
josef,1
locus,1
reappraisals,1
hermeneutischen,1
henrikson,1
anlass,1
ewen,1
part,1
ransformation,1
arline,1
civilisation,1
casa,1
staffan,1
homeland,1
mutherich,1
tenure,1
thoughts,1
gender,1
reports,1
geology,1
gegen,1
innerparteilichen,1
allgemeines,1
penser,1
weltgeschichte,1
staat,1
meynell,1
overview,1
realm,1
boudoir,1
ca,1
tale,1
island,1
walcaud,1
petrine,1
broad,1
consulation,1
beginnings,1
figures,1
ricardo,1
structures,1
kaisertum,1
liege,1
mise,1
winter,1
lanham,1
duhem,1
moos,1
emancipation,1
kaltefleiter,1
durch,1
translated,1
monstruum,1
forces,1
brosselin,1
bishop,1
periodique,1
schwartz,1
novels,1
judd,1
maidstone,1
wendt,1
lamennais,1
kritik,1
semiluxuries,1
wesley,1
butterfield,1
sicily,1
haussmann,1
menstruum,1
unseen,1
evelyne,1
status,1
presbyterian,1
massaker,1
oath,1
ethnicity,1
assembly,1
bohdan,1
holy,1
cider,1
ali,1
natal,1
zeeman,1
segal,1
vergleichs,1
einzelund,1
norfolk,1
ida,1
hauck,1
lorand,1
millenarianism,1
demeter,1
prices,1
dierkens,1
xinxin,1
probleme,1
andrt,1
makes,1
nicholls,1
zafar,1
archduke,1
mnemosyne,1
mahoney,1
exhortation,1
hestiatorion,1
episcopate,1
methodologischer,1
los,1
tudor,1
painting,1
australia,1
weissenthurn,1
forets,1
intercontinental,1
manners,1
scientification,1
responsibility,1
savage,1
tom,1
buildings,1
unexpected,1
things,1
socialist,1
grew,1
heinemann,1
sarr,1
convivium,1
carol,1
next,1
marche,1
jorg,1
soly,1
barrington,1
deborah,1
theater,1
seymour,1
mediterranean,1
discourse,1
ward,1
orient,1
jessie,1
chant,1
belt,1
veteran,1
kirchenbau,1
berg,1
small,1
nationalismus,1
selander,1
legenden,1
deutsches,1
initiating,1
katalin,1
autonomy,1
chamberlain,1
cranbury,1
parliamentary,1
metzger,1
pregnant,1
wider,1
pastor,1
lehre,1
biomedical,1
horstf,1
leather,1
folk,1
transfer,1
goodwin,1
mottahedeh,1
bonnet,1
revolutionibus,1
hagiography,1
florentine,1
villages,1
emmanuel,1
langen,1
methodological,1
dem,1
januar,1
xxvii,1
occasions,1
customary,1
guido,1
crux,1
immunitat,1
visible,1
ghurid,1
universities,1
groff,1
clem,1
cossack,1
infantry,1
sheriff,1
wife,1
teodoro,1
proper,1
pa,1
franconia,1
spufford,1
hakim,1
bremmer,1
dumoulin,1
roots,1
neoclassical,1
collaboration,1
historiographischen,1
hermann,1
lucette,1
developmental,1
lincoln,1
victrix,1
sj,1
ninth,1
stephan,1
gordon,1
landlords,1
gibbs,1
niccoli,1
unfinished,1
champion,1
pope,1
gufmez,1
belize,1
eleanor,1
barbara,1
transforming,1
span,1
nachmann,1
hinckley,1
wilhelm,1
eternal,1
ranki,1
tillyard,1
morphology,1
angoon,1
italiae,1
honig,1
therefore,1
belgium,1
numismatics,1
fuchs,1
butrica,1
perlin,1
statism,1
antisemitismus,1
genesis,1
deipnosophistae,1
repertoire,1
copernicus,1
epoque,1
hegemony,1
kore,1
equality,1
valensi,1
arbeiterschaft,1
attempts,1
thegan,1
diskussion,1
sajidullah,1
rome,1
easy,1
logistical,1
rankine,1
tranter,1
malley,1
osterreich,1
imagery,1
hide,1
coletta,1
epitaphium,1
whiggery,1
sohn,1
techniques,1
tlingit,1
lukinovich,1
racialized,1
copyholders,1
confeder,1
infinitesimals,1
staubach,1
spencer,1
fedorowich,1
freebench,1
agraire,1
giovanni,1
domingo,1
standardization,1
lex,1
formative,1
theology,1
insignia,1
bert,1
intervention,1
baltikums,1
circuitry,1
experiences,1
imperii,1
cartels,1
outer,1
gyorgy,1
realites,1
iran,1
haselsteiner,1
resurrection,1
strategic,1
hold,1
vestermanis,1
innovation,1
direction,1
theologians,1
positive,1
structural,1
birgitta,1
engineering,1
olowo,1
capitulaire,1
lisa,1
convictions,1
maryanne,1
robin,1
mohammed,1
strategien,1
tullos,1
communications,1
rational,1
widows,1
angel,1
usages,1
portrayed,1
selling,1
shipping,1
mcclenny,1
campagnes,1
hugh,1
heutigen,1
arrangements,1
lammers,1
goran,1
treaty,1
moses,1
emigrants,1
halls,1
christiansen,1
mendelsohn,1
reif,1
mission,1
neil,1
historisierende,1
sex,1
gati,1
lycia,1
clergy,1
tatsachen,1
lump,1
dewey,1
buza,1
midlife,1
turk,1
mabel,1
demographic,1
knoxville,1
hands,1
marshall,1
riots,1
dictates,1
josephson,1
tax,1
acting,1
brubach,1
home,1
vatican,1
mixon,1
light,1
islam,1
antwerp,1
liberties,1
bloomington,1
reinagle,1
amazon,1
hawley,1
teaching,1
arbeiter,1
choices,1
apres,1
skin,1
gouverner,1
baltimore,1
cavanagh,1
locality,1
um,1
ddr,1
wright,1
families,1
preparations,1
schultz,1
heutiger,1
nineteenthcentury,1
belonging,1
brownfoot,1
tricks,1
gcnter,1
meconnue,1
maryknoll,1
liens,1
foolishness,1
fornication,1
toronto,1
spaten,1
apostasy,1
parcellaire,1
johanek,1
pragmatische,1
barkan,1
ambiguities,1
raids,1
verstehen,1
sketch,1
lee,1
offene,1
gentleman,1
herkunft,1
wightman,1
wiggershaus,1
lehigh,1
nova,1
party,1
europeanising,1
constituency,1
neoabsolutism,1
logos,1
freeden,1
brunton,1
transylvania,1
amateurs,1
geschichtsschreiber,1
ind,1
layton,1
yarbourough,1
heritage,1
collcutt,1
hoyt,1
challenge,1
clemenza,1
fink,1
factory,1
pisanello,1
coupe,1
denning,1
doleances,1
death,1
christ,1
conditioner,1
nach,1
many,1
financial,1
erhard,1
haydar,1
prometheus,1
headquarters,1
analytical,1
epochenubergreifenden,1
barber,1
efforts,1
wegner,1
lotchin,1
folklore,1
fact,1
schrader,1
ceramic,1
enrico,1
slater,1
theorie,1
langton,1
designing,1
scholars,1
livezeanu,1
alvin,1
airlie,1
indies,1
minnesota,1
call,1
tendenzen,1
prior,1
nsdap,1
strabo,1
stockwell,1
sullivan,1
documents,1
armonk,1
kollektivismus,1
calvi,1
philanthropy,1
occultism,1
children,1
chadwick,1
connell,1
francaise,1
thesen,1
historiographie,1
quelques,1
allemand,1
kinkley,1
peelite,1
personality,1
arthur,1
contemporary,1
navy,1
doubt,1
hludovicus,1
astride,1
arabia,1
golden,1
hebei,1
considerable,1
pennsylvania,1
nuclear,1
dramas,1
pairing,1
rectifying,1
zealand,1
hollen,1
boardman,1
frankische,1
outside,1
maurus,1
tribunals,1
do,1
monographs,1
everyday,1
spain,1
allyn,1
colonizer,1
frankenreich,1
centre,1
nicolas,1
infallibility,1
tlhe,1
lehmann,1
dandolo,1
realms,1
geschichtswissenschaftlicher,1
melinda,1
jenny,1
homefolk,1
less,1
geoff,1
foot,1
habsburg,1
mckivigan,1
confrontation,1
favela,1
judith,1
dance,1
kaiser,1
piety,1
keynesian,1
practice,1
bremner,1
minneapolis,1
thema,1
gash,1
invitation,1
woman,1
kessler,1
native,1
kranzberg,1
casey,1
apathy,1
grenzen,1
interdependencies,1
manoir,1
fundamentals,1
rechained,1
anglosaxon,1
anspruch,1
wood,1
antichrist,1
informationsquelle,1
mill,1
kellenbenz,1
incestuous,1
outlines,1
ecology,1
barrett,1
griffiths,1
orientalizing,1
revolutionizing,1
terrorism,1
noch,1
autobiography,1
reinerman,1
sterling,1
hickory,1
crown,1
ramsdell,1
dialog,1
sowjetrevolution,1
childers,1
haag,1
sakralisierung,1
rulers,1
pennybacker,1
franklinian,1
antonio,1
lenman,1
everitt,1
seventythird,1
kategorie,1
heisst,1
moralist,1
mothers,1
maritime,1
randall,1
augustus,1
sacramental,1
antiantisemitismus,1
trexler,1
opera,1
writings,1
chaudhuri,1
ezio,1
burdick,1
rihll,1
benton,1
hoppe,1
reponsibility,1
sympotica,1
paraheraldic,1
strays,1
ged,1
wheatley,1
berard,1
knudsen,1
illumination,1
rona,1
klas,1
cohesion,1
elections,1
twelfth,1
diplomatic,1
elegy,1
storici,1
gunamerican,1
illusion,1
food,1
sold,1
hypotheses,1
fehr,1
transcendent,1
hooper,1
bossitre,1
francis,1
web,1
tapper,1
factor,1
golkin,1
jerome,1
decouvertes,1
hyakinthia,1
franca,1
pauline,1
volkspadagogik,1
dynamik,1
cerutti,1
questions,1
josephy,1
ciammitti,1
farr,1
processes,1
attic,1
antistatist,1
engineers,1
reflexionen,1
regnum,1
zukunftigen,1
historiens,1
yucatdn,1
bassam,1
services,1
laboratory,1
examination,1
housing,1
jacques,1
voice,1
mcbride,1
prints,1
tswana,1
california,1
simona,1
chinois,1
jacobsen,1
catherine,1
netherlands,1
continuities,1
berkshire,1
quasi,1
angevines,1
tribespeople,1
biurgertum,1
homeric,1
convivalia,1
exports,1
crises,1
marxistischen,1
discovered,1
mayan,1
truths,1
diplomacy,1
vergleichender,1
three,1
archaeological,1
tis,1
berrigan,1
advent,1
jose,1
vindication,1
astronomus,1
boshof,1
comprehensive,1
gesture,1
semiotics,1
angestellten,1
zsuzsa,1
aaron,1
mittelalterliche,1
health,1
sozialund,1
tomlinson,1
dominique,1
aquitaine,1
gailey,1
eve,1
physics,1
delicacy,1
ellis,1
roider,1
pakeha,1
schmitz,1
tim,1
organicism,1
tobias,1
gates,1
acquiescence,1
irsigler,1
callaghan,1
miracle,1
sykes,1
stages,1
worldly,1
paths,1
administrative,1
phantasieprodukt,1
systeme,1
democrats,1
ted,1
poetic,1
dell,1
wirtschaftgeschichte,1
mourning,1
shift,1
sally,1
municipal,1
sozialismus,1
morals,1
exchange,1
herman,1
chemotherapy,1
padua,1
promotion,1
miami,1
skaia,1
fenster,1
lapidus,1
special,1
historikerstreit,1
jurisdiction,1
borderline,1
caesar,1
mining,1
chapel,1
anomalies,1
burgerwehr,1
nisbet,1
conway,1
rudolph,1
craft,1
relation,1
espita,1
epistemology,1
roo,1
sharrock,1
realism,1
orville,1
spenser,1
closures,1
volturno,1
unites,1
can,1
seattle,1
masculine,1
other,1
etruria,1
intergovernmental,1
diamond,1
perring,1
concepts,1
patterson,1
herzog,1
postwar,1
thirteenth,1
lothar,1
certificate,1
noonan,1
pieux,1
white,1
greece,1
horse,1
hume,1
guimaraes,1
renate,1
northern,1
potato,1
wells,1
cape,1
pippin,1
pal,1
dincauze,1
destruction,1
famine,1
vierteljahrschrift,1
davies,1
anteil,1
stuckey,1
hanover,1
westbrook,1
limites,1
originiality,1
sandra,1
andreas,1
congressional,1
vain,1
jarnut,1
pieper,1
hunt,1
splintering,1
perils,1
tennessee,1
bee,1
revivalism,1
pohl,1
dogs,1
regained,1
fruhauf,1
antikommunismus,1
wyatt,1
rachel,1
indoctrination,1
seasons,1
wehrle,1
poisson,1
hoyle,1
nationale,1
cation,1
monstrous,1
carla,1
aid,1
circle,1
parisienne,1
raison,1
zuckerman,1
ames,1
grammar,1
note,1
delhi,1
urkunden,1
ansbach,1
charlottesville,1
she,1
voyages,1
figure,1
whig,1
fairfield,1
kowalsky,1
darstellung,1
colombian,1
tremp,1
geschichtsund,1
tillman,1
selections,1
foster,1
wampum,1
menstrual,1
select,1
falk,1
immer,1
order,1
yemen,1
pyren,1
racial,1
peden,1
edna,1
dulles,1
monuments,1
irina,1
boch,1
mystic,1
kano,1
fydfil,1
aude,1
mughuls,1
philosopher,1
atorisations,1
waksman,1
anxiety,1
boehling,1
contents,1
waldo,1
dietrich,1
bermuda,1
antiquity,1
volumes,1
poetics,1
bellingham,1
es,1
belhoste,1
responsible,1
herrschaft,1
hope,1
jeremiad,1
caste,1
appraisals,1
sage,1
entertainment,1
istvan,1
aspirations,1
dead,1
wives,1
interpretive,1
holmes,1
introdution,1
housewives,1
seepapitso,1
fontana,1
types,1
lingua,1
armagh,1
molella,1
dominoes,1
blochs,1
canada,1
sicht,1
forestiers,1
heather,1
yoruba,1
princes,1
bolognese,1
strukturalisten,1
popularization,1
thick,1
ritschl,1
dickinson,1
conservation,1
imperialists,1
schmid,1
legacies,1
metallurgie,1
beckman,1
karachi,1
konigsmacht,1
tafhimi,1
school,1
troubles,1
proof,1
markt,1
presidency,1
abandonment,1
magnitude,1
shadow,1
shelley,1
absolutism,1
thinking,1
associated,1
gascoigne,1
ned,1
eckhard,1
gabel,1
marjorie,1
begriffs,1
rea,1
impulse,1
preface,1
anacreontea,1
naples,1
hajdij,1
colonists,1
quasistatischen,1
contre,1
estates,1
uel,1
normand,1
grand,1
pach,1
anwar,1
boris,1
dieter,1
regni,1
rabinowitz,1
manual,1
kocka,1
ivan,1
steel,1
counterrevolution,1
hrabanus,1
vi,1
potter,1
theme,1
barbarism,1
truman,1
ashfaque,1
antifaschistische,1
geschichtsforschung,1
eley,1
roderick,1
ralph,1
homicide,1
darwin,1
md,1
esther,1
text,1
rocky,1
dedicatory,1
welt,1
livery,1
alternative,1
tony,1
careless,1
franul,1
starr,1
confucianization,1
munich,1
besonderen,1
downfall,1
forty,1
butler,1
canova,1
rosler,1
korean,1
defining,1
berkeley,1
eworth,1
reinhardt,1
soccorso,1
galler,1
brooke,1
threefold,1
anthropological,1
hanns,1
katz,1
mozetic,1
readily,1
calvados,1
jamil,1
cutlery,1
anthropologists,1
bridging,1
regionalism,1
assent,1
planter,1
legaljurisdiction,1
somogyi,1
herlihy,1
commission,1
connection,1
hildegard,1
setting,1
asiwaju,1
exploration,1
zeugnisse,1
tecusan,1
bologna,1
elisabeth,1
alexander,1
ahr,1
soziologie,1
honneur,1
rocke,1
luray,1
skinner,1
republicanism,1
bewick,1
zeitalters,1
marvin,1
current,1
allied,1
mccormmach,1
franconian,1
then,1
iii,1
massenvergasungen,1
steensgaard,1
unter,1
magi,1
kowaleski,1
dinwiddy,1
szakaly,1
guy,1
zamolla,1
korea,1
anglicanism,1
mullett,1
xxii,1
kleiner,1
heterodoxy,1
reflected,1
gangige,1
seidelmann,1
stalin,1
quintana,1
ambivalent,1
seigneurialisation,1
recherche,1
thompson,1
studdertkennedy,1
just,1
passage,1
baart,1
living,1
ashworth,1
carole,1
lending,1
plantation,1
bowie,1
beth,1
tribalism,1
einem,1
mythen,1
outlook,1
tenth,1
didn,1
patsy,1
alfonso,1
sentir,1
verhailtnis,1
dualities,1
alex,1
notable,1
landsman,1
investigation,1
rockets,1
daniela,1
christelow,1
burns,1
thejurisprudence,1
spatial,1
tragedy,1
bonassie,1
mireille,1
offering,1
historikerstreits,1
evangelical,1
abraham,1
larson,1
induction,1
bayreuth,1
sociology,1
monastery,1
imposed,1
westminster,1
thirty,1
cobb,1
satirist,1
rainer,1
anthem,1
millett,1
rafia,1
benoit,1
alice,1
reill,1
penetration,1
stiurmer,1
wiseman,1
inscriptions,1
woodward,1
always,1
diethelm,1
utopianism,1
merthyr,1
marxisme,1
foa,1
pravda,1
dissecting,1
burkhard,1
amy,1
constitutional,1
osborne,1
ahmad,1
baltic,1
rurale,1
zdatny,1
carmina,1
emblematic,1
limitations,1
austerlitz,1
psychology,1
moller,1
abolitionism,1
quaderni,1
goodman,1
threat,1
seidler,1
diktum,1
aef,1
intentionalisten,1
differenzierung,1
eagles,1
swanson,1
neglected,1
aragon,1
nj,1
abschliessende,1
bodies,1
portraits,1
beitrage,1
compar,1
corbier,1
lois,1
arabic,1
calligraphy,1
recognition,1
furniture,1
cattle,1
edwards,1
beck,1
husain,1
daughters,1
aktualitat,1
beiden,1
sea,1
jahrhunderts,1
bemusement,1
practices,1
beer,1
sympotikos,1
giving,1
maori,1
bourgeois,1
apartheid,1
subject,1
fu,1
administration,1
objektivitatsstreben,1
krawchenko,1
went,1
entstehung,1
spending,1
territory,1
jahyun,1
tilkovszky,1
ludens,1
commodities,1
goody,1
alain,1
kategorien,1
bloomfield,1
einheitsidee,1
manuela,1
abbott,1
superpowers,1
stevenson,1
breakthrough,1
samnium,1
historiker,1
diocese,1
falter,1
now,1
aims,1
representation,1
imams,1
decolonization,1
sumter,1
disfranchisement,1
heroic,1
velychenko,1
kinley,1
lucia,1
auseinandersetzung,1
examinations,1
jeszenszky,1
arnoux,1
molesworth,1
vierhaus,1
indiana,1
ariege,1
leonid,1
jeanclaude,1
idealism,1
chile,1
finn,1
radicalism,1
ulrich,1
nikolaus,1
faama,1
colonel,1
commercial,1
conscience,1
arturo,1
frontiers,1
righteousness,1
tabus,1
mcclain,1
wang,1
rediscovery,1
zussman,1
goldfield,1
scribes,1
twentieth,1
dittmar,1
allgemeine,1
bak,1
defence,1
haboush,1
melzak,1
samuel,1
washington,1
aristocratic,1
berezin,1
melandri,1
peru,1
mode,1
schlecht,1
value,1
caton,1
joined,1
ceci,1
unfit,1
sylviculture,1
deterrence,1
afrique,1
cooper,1
geiss,1
hunter,1
unified,1
alessandra,1
sacrificial,1
writer,1
dogma,1
girvin,1
schatten,1
integration,1
constituencies,1
horward,1
gentry,1
voluntary,1
daiches,1
socialism,1
lettische,1
langford,1
massnahmen,1
sanctae,1
jorn,1
jost,1
folly,1
reformation,1
ordinatio,1
ruth,1
negotiations,1
dissent,1
methode,1
observation,1
papal,1
gerucht,1
klein,1
price,1
spezifischem,1
lauritz,1
themselves,1
mystery,1
marxist,1
elites,1
point,1
johnson,1
cook,1
forms,1
pettegree,1
be,1
enterprise,1
arsenault,1
odum,1
partial,1
fears,1
views,1
including,1
dalkeith,1
shropshire,1
ehrlich,1
northwestern,1
documentary,1
surveys,1
blackcoated,1
roe,1
much,1
gurevich,1
zorzetti,1
seamstress,1
ss,1
keine,1
fossier,1
anton,1
cavendish,1
feodalite,1
hilton,1
building,1
broader,1
tract,1
braddock,1
metz,1
darstellungen,1
fertilization,1
geremia,1
robling,1
lend,1
organized,1
marxism,1
race,1
egon,1
kedar,1
hurstfield,1
xxv,1
campen,1
schmitt,1
baylis,1
corbie,1
hypothesis,1
