WORDCOUNTS,WEIGHT
the,903
of,704
and,555
to,353
in,352
a,222
that,162
chinese,149
as,143
were,123
was,105
immigration,100
by,98
exclusion,91
for,81
on,78
with,77
from,76
be,74
they,69
their,68
not,66
but,61
or,58
social,52
laws,50
american,48
these,48
is,47
at,46
ritual,46
had,46
s,45
more,45
all,42
this,40
bureau,39
it,38
an,38
he,37
have,36
could,35
enforcement,34
no,34
are,34
between,34
who,32
his,31
law,31
migrants,31
china,30
annual,30
new,30
kong,30
report,30
states,30
one,29
end,29
start,28
officials,28
united,28
historical,28
through,28
you,28
into,27
migration,27
review,27
when,27
april,27
u,27
other,26
order,26
state,25
than,25
procedures,25
see,25
hong,24
entry,24
most,24
which,24
them,24
general,23
also,23
would,23
race,23
very,22
even,21
exempt,21
only,21
been,21
classes,20
history,19
sdvd,19
ritualization,19
consuls,19
applicant,19
adam,19
mckeown,19
over,19
files,19
such,18
its,18
status,18
power,18
many,18
each,18
categories,18
nara,17
world,17
after,17
can,17
terms,17
certificates,16
government,16
rg,16
nation,16
department,16
procedure,15
commissioner,15
san,15
regulation,15
time,15
made,15
individual,15
applicants,15
fraud,15
before,14
papers,14
has,14
against,14
networks,14
how,14
own,14
proper,14
both,14
inspector,14
francisco,14
much,14
boycott,13
cases,13
process,13
ports,13
often,13
any,13
investigation,13
now,12
truth,12
investigations,12
merchants,12
testimony,12
do,12
coaching,12
class,12
citizenship,12
claims,12
agents,12
did,12
what,12
false,12
chicago,12
those,11
some,11
relations,11
means,11
clearly,11
because,11
year,11
during,11
personal,11
encounters,11
family,11
decisions,11
identity,11
questions,11
administrative,11
claimed,11
extensive,11
bureaucratic,11
complaints,11
fraudulent,10
if,10
activity,10
university,10
late,10
about,10
ed,10
so,10
ritualized,10
citizens,10
little,10
defined,10
themselves,10
courts,9
modern,9
harsh,9
court,9
within,9
case,9
right,9
six,9
york,9
n,9
migrant,9
brokers,9
two,9
rituals,9
around,9
society,9
culture,9
same,9
increasingly,9
less,9
despatches,9
individuals,9
bureaucrats,9
itself,9
set,9
merchant,9
complex,8
schools,8
file,8
worked,8
consular,8
system,8
out,8
relationships,8
visa,8
journal,8
rather,8
store,8
ceremony,8
appear,8
international,8
public,8
aspects,8
work,8
island,8
legislation,8
claim,8
lawyers,8
movement,8
home,8
treatment,8
reform,8
region,8
california,8
life,8
must,8
canton,8
control,8
imperial,8
subject,8
administration,8
national,8
c,8
tigers,7
policy,7
paper,7
salyer,7
every,7
take,7
roosevelt,7
account,7
marked,7
say,7
interviews,7
behavior,7
labor,7
development,7
century,7
affairs,7
philadelphia,7
statements,7
across,7
legal,7
produced,7
calavita,7
section,7
beyond,7
hereafter,7
answers,7
rule,7
cultural,7
however,7
place,7
officers,7
change,7
up,7
appeal,7
techniques,7
make,7
under,7
official,7
angel,7
members,7
organizations,7
secular,7
answer,7
local,7
consul,7
significance,7
reality,7
admission,7
justice,7
merely,7
regulations,7
encounter,7
families,7
abroad,7
should,7
denied,6
alleged,6
evasion,6
experience,6
first,6
production,6
j,6
i,6
there,6
money,6
collection,6
human,6
issued,6
immigrants,6
impartial,6
rights,6
without,6
special,6
visas,6
bisc,6
numbers,6
result,6
found,6
called,6
london,6
consistently,6
records,6
people,6
commerce,6
exclude,6
highly,6
activities,6
may,6
letters,6
judy,6
expansion,6
schemes,6
return,6
still,6
rites,6
included,6
formalized,6
statistics,6
genuine,6
necessary,6
practice,6
examination,6
students,6
information,6
bureaucracies,6
percent,6
yung,6
relationship,6
continued,6
analysis,6
material,6
berkeley,6
global,6
calif,6
theory,6
despite,6
became,6
years,6
washington,6
d,6
point,6
laborers,6
customs,6
does,5
common,5
way,5
systematization,5
properly,5
true,5
source,5
princeton,5
being,5
nature,5
shaped,5
borders,5
political,5
politics,5
except,5
along,5
difficulties,5
kind,5
concerning,5
effective,5
profit,5
border,5
cosmic,5
chan,5
failed,5
folder,5
developed,5
opportunity,5
reforms,5
intensive,5
just,5
method,5
aliens,5
search,5
events,5
requirements,5
standardized,5
record,5
claiming,5
participation,5
relatives,5
knowledge,5
long,5
few,5
villages,5
correspondence,5
practices,5
action,5
once,5
yet,5
opportunities,5
participants,5
actually,5
idle,5
others,5
witnesses,5
children,5
john,5
surveillance,5
eds,5
free,5
treated,5
nothing,5
grew,5
allowed,5
high,5
men,5
become,5
foreign,5
institutions,5
laborer,5
ever,5
far,5
enforcing,5
making,5
particular,5
produce,5
question,5
carefully,5
cambridge,5
mcclain,5
evidence,5
increased,5
standards,5
predictable,5
large,4
diplomatic,4
designed,4
asserted,4
descriptions,4
anything,4
sources,4
taken,4
words,4
together,4
issue,4
inseparable,4
assertions,4
task,4
mass,4
possible,4
october,4
move,4
bell,4
goal,4
medical,4
arrested,4
agent,4
hawaii,4
expected,4
nor,4
body,4
businesspeople,4
communication,4
responded,4
direct,4
too,4
max,4
peru,4
opinion,4
came,4
based,4
bearing,4
businesses,4
occupation,4
your,4
required,4
well,4
line,4
purpose,4
apparent,4
supreme,4
q,4
overseas,4
stanford,4
contradictions,4
hard,4
june,4
routine,4
acts,4
provided,4
nations,4
equality,4
matter,4
various,4
scientific,4
wrote,4
service,4
criticized,4
sargent,4
nearly,4
expanded,4
ask,4
fair,4
treaty,4
bicc,4
paradoxes,4
us,4
administrators,4
powderly,4
adherence,4
fact,4
daily,4
resolved,4
outside,4
took,4
everyday,4
establish,4
remained,4
formal,4
identification,4
engaged,4
previous,4
office,4
described,4
rejected,4
modem,4
like,4
period,4
him,4
problems,4
effect,4
january,4
certificate,4
contracts,4
we,4
embodied,4
citizen,4
success,4
force,4
smuggling,4
scholarship,4
face,4
canada,4
rigorous,4
matters,4
issuing,4
sure,4
country,4
research,4
identities,4
passage,4
february,4
charged,4
born,4
whether,4
problem,4
obtain,4
isolated,4
spirit,4
until,4
aware,4
include,4
although,4
define,4
charles,4
weber,4
create,4
interaction,4
among,4
gong,4
asked,4
difficult,3
treaties,3
measures,3
mundane,3
village,3
hearings,3
illegal,3
kinds,3
essays,3
library,3
sons,3
h,3
strictly,3
studies,3
justified,3
hegemony,3
something,3
nonetheless,3
turning,3
xiamen,3
creation,3
pervasive,3
attempts,3
freely,3
simple,3
resulting,3
subsequent,3
emphasized,3
precisely,3
sacred,3
decreased,3
barred,3
recorded,3
key,3
america,3
interior,3
letter,3
framework,3
regarding,3
facts,3
immediate,3
since,3
due,3
de,3
ability,3
consumer,3
unfamiliar,3
rationalized,3
turn,3
old,3
back,3
young,3
left,3
incarceration,3
insisted,3
rates,3
implementation,3
opposed,3
exact,3
act,3
bring,3
stop,3
knew,3
active,3
certain,3
enacted,3
impressed,3
changes,3
tensions,3
established,3
mistakes,3
mary,3
zeng,3
show,3
huaqiao,3
generally,3
expressed,3
societies,3
access,3
p,3
attack,3
harbormaster,3
changed,3
facilitate,3
attained,3
embedded,3
further,3
equally,3
understood,3
orchestration,3
symbols,3
companies,3
wealth,3
explain,3
james,3
failure,3
basis,3
chew,3
douglas,3
framed,3
heart,3
example,3
member,3
trends,3
correct,3
successful,3
caused,3
responsibility,3
things,3
concerns,3
protect,3
boundaries,3
dependent,3
structured,3
newly,3
sovereign,3
republic,3
business,3
convinced,3
interference,3
transnational,3
community,3
experiences,3
went,3
dreaming,3
caminetti,3
victor,3
neither,3
industrial,3
reports,3
she,3
rejections,3
rise,3
passport,3
technicalities,3
lee,3
stated,3
mark,3
responsibilities,3
experienced,3
efforts,3
consideration,3
scholars,3
documents,3
insular,3
larger,3
debates,3
possession,3
never,3
hand,3
where,3
another,3
greatest,3
birth,3
upon,3
liminality,3
secretary,3
asian,3
forgot,3
largely,3
ceremonies,3
open,3
language,3
diplomats,3
david,3
mexico,3
distinction,3
promotion,3
especially,3
somehow,3
methods,3
chapel,3
interpretations,3
begun,3
hunt,3
dealing,3
inertia,3
mckee,3
hill,3
male,3
investigators,3
cuba,3
returned,3
efficiency,3
construction,3
directives,3
enforced,3
stable,3
considered,3
proof,3
rarely,3
peoples,3
partnerships,3
known,3
constructed,3
organization,3
quickly,3
natural,3
refused,3
distinctions,3
best,3
universal,3
coolie,3
then,3
particularly,3
contradictory,3
visits,3
innumerable,3
better,3
march,3
form,3
leaving,3
systematize,3
original,3
bodies,3
presented,3
november,3
intended,3
territory,3
arguments,3
definitions,3
goals,3
our,3
come,3
examinations,3
grant,3
socially,3
already,3
off,3
rejection,3
early,3
entire,3
given,3
philippines,3
close,3
thorough,3
final,2
go,2
superiority,2
archives,2
transportation,2
possessed,2
child,2
myerhoff,2
concerned,2
meaning,2
groups,2
corporate,2
created,2
conformance,2
resulted,2
trans,2
filing,2
spurred,2
crossing,2
police,2
discover,2
instructions,2
elaborated,2
tend,2
join,2
cynical,2
easily,2
weaker,2
character,2
ambitious,2
nineteenth,2
materials,2
women,2
efficacy,2
arms,2
fabric,2
discretion,2
t,2
wrong,2
complained,2
nonexistent,2
interested,2
bonding,2
promoting,2
rational,2
sinn,2
friendly,2
principles,2
skills,2
down,2
advantage,2
assertion,2
accompanied,2
desire,2
great,2
differences,2
transferred,2
amoy,2
deemed,2
embrace,2
last,2
manipulating,2
robert,2
alike,2
ad,2
reduced,2
depends,2
departures,2
partners,2
empty,2
existence,2
courtesy,2
advice,2
habeas,2
efficacious,2
vol,2
discrepancies,2
felt,2
determined,2
condition,2
fritz,2
illegitimate,2
obvious,2
transcend,2
apart,2
morale,2
desired,2
sent,2
enter,2
promises,2
fitzgerald,2
ng,2
emigration,2
former,2
complete,2
september,2
associations,2
thus,2
andrew,2
upheld,2
meiguo,2
surely,2
taipei,2
used,2
demanded,2
hierarchy,2
interest,2
finally,2
authoritative,2
relatively,2
afford,2
delber,2
rooted,2
admitted,2
arena,2
exercise,2
unity,2
distinct,2
elements,2
blame,2
reincorporation,2
transcends,2
contrary,2
perceived,2
columbia,2
channels,2
difficulty,2
served,2
stipulated,2
determinations,2
student,2
mankind,2
weakness,2
higher,2
reinserted,2
behave,2
offices,2
gaining,2
humiliate,2
manipulated,2
cheat,2
gluckman,2
lucy,2
growth,2
performance,2
abolished,2
systematized,2
generations,2
district,2
aggressive,2
basic,2
explicit,2
migrate,2
dealt,2
determining,2
granted,2
earlier,2
importance,2
hearing,2
institutionalized,2
pages,2
white,2
lay,2
animals,2
requiring,2
indispensable,2
ordeal,2
partnership,2
circulated,2
wanted,2
marks,2
paperwork,2
delegation,2
bribery,2
formulaic,2
toy,2
benefits,2
repeated,2
peasants,2
articulated,2
northeastern,2
w,2
four,2
commonly,2
filed,2
origins,2
statement,2
officer,2
orchestrating,2
isolation,2
followed,2
obstacles,2
bancroft,2
boundary,2
yes,2
shifted,2
trained,2
decades,2
qualities,2
whereas,2
authority,2
station,2
legislative,2
advance,2
cumbersome,2
testimonies,2
blamed,2
conflict,2
typical,2
inappropriate,2
amsterdam,2
inspectors,2
lived,2
her,2
pass,2
none,2
receive,2
heaven,2
moore,2
persons,2
cannot,2
fulfill,2
sovereignty,2
applied,2
erratic,2
tension,2
expedient,2
judicial,2
opposition,2
claimants,2
stations,2
technical,2
representatives,2
gained,2
directly,2
r,2
y,2
residents,2
received,2
appeals,2
tool,2
qualifications,2
imagined,2
future,2
concept,2
brought,2
part,2
positions,2
lai,2
diasporic,2
gave,2
obscured,2
travel,2
broad,2
beginnings,2
details,2
call,2
systematic,2
preparation,2
alan,2
burden,2
my,2
weeks,2
oriental,2
published,2
solution,2
legacy,2
strict,2
sense,2
reproduced,2
shaping,2
wished,2
stage,2
debts,2
humiliated,2
clothes,2
arbitrary,2
small,2
several,2
characteristics,2
reported,2
distinguished,2
portions,2
impossible,2
always,2
inability,2
erika,2
resistance,2
describes,2
appropriate,2
chin,2
interests,2
actions,2
massive,2
periods,2
south,2
analytic,2
highlights,2
led,2
likely,2
arrangement,2
ceremonial,2
middlemen,2
variety,2
territorial,2
european,2
economic,2
separation,2
limited,2
play,2
elizabeth,2
merits,2
exception,2
comments,2
suppose,2
positive,2
corpus,2
legality,2
oxford,2
pacific,2
prepare,2
criticism,2
interpretation,2
fit,2
recommendation,2
cangling,2
suspicious,2
continuity,2
seeing,2
babe,2
favorable,2
shifting,2
deportation,2
al,2
insights,2
confirmed,2
entwined,2
resolution,2
fire,2
sometimes,2
toward,2
purely,2
similarly,2
bordering,2
lack,2
turner,2
revenue,2
broadly,2
admissible,2
really,2
practical,2
wu,2
remain,2
pattern,2
man,2
serious,2
poon,2
developing,2
ritualism,2
empire,2
accepted,2
duties,2
conviction,2
woman,2
native,2
project,2
compelled,2
explicitly,2
hsu,2
civilized,2
investment,2
vast,2
divided,2
father,2
examples,2
effectiveness,2
restrictions,2
easier,2
discrimination,2
including,2
depended,2
unpredictable,2
complexities,2
significant,2
expression,2
use,2
sold,2
sequence,2
ethnic,2
hoc,2
rigor,2
dismissed,2
mei,2
loosely,2
lakes,2
demoralized,2
logic,2
interpret,2
gate,2
characterized,2
summer,2
features,2
documentation,2
entitled,2
improved,2
forms,2
internal,2
nationality,2
catherine,2
relation,2
narrow,2
overcome,2
excluded,2
structure,2
travelers,2
saw,2
dunham,2
ago,2
concluded,2
exchanged,2
consequences,2
diasporas,2
enough,2
suggest,2
ascertained,2
asking,2
discussing,2
raw,2
wives,2
me,2
science,2
bulk,2
usually,2
criminal,2
vision,2
ideology,2
program,2
vague,2
attitude,2
existing,2
statutes,2
detailed,2
began,2
determination,2
slots,2
transformation,2
rapidly,2
existed,2
bureaus,2
interview,2
fields,2
problematic,2
consulate,2
door,2
acquired,2
environment,2
authorities,2
believed,2
dispersed,2
version,2
yow,2
contradiction,2
wear,2
trapped,2
organizational,2
offers,2
lives,2
bloch,2
guaranteed,2
correspond,2
proponents,2
different,2
december,2
aims,2
seem,2
wall,2
ju,2
inquiry,2
foundation,2
brothers,2
predictability,2
exhaustive,2
privileged,2
benefit,2
examining,2
past,2
quoted,2
works,2
table,2
person,2
bureaucratically,2
game,2
discharge,2
sociology,2
proven,2
reiterated,2
passed,2
fully,2
kitty,2
while,2
argued,2
prestige,2
collector,2
number,2
suspicion,2
ascertain,2
facial,2
son,2
daughters,2
shi,2
uniform,2
role,2
returning,2
ignorant,2
bona,2
possessions,2
categorization,2
fide,2
precision,2
reinforced,2
promoted,2
proceduralism,2
ultimately,2
cosmopolitan,2
notes,2
wang,2
copies,2
twentieth,2
web,2
accept,2
course,2
insight,2
actively,2
instead,2
judges,2
proscribed,2
opinions,2
attempted,2
measure,2
measured,2
shift,2
exasperating,2
thousand,2
specific,2
conceptualizing,2
removed,2
justify,2
sing,2
coolies,2
routinization,2
establishment,2
roles,2
gold,2
continuously,2
tangible,1
proposed,1
carved,1
miller,1
deception,1
ira,1
democracy,1
ineligibility,1
superstitious,1
superlative,1
basing,1
complaint,1
formulated,1
scandal,1
produces,1
done,1
struggle,1
flow,1
anita,1
fathers,1
liminal,1
razed,1
residing,1
implemented,1
conflicting,1
stuart,1
destroying,1
fortified,1
medieval,1
anthony,1
later,1
worship,1
yanjiu,1
names,1
centering,1
trustworthy,1
ments,1
commitment,1
separated,1
dangers,1
everyone,1
market,1
personnel,1
relaxation,1
reconsidered,1
legitimate,1
determine,1
nationalities,1
northeast,1
implies,1
densmore,1
resided,1
associated,1
deceit,1
ultimate,1
manuscript,1
pushed,1
per,1
linguistic,1
germany,1
passing,1
everybody,1
stripped,1
told,1
center,1
registering,1
needed,1
confidence,1
replaced,1
judged,1
achievements,1
perpetuate,1
systematically,1
incorporated,1
harsher,1
myth,1
rounsevelle,1
hull,1
blessing,1
picking,1
confiscate,1
philippe,1
summaries,1
federal,1
solidarity,1
remnants,1
nuts,1
approaches,1
sudden,1
competence,1
zai,1
compilation,1
candidate,1
favor,1
mentality,1
ziliao,1
inhibitions,1
diffuse,1
conclusive,1
reasonably,1
acceptance,1
oppressive,1
devices,1
enmeshed,1
gerth,1
committee,1
necessarily,1
classify,1
habits,1
duped,1
subjection,1
conforming,1
arrived,1
viewpoints,1
litigation,1
contested,1
flaws,1
absence,1
sequential,1
landowners,1
contexts,1
intentions,1
journeys,1
warehouse,1
mitigated,1
fluctuations,1
diaries,1
evaluations,1
lower,1
said,1
fu,1
uprising,1
consistent,1
mcdermott,1
estimated,1
bocock,1
beneficial,1
bringing,1
wallerstein,1
undermine,1
sympathizers,1
collusion,1
titles,1
specifically,1
transnationalism,1
li,1
expands,1
certainly,1
chun,1
swelling,1
upholding,1
utopia,1
buc,1
melissa,1
xingqi,1
entailed,1
overdramatized,1
shanghai,1
steady,1
give,1
chaos,1
debating,1
military,1
might,1
rapid,1
attempt,1
geary,1
expectation,1
absurd,1
funerals,1
yangcheng,1
england,1
tourist,1
seems,1
liberty,1
sean,1
parties,1
layout,1
captives,1
possibilities,1
incessant,1
services,1
copy,1
capitalist,1
tradition,1
ofasian,1
leading,1
albans,1
display,1
astonishingly,1
monitor,1
accessible,1
incongruity,1
farmers,1
richards,1
potentially,1
analyses,1
origin,1
supernatural,1
senses,1
achievement,1
inequity,1
inherent,1
mills,1
lumped,1
knowable,1
closer,1
hundred,1
loud,1
concludes,1
religion,1
friend,1
guangxu,1
real,1
farmer,1
uncultured,1
hands,1
inland,1
inadvertently,1
speeches,1
maurice,1
quarter,1
failures,1
color,1
months,1
tossing,1
alternated,1
devised,1
mai,1
cheshire,1
murray,1
holidays,1
keith,1
henry,1
raised,1
immanuel,1
reserved,1
gifts,1
classified,1
regard,1
contradicting,1
reading,1
signs,1
theodore,1
renda,1
behind,1
fingernails,1
context,1
backlash,1
contents,1
majority,1
painstaking,1
corroborating,1
growing,1
lawmakers,1
documenting,1
acknowledged,1
daotai,1
maintaining,1
jane,1
ark,1
unmediated,1
indebtedness,1
collaborate,1
ngai,1
merchandising,1
attacked,1
gaps,1
tutoring,1
framing,1
weddings,1
adverse,1
robes,1
primary,1
lim,1
steamer,1
accountability,1
hevia,1
jack,1
bribes,1
quantities,1
e,1
leo,1
machinery,1
cooperation,1
planters,1
goody,1
ideal,1
facilitating,1
reaching,1
drive,1
establishing,1
rampant,1
propagation,1
reaction,1
powers,1
lodging,1
functions,1
julian,1
inflated,1
tentative,1
bland,1
emotionless,1
countered,1
terence,1
countless,1
unsuccessfully,1
professor,1
suny,1
whatever,1
taking,1
striven,1
reflecting,1
merina,1
harshness,1
owners,1
whites,1
classifications,1
cited,1
circumlocution,1
apply,1
compares,1
dirty,1
constrained,1
fragmented,1
holder,1
himself,1
geertz,1
accessed,1
entanglements,1
zhang,1
minimum,1
engage,1
internationally,1
penetrate,1
prejudice,1
gabrielle,1
singled,1
optimism,1
exist,1
learned,1
build,1
central,1
natives,1
centralized,1
disreputable,1
conquest,1
throughout,1
royal,1
sensitive,1
ronald,1
leigh,1
relocation,1
storefronts,1
fayetteville,1
accumulating,1
delimit,1
explained,1
severe,1
dynamics,1
invisibility,1
intractable,1
rulemaker,1
objective,1
entwinement,1
bali,1
categorized,1
realized,1
unpublished,1
personalities,1
machine,1
author,1
jester,1
overhaul,1
bodily,1
dynamic,1
civilizing,1
daniel,1
amenability,1
decided,1
honest,1
capped,1
price,1
unwillingness,1
birge,1
grigg,1
materially,1
exam,1
pay,1
meyer,1
topic,1
retranslated,1
masters,1
interprets,1
funds,1
spreading,1
progressive,1
estimates,1
candidates,1
tangrenjie,1
stored,1
legally,1
circulation,1
bay,1
times,1
displays,1
document,1
concrete,1
memorandum,1
convincing,1
amount,1
subjects,1
approval,1
speed,1
transitional,1
cant,1
races,1
provisions,1
applying,1
huo,1
highlighting,1
traveler,1
estimate,1
compare,1
helpful,1
liar,1
perfunctory,1
weight,1
ladies,1
landmark,1
smugglers,1
drawn,1
obscure,1
broker,1
percentage,1
bragged,1
look,1
embarrassing,1
monika,1
boom,1
sieve,1
deeply,1
william,1
educators,1
guard,1
unwelcome,1
altars,1
conceded,1
transactions,1
sensations,1
error,1
cites,1
formed,1
mechanism,1
discernment,1
collect,1
purer,1
languages,1
van,1
opium,1
mechanisms,1
inspections,1
simultaneously,1
recognized,1
americans,1
governed,1
whose,1
subordination,1
essential,1
reflects,1
inequitable,1
hopes,1
variance,1
expanding,1
troubled,1
angeles,1
categorizing,1
elasticity,1
particularistic,1
repeal,1
repayment,1
organizing,1
mediated,1
secrets,1
landscape,1
zhong,1
levels,1
shehui,1
choy,1
centralization,1
midwest,1
mean,1
utterances,1
marginalized,1
preachers,1
parents,1
suffer,1
stipulating,1
comply,1
curried,1
eight,1
rogue,1
ponder,1
b,1
se,1
elaborate,1
danger,1
echoed,1
read,1
unified,1
congressional,1
suppress,1
imperialist,1
front,1
risks,1
guides,1
intrinsic,1
forced,1
falk,1
ferry,1
fantasy,1
thomas,1
reason,1
understand,1
discourteous,1
category,1
suppression,1
paragraphs,1
perceptions,1
developments,1
deliberations,1
bad,1
facilitated,1
charities,1
want,1
immigrant,1
niuyue,1
drill,1
seaports,1
forget,1
needless,1
erecting,1
les,1
improvement,1
occupational,1
macartney,1
statistical,1
physically,1
familiar,1
image,1
unfamiliarity,1
workmen,1
wong,1
spent,1
dated,1
lima,1
photographs,1
liberal,1
warren,1
driven,1
withers,1
represented,1
ideologies,1
mobile,1
perceivable,1
likened,1
formally,1
vitality,1
frequently,1
trip,1
prevent,1
preconceived,1
benefited,1
seamless,1
theatre,1
jacobson,1
put,1
paraphernalia,1
powerful,1
follow,1
defeat,1
probe,1
consequence,1
journalistic,1
gennep,1
transcripts,1
bookkeepers,1
prosecution,1
siding,1
willing,1
bruno,1
bolts,1
dominant,1
care,1
respected,1
article,1
m,1
escapes,1
marriage,1
important,1
detroit,1
strategy,1
preference,1
adapting,1
providing,1
drawing,1
view,1
myths,1
numerical,1
bureaucracy,1
ithaca,1
greater,1
behaviour,1
opening,1
impede,1
mcneill,1
profiting,1
distribution,1
phrased,1
acceptable,1
assets,1
sociological,1
kennedy,1
complications,1
allow,1
feet,1
formulations,1
appearance,1
opposing,1
entered,1
entering,1
fingerprint,1
terse,1
frye,1
bullying,1
gradually,1
effort,1
agrees,1
standardizing,1
deal,1
demands,1
repetitive,1
bitterness,1
rooms,1
infrequent,1
madagascar,1
radical,1
mcwade,1
package,1
owen,1
erving,1
near,1
specialize,1
sight,1
illuminated,1
initial,1
emotionally,1
philosophical,1
poetry,1
suits,1
calculable,1
handbills,1
fathered,1
evaluate,1
unspecific,1
prompt,1
informed,1
shall,1
durham,1
depicted,1
focused,1
war,1
promoters,1
performed,1
fellowships,1
circular,1
districts,1
activist,1
drives,1
harassment,1
treat,1
prohibit,1
teacher,1
fabricate,1
enterprise,1
binghamton,1
attendant,1
appearing,1
demanding,1
justifies,1
guarantee,1
instrumental,1
circumstances,1
find,1
dao,1
qiwu,1
wide,1
marry,1
gods,1
temptations,1
sacrifice,1
property,1
possibility,1
expressions,1
verbally,1
boycotters,1
absurdity,1
annals,1
expensive,1
torn,1
lost,1
keeping,1
bachelor,1
distinguish,1
perpetuated,1
accounting,1
advocators,1
literature,1
minute,1
destinations,1
gains,1
formerly,1
responding,1
monodirectional,1
instituted,1
hou,1
preferred,1
invisible,1
torpey,1
unless,1
prompted,1
su,1
uncover,1
virtues,1
explains,1
exterminate,1
reduction,1
clearer,1
symbolism,1
actors,1
liberation,1
confirms,1
thoughts,1
tip,1
restructuring,1
though,1
got,1
loss,1
afar,1
cherishing,1
realm,1
accord,1
describe,1
fail,1
subtleties,1
circumcision,1
concentrate,1
noted,1
fruitful,1
structures,1
whims,1
speaking,1
et,1
advertising,1
doors,1
proliferation,1
bud,1
away,1
surrounding,1
discretionary,1
employed,1
adhere,1
implement,1
dui,1
showing,1
manage,1
revocation,1
resort,1
rulership,1
president,1
interpreted,1
conform,1
challenging,1
count,1
manipulation,1
either,1
violated,1
traders,1
circumventing,1
dialogues,1
nephew,1
ancestral,1
affections,1
good,1
multiplicity,1
creating,1
alacrity,1
leighton,1
closing,1
brush,1
describing,1
level,1
working,1
field,1
below,1
useful,1
cold,1
chose,1
reliable,1
prevalence,1
next,1
terrence,1
politically,1
villagers,1
exclusionary,1
discredit,1
consolidation,1
quite,1
desires,1
admissions,1
loan,1
involved,1
openly,1
contingency,1
revisited,1
stenographer,1
huaren,1
applauding,1
minzuzhuyi,1
starting,1
executed,1
cong,1
amounted,1
notorious,1
manchester,1
unambiguity,1
decline,1
suddenly,1
inefficiency,1
interlocked,1
exempts,1
differing,1
potent,1
coast,1
engages,1
occasions,1
condemned,1
interrogation,1
sullied,1
st,1
aggressively,1
phraseology,1
bocker,1
factionalism,1
distinguishing,1
inquiries,1
cycle,1
auspices,1
cannadine,1
shiji,1
dowries,1
criminals,1
propriety,1
moved,1
subsequently,1
prescribed,1
barbara,1
transforming,1
will,1
writs,1
threatened,1
f,1
critical,1
uncommon,1
archive,1
press,1
republican,1
ride,1
judicially,1
unofficial,1
burrett,1
investigating,1
minor,1
prompting,1
discriminatory,1
mysterious,1
exhaust,1
uncoordinated,1
impacts,1
statecraft,1
identified,1
schmidt,1
short,1
indeed,1
drama,1
brian,1
tinkering,1
racialized,1
argues,1
fruit,1
drops,1
veracruz,1
reorganization,1
constraints,1
elusive,1
convince,1
resemblance,1
july,1
specifying,1
establishes,1
harry,1
thinkers,1
intervention,1
harassed,1
interactions,1
manifest,1
holders,1
depressed,1
terrain,1
study,1
modes,1
lingshiguan,1
swarm,1
shipped,1
seemingly,1
strategic,1
safford,1
kertzer,1
improper,1
answering,1
provost,1
biological,1
boilerplate,1
label,1
convictions,1
laurene,1
frank,1
communications,1
duplicate,1
ineffective,1
ymca,1
selling,1
violence,1
felix,1
rulings,1
arrangements,1
commissionergeneral,1
intense,1
salvation,1
pp,1
rules,1
marginal,1
expansiveness,1
thought,1
corroborated,1
esoteric,1
hegemonic,1
windows,1
reprimands,1
challenged,1
wildman,1
recruited,1
cooks,1
sucheng,1
management,1
diagrams,1
earned,1
railroad,1
adjusted,1
raise,1
light,1
guanhua,1
frighten,1
note,1
watson,1
teaching,1
purity,1
disjuncture,1
influence,1
popularized,1
naval,1
wright,1
nineteenthcentury,1
resounding,1
contempt,1
lawful,1
forcefully,1
unusually,1
commodified,1
boarding,1
mich,1
vermont,1
enforce,1
shows,1
harmonize,1
avoided,1
cage,1
sanshiyi,1
cheated,1
regardless,1
fill,1
chow,1
enclaves,1
alteration,1
fellow,1
persuade,1
transformative,1
leader,1
gain,1
name,1
transnationally,1
liu,1
sovreign,1
paul,1
book,1
custom,1
civilization,1
assert,1
stronger,1
factory,1
insurrections,1
selfish,1
death,1
academy,1
usual,1
backed,1
appointed,1
patriotic,1
suspension,1
addition,1
water,1
undeceived,1
registration,1
normal,1
longer,1
admit,1
overwhelming,1
conduct,1
endless,1
empress,1
yundong,1
belong,1
departments,1
creative,1
channeling,1
trips,1
iceberg,1
striking,1
derivative,1
clerks,1
predominated,1
teachers,1
educated,1
grave,1
angry,1
pamphlet,1
diverse,1
uncle,1
accounted,1
confucian,1
everything,1
venture,1
kohler,1
supervisions,1
audiences,1
afraid,1
enactment,1
ages,1
conclusions,1
multiplication,1
meant,1
geography,1
kuo,1
chain,1
grim,1
puerto,1
manner,1
influential,1
luggage,1
zito,1
metaphors,1
nian,1
orderly,1
otago,1
relevant,1
jenny,1
michael,1
mutual,1
tell,1
confrontation,1
interstices,1
council,1
imperialists,1
dance,1
spoke,1
colony,1
deep,1
gait,1
above,1
inevitably,1
culminating,1
dunn,1
books,1
sell,1
style,1
bearers,1
streets,1
instigated,1
brutally,1
encountered,1
remarkably,1
smallest,1
realize,1
routinized,1
editorials,1
break,1
polities,1
degree,1
emotional,1
submit,1
interpreting,1
calculation,1
imagine,1
strings,1
able,1
simon,1
demonstrated,1
fundamentally,1
credit,1
analyzed,1
private,1
understanding,1
vizedom,1
collecting,1
lauren,1
tongxiang,1
churches,1
intimate,1
incorporation,1
wenshi,1
fake,1
amendments,1
explanation,1
accompanying,1
values,1
locate,1
endowment,1
fengchao,1
flaw,1
cooperating,1
jindai,1
communities,1
benton,1
patricia,1
deliberately,1
fictional,1
demonstration,1
enormous,1
industrialized,1
strongly,1
contacts,1
bequeathed,1
judge,1
surmount,1
astronaut,1
elite,1
oral,1
concern,1
findings,1
honorable,1
sawyer,1
detain,1
food,1
flexible,1
unfortunately,1
persisted,1
assumption,1
oppose,1
privileges,1
ien,1
conditions,1
oaths,1
morality,1
congress,1
aside,1
harvard,1
submitted,1
bitter,1
evolution,1
engineers,1
dirt,1
cooked,1
playfulness,1
places,1
friction,1
obstruct,1
check,1
gyory,1
delay,1
improvements,1
optimistic,1
contribution,1
netherlands,1
berkshire,1
versions,1
low,1
afterward,1
meanings,1
clear,1
three,1
provoked,1
royalty,1
individualized,1
moral,1
doctors,1
assignment,1
officialdom,1
express,1
obtaining,1
taxonomic,1
dominated,1
tended,1
rowan,1
august,1
deals,1
counter,1
held,1
encrusted,1
professionalization,1
liberate,1
started,1
reviewers,1
caribbean,1
geographically,1
coached,1
reformers,1
function,1
optimum,1
responses,1
negara,1
am,1
static,1
drilling,1
worthwhile,1
worldly,1
counted,1
discriminations,1
keen,1
standard,1
abundant,1
sally,1
least,1
corrupt,1
anybody,1
payment,1
strangely,1
witness,1
random,1
cunwu,1
strive,1
systems,1
trying,1
detained,1
employees,1
newspapers,1
consulates,1
commend,1
uncles,1
rectify,1
macauley,1
alert,1
composite,1
monster,1
trouble,1
goods,1
siu,1
tactics,1
exactly,1
anderson,1
sentiments,1
seattle,1
mellon,1
meidi,1
priests,1
improbable,1
seeking,1
implication,1
analyze,1
refrained,1
story,1
boji,1
present,1
goffman,1
looked,1
cruel,1
doubling,1
versus,1
haven,1
industrialization,1
bearer,1
professional,1
remarkable,1
naturalization,1
walked,1
modifications,1
hope,1
bondsmen,1
rearranged,1
decay,1
practicing,1
secret,1
widely,1
division,1
stereotypes,1
emily,1
decision,1
bondsman,1
fiss,1
visit,1
limiting,1
culmination,1
revolved,1
ranging,1
rico,1
humiliating,1
ghosts,1
negotiations,1
christian,1
assigned,1
applications,1
imply,1
debtors,1
backward,1
perry,1
acrobats,1
perspectives,1
humanities,1
streamlined,1
independent,1
george,1
provide,1
quo,1
movements,1
humanitarian,1
kenneth,1
crucial,1
chance,1
five,1
willingly,1
mckenzie,1
naturally,1
outlined,1
dissolved,1
bound,1
plans,1
ironically,1
beings,1
alternate,1
lines,1
laundries,1
primarily,1
lixin,1
nexus,1
recourse,1
seen,1
translation,1
deposit,1
coercion,1
imperialism,1
ordering,1
invested,1
effectively,1
belied,1
fumigation,1
los,1
legitimacy,1
inadequate,1
paradoxical,1
try,1
executive,1
expert,1
barbarian,1
madeline,1
chinamen,1
safest,1
insistence,1
impersonal,1
uncontestable,1
tapped,1
chinaman,1
achieve,1
sheds,1
earthquake,1
littered,1
intermingle,1
respect,1
spark,1
education,1
supporting,1
extremely,1
nipped,1
humiliation,1
sympathy,1
uneducated,1
repressed,1
recordkeeping,1
perpetuation,1
nowhere,1
unorthodox,1
pressures,1
unacceptable,1
chen,1
joseph,1
earliest,1
crackdown,1
legacies,1
rosenberg,1
converged,1
durability,1
detail,1
wash,1
enforcer,1
rite,1
dissertation,1
assistant,1
shenghuo,1
inspect,1
victoria,1
eventually,1
coverlet,1
liked,1
tsai,1
ordered,1
proprietors,1
judgments,1
ahead,1
overriding,1
series,1
doubtless,1
arrest,1
accordance,1
embarrassment,1
someday,1
skeleton,1
mercantile,1
examiner,1
measurements,1
extending,1
manual,1
geographic,1
constituted,1
economically,1
rigidly,1
committees,1
extension,1
deferred,1
symbolic,1
implied,1
confucianism,1
yu,1
satisfactory,1
supported,1
deportations,1
premonition,1
edelman,1
intensely,1
glimpse,1
inescapable,1
text,1
drew,1
discharged,1
equation,1
why,1
replace,1
know,1
defining,1
dimension,1
caffee,1
pai,1
mae,1
tendencies,1
investigative,1
tchen,1
clifford,1
inequities,1
anthropology,1
guarding,1
embassy,1
cultures,1
rented,1
worth,1
organized,1
commission,1
zhongguo,1
branches,1
industry,1
fabrication,1
alexander,1
leaders,1
ahr,1
agglomeration,1
chinatown,1
exercised,1
clan,1
argue,1
keefe,1
current,1
gongyue,1
numbering,1
dennis,1
edwar,1
exploiting,1
collectors,1
job,1
linked,1
matthew,1
enemy,1
rely,1
qing,1
embodiment,1
written,1
completeness,1
uphold,1
constant,1
useless,1
silken,1
cities,1
going,1
stipend,1
ambivalent,1
placing,1
fazhan,1
rural,1
senate,1
procedural,1
behemoth,1
zhu,1
subordinate,1
phd,1
following,1
clarity,1
purported,1
according,1
prohibited,1
inmates,1
purchase,1
attain,1
unfulfilled,1
proceedings,1
lands,1
circles,1
unique,1
retinue,1
reconcile,1
selected,1
list,1
ones,1
involvement,1
degenerate,1
thirty,1
violent,1
elaborations,1
maintain,1
interpreter,1
attitudes,1
mere,1
laundryman,1
firmly,1
writes,1
formalistic,1
ceased,1
angela,1
extent,1
dream,1
minded,1
insightful,1
highs,1
uncontradicted,1
attaining,1
vehicle,1
studying,1
premised,1
oppositions,1
voice,1
influenced,1
resident,1
listed,1
don,1
apparently,1
emphasis,1
sifting,1
sentenced,1
rephrase,1
grand,1
incoherence,1
middle,1
popular,1
subjecting,1
conveniently,1
seductive,1
authorizations,1
bought,1
gatherings,1
poems,1
singers,1
careful,1
entrance,1
modernizing,1
multiple,1
ill,1
preestablished,1
thereby,1
refinement,1
affecting,1
decisive,1
introduced,1
city,1
memorization,1
wording,1
collaborated,1
prevalent,1
erroneously,1
regulate,1
easy,1
endlessly,1
recommendations,1
transition,1
simply,1
confronted,1
incensed,1
invasive,1
policymaking,1
lucassen,1
despondent,1
discussion,1
skeldon,1
huxley,1
colonial,1
challenges,1
wei,1
maintained,1
vocal,1
writing,1
aspect,1
think,1
discrepant,1
recovered,1
expense,1
rewarding,1
sale,1
subsumed,1
prepared,1
analysts,1
wilentz,1
saxton,1
eric,1
calluses,1
buying,1
inefficient,1
singapore,1
intercultural,1
devoted,1
understandings,1
models,1
spring,1
wilbur,1
commercial,1
unable,1
invasion,1
editor,1
generate,1
conn,1
misgivings,1
donald,1
illinois,1
numerous,1
agreement,1
guest,1
write,1
ebrey,1
unease,1
evasions,1
mode,1
value,1
register,1
contributed,1
joined,1
intransigent,1
land,1
consolidated,1
consumption,1
inform,1
need,1
confiscated,1
physical,1
lijian,1
product,1
incidents,1
mobilization,1
arrivals,1
sports,1
effects,1
rid,1
contamination,1
playing,1
caplan,1
diaspora,1
subgenre,1
area,1
grapple,1
objections,1
battleground,1
cost,1
slot,1
campaign,1
brunt,1
showed,1
worried,1
traveling,1
opera,1
anonymous,1
needs,1
carr,1
rook,1
territories,1
orchestrated,1
pioneering,1
compunction,1
requires,1
assumed,1
willfulness,1
klein,1
suggested,1
detected,1
southern,1
deployment,1
johnson,1
resent,1
irrelevant,1
mcgettrick,1
debate,1
sharing,1
texts,1
substantial,1
documentary,1
overboard,1
divergent,1
traditional,1
reconciling,1
images,1
immediately,1
counts,1
ends,1
north,1
resist,1
concise,1
cross,1
arnold,1
building,1
proponent,1
lishi,1
dizhi,1
utmost,1
haiti,1
manila,1
household,1
major,1
fingerprints,1
