WORDCOUNTS,WEIGHT
the,634
of,387
and,248
in,172
to,117
a,104
historical,78
is,61
bulgarian,59
on,58
for,54
was,53
that,51
as,50
history,48
it,40
by,40
this,38
were,38
with,34
its,33
not,33
an,32
historiography,29
period,26
at,25
been,25
bulgaria,25
political,24
or,24
sofia,24
ideological,24
have,24
be,24
which,23
are,23
scholarship,22
research,21
but,21
has,21
historians,20
university,20
these,20
national,20
review,18
other,18
academy,18
more,17
published,16
only,16
there,15
na,15
from,15
sciences,15
profession,14
american,13
had,13
scholars,13
new,13
institutions,13
they,12
institutes,12
all,12
october,12
such,12
even,12
after,12
party,12
number,12
state,12
archives,11
place,11
todorova,11
them,11
institute,11
s,10
within,10
some,10
their,10
social,10
see,10
especially,10
science,10
among,10
one,9
studies,9
most,9
fact,9
maria,9
european,9
who,9
works,9
what,9
disciplines,9
zones,9
pregled,8
character,8
i,8
central,8
problems,8
important,8
silence,8
however,8
world,8
foreign,8
will,8
communist,8
two,8
also,8
present,8
high,8
interwar,8
between,8
true,7
themes,7
first,7
vol,7
century,7
no,7
istoricheski,7
several,7
periods,7
about,7
continuity,7
under,7
main,7
like,7
would,7
discipline,7
intellectual,7
country,7
scholarly,7
press,7
major,7
personnel,6
center,6
europe,6
practically,6
his,6
changes,6
balkan,6
public,6
well,6
work,6
part,6
small,6
when,6
limited,6
toward,6
efforts,6
isusov,6
serious,6
degree,6
made,6
questions,6
can,6
far,6
past,6
archival,6
role,6
question,6
should,6
way,5
medieval,5
openness,5
humanities,5
attempts,5
great,5
nationalism,5
system,5
eastern,5
thus,5
quality,5
relations,5
individual,5
whose,5
german,5
russian,5
etudes,5
decades,5
war,5
produced,5
basis,5
future,5
knowledge,5
trends,5
revolution,5
discourse,5
atmosphere,5
newly,5
still,5
same,5
bourgeoisie,5
time,5
ideas,5
three,5
general,5
educational,5
often,5
today,5
countries,5
life,5
considered,5
different,5
despite,5
became,5
although,5
marxist,5
strong,5
if,4
created,4
revolutionary,4
methodology,4
english,4
into,4
before,4
attempt,4
nauka,4
shaped,4
individuals,4
east,4
politics,4
functions,4
totalitarian,4
truly,4
extent,4
influence,4
without,4
basic,4
study,4
consciousness,4
graduates,4
typical,4
balkaniques,4
cultural,4
example,4
whole,4
discussions,4
issues,4
legacy,4
presented,4
methodological,4
society,4
tasks,4
materials,4
economic,4
short,4
constraints,4
thought,4
programmatic,4
financial,4
soviet,4
end,4
contemporary,4
v,4
existing,4
free,4
private,4
significant,4
taboos,4
students,4
language,4
good,4
topics,4
structure,4
figures,4
dealing,4
usually,4
primarily,4
itself,4
any,4
following,4
istoriya,4
did,4
particularly,4
courses,4
die,4
numerous,4
abroad,4
focus,4
struggle,3
affected,3
sphere,3
modern,3
former,3
position,3
western,3
stefan,3
nineteenth,3
being,3
seems,3
tradition,3
government,3
context,3
translations,3
mass,3
say,3
resources,3
framework,3
immediate,3
development,3
run,3
turn,3
publications,3
than,3
traditions,3
leadership,3
adequate,3
subjected,3
doctrine,3
communism,3
romantic,3
affect,3
organization,3
organized,3
macedonian,3
view,3
union,3
closely,3
six,3
politicization,3
radical,3
representative,3
academic,3
further,3
though,3
excellent,3
because,3
journals,3
during,3
people,3
own,3
lifted,3
change,3
working,3
generation,3
autonomy,3
few,3
activities,3
therefore,3
heretofore,3
forbidden,3
lifting,3
marginal,3
ancient,3
ed,3
already,3
department,3
independent,3
idea,3
took,3
where,3
systematic,3
historiographical,3
local,3
eighteenth,3
entirely,3
open,3
directed,3
publication,3
article,3
separate,3
transformations,3
irredenta,3
collections,3
transformation,3
volumes,3
class,3
analysis,3
respect,3
education,3
centuries,3
served,3
school,3
then,3
material,3
series,3
founded,3
simply,3
theme,3
organizational,3
over,3
seem,3
intelligentsia,3
stambolov,3
problem,3
censorship,3
while,3
produce,3
both,3
outline,3
years,3
izvestiya,3
effects,3
philosophy,3
entire,3
much,3
marxism,3
final,2
does,2
mostly,2
legitimate,2
balgarskata,2
introduction,2
per,2
likewise,2
fate,2
essays,2
prime,2
likely,2
schools,2
situation,2
completely,2
additionally,2
chief,2
romanian,2
either,2
philosophers,2
sources,2
barriers,2
long,2
commissions,2
creation,2
ii,2
military,2
vols,2
emerged,2
comparatively,2
bilgariya,2
hundred,2
kingdom,2
last,2
razvitie,2
raised,2
those,2
somewhat,2
issue,2
existence,2
task,2
drastic,2
bulgarians,2
west,2
taking,2
point,2
except,2
very,2
human,2
difficulties,2
istoricheskata,2
since,2
de,2
neighbors,2
interest,2
ability,2
large,2
moment,2
istorichesko,2
expected,2
affairs,2
funds,2
developments,2
blame,2
anniversaries,2
times,2
displays,2
document,2
output,2
look,2
languages,2
aim,2
surprisingly,2
factual,2
superficial,2
generations,2
developed,2
how,2
process,2
opportunity,2
se,2
direct,2
absorbed,2
support,2
literary,2
profile,2
solid,2
age,2
linguistics,2
followed,2
obstacles,2
dominant,2
greater,2
result,2
ethnography,2
found,2
entering,2
called,2
seven,2
curiosity,2
events,2
base,2
passionate,2
cuts,2
younger,2
fashionable,2
near,2
prez,2
aspects,2
directly,2
publish,2
psychological,2
curriculum,2
nation,2
proliferation,2
seminars,2
monopoly,2
president,2
least,2
ist,2
pluralism,2
sense,2
order,2
attention,2
accomplished,2
munich,2
feelings,2
dramatic,2
usual,2
druzhestvo,2
academies,2
critical,2
he,2
second,2
curricula,2
scientific,2
revival,2
modes,2
za,2
authoritarian,2
structural,2
continuation,2
competition,2
yet,2
security,2
alongside,2
evolved,2
restricted,2
planned,2
lacked,2
functioned,2
volume,2
french,2
sometimes,2
many,2
lack,2
areas,2
mito,2
departments,2
teachers,2
considerable,2
behind,2
model,2
developing,2
less,2
practice,2
silenced,2
original,2
background,2
upon,2
limitations,2
formal,2
microfilm,2
elite,2
expand,2
concern,2
top,2
use,2
twentieth,2
trend,2
real,2
engaged,2
continue,2
previous,2
optimistic,2
theoretical,2
clear,2
authors,2
so,2
him,2
administrative,2
earlier,2
latter,2
favored,2
internal,2
hungarian,2
craft,2
postwar,2
travelers,2
staff,2
saw,2
institution,2
professional,2
regimes,2
movements,2
archaeology,2
sensitive,2
began,2
es,2
methods,2
istoriografiya,2
fields,2
get,2
repressed,2
articles,2
case,2
neglected,2
wars,2
circumstances,2
respective,2
funding,2
der,2
positivist,2
control,2
intensive,2
paper,2
reversal,2
specialized,2
interested,2
down,2
perfectly,2
proved,2
assessment,2
beginning,2
born,2
according,2
unlikely,2
economy,2
accounts,2
particular,2
austrian,2
glorification,2
influenced,2
almost,2
freedom,2
ivan,2
conference,2
bodies,2
given,2
through,2
step,2
screen,2
writing,2
aspect,2
until,2
survival,2
institutional,2
finally,2
explanation,2
crisis,2
course,2
d,2
eigentlich,2
defined,2
shift,2
speak,2
offered,2
supported,2
potential,2
russia,2
consisted,2
views,2
exclusively,2
recent,2
close,2
tragic,2
emulate,1
difficult,1
surroundings,1
undertakings,1
now,1
formulated,1
explosion,1
done,1
nihilism,1
revisionist,1
flow,1
appealed,1
cliches,1
heroic,1
concerned,1
generated,1
groups,1
ready,1
historiques,1
truth,1
emigres,1
career,1
market,1
introductions,1
euphoria,1
presses,1
awarding,1
jure,1
budget,1
totally,1
dogmatic,1
geshov,1
church,1
group,1
juxtaposition,1
partially,1
achievements,1
integrity,1
erste,1
fed,1
mobility,1
paisii,1
terminated,1
songs,1
alive,1
nikolai,1
ways,1
h,1
georgi,1
razvititc,1
easily,1
demeaning,1
troebst,1
considerations,1
contention,1
unnatural,1
overlook,1
policy,1
justified,1
committee,1
necessarily,1
presents,1
title,1
occurred,1
ambitious,1
impediments,1
exceptions,1
ussr,1
defiant,1
viewpoints,1
nominally,1
induced,1
po,1
monograph,1
nonetheless,1
poppetrov,1
diversity,1
dismantled,1
entourage,1
debilitating,1
predominantly,1
attributable,1
overcoming,1
caesura,1
titles,1
parliamentary,1
certainly,1
diplomatics,1
fifteenth,1
interests,1
exaggerated,1
istoriyata,1
bilgarska,1
deterministic,1
clergymen,1
steady,1
taken,1
innovations,1
moods,1
feeling,1
might,1
acutely,1
expectation,1
legitimizer,1
promoting,1
tuition,1
shortage,1
recovery,1
discerned,1
official,1
nature,1
reevaluation,1
parties,1
principles,1
book,1
skills,1
divorce,1
paramount,1
assess,1
daily,1
desire,1
reasons,1
differences,1
fortunes,1
accumulated,1
narrative,1
achievement,1
follows,1
accommodated,1
plamen,1
able,1
service,1
miriyana,1
reveal,1
survey,1
take,1
deemed,1
help,1
soaring,1
damage,1
historiographyideological,1
written,1
soberly,1
remainder,1
reserved,1
principal,1
access,1
normal,1
subseries,1
reading,1
favoring,1
signs,1
kliment,1
dissolved,1
papers,1
ad,1
posts,1
depends,1
surpasses,1
nowhere,1
sound,1
vizrozhdenska,1
standstill,1
darzhavnikft,1
rewriting,1
bilgarskoto,1
sophisticated,1
forthcoming,1
lobbyists,1
gaps,1
formulation,1
continuum,1
primary,1
sought,1
demography,1
right,1
victims,1
nepotism,1
godini,1
clearly,1
account,1
fetishism,1
felt,1
marc,1
logical,1
activity,1
zakonomernosti,1
move,1
mushrooming,1
apart,1
exchanges,1
fur,1
vocation,1
sled,1
along,1
undoubtedly,1
facto,1
financed,1
safely,1
controlled,1
interestingly,1
encroachments,1
instituta,1
conflict,1
goal,1
centralized,1
accessible,1
throughout,1
affiliation,1
dependence,1
germany,1
severe,1
spectrum,1
due,1
realized,1
assumes,1
g,1
author,1
characteristic,1
dozen,1
contributors,1
confining,1
polovina,1
enjoying,1
afford,1
voina,1
application,1
clumsily,1
overt,1
type,1
angelov,1
media,1
sample,1
emigration,1
overly,1
comprised,1
publishes,1
goff,1
cases,1
tsvetkov,1
establishments,1
person,1
fees,1
pri,1
concerning,1
profound,1
back,1
subjects,1
disproportionately,1
body,1
highest,1
ithaca,1
serving,1
veselin,1
holds,1
young,1
condescension,1
postponed,1
compared,1
left,1
piskova,1
libraries,1
continuous,1
ideal,1
misleading,1
anonymity,1
mechanical,1
find,1
undertaking,1
y,1
archaeologist,1
student,1
istoritsi,1
reassessment,1
journal,1
preserving,1
stagnation,1
guard,1
paleography,1
reflex,1
catalogues,1
implementation,1
pirvata,1
autocensorship,1
let,1
reshuffling,1
employing,1
may,1
talks,1
hero,1
manipulated,1
legitimation,1
subordination,1
linguists,1
reflects,1
act,1
rather,1
naukite,1
principally,1
abolished,1
arising,1
gewesen,1
preparing,1
presentation,1
notion,1
sotsializma,1
didactic,1
approaches,1
active,1
stoyanov,1
dealt,1
bias,1
risk,1
resume,1
thing,1
similar,1
importance,1
polarized,1
ongoing,1
dialogue,1
special,1
lacking,1
enabled,1
form,1
summarized,1
practicing,1
front,1
moreover,1
supposed,1
unfavorably,1
means,1
pernicious,1
empires,1
problemi,1
old,1
freeze,1
censored,1
underdeveloped,1
knizhnina,1
established,1
bloch,1
popularizing,1
linked,1
latin,1
liberal,1
elsewhere,1
director,1
represented,1
days,1
spirit,1
boast,1
n,1
numbers,1
impact,1
glorious,1
preoccupation,1
unemployed,1
accessibility,1
bilgarskata,1
prevent,1
four,1
ministers,1
max,1
readings,1
beyond,1
unsuitable,1
isolation,1
notions,1
facing,1
justifier,1
consequence,1
monarch,1
puts,1
permanent,1
filters,1
bilgaristika,1
m,1
preference,1
providing,1
trained,1
istoricheskoto,1
bibliographie,1
amazing,1
bureaucracy,1
whereas,1
appraisal,1
remembered,1
acceptable,1
introduce,1
affiliated,1
concentration,1
questioned,1
included,1
bearing,1
could,1
escalation,1
ideologization,1
entered,1
traditionally,1
totaling,1
unhelpful,1
embarrassingly,1
ambitions,1
preoccupy,1
taboo,1
ambiguity,1
out,1
periodization,1
changed,1
deal,1
demands,1
intellectuals,1
international,1
requirements,1
drawbacks,1
vigorous,1
initial,1
reactionary,1
philosophical,1
struggles,1
czech,1
clashes,1
bflgarskata,1
occupation,1
library,1
informed,1
focused,1
blow,1
filov,1
organizationally,1
cannot,1
fulfill,1
tsars,1
suffered,1
applied,1
teach,1
placed,1
atomization,1
tension,1
outlined,1
explain,1
approached,1
conferences,1
taught,1
bllgarskata,1
koneva,1
opposition,1
jewish,1
mateev,1
contagion,1
information,1
technical,1
shape,1
xix,1
euphemistic,1
allocation,1
network,1
imprisoned,1
spheres,1
commemorations,1
r,1
degrees,1
line,1
closed,1
literature,1
designation,1
dispensable,1
paraphrase,1
received,1
industrial,1
strict,1
emphasis,1
writers,1
stake,1
characterization,1
historiographies,1
varna,1
nasoki,1
purpose,1
stir,1
accretions,1
tstoricheski,1
faithfully,1
related,1
revealed,1
thoughts,1
izkustvo,1
mirrorimage,1
dozens,1
virtual,1
overview,1
genuine,1
gave,1
policies,1
overtly,1
easiest,1
broad,1
partly,1
collective,1
beginnings,1
unmistakable,1
actually,1
surpass,1
emancipation,1
popular,1
personal,1
reflect,1
folklore,1
ethnicity,1
memoirs,1
chemistry,1
approach,1
absorb,1
researchers,1
annotated,1
bibliographies,1
someone,1
closing,1
correct,1
closings,1
caused,1
napravleniya,1
disclaiming,1
allegiance,1
responsibility,1
shaping,1
things,1
hiding,1
excuse,1
united,1
next,1
le,1
contrast,1
imposition,1
obligatory,1
ministries,1
unorthodox,1
serbian,1
event,1
around,1
family,1
openly,1
characteristics,1
consensus,1
bibliografiya,1
concerns,1
legitimize,1
folk,1
brought,1
otechestven,1
supposedly,1
vacuum,1
climate,1
foremost,1
budgets,1
preceding,1
incurred,1
always,1
managed,1
annual,1
up,1
inability,1
progress,1
necessity,1
dependent,1
filling,1
results,1
proper,1
dropping,1
und,1
makedonien,1
bogdan,1
bonyu,1
peculiar,1
altogether,1
plausible,1
overestimation,1
value,1
provided,1
displaced,1
waiting,1
settle,1
massive,1
enjoy,1
schematic,1
seemed,1
musicology,1
akademiya,1
awards,1
precepts,1
integrating,1
kontroverse,1
graduation,1
fascist,1
reduced,1
hegemony,1
collaborating,1
variety,1
absence,1
protecting,1
various,1
summarize,1
functioning,1
noble,1
lesser,1
indeed,1
predecessors,1
prognosis,1
overall,1
comparative,1
rumyana,1
again,1
return,1
released,1
brief,1
exception,1
reorganization,1
object,1
etc,1
above,1
intolerance,1
boyadzhiev,1
mainstream,1
domination,1
sponsored,1
linguistically,1
unprecedented,1
universitet,1
legitimized,1
decisions,1
direction,1
selection,1
positive,1
forecast,1
once,1
inception,1
criticism,1
elaboration,1
auspices,1
fair,1
examined,1
rubric,1
intense,1
makes,1
read,1
corroborated,1
hegemonic,1
balkanistik,1
okhridski,1
challenged,1
specifics,1
us,1
expediency,1
sociological,1
tackle,1
home,1
modestly,1
adjusted,1
rightly,1
teaching,1
shifting,1
dialectical,1
passionately,1
repercussions,1
um,1
osmanenzeit,1
thorny,1
experiment,1
hopes,1
disobedience,1
psyche,1
armenian,1
resented,1
boost,1
onedimensionality,1
predominate,1
chose,1
management,1
worst,1
members,1
uncontested,1
name,1
museums,1
law,1
heritage,1
conceal,1
coming,1
business,1
mentions,1
bulgarischen,1
others,1
available,1
dictatorship,1
put,1
dilettanti,1
unrivaled,1
added,1
ban,1
generational,1
cultivated,1
lengthy,1
outside,1
treatment,1
underestimated,1
rankean,1
monarchic,1
creative,1
proposal,1
appeared,1
geschichtsschreibung,1
vtorata,1
praiseworthy,1
choice,1
grave,1
really,1
wie,1
debates,1
ivo,1
overwhelmingly,1
deleterious,1
doubt,1
inherently,1
golden,1
impending,1
pattern,1
man,1
discussed,1
external,1
promotions,1
racist,1
hand,1
accusations,1
do,1
monographs,1
everyday,1
remarkable,1
periphrastic,1
professionalize,1
road,1
majer,1
honeymoon,1
continuing,1
coincided,1
necessary,1
belief,1
project,1
bearers,1
gives,1
confront,1
shifts,1
going,1
encountered,1
obsession,1
outgrowth,1
remained,1
tsanev,1
discourses,1
independence,1
disappearance,1
understatement,1
greatest,1
hamper,1
discussion,1
campaigns,1
minimizing,1
discovery,1
completed,1
chiefly,1
shaky,1
accompanying,1
bear,1
values,1
servant,1
writings,1
unavailability,1
enormous,1
rehabilitation,1
previously,1
tipologiyata,1
sufficiently,1
contacts,1
arbitrarily,1
persists,1
empirical,1
expression,1
illusion,1
unfortunately,1
osnovni,1
unfair,1
virtually,1
factor,1
affects,1
rare,1
hoc,1
archive,1
initiatives,1
anthology,1
attraction,1
charge,1
ties,1
trade,1
symbiosis,1
thracian,1
truths,1
diplomacy,1
exclusion,1
styles,1
moral,1
frustrated,1
restraint,1
ottoman,1
dominated,1
revolve,1
essay,1
peter,1
august,1
held,1
defense,1
keep,1
physics,1
allowed,1
covering,1
function,1
svetovna,1
jugendschule,1
stages,1
kept,1
accurate,1
obshtestvenite,1
managerial,1
bemoan,1
exchange,1
artificial,1
promotion,1
shackles,1
discarded,1
enrolling,1
promote,1
inspired,1
become,1
parochial,1
overcome,1
examine,1
effect,1
indefinitely,1
enjoyed,1
fagade,1
enthusiasts,1
improbable,1
hard,1
probably,1
looked,1
dividing,1
we,1
quarterly,1
balkans,1
walsh,1
sugar,1
modifications,1
sole,1
greek,1
la,1
widely,1
applies,1
dirzhavnite,1
visit,1
unabhangigkeit,1
culmination,1
uncontaminated,1
encho,1
indoctrination,1
dictatorships,1
relationship,1
gloomy,1
aflame,1
chances,1
tentative,1
window,1
enumerated,1
fairly,1
continued,1
provide,1
politicheskoto,1
assert,1
broadened,1
centrality,1
relieved,1
nauchna,1
naturally,1
impressive,1
entities,1
prose,1
pieces,1
fear,1
lobbies,1
lines,1
widespread,1
revisionism,1
outburst,1
seen,1
translation,1
detailed,1
economists,1
inadequate,1
rapidly,1
try,1
cognitive,1
antiquity,1
cathartic,1
satisfaction,1
responsible,1
efficiency,1
expectations,1
darina,1
surprising,1
aspirations,1
lip,1
types,1
ebb,1
arts,1
erudite,1
pressures,1
meant,1
biology,1
conformist,1
operates,1
sections,1
contained,1
authorities,1
thinking,1
occasional,1
historian,1
broke,1
overriding,1
comes,1
mentioned,1
intensification,1
nationale,1
favoritism,1
extending,1
maverick,1
democracies,1
continues,1
symbolic,1
known,1
dissident,1
exposition,1
scrutiny,1
rival,1
regime,1
meddled,1
disapproval,1
here,1
alternative,1
osmanen,1
mirrors,1
forty,1
ran,1
natural,1
tendencies,1
elites,1
auxiliary,1
global,1
seriously,1
chetvlrta,1
cautiously,1
resentment,1
best,1
argue,1
banac,1
half,1
current,1
loyalty,1
inquiry,1
euphemism,1
provoke,1
foundation,1
contradictory,1
countering,1
embodiment,1
reflected,1
allocated,1
byzantine,1
prospects,1
just,1
scores,1
february,1
absolutely,1
merely,1
concrete,1
turned,1
annuals,1
vekove,1
balgariya,1
heads,1
professors,1
selected,1
offering,1
making,1
cause,1
imposed,1
noticeable,1
transmitters,1
theory,1
dimitir,1
avid,1
pool,1
bureaucratic,1
secure,1
backing,1
balance,1
khans,1
furtheramerican,1
sesiya,1
suggests,1
phenomena,1
intends,1
suspicion,1
contain,1
size,1
fourteen,1
des,1
socioeconomic,1
vasileva,1
monitored,1
intention,1
level,1
arabic,1
tirnovo,1
refinement,1
decisive,1
introduced,1
istoricheska,1
prevalent,1
alternatives,1
selfknowledge,1
november,1
duty,1
easy,1
buy,1
bourgeois,1
subject,1
rendering,1
went,1
mladezhka,1
acute,1
programs,1
appointed,1
mention,1
goals,1
faculty,1
savremennitsi,1
turkish,1
lichnostta,1
our,1
prepared,1
espouse,1
named,1
susceptible,1
false,1
proyavi,1
chuzhdi,1
models,1
recording,1
seit,1
argument,1
score,1
disseminating,1
reveals,1
arkhivi,1
initiated,1
quotas,1
sofiiskiya,1
jacques,1
exerted,1
konkretnite,1
washington,1
seduce,1
preferential,1
pirvev,1
prolonged,1
instead,1
pertoire,1
efficient,1
include,1
need,1
specialists,1
sudosteuropas,1
product,1
states,1
staaten,1
piece,1
contamination,1
colleagues,1
voluntary,1
presenting,1
extremely,1
typology,1
untouched,1
campaign,1
anonymous,1
needs,1
balgarsoto,1
postmodernist,1
hadzhinikolov,1
materialism,1
themselves,1
c,1
weber,1
supply,1
reached,1
sharing,1
laria,1
substantial,1
incur,1
element,1
kim,1
conjuncture,1
little,1
traditional,1
technological,1
premature,1
detriment,1
bedeutet,1
broader,1
izvori,1
sent,1
pillars,1
etapi,1
confrontations,1
overshadow,1
