WORDCOUNTS,WEIGHT
the,186
of,113
to,86
in,78
and,60
that,53
a,49
as,33
s,26
is,23
it,21
not,20
this,20
on,20
with,18
he,17
his,17
by,17
for,17
i,16
churchill,14
townsend,14
have,14
spanish,14
at,13
be,13
conquest,12
they,11
our,11
had,11
were,11
an,11
who,10
one,10
was,10
or,10
roosevelt,10
my,9
gods,9
aztec,9
which,9
kimball,8
but,8
only,8
other,8
soviet,8
would,8
we,8
been,7
these,7
historical,7
while,7
students,7
can,7
world,7
will,6
might,6
their,6
american,6
about,6
shaffer,6
from,6
all,6
spaniards,6
moctezuma,6
what,6
war,6
some,6
review,6
question,6
mexico,6
even,6
before,5
first,5
military,5
are,5
p,5
out,5
new,5
end,5
has,5
both,5
article,5
time,5
major,5
nations,4
may,4
me,4
no,4
later,4
how,4
spears,4
communications,4
history,4
powerful,4
prophecies,4
text,4
also,4
important,4
over,4
book,4
did,4
broken,4
them,4
issue,4
diaz,4
indian,4
well,4
own,4
start,4
its,4
such,4
editor,4
postwar,4
aztecs,4
point,4
early,4
when,4
those,4
attention,4
close,4
omens,3
second,3
she,3
if,3
italy,3
wrote,3
alliance,3
deserve,3
college,3
religious,3
english,3
technology,3
god,3
us,3
any,3
same,3
version,3
friendly,3
more,3
human,3
allow,3
into,3
union,3
whom,3
secondary,3
ahr,3
called,3
together,3
able,3
stalin,3
works,3
robert,3
reading,3
empire,3
less,3
her,3
another,3
account,3
possible,3
international,3
presented,3
most,3
two,3
factor,3
approach,3
colonial,3
indians,3
questions,3
thus,3
come,3
interest,3
cold,3
passages,3
allowing,3
camilla,3
up,3
among,3
here,3
nahuatl,3
yalta,3
does,2
changes,2
christian,2
played,2
matter,2
hopes,2
polish,2
meaning,2
groups,2
you,2
indeed,2
alternate,2
translation,2
effectively,2
remaining,2
ongoing,2
makes,2
often,2
white,2
hope,2
schools,2
supposed,2
prince,2
ways,2
support,2
dumbrell,2
articles,2
studies,2
rumors,2
thought,2
east,2
considered,2
decade,2
university,2
place,2
thesis,2
seems,2
allies,2
then,2
lord,2
air,2
john,2
narratives,2
themes,2
people,2
policy,2
published,2
warren,2
long,2
problems,2
cuitlahuac,2
aguilar,2
neglect,2
suggested,2
providing,2
decades,2
central,2
many,2
words,2
different,2
seem,2
arrival,2
king,2
could,2
appeared,2
seven,2
very,2
real,2
minimize,2
there,2
passage,2
soviets,2
never,2
priest,2
do,2
teaching,2
political,2
though,2
let,2
reviews,2
carefully,2
advisers,2
system,2
accounts,2
however,2
wartime,2
your,2
belief,2
conquer,2
march,2
historians,2
u,2
because,2
work,2
upon,2
true,2
careful,2
heart,2
related,2
indigenous,2
himself,2
europeans,2
use,2
truman,2
amerindians,2
issues,2
immediately,2
now,2
repeatedly,2
coming,2
denying,2
full,2
legitimacy,2
north,2
fact,2
against,2
invaders,2
held,2
level,2
like,2
after,2
bernal,2
relations,2
short,2
june,2
subjects,2
between,2
myth,2
themselves,2
russia,2
seeds,2
reached,2
debate,2
views,2
journal,2
resistance,2
much,2
recent,2
notes,2
so,2
should,2
evidence,2
provided,2
cooperation,1
problem,1
antibolshevik,1
european,1
democracy,1
oxford,1
f,1
dominant,1
articulates,1
margins,1
therefore,1
twelve,1
negotiations,1
poland,1
relationship,1
berlin,1
surround,1
aid,1
americans,1
nation,1
deny,1
page,1
german,1
today,1
raise,1
africa,1
various,1
difficult,1
taken,1
specialist,1
continued,1
stuart,1
provide,1
science,1
letters,1
concerned,1
participation,1
opinion,1
interference,1
commentary,1
foreign,1
muted,1
malinche,1
threatened,1
imagery,1
rights,1
scholar,1
drama,1
h,1
toward,1
claimed,1
expansion,1
fear,1
horses,1
again,1
secondly,1
basic,1
begin,1
vague,1
cloud,1
return,1
wait,1
antagonistic,1
appreciate,1
expedition,1
impose,1
hosts,1
recognizes,1
interlude,1
ordinary,1
concerns,1
bore,1
myself,1
belgium,1
independence,1
e,1
referred,1
means,1
etc,1
positioned,1
prove,1
speculate,1
restall,1
miguel,1
seen,1
deliberately,1
analyzes,1
decoded,1
pointed,1
harry,1
force,1
make,1
returned,1
gainesville,1
expanded,1
invaded,1
demonstrated,1
earlier,1
yet,1
canopy,1
developments,1
similar,1
importance,1
certain,1
group,1
told,1
traps,1
anxious,1
hated,1
elementary,1
complex,1
reception,1
life,1
why,1
kinds,1
study,1
fate,1
confidence,1
illuminating,1
identify,1
nabokov,1
spoken,1
united,1
mate,1
word,1
see,1
duplicate,1
respect,1
blocked,1
education,1
edited,1
replete,1
fields,1
urged,1
instances,1
meanwhile,1
completely,1
itself,1
revealed,1
revisiting,1
earthly,1
read,1
perceptions,1
problematic,1
serve,1
soon,1
old,1
joseph,1
fatefully,1
praise,1
entitled,1
tenochtitlan,1
exposure,1
consider,1
matters,1
claims,1
nahuas,1
school,1
ancient,1
presents,1
wars,1
authorities,1
policies,1
emergence,1
evasive,1
teaches,1
perceptive,1
perspectives,1
premonitions,1
quetzalcoatl,1
essential,1
just,1
days,1
following,1
olsen,1
something,1
placed,1
died,1
house,1
contest,1
gratifying,1
microbes,1
yugoslavia,1
vol,1
mentioned,1
observations,1
russian,1
beards,1
governments,1
rendered,1
peoples,1
literature,1
opportunistic,1
odds,1
retrospective,1
visitors,1
lengthy,1
predictions,1
hernando,1
calculating,1
limit,1
superior,1
celebrates,1
klaus,1
increasingly,1
said,1
typed,1
came,1
rise,1
extension,1
cast,1
isolated,1
discretion,1
either,1
stephanie,1
concerning,1
exceed,1
present,1
undermine,1
double,1
submitted,1
testimony,1
alludes,1
freshmen,1
lead,1
rather,1
magicians,1
concur,1
backwardness,1
statements,1
answers,1
yes,1
injustice,1
pervasive,1
writes,1
theory,1
hit,1
considerations,1
phrasing,1
believed,1
ii,1
give,1
contrary,1
strategy,1
know,1
planting,1
others,1
crucial,1
unavailable,1
myths,1
deserves,1
invading,1
partner,1
each,1
ourselves,1
caliber,1
advanced,1
legitimany,1
complete,1
greater,1
technologically,1
sentence,1
shares,1
distinction,1
efforts,1
troops,1
advance,1
worth,1
objectifiers,1
cortes,1
anything,1
causality,1
lack,1
idea,1
consideration,1
opposition,1
believe,1
sections,1
leaders,1
relates,1
warm,1
rule,1
borders,1
argue,1
cortzes,1
vein,1
hands,1
great,1
documents,1
critically,1
right,1
regard,1
scenario,1
domestic,1
bit,1
attack,1
allied,1
editors,1
forces,1
teachers,1
narrative,1
lived,1
oneself,1
stereotype,1
okla,1
reproduces,1
beg,1
florentine,1
plague,1
promised,1
colgate,1
hundred,1
matthew,1
prosaic,1
events,1
light,1
religion,1
noting,1
insisting,1
mexicanists,1
fascinated,1
comparativist,1
half,1
help,1
past,1
closest,1
burying,1
base,1
serious,1
proposed,1
reasons,1
living,1
traditionally,1
loved,1
merely,1
zeroes,1
turned,1
reply,1
further,1
hand,1
particularly,1
beginning,1
learn,1
raised,1
spain,1
cultural,1
complicated,1
vanquished,1
explanations,1
replies,1
hostility,1
hostile,1
within,1
studying,1
ephraim,1
month,1
accepted,1
context,1
rethinking,1
establish,1
appears,1
whether,1
relevant,1
terms,1
produced,1
bluntly,1
offering,1
ultimately,1
reinforce,1
answer,1
british,1
confrontation,1
case,1
varying,1
necessary,1
otherwise,1
takes,1
preventing,1
ed,1
record,1
focusing,1
envisaged,1
accords,1
forthcoming,1
spur,1
perhaps,1
native,1
explain,1
dedicated,1
eastern,1
merits,1
books,1
find,1
wide,1
guns,1
understandably,1
christians,1
malintzin,1
translations,1
sought,1
explicitly,1
possibility,1
really,1
america,1
translators,1
eurasia,1
angry,1
memory,1
day,1
hitler,1
thoroughly,1
perforce,1
ridiculous,1
addresses,1
president,1
crimea,1
original,1
noticed,1
years,1
throne,1
information,1
imagine,1
indirectly,1
fears,1
too,1
sphere,1
unequal,1
agreed,1
discrepancies,1
felt,1
soldier,1
classes,1
nahua,1
politics,1
victors,1
reprinted,1
correctly,1
exploring,1
meetings,1
away,1
investigated,1
encounter,1
welcome,1
presciently,1
popular,1
scope,1
personal,1
implement,1
powers,1
made,1
prevention,1
explanation,1
majors,1
move,1
range,1
farming,1
writers,1
obvious,1
decisions,1
helps,1
reader,1
future,1
mental,1
brought,1
reported,1
headed,1
mere,1
part,1
sticky,1
decisive,1
tribes,1
discusses,1
interchange,1
explains,1
example,1
whites,1
indicating,1
opportunity,1
adolf,1
strangers,1
convince,1
calls,1
edn,1
secret,1
agendas,1
became,1
role,1
along,1
overlays,1
objectification,1
enter,1
meaningful,1
reversal,1
shipwrecked,1
stinginess,1
technological,1
assumptions,1
longstanding,1
reality,1
anathema,1
expression,1
genuine,1
cabled,1
choices,1
organization,1
persisted,1
necessitate,1
collection,1
during,1
needed,1
behavior,1
prospective,1
doubt,1
recognize,1
anticipated,1
battle,1
constitute,1
exposed,1
footdragging,1
ideas,1
actually,1
think,1
despised,1
conflict,1
actual,1
advocacy,1
coaxing,1
results,1
assimilated,1
disease,1
ambassadors,1
way,1
documented,1
franklin,1
throughout,1
pray,1
previous,1
differential,1
schwartz,1
corollary,1
than,1
deserved,1
theories,1
nevertheless,1
understandings,1
front,1
passing,1
sustains,1
described,1
anthology,1
rejected,1
wood,1
received,1
interested,1
significance,1
aha,1
run,1
initiated,1
intensified,1
diplomacy,1
bolshevism,1
three,1
overlooks,1
graduate,1
weeks,1
directed,1
numerous,1
oppose,1
welcomed,1
aggression,1
t,1
national,1
publication,1
strikingly,1
de,1
thread,1
europe,1
agreement,1
points,1
d,1
alternatives,1
peter,1
angloamerican,1
codex,1
wish,1
tone,1
relatively,1
social,1
satisfactory,1
brother,1
general,1
decided,1
least,1
americas,1
indicate,1
ensued,1
guarantee,1
correct,1
land,1
describing,1
hard,1
period,1
followed,1
specialists,1
responsibility,1
regarded,1
plant,1
him,1
solel,1
schulman,1
discount,1
larres,1
holes,1
preserve,1
lacked,1
serves,1
conquered,1
jesus,1
piece,1
course,1
clues,1
colleagues,1
conundrum,1
contrast,1
anyone,1
biologists,1
conversation,1
area,1
discredit,1
squarely,1
apocryphal,1
quite,1
prophecy,1
settlement,1
juggler,1
transcending,1
lose,1
congress,1
remains,1
latter,1
forms,1
campaign,1
ships,1
repeated,1
every,1
openly,1
brunt,1
promotion,1
fatalism,1
mind,1
soil,1
thousand,1
few,1
disclaims,1
back,1
feelings,1
systems,1
deciding,1
liberate,1
posture,1
six,1
certainly,1
young,1
newcomers,1
served,1
otto,1
capitulation,1
portions,1
justify,1
britain,1
differing,1
coast,1
teach,1
discerning,1
classrooms,1
quintessentially,1
warned,1
enemies,1
norman,1
priests,1
averred,1
diseases,1
savvy,1
environamerican,1
student,1
greece,1
beat,1
interaction,1
communication,1
abandoned,1
winston,1
liberalization,1
shippensburg,1
counts,1
correspondence,1
overthrow,1
appreciated,1
intelligent,1
fertile,1
departed,1
resist,1
florida,1
balkans,1
ago,1
cooperative,1
flavor,1
devastated,1
moved,1
la,1
race,1
actions,1
master,1
preconceptions,1
promising,1
separate,1
defeated,1
