WORDCOUNTS,WEIGHT
the,895
of,552
and,395
to,315
a,279
in,274
was,147
that,138
for,130
this,104
as,103
not,93
nation,84
spencer,79
but,76
from,76
s,74
it,67
he,64
an,63
is,63
with,63
on,63
be,62
poland,60
by,60
his,57
polish,56
warsaw,56
had,53
its,48
were,48
they,47
one,47
only,47
i,45
buckle,45
struggle,44
could,44
positivists,44
work,41
which,40
would,40
swietochowski,40
all,39
political,39
social,38
their,37
new,37
see,36
more,34
nationalism,33
no,33
historical,32
national,32
history,31
even,31
most,30
or,30
are,30
review,27
will,27
december,27
such,26
so,26
liberalism,25
than,24
w,24
world,24
poles,24
did,24
progress,23
who,23
when,23
american,22
independence,22
at,21
within,21
york,21
przeglqd,21
society,21
prawda,21
them,21
between,21
how,20
liberal,20
other,20
state,20
we,20
been,20
have,20
tygodniowy,19
century,19
has,19
nations,19
kozlowski,19
action,19
about,19
evolution,19
both,19
if,18
those,18
just,18
science,18
force,18
principles,17
positivist,17
first,16
there,16
russian,16
because,16
own,16
herbert,16
do,16
then,16
existence,15
violence,15
these,15
many,15
made,15
argument,15
into,14
nature,14
laws,14
without,14
war,14
however,14
after,14
prus,14
life,14
sociology,14
aleksander,13
brian,13
porter,13
civilization,13
future,13
also,13
here,13
way,12
english,12
europe,12
against,12
futures,12
t,12
same,12
study,12
can,12
january,12
itself,12
intellectual,12
our,12
thought,11
important,11
concept,11
london,11
edn,11
people,11
us,11
power,11
european,11
ways,10
book,10
liberals,10
human,10
z,10
strength,10
out,10
placed,10
part,10
j,10
ed,10
idea,10
rhetoric,10
insurrection,10
language,10
general,10
any,10
darwin,10
very,10
became,10
trans,9
modern,9
might,9
andrzej,9
some,9
development,9
since,9
may,9
romantic,9
came,9
positivism,9
knowledge,9
scientific,9
nationalists,9
longer,9
survival,9
real,9
mill,9
cambridge,9
essay,9
mickiewicz,9
what,9
translated,9
wrote,9
themselves,9
does,8
swictochowski,8
nineteenth,8
every,8
hochfeldowa,8
possible,8
politics,8
adam,8
rather,8
turn,8
means,8
understood,8
april,8
still,8
above,8
orzeszkowa,8
two,8
again,8
time,8
empire,8
eds,8
another,8
described,8
polskiej,8
conquest,8
vision,8
swiqtochowski,8
believed,8
series,8
over,8
best,8
nationalist,8
instead,8
although,8
pozytywizm,8
much,8
among,8
o,7
essays,7
long,7
walicki,7
less,7
framework,7
used,7
february,7
german,7
process,7
certain,7
based,7
intellectuals,7
cultural,7
henryk,7
public,7
industrial,7
statehood,7
gave,7
away,7
ski,7
small,7
seemed,7
pozytywizmu,7
community,7
law,7
necessary,7
article,7
translation,7
each,7
happiness,7
according,7
freedom,7
press,7
writing,7
defined,7
offered,7
now,6
h,6
something,6
source,6
government,6
case,6
boleslaw,6
thus,6
find,6
humanity,6
space,6
ideals,6
wislicki,6
destined,6
term,6
directly,6
approach,6
order,6
ateneum,6
teleology,6
make,6
describe,6
spencera,6
others,6
patriotic,6
never,6
where,6
imagine,6
large,6
zawadzki,6
attention,6
continued,6
wybicki,6
physical,6
natural,6
different,6
works,6
better,6
ones,6
while,6
ideal,6
through,6
simply,6
arguments,6
zasady,6
philosophy,6
ethics,5
declared,5
later,5
meaning,5
everyone,5
jez,5
being,5
reprinted,5
tradition,5
great,5
reading,5
right,5
pisma,5
central,5
niwa,5
old,5
critique,5
essence,5
deprived,5
k,5
thomas,5
retained,5
weak,5
result,5
my,5
found,5
appropriated,5
international,5
late,5
though,5
well,5
mysli,5
emphasis,5
place,5
solution,5
sense,5
love,5
revolution,5
few,5
partitions,5
warszawski,5
revolt,5
nearly,5
historiosophy,5
single,5
once,5
yet,5
evil,5
culture,5
definition,5
rise,5
useful,5
put,5
john,5
discussed,5
mysl,5
free,5
original,5
discussion,5
use,5
ideas,5
authors,5
victory,5
individual,5
him,5
spencerian,5
henry,5
program,5
construction,5
version,5
polskiego,5
must,5
image,5
east,5
universal,5
proved,5
rebellion,5
civilized,5
subject,5
d,5
wroclaw,5
entire,5
famous,5
difficult,4
superiority,4
center,4
conquering,4
live,4
favor,4
position,4
uprising,4
embraced,4
ii,4
taken,4
words,4
able,4
religion,4
british,4
markiewicz,4
mass,4
march,4
suny,4
point,4
cited,4
harmony,4
author,4
mochnacki,4
moment,4
young,4
died,4
influence,4
act,4
partition,4
bring,4
remain,4
chmielowski,4
sort,4
na,4
romantics,4
active,4
earlier,4
legal,4
similar,4
parts,4
distant,4
moreover,4
eley,4
statics,4
problems,4
m,4
agenda,4
called,4
representative,4
ignacy,4
writers,4
brought,4
example,4
studia,4
literature,4
collective,4
popular,4
potocki,4
published,4
brutality,4
things,4
discourse,4
avoid,4
therefore,4
variety,4
located,4
movement,4
communities,4
etyka,4
volume,4
name,4
french,4
christ,4
fact,4
appeared,4
ought,4
developed,4
really,4
took,4
hand,4
material,4
perhaps,4
demonstrated,4
historyczny,4
mean,4
writings,4
identity,4
vocabulary,4
individuals,4
volition,4
august,4
allowed,4
least,4
enjoyed,4
september,4
independent,4
transformed,4
articles,4
russians,4
mentioned,4
peel,4
quickly,4
country,4
key,4
seem,4
praca,4
argue,4
russia,4
merely,4
turned,4
filozofia,4
form,4
list,4
cause,4
problem,4
narodu,4
psychology,4
patriotism,4
peace,4
obtain,4
novelist,4
years,4
offer,4
product,4
smaller,4
prosperity,4
wieku,4
early,4
possessed,3
common,3
stuart,3
piotr,3
socyologii,3
complex,3
mankind,3
true,3
western,3
title,3
before,3
said,3
anything,3
zygmunt,3
militarism,3
england,3
belong,3
narrative,3
link,3
thanks,3
scheme,3
survey,3
hands,3
help,3
written,3
pierwsze,3
context,3
moisture,3
bogacki,3
discuss,3
vol,3
mutual,3
october,3
obvious,3
far,3
intelligent,3
creatively,3
himself,3
audience,3
linked,3
complained,3
conflict,3
goal,3
g,3
polsce,3
jozef,3
topic,3
progressive,3
veto,3
body,3
races,3
fate,3
compare,3
journal,3
generation,3
limanowski,3
main,3
od,3
doctrine,3
knew,3
talk,3
literaturze,3
read,3
consequences,3
contestation,3
wanted,3
university,3
feliks,3
clearly,3
elsewhere,3
n,3
articulated,3
too,3
age,3
oppression,3
solve,3
suggested,3
lead,3
radlin,3
let,3
mainly,3
quintessentially,3
polityczne,3
xix,3
conservatives,3
none,3
reader,3
r,3
partitioned,3
issues,3
emancipation,3
call,3
forces,3
employed,3
nor,3
strongest,3
fatal,3
recast,3
stage,3
specifically,3
openly,3
several,3
autonomy,3
june,3
feelings,3
industry,3
research,3
germans,3
former,3
dependent,3
behalf,3
role,3
warzenica,3
economic,3
indeed,3
infamous,3
return,3
unprecedented,3
publicystyka,3
probka,3
negate,3
cultivate,3
reference,3
salvation,3
added,3
serve,3
under,3
eliza,3
pozytywistyczny,3
wobec,3
pick,3
historyozofii,3
smith,3
efforts,3
scholars,3
diverse,3
end,3
debates,3
doubt,3
continuing,3
karl,3
idealy,3
day,3
remained,3
repudiation,3
survive,3
upon,3
arose,3
expression,3
unfortunately,3
roman,3
futile,3
moral,3
modernization,3
david,3
course,3
occupied,3
spoleczna,3
destruction,3
species,3
justice,3
suggest,3
censors,3
today,3
note,3
usually,3
foreign,3
begin,3
habsburg,3
lost,3
philosopher,3
cywilizacji,3
comte,3
education,3
earliest,3
goldberg,3
semmel,3
eventually,3
biology,3
comes,3
studium,3
skarga,3
equation,3
lwow,3
wiadystaw,3
foundation,3
particularly,3
intelligentsia,3
nowej,3
past,3
c,3
passage,3
terms,3
references,3
metaphor,3
mere,3
theory,3
dream,3
anna,3
size,3
die,3
song,3
territory,3
condition,3
huxley,3
ognisko,3
kohn,3
wskazania,3
question,3
spirit,3
idealism,3
until,3
quest,3
liberum,3
discursive,3
mode,3
dangerous,3
include,3
realism,3
need,3
speak,3
needs,3
specific,3
debate,3
focus,3
historii,3
strong,3
cross,3
horror,2
democracy,2
bernard,2
currently,2
page,2
stood,2
scholar,2
darwinism,2
revolver,2
wilno,2
jungle,2
mundane,2
germany,2
church,2
group,2
becoming,2
envisioned,2
word,2
formed,2
sudden,2
realities,2
ujejski,2
policy,2
polski,2
justified,2
talking,2
necessarily,2
alongside,2
disengaged,2
hayes,2
jerome,2
nonetheless,2
offering,2
exterminate,2
regulating,2
voices,2
greatness,2
give,2
attempt,2
worked,2
dreams,2
ryszard,2
hatred,2
secondary,2
accommodate,2
together,2
accompanied,2
desire,2
kurjer,2
pessimism,2
studied,2
xx,2
feature,2
mind,2
emphasized,2
stand,2
concepts,2
principal,2
ours,2
somewhat,2
pozytywistycznej,2
forthcoming,2
ideological,2
autonomous,2
king,2
retain,2
cooperation,2
reaction,2
west,2
whatever,2
say,2
except,2
conceptual,2
along,2
increase,2
introduction,2
engage,2
collection,2
stanislaus,2
empires,2
exist,2
throughout,2
ronald,2
reject,2
hroch,2
machine,2
pour,2
logic,2
relations,2
bolestaw,2
insisted,2
militarily,2
insofar,2
given,2
forced,2
walery,2
thing,2
unity,2
defense,2
curiously,2
polityka,2
severed,2
contrary,2
wstqp,2
blejwas,2
narodowa,2
y,2
label,2
slightest,2
colleague,2
chrzanowski,2
spread,2
krakow,2
repudiated,2
ceases,2
reconquer,2
conceptually,2
virtuous,2
reimagined,2
higher,2
surprisingly,2
oxford,2
remedied,2
essential,2
hobsbawm,2
tomasz,2
reconfigured,2
dilemma,2
stop,2
bond,2
primacy,2
titled,2
importance,2
leave,2
pages,2
lay,2
summarized,2
subjugated,2
apolitical,2
absorbed,2
koncepcje,2
proclaimed,2
support,2
reason,2
soul,2
changes,2
escape,2
radlinski,2
consider,2
dichotomy,2
physically,2
familiar,2
filozofii,2
languages,2
india,2
edition,2
days,2
ideologies,2
attain,2
idee,2
contemporaries,2
irena,2
conquered,2
origins,2
beyond,2
defeat,2
victorian,2
mlodych,2
view,2
scientism,2
numerical,2
friends,2
greater,2
pantheon,2
szyff,2
societies,2
appearance,2
critic,2
rule,2
purifying,2
economics,2
events,2
radical,2
grigor,2
philosophical,2
polemics,2
repudiate,2
embedded,2
lat,2
sword,2
prone,2
michigan,2
excellent,2
wealth,2
fashionable,2
verse,2
politycznej,2
your,2
required,2
triumph,2
spor,2
wspomnienia,2
supplanted,2
distinguish,2
zarys,2
gockowski,2
altruism,2
imagined,2
prominent,2
significantly,2
transcended,2
comment,2
brutal,2
got,2
loss,2
citation,2
universe,2
during,2
easiest,2
constitute,2
actually,2
pism,2
participated,2
anticlericalism,2
weekly,2
dmowski,2
wladystaw,2
formations,2
memoirs,2
sic,2
earth,2
change,2
construct,2
level,2
hard,2
working,2
field,2
lyell,2
poet,2
next,2
quite,2
claim,2
atmosphere,2
around,2
characteristics,2
driving,2
acts,2
boundaries,2
impossible,2
dedicated,2
orthodox,2
up,2
st,2
citations,2
preliminary,2
am,2
matejko,2
programu,2
barbara,2
liberation,2
battle,2
likely,2
copernicus,2
advocate,2
imagery,2
comparative,2
classic,2
poor,2
prophet,2
kedourie,2
wroczyfiski,2
jeza,2
seemingly,2
problematyka,2
competition,2
asiatic,2
rules,2
message,2
historia,2
milkowski,2
prestigious,2
included,2
russification,2
mesjanizmu,2
warmth,2
hopes,2
narratives,2
friend,2
blacksmith,2
vogt,2
recall,2
liberalne,2
challenge,2
stated,2
toward,2
intellect,2
krzysztof,2
reform,2
reasoning,2
come,2
conspiracies,2
larger,2
contemporary,2
man,2
external,2
forms,2
readers,2
behind,2
stuff,2
fame,2
paris,2
narod,2
present,2
ground,2
actor,2
existing,2
armed,2
geoff,2
conviction,2
bucklean,2
books,2
warszawskich,2
style,2
dzieje,2
explicitly,2
violent,2
fight,2
wroczyniski,2
extended,2
vast,2
eighteenth,2
helps,2
regain,2
sides,2
trajectory,2
including,2
blum,2
significant,2
transcendent,2
returned,2
ethnic,2
engaged,2
chosen,2
armaments,2
states,2
relegated,2
vistula,2
theories,2
rejected,2
clear,2
diplomacy,2
three,2
publication,2
damage,2
peter,2
ireland,2
dziedziny,2
collaboration,2
like,2
summer,2
pozytywna,2
legacy,2
latter,2
exchange,2
faith,2
kronik,2
trying,2
editors,2
become,2
declare,2
britain,2
latach,2
jerzy,2
rhetorical,2
painter,2
selective,2
save,2
haven,2
inferior,2
carried,2
aspirations,2
wybor,2
she,2
overt,2
kwartalnik,2
naturally,2
ideology,2
claimed,2
rpt,2
leslie,2
primarily,2
institutions,2
directions,2
miroslav,2
strongly,2
began,2
worse,2
maurycy,2
originated,2
walka,2
often,2
analysis,2
existed,2
hope,2
centuries,2
get,2
abdication,2
problematic,2
provocatively,2
victorious,2
meant,2
considered,2
addressed,2
claims,2
shaw,2
environment,2
repaired,2
pointless,2
demonstrate,2
vi,2
known,2
implied,2
byt,2
buckla,2
sustained,2
alternative,2
easy,2
principle,2
literary,2
capital,2
searched,2
deconstruction,2
tradycji,2
thinking,2
benefit,2
build,2
przyborowski,2
bocckle,2
justify,2
defend,2
economy,2
okresu,2
lands,2
want,2
particular,2
hoped,2
map,2
her,2
foundations,2
argued,2
dark,2
nowiny,2
revolutions,2
november,2
convinced,2
tried,2
measure,2
phenomenon,2
mention,2
pole,2
representation,2
goals,2
think,2
named,2
polskim,2
enthusiasm,2
spring,2
oboz,2
difference,2
conn,2
conditions,2
accept,2
land,2
constructed,2
france,2
piece,2
off,2
remains,2
shift,2
charles,2
last,2
unapologetic,2
recognized,2
create,2
szkic,2
stanislaw,2
abandoned,2
literatury,2
broader,2
final,1
proposed,1
ending,1
superstitious,1
der,1
juliusz,1
believers,1
redaktor,1
doubts,1
deny,1
dla,1
vanquish,1
imagining,1
kieniewicz,1
anthony,1
tion,1
names,1
inglot,1
groups,1
willful,1
corruption,1
blend,1
vienna,1
gentler,1
wandycz,1
commitment,1
unpleasant,1
slaughter,1
zycia,1
kivelson,1
truth,1
dangers,1
market,1
reconsidered,1
discredited,1
struggled,1
legitimate,1
e,1
dissolution,1
marian,1
sympozjum,1
alone,1
ska,1
eliminated,1
benedict,1
reacted,1
ewa,1
berlin,1
forth,1
poezja,1
passing,1
forcing,1
told,1
juxtaposition,1
discover,1
replaced,1
summarizing,1
thrust,1
mounted,1
saved,1
risking,1
agency,1
myth,1
mlodzieiy,1
conducting,1
timeless,1
artistic,1
songs,1
disciples,1
rogers,1
second,1
authority,1
services,1
evocative,1
constitutes,1
liabilities,1
rewards,1
przemian,1
martyrdom,1
tense,1
easily,1
studies,1
specified,1
paralleled,1
eminence,1
considerations,1
bhabha,1
motive,1
acceptance,1
oppressive,1
essayist,1
distaste,1
warszawy,1
stefan,1
unreasonably,1
ennobles,1
sandler,1
habits,1
vestiges,1
differed,1
moving,1
unite,1
smile,1
savior,1
arguing,1
gertrude,1
princeton,1
radliinski,1
pioneers,1
precursors,1
marceli,1
distilled,1
contexts,1
women,1
baker,1
themes,1
intentions,1
glosu,1
experience,1
predominantly,1
huth,1
stanowisko,1
consistent,1
highlighted,1
cast,1
railroads,1
burrow,1
else,1
either,1
provision,1
stressed,1
beneficial,1
jhering,1
failing,1
wrong,1
invention,1
parliamentary,1
guarded,1
posed,1
norbert,1
utopia,1
production,1
krystyna,1
pervasive,1
exclusive,1
unimaginable,1
deterministic,1
aftermath,1
implications,1
military,1
feeling,1
rapid,1
thrive,1
represented,1
develops,1
unreal,1
asserts,1
drapper,1
incomplete,1
universalist,1
obronie,1
leszek,1
ourselves,1
official,1
knowing,1
liberty,1
bloomington,1
brock,1
dreaming,1
wedlug,1
possibilities,1
height,1
petersburgu,1
spoleczenstwo,1
optymizm,1
advantage,1
zanna,1
suggesting,1
borders,1
etre,1
ben,1
thank,1
polaka,1
differences,1
hide,1
origin,1
confront,1
inequity,1
vanishing,1
xiii,1
reveal,1
composition,1
exalted,1
launched,1
sielcle,1
created,1
room,1
take,1
styles,1
praised,1
subsequent,1
emblem,1
chauvinistic,1
speeches,1
fresh,1
embrace,1
etyki,1
harmondsworth,1
traditionally,1
improved,1
faithful,1
resorting,1
publicystycznych,1
stupid,1
alert,1
precisely,1
keith,1
ciqgiosc,1
reserved,1
robert,1
surely,1
china,1
moltke,1
contradicting,1
ambiguous,1
necessitated,1
committed,1
intelligence,1
anglji,1
dissolved,1
romanticism,1
daniel,1
ofiarowane,1
intersection,1
przemiany,1
powstanie,1
contents,1
szkice,1
faceless,1
citizenship,1
galician,1
traits,1
system,1
ernest,1
issue,1
ojczystej,1
messianic,1
crucified,1
collectives,1
upsets,1
nairn,1
evolutionists,1
tej,1
collaborate,1
prasenjit,1
eastern,1
charakter,1
historians,1
schieder,1
teleological,1
task,1
ruminants,1
draws,1
translations,1
bias,1
primary,1
publicystce,1
saying,1
killed,1
radliniski,1
jheringa,1
struggling,1
chapter,1
account,1
suppress,1
opened,1
definitional,1
felt,1
helpful,1
capable,1
determined,1
marked,1
neighbor,1
concentrating,1
activity,1
pracy,1
monistic,1
shame,1
object,1
alter,1
consciousness,1
fittest,1
julian,1
richard,1
terence,1
selfgovernment,1
regretted,1
reflection,1
taking,1
idei,1
combination,1
x,1
truths,1
relocated,1
grochulska,1
conception,1
anglophilia,1
krytyce,1
apply,1
wplywy,1
dishonor,1
beneath,1
demograficzna,1
realnej,1
warfare,1
liberated,1
behavior,1
pursuing,1
nasz,1
aggression,1
diversity,1
facets,1
usage,1
succeed,1
repeatedly,1
regarding,1
possessing,1
retaining,1
prey,1
accessible,1
regularly,1
search,1
uncensored,1
relationships,1
merchants,1
explained,1
logician,1
mine,1
distressingly,1
agreement,1
conceals,1
ethical,1
inevitable,1
professor,1
translating,1
objective,1
pursuit,1
realized,1
softening,1
klassyfikacya,1
silent,1
de,1
ksiqgi,1
zahorski,1
police,1
agent,1
neighbors,1
tigers,1
kronika,1
janina,1
adornment,1
valerie,1
ability,1
subtle,1
repositioned,1
heterogeneity,1
walter,1
participating,1
application,1
conducted,1
tied,1
odpowiedz,1
dishonored,1
zyciu,1
filozoficzniepsychologicznie,1
constellation,1
struktura,1
rooted,1
agitation,1
absolutely,1
hat,1
financing,1
joumal,1
spreading,1
ideologii,1
cases,1
filozofie,1
skarbie,1
inserted,1
distinct,1
szlacheckorewolucyjnej,1
myglq,1
blame,1
reimagining,1
underlying,1
demons,1
rescuing,1
times,1
displays,1
person,1
depend,1
pokolenia,1
narodowo,1
back,1
bloody,1
editing,1
inspirational,1
ithaca,1
response,1
polacypotrzebujq,1
minogue,1
modernity,1
holds,1
difficulty,1
forgiven,1
served,1
fatherland,1
allowing,1
romantyzmu,1
dates,1
left,1
niepokomych,1
third,1
clarity,1
misleading,1
folkways,1
pure,1
truly,1
publications,1
destroys,1
coincidentally,1
momentary,1
cosmopolitanism,1
kormanowa,1
drawn,1
sin,1
macaullay,1
communication,1
snobbery,1
preserving,1
perversions,1
negating,1
shading,1
confronting,1
traditions,1
simplistic,1
eksdziennikarz,1
ignore,1
leadership,1
guide,1
tempered,1
spolecznej,1
martial,1
hardly,1
insurgent,1
disgraceful,1
talent,1
fierce,1
master,1
overstates,1
leopold,1
error,1
victim,1
referring,1
incidental,1
walls,1
focused,1
kultury,1
perfect,1
phases,1
aristocracy,1
pay,1
failed,1
rights,1
loyal,1
opposed,1
hero,1
dziejow,1
philadelphia,1
miodych,1
karlowicz,1
whose,1
reflects,1
pietrzakpawlowska,1
air,1
elevating,1
predicted,1
potent,1
studyum,1
subjected,1
wiedzy,1
slavery,1
evoking,1
aimed,1
sentences,1
generations,1
obscure,1
aubyn,1
activists,1
aggressive,1
popowstaniowa,1
basic,1
influential,1
landscape,1
appreciation,1
explicit,1
siemiradzki,1
conservatism,1
levels,1
socjologji,1
ihnatowicz,1
preparing,1
wolna,1
adopted,1
devastating,1
suffer,1
opportunity,1
examined,1
exponent,1
preparatory,1
auguste,1
heard,1
associate,1
connected,1
publisher,1
grew,1
janusz,1
makes,1
possess,1
emigre,1
disappear,1
feel,1
arbor,1
animals,1
antithesis,1
polite,1
fade,1
troublesome,1
wash,1
recalled,1
category,1
acquisition,1
win,1
subordinated,1
kampf,1
facilitated,1
moralnem,1
ensure,1
censored,1
civilizations,1
wielkokapitalistycznych,1
possibly,1
objects,1
pierog,1
podstaw,1
established,1
pillage,1
peasants,1
librettist,1
uczczenia,1
dated,1
krytyki,1
section,1
conclusions,1
threatening,1
watch,1
jakiej,1
dominate,1
orientalist,1
warszawscy,1
fairness,1
gradually,1
instrument,1
advancing,1
olszer,1
superior,1
exploited,1
systemat,1
messianism,1
powerful,1
prussian,1
longed,1
follow,1
officer,1
armies,1
indications,1
linkage,1
followed,1
avert,1
enamored,1
always,1
layell,1
bromke,1
method,1
willing,1
yes,1
injustice,1
shifted,1
destructive,1
helped,1
nationality,1
opinion,1
kolodziejczyk,1
decades,1
protestant,1
strengthen,1
brodzin,1
wiltshire,1
appear,1
myths,1
ostatnich,1
methodology,1
conflicts,1
groniowski,1
mala,1
reflections,1
arms,1
imperialism,1
union,1
opponents,1
complete,1
disempowered,1
expressed,1
arrived,1
pretending,1
narration,1
industrialmercantile,1
assets,1
laziness,1
whom,1
betrayal,1
identifying,1
introduce,1
path,1
censorship,1
concentration,1
stwa,1
blamed,1
bohdan,1
conservative,1
wapin,1
ambition,1
patriotyzmu,1
inappropriate,1
attack,1
kolakowski,1
martyr,1
rodowody,1
sacrifice,1
missionary,1
adjusted,1
terminological,1
sternness,1
warszawa,1
rudolf,1
compassion,1
grabski,1
dispute,1
mightiest,1
insisting,1
emerge,1
assistance,1
zarnowska,1
gathered,1
politykowanie,1
initial,1
emotionally,1
administratively,1
poetry,1
attained,1
base,1
im,1
wychowaniu,1
big,1
contest,1
zaborczy,1
further,1
polskie,1
equally,1
reasons,1
embarrassing,1
occupation,1
pointing,1
wiek,1
posited,1
blow,1
transposed,1
shake,1
posters,1
indirect,1
duara,1
awaken,1
tools,1
absorption,1
europa,1
population,1
boyd,1
sentence,1
reinforce,1
cannot,1
meet,1
promise,1
applied,1
younger,1
otherwise,1
outside,1
bouckle,1
spiritual,1
judicial,1
explain,1
fox,1
taught,1
entuzjasci,1
enough,1
wide,1
jewish,1
throne,1
expressions,1
engine,1
huge,1
obecnego,1
memory,1
warriors,1
marx,1
having,1
gained,1
sounded,1
faire,1
mobilization,1
crushed,1
derisively,1
data,1
mapped,1
modesty,1
pielgrzymstwa,1
kamenka,1
abroad,1
degenerate,1
bounded,1
homi,1
received,1
peasantry,1
tool,1
strict,1
carry,1
invisible,1
admired,1
elzenberg,1
ranger,1
advancement,1
chap,1
prawdy,1
purpose,1
denigrated,1
competing,1
denial,1
esp,1
reduction,1
related,1
correctly,1
perpetuity,1
homeland,1
jettisoning,1
pocket,1
henryka,1
jestem,1
whole,1
year,1
overview,1
realm,1
discussions,1
positing,1
delegitimized,1
literally,1
varta,1
relevance,1
concentrate,1
moments,1
earn,1
pan,1
zielin,1
winter,1
documented,1
jaszczuk,1
personal,1
publish,1
member,1
legislation,1
preconditions,1
reconceptualized,1
participate,1
synonymous,1
manage,1
won,1
modlitwa,1
status,1
visions,1
ethnicity,1
impunity,1
enthusiastic,1
prasa,1
styczniowe,1
absorb,1
panstwo,1
czynnej,1
bankructwa,1
prawa,1
popularizer,1
good,1
creating,1
running,1
officials,1
painting,1
viable,1
caused,1
allegiance,1
cooperative,1
spoleczne,1
elephants,1
tom,1
pojecie,1
applicability,1
catholic,1
le,1
theater,1
ennobling,1
phrase,1
ojczyzna,1
ward,1
poezji,1
event,1
economist,1
involved,1
zientara,1
nationalismus,1
mazurka,1
wielka,1
consensus,1
fabrizio,1
wider,1
concerns,1
realists,1
promised,1
scientistic,1
temporary,1
psychological,1
brutalized,1
illusions,1
uglier,1
tended,1
miracles,1
characterizes,1
managed,1
mioda,1
visible,1
generally,1
majority,1
passivity,1
filozoficzna,1
transparent,1
resistance,1
und,1
kmiecik,1
mischief,1
enormously,1
prevail,1
carlton,1
feasible,1
substituted,1
value,1
grateful,1
provided,1
compels,1
interests,1
evoked,1
actions,1
questioning,1
mikulski,1
dictated,1
mesjanistyczne,1
lyrics,1
survived,1
advertised,1
transforming,1
south,1
epoce,1
f,1
lenin,1
led,1
statelessness,1
transform,1
critics,1
lerner,1
rewolucja,1
saw,1
matter,1
sydney,1
misrepresent,1
noble,1
romantycznej,1
letniejpracy,1
narrows,1
pilgrimage,1
mark,1
revival,1
contrasted,1
expansion,1
charlton,1
play,1
wiadyslaw,1
przedmowa,1
wait,1
onward,1
herberta,1
edges,1
lies,1
instincts,1
socjologli,1
denominator,1
positioned,1
useless,1
july,1
grande,1
polemical,1
judgment,1
balamuctwa,1
violates,1
broadens,1
thinkers,1
murderous,1
expanded,1
domination,1
comments,1
definitionally,1
achieve,1
backdrop,1
historykow,1
adamant,1
reception,1
direction,1
positive,1
structural,1
spolecznego,1
merges,1
fighting,1
sponsorship,1
argumentation,1
convictions,1
rocznice,1
breuilly,1
retrieved,1
sincere,1
szweykowski,1
emerged,1
interpretation,1
hugh,1
vs,1
reclaiming,1
umyslowem,1
devotion,1
paradox,1
happened,1
theodor,1
odpowiedi,1
reinterpreted,1
backward,1
soon,1
hegemonic,1
handelsman,1
slavic,1
dialects,1
inspiration,1
disastrous,1
neither,1
perceived,1
quarrel,1
judgmental,1
jay,1
participants,1
assimilation,1
victories,1
falls,1
ruinous,1
ochorowicz,1
ci,1
publishing,1
xenophobic,1
negates,1
liberalny,1
franciszek,1
abandon,1
shifting,1
disjuncture,1
ethnographic,1
baltimore,1
pseudonym,1
popularized,1
broad,1
al,1
reprint,1
nineteenthcentury,1
certainly,1
prace,1
contempt,1
wisconsin,1
oraz,1
alien,1
historycznej,1
unusually,1
toronto,1
mich,1
enforce,1
increasingly,1
heuristically,1
frameworks,1
avoided,1
flee,1
testimony,1
chose,1
persuasive,1
nicer,1
louder,1
perverting,1
ums,1
members,1
theorist,1
podstawy,1
nasze,1
shaped,1
unlimited,1
ind,1
comfortable,1
elie,1
stronger,1
mieczystaw,1
mentions,1
determinizm,1
fin,1
rzecz,1
pointed,1
available,1
conceived,1
similarly,1
harmonious,1
addition,1
experienced,1
financial,1
missing,1
insurgents,1
signified,1
equating,1
speaks,1
monism,1
zwolennicy,1
nationhood,1
leading,1
demographically,1
overwhelming,1
head,1
endless,1
rozwoj,1
pressure,1
striking,1
denationalization,1
fowkes,1
creative,1
beliefs,1
abstract,1
postep,1
sloppy,1
raised,1
maneuver,1
outdated,1
educated,1
manifested,1
governed,1
angry,1
zenon,1
decreases,1
harming,1
beloved,1
towering,1
cywinski,1
manifestos,1
reflect,1
agree,1
uprisings,1
vt,1
pesymizm,1
honor,1
lamented,1
patryotyzm,1
novels,1
polska,1
patterns,1
lions,1
evoke,1
newspaper,1
drove,1
accusations,1
dziewiqtnastym,1
learn,1
ironically,1
deploy,1
formation,1
stronnictwa,1
manner,1
innovative,1
naturalistic,1
detriments,1
listopadowego,1
purposes,1
superimposed,1
ensured,1
accepted,1
jedlicki,1
drugiej,1
englishmen,1
proby,1
michael,1
flesh,1
organiczna,1
slovak,1
surveillance,1
depoliticize,1
wspolczesnej,1
spoke,1
blind,1
intemational,1
chronologically,1
belief,1
shafer,1
poglqdy,1
dzialalnosci,1
compelled,1
spoiler,1
grave,1
gives,1
coined,1
counterpart,1
number,1
urodzin,1
identifiable,1
pozytywystycznej,1
desires,1
wrapped,1
plane,1
interpreting,1
thousands,1
simon,1
krupifiski,1
empirically,1
private,1
polemiki,1
greatest,1
exploring,1
meaningful,1
pacifist,1
narodowosc,1
casual,1
polityki,1
negated,1
rulers,1
precluded,1
excluding,1
wielopolskiego,1
background,1
ills,1
sever,1
explanation,1
sacrifices,1
organisms,1
redakcyi,1
kieniewiczowi,1
values,1
porozbiorowych,1
cure,1
region,1
benedykt,1
giles,1
woe,1
closed,1
distinctly,1
recht,1
depended,1
looking,1
sufficiently,1
rosjq,1
wojciech,1
safer,1
ruling,1
disavowed,1
concern,1
rationalization,1
prussia,1
host,1
lecture,1
characteristically,1
fizycznem,1
granted,1
warunkach,1
maria,1
manifestation,1
antoni,1
submitted,1
alsace,1
questions,1
actual,1
kingdom,1
wiasna,1
nothing,1
examination,1
narodowym,1
trust,1
prelude,1
marzeniami,1
full,1
raising,1
vices,1
literatura,1
banners,1
dating,1
szacki,1
students,1
zbiorowa,1
vii,1
poglqd,1
serejski,1
ties,1
distortion,1
open,1
afterward,1
landscapes,1
discovered,1
biblical,1
loosely,1
provoked,1
reality,1
directed,1
emphasizing,1
restraint,1
codzienny,1
virtues,1
sustain,1
resurrections,1
faces,1
interpret,1
newest,1
serious,1
intellectually,1
controversies,1
rozwoju,1
liberate,1
someone,1
characterized,1
reviewers,1
overemphasize,1
inventing,1
tradycje,1
plant,1
high,1
played,1
evolve,1
distinction,1
ugody,1
obtained,1
administrative,1
surer,1
accurate,1
probable,1
anyone,1
losing,1
offense,1
incur,1
lose,1
favored,1
przyczynek,1
shackles,1
especially,1
sentiment,1
mental,1
maxim,1
internal,1
qualities,1
eyes,1
slowacki,1
methods,1
moorings,1
awakening,1
correct,1
overcome,1
ann,1
depoliticized,1
anderson,1
sentiments,1
accrue,1
seattle,1
wills,1
structure,1
enemies,1
enthusiastically,1
concluding,1
primitive,1
warszawskiego,1
artisans,1
kill,1
implication,1
advertisement,1
exertions,1
hume,1
looked,1
parameters,1
versus,1
zrodla,1
irex,1
ringrose,1
balkans,1
tenuous,1
embodied,1
darker,1
teleologies,1
hopeless,1
concluded,1
widely,1
superstition,1
nal,1
translator,1
szwarc,1
kazimierz,1
gustave,1
limiting,1
revolved,1
militancy,1
sage,1
regained,1
stara,1
suffering,1
ascertained,1
nationalen,1
provoking,1
bon,1
twelve,1
pozniejsze,1
przelomie,1
guterman,1
relationship,1
imply,1
stefanowi,1
aid,1
cleansing,1
circle,1
me,1
misfortune,1
shattered,1
grammar,1
perspectives,1
irregular,1
africa,1
nowoczesnej,1
negligence,1
lot,1
redefine,1
george,1
inhabitants,1
sometimes,1
figure,1
elevate,1
crucial,1
neokantyzm,1
lesnodorski,1
krytycznoliterackie,1
althoen,1
historyi,1
siberia,1
competitors,1
entities,1
filozoficzne,1
obscuring,1
albion,1
vague,1
psychologija,1
soften,1
becomes,1
historiosophies,1
army,1
seen,1
tindhal,1
amoral,1
ideologia,1
lives,1
contribution,1
transformation,1
recognize,1
literackiej,1
sheer,1
try,1
similarities,1
tomasza,1
distort,1
worlds,1
literacy,1
inspired,1
proximity,1
jubileuszowy,1
cease,1
fall,1
rudolfa,1
tygodniowa,1
ujecie,1
slogan,1
respect,1
brykalska,1
polskiei,1
organicznej,1
himmelfarb,1
types,1
krupp,1
months,1
exists,1
sympathy,1
uneducated,1
face,1
biblioteka,1
decided,1
kulturkampf,1
subtext,1
eugene,1
beasts,1
poets,1
articulations,1
matters,1
historyczne,1
side,1
sections,1
school,1
wielkiej,1
assistant,1
publicist,1
contained,1
punished,1
szesnastu,1
liked,1
mcdonald,1
practice,1
marjorie,1
reviewing,1
conclusion,1
peoples,1
historja,1
ireneusz,1
eschatology,1
wydana,1
extending,1
agents,1
modernen,1
mygle,1
constituted,1
ever,1
rzeczypospolitej,1
eng,1
alfred,1
totality,1
laissez,1
zyciowe,1
battistelli,1
elevates,1
sniezawski,1
md,1
brookfield,1
text,1
sciences,1
appealing,1
spatially,1
extolled,1
napoleonic,1
set,1
rummey,1
highly,1
darwinian,1
kind,1
jego,1
ich,1
banished,1
surrender,1
advanced,1
frequency,1
sure,1
paper,1
grow,1
cultures,1
tongue,1
sheep,1
operatic,1
abandonment,1
novel,1
socialists,1
jednostka,1
kosmopolityzm,1
powstania,1
believe,1
albeit,1
gone,1
appropriate,1
ahr,1
prominence,1
half,1
michal,1
intersected,1
rarely,1
threats,1
regaining,1
countrymen,1
speech,1
misunderstood,1
exploiting,1
losses,1
presumably,1
enemy,1
disciple,1
demokracji,1
reflected,1
retitled,1
hindering,1
going,1
unrealized,1
wyobraini,1
deployment,1
stamped,1
placing,1
utilized,1
u,1
masterpiece,1
quoted,1
metaphysics,1
living,1
type,1
masters,1
volksgeist,1
senate,1
caricature,1
paradoxically,1
concrete,1
subordinate,1
phd,1
growing,1
beginning,1
narodowos,1
redeem,1
realize,1
numbers,1
carefully,1
progresses,1
changed,1
implicit,1
whether,1
haeskley,1
making,1
plants,1
szkola,1
quote,1
imposed,1
deported,1
eulogy,1
thirty,1
passed,1
anglophones,1
sociologist,1
vigorously,1
filozofji,1
unnecessary,1
robotnicy,1
succumb,1
kalabin,1
grzechy,1
expositions,1
institute,1
glorification,1
pagination,1
pitted,1
imperial,1
defying,1
almost,1
niej,1
urban,1
ascertain,1
categories,1
grand,1
specializes,1
periodicals,1
vessels,1
characterize,1
instruments,1
autocratic,1
socioeconomic,1
magnificent,1
apparatus,1
presented,1
son,1
careful,1
precz,1
trivial,1
modernizing,1
recognition,1
unaided,1
altered,1
czyn,1
disparate,1
met,1
little,1
bobin,1
lata,1
understanding,1
resignation,1
ashes,1
renounce,1
republic,1
adresy,1
bourgeois,1
entrepreneur,1
wiadomosc,1
disagreeing,1
went,1
adapted,1
warszawska,1
programs,1
results,1
divided,1
treasury,1
nowoczesnego,1
memories,1
modzelewski,1
czasow,1
phoenix,1
plamenatz,1
aspect,1
jan,1
wanglji,1
complaints,1
prepared,1
wlqcznie,1
suppressed,1
eric,1
unconditionally,1
false,1
robertson,1
wild,1
nationalstaat,1
ultimately,1
wiec,1
galicyjskiego,1
advance,1
touch,1
moralists,1
editor,1
reveals,1
decimated,1
ideowe,1
utilitarianism,1
advent,1
similarity,1
twentieth,1
herds,1
ksiqzka,1
zum,1
frame,1
samuel,1
washington,1
finally,1
staging,1
hurt,1
inured,1
spoteczna,1
tactical,1
crisis,1
submerged,1
ended,1
revolves,1
tighter,1
brute,1
immediately,1
typically,1
define,1
evidence,1
guiding,1
masses,1
spoleczefistwa,1
manufacturer,1
heartland,1
celina,1
disintegrated,1
politicizing,1
already,1
effects,1
gentry,1
petersburg,1
programme,1
organ,1
posterity,1
extremely,1
madison,1
increased,1
campaign,1
publicystyki,1
summary,1
returning,1
anonymous,1
oswiatowa,1
moved,1
halina,1
removed,1
penetrated,1
valuable,1
tribes,1
brubaker,1
podarek,1
capitulation,1
ascendancy,1
elites,1
scholarship,1
chicago,1
wola,1
reached,1
obligation,1
era,1
boguslaw,1
bounds,1
exclusively,1
backwardness,1
hymn,1
surveys,1
poprzednicy,1
preeminence,1
images,1
comparable,1
catastrophe,1
anthem,1
drew,1
blindness,1
deutsch,1
fictions,1
should,1
compounding,1
building,1
doing,1
oblivion,1
built,1
hans,1
race,1
close,1
customs,1
quantity,1
major,1
tlomacza,1
harmful,1
losy,1
continuously,1
grants,1
eagerly,1
