WORDCOUNTS,WEIGHT
the,504
of,392
in,358
and,334
to,174
a,158
gender,141
women,94
europe,87
as,78
that,77
s,76
eastern,74
for,72
with,62
history,59
this,58
on,57
is,54
was,43
an,43
historical,42
from,40
historians,39
have,39
by,37
european,33
are,33
at,31
communist,31
not,30
more,29
see,29
feminist,29
feminism,28
their,28
new,28
american,27
scholars,27
who,27
scholarship,27
no,25
be,25
were,24
political,24
east,24
important,24
scott,24
but,24
studies,23
it,22
other,22
i,22
central,22
which,21
analysis,21
romania,20
had,20
these,20
most,20
review,19
such,18
or,18
maria,18
bucur,18
they,17
been,17
has,17
there,16
communism,16
university,16
than,16
about,16
also,16
intellectual,16
one,15
some,15
politics,15
york,15
how,15
still,15
states,15
social,15
many,15
december,15
historiography,14
under,14
her,14
movement,13
work,13
only,13
academia,13
nationalism,13
what,13
roles,13
theoretical,12
russia,12
first,11
great,11
context,11
well,11
research,11
feminists,11
essay,11
after,11
united,11
eds,11
both,11
archipelago,11
area,11
offered,11
romanian,10
state,10
relations,10
n,10
my,10
however,10
its,10
world,10
fact,10
can,10
among,10
those,9
de,9
academic,9
war,9
own,9
stories,9
toward,9
we,9
program,9
past,9
much,9
all,8
within,8
point,8
even,8
journal,8
generation,8
rather,8
could,8
part,8
during,8
will,8
yet,8
us,8
two,8
time,8
understanding,8
especially,8
article,8
often,8
any,8
regime,8
interwar,8
d,8
between,8
nikolchina,7
western,7
daskalova,7
interest,7
his,7
soviet,7
notion,7
connected,7
impact,7
view,7
greater,7
late,7
public,7
field,7
up,7
poland,7
make,7
home,7
ed,7
efforts,7
debates,7
men,7
she,7
inside,7
why,7
ph,7
very,7
making,7
particular,7
our,7
question,7
institutional,7
now,6
way,6
if,6
position,6
nineteenth,6
www,6
embraced,6
thus,6
since,6
czech,6
perspective,6
http,6
category,6
krassimira,6
established,6
instance,6
union,6
people,6
winter,6
hungary,6
discourse,6
around,6
few,6
visible,6
south,6
issues,6
department,6
power,6
accepted,6
mihaela,6
identity,6
questions,6
accessed,6
continued,6
movements,6
itself,6
interested,6
calif,6
november,6
years,6
early,6
verdery,6
large,5
solidarity,5
j,5
bloomington,5
citizenship,5
case,5
right,5
framework,5
gendered,5
century,5
ceu,5
access,5
out,5
intellectuals,5
place,5
broad,5
published,5
dictionary,5
generally,5
equality,5
projects,5
fundamental,5
took,5
less,5
indiana,5
students,5
three,5
period,5
so,5
regimes,5
institutions,5
understand,5
life,5
fall,5
simply,5
bulgaria,5
over,5
iayi,5
feminisms,5
inquiry,5
aspasia,5
scholarly,5
terms,5
while,5
when,5
press,5
instead,5
although,5
specific,5
debate,5
focus,5
here,5
broader,5
naumovid,4
pittsburgh,4
group,4
biographical,4
practices,4
laura,4
every,4
voices,4
attempts,4
taken,4
might,4
parties,4
seminar,4
iordachi,4
haan,4
west,4
resources,4
pursuing,4
young,4
kligman,4
rights,4
essential,4
russian,4
without,4
kenney,4
katherine,4
miroiu,4
ideologies,4
rule,4
miglena,4
against,4
international,4
radical,4
cultural,4
y,4
received,4
role,4
away,4
graduate,4
good,4
television,4
presence,4
fully,4
und,4
socialism,4
barbara,4
may,4
direction,4
same,4
insights,4
double,4
ind,4
shows,4
do,4
where,4
relevant,4
number,4
fundamentally,4
popular,4
bulgarian,4
significant,4
modernization,4
engagement,4
liberalism,4
countries,4
centuries,4
susan,4
meant,4
dissent,4
berkeley,4
did,4
eugenics,4
penn,4
them,4
implicit,4
divide,4
discourses,4
conference,4
burden,4
andrea,4
given,4
through,4
became,4
assumptions,4
shift,4
am,4
pioneering,4
democracy,3
archives,3
engelstein,3
polish,3
market,3
feinberg,3
articulating,3
becoming,3
essays,3
constitutes,3
decade,3
into,3
before,3
princeton,3
experience,3
gail,3
cast,3
gap,3
ii,3
continue,3
differences,3
analyses,3
yearbook,3
trouble,3
issue,3
forthcoming,3
victims,3
opened,3
audience,3
wingfield,3
development,3
ability,3
turn,3
back,3
subjects,3
ithaca,3
left,3
handful,3
acknowledge,3
loutfi,3
l,3
across,3
activists,3
joan,3
landscape,3
heard,3
contributions,3
space,3
minsk,3
means,3
reason,3
literary,3
liberal,3
mary,3
w,3
solid,3
show,3
bridges,3
siklovi,3
terminology,3
decades,3
societies,3
found,3
begun,3
deal,3
passmore,3
though,3
focused,3
younger,3
aspects,3
future,3
prominent,3
poststructuralist,3
london,3
civil,3
nation,3
realm,3
emancipation,3
personal,3
stalin,3
change,3
sense,3
next,3
family,3
several,3
dedicated,3
moved,3
society,3
critical,3
he,3
misogynist,3
matter,3
doctoral,3
overall,3
brief,3
islands,3
elusive,3
community,3
francisca,3
sex,3
thesis,3
useful,3
party,3
organizations,3
degrees,3
others,3
put,3
usefulness,3
john,3
v,3
woman,3
remained,3
local,3
able,3
represented,3
individuals,3
significance,3
moral,3
publication,3
points,3
held,3
sofia,3
individual,3
would,3
become,3
topics,3
signs,3
foreign,3
ideology,3
male,3
hope,3
education,3
legacies,3
environment,3
htm,3
dissident,3
different,3
current,3
intelligentsia,3
mudure,3
works,3
better,3
places,3
havel,3
nationalist,3
austrian,3
problem,3
bodies,3
despite,3
writing,3
budapest,3
finally,3
offer,3
need,3
colleagues,3
sexuality,3
speak,3
comparison,3
little,3
traditional,3
major,3
does,2
currently,2
limits,2
prostitution,2
meaning,2
groups,2
created,2
europeans,2
everyone,2
pill,2
engendering,2
integrity,2
diplomatic,2
ofaspasia,2
tend,2
live,2
postmodernist,2
ways,2
easily,2
modern,2
policy,2
something,2
emanciparea,2
collaborative,2
europeanist,2
being,2
came,2
t,2
transitions,2
philosophers,2
interests,2
give,2
nancy,2
duplicity,2
seems,2
nature,2
georgia,2
tradition,2
secondary,2
broadly,2
together,2
blind,2
rich,2
products,2
take,2
mind,2
concepts,2
cyberarchive,2
tsarist,2
discipline,2
reading,2
papers,2
forum,2
antohi,2
translations,2
bases,2
mass,2
hall,2
reaction,2
october,2
femeii,2
regards,2
hagemann,2
unities,2
engage,2
istoria,2
karen,2
million,2
resonated,2
civilization,2
postcommunist,2
component,2
spectrum,2
demanded,2
prague,2
employing,2
media,2
ziua,2
topic,2
marxism,2
weaknesses,2
sustain,2
elements,2
old,2
mentors,2
times,2
gal,2
effective,2
truly,2
tismineanu,2
communication,2
general,2
critiquing,2
higher,2
gaining,2
jovanovid,2
growth,2
generations,2
remain,2
basic,2
politicians,2
active,2
legal,2
similar,2
dialogue,2
study,2
scattered,2
support,2
cable,2
totalitarianism,2
female,2
emergence,2
linked,2
elsewhere,2
articulated,2
weak,2
attitudes,2
democratic,2
powerful,2
credentials,2
velvet,2
closely,2
whom,2
questioned,2
agenda,2
strength,2
lived,2
criticisms,2
eu,2
vigorous,2
muslim,2
fourth,2
jirina,2
czechoslovakia,2
activist,2
recently,2
population,2
excellent,2
placed,2
stations,2
because,2
r,2
brought,2
apparent,2
secret,2
used,2
shana,2
gi,2
relevance,2
actually,2
thereafter,2
sokol,2
bucharest,2
reflect,2
stanford,2
legacy,2
least,2
popularity,2
working,2
cold,2
revolution,2
socialist,2
catholic,2
contrast,2
night,2
emerging,2
wider,2
components,2
core,2
dependent,2
resistance,2
grateful,2
provided,2
monarchy,2
constantin,2
nations,2
liberation,2
f,2
ana,2
keane,2
observations,2
variety,2
economic,2
wrote,2
positions,2
exile,2
limited,2
yugoslavia,2
rendering,2
exception,2
april,2
bloc,2
mainstream,2
initially,2
romanians,2
southeast,2
texte,2
once,2
oprah,2
reference,2
security,2
makes,2
aleksandra,2
participants,2
policies,2
gendering,2
ro,2
si,2
rise,2
picture,2
volume,2
deconstruct,2
theorist,2
book,2
challenge,2
corrin,2
addition,2
analytical,2
artists,2
areas,2
larger,2
jovanovic,2
audiences,2
everyday,2
remarkable,2
continuing,2
empire,2
zhenotdel,2
focusing,2
poles,2
padraic,2
distance,2
stance,2
private,2
antisemitism,2
made,2
values,2
helps,2
region,2
alas,2
including,2
looking,2
entirely,2
use,2
virtually,2
engaging,2
trend,2
vladimir,2
engaged,2
services,2
full,2
optimistic,2
fashion,2
reality,2
talk,2
eve,2
david,2
budding,2
conversation,2
somehow,2
hungarian,2
femei,2
respectively,2
story,2
italy,2
figures,2
forefront,2
institution,2
harding,2
balkans,2
ago,2
sandra,2
division,2
relationship,2
me,2
perspectives,2
george,2
provide,2
chance,2
habsburg,2
binary,2
antologie,2
directions,2
force,2
began,2
effectively,2
importantly,2
entertainment,2
respect,2
fields,2
todorova,2
claims,2
comes,2
version,2
peoples,2
blom,2
der,2
butler,2
each,2
masculinist,2
ahr,2
ramet,2
regard,2
domestic,2
ideological,2
roxana,2
living,2
mill,2
options,2
merely,2
growing,2
activism,2
sorin,2
communicate,2
form,2
ones,2
fictitious,2
anna,2
categories,2
freedom,2
presented,2
recognition,2
aspect,2
coming,2
think,2
come,2
spring,2
zimmermann,2
contract,2
twentieth,2
constructed,2
files,2
product,2
centrality,2
lithuania,2
endeavors,2
potential,2
soros,2
themselves,2
create,2
import,2
prison,2
permanent,2
recent,2
resist,2
famous,2
should,2
heavily,1
barr,1
margins,1
mostly,1
o,1
nihilism,1
struggle,1
otilia,1
damian,1
migcarea,1
edits,1
emptiness,1
stuart,1
destroying,1
maternalist,1
curtailed,1
medieval,1
religions,1
alexandrina,1
generous,1
c,1
stood,1
scholar,1
suggested,1
ready,1
truth,1
culminated,1
ethnicities,1
affected,1
jane,1
insufficiently,1
legitimate,1
revolutionary,1
glavata,1
nationalities,1
feminization,1
red,1
signpost,1
e,1
ultimate,1
pertaining,1
tova,1
sphere,1
berlin,1
disregard,1
linguistic,1
former,1
connect,1
church,1
just,1
center,1
enlightening,1
needed,1
shoulders,1
illegal,1
kinds,1
offerings,1
fate,1
philanthropist,1
properly,1
reframe,1
identify,1
referring,1
maleckovi,1
remind,1
authority,1
units,1
sets,1
completely,1
soap,1
contradictio,1
park,1
forgingdemocracy,1
boulder,1
realities,1
comrades,1
explanatory,1
necessarily,1
emphasize,1
secor,1
unlike,1
encourage,1
ambitious,1
vibrantly,1
attract,1
feministische,1
pokret,1
exceptions,1
hungarians,1
connotations,1
edu,1
contested,1
acquainted,1
claire,1
reich,1
contexts,1
prosperous,1
constructedness,1
member,1
iub,1
anything,1
defeated,1
decidedly,1
jsri,1
sources,1
long,1
certainly,1
creation,1
operas,1
melissa,1
exclusive,1
unimaginable,1
paraschiva,1
fathom,1
culturally,1
discursively,1
enables,1
address,1
location,1
attempt,1
generated,1
anywhere,1
articulate,1
worked,1
emerged,1
ourselves,1
dreams,1
definition,1
possibilities,1
alexander,1
capitalist,1
wooden,1
suggesting,1
accompanied,1
borders,1
display,1
simple,1
potentially,1
narrative,1
achievement,1
studied,1
mills,1
grandner,1
link,1
thanks,1
room,1
providence,1
humiliations,1
reproduction,1
deemed,1
subsequent,1
reexaminations,1
help,1
rearticulate,1
called,1
embrace,1
wall,1
kindergarten,1
falsul,1
slovakia,1
robert,1
seriousness,1
opposite,1
thirdwave,1
china,1
alike,1
committed,1
behind,1
dissolved,1
cosma,1
livelihood,1
backlash,1
depends,1
system,1
courage,1
british,1
estul,1
partners,1
fortune,1
staunch,1
sophisticated,1
resulted,1
collaborate,1
recorded,1
courtesy,1
anthropologists,1
cancea,1
albeit,1
zagreb,1
continuum,1
romgne,1
primary,1
sought,1
sexual,1
dissidence,1
representations,1
vostochnoi,1
retain,1
vol,1
uneven,1
armand,1
felt,1
possible,1
methodologies,1
marked,1
approx,1
frauenbewegungen,1
illustrate,1
waltraud,1
dissidents,1
erased,1
powers,1
richard,1
professor,1
edit,1
diss,1
taking,1
mental,1
essentialize,1
desired,1
printre,1
far,1
canning,1
familial,1
scandal,1
negotiation,1
representing,1
enter,1
literaturna,1
marginalized,1
forged,1
kun,1
collection,1
kollontai,1
diversity,1
interestingly,1
funded,1
czysto,1
ceaugescu,1
labor,1
avenues,1
hierarchy,1
natives,1
zeitschrift,1
iron,1
terra,1
accessible,1
essentialization,1
uncensored,1
language,1
eras,1
pied,1
sea,1
invisibility,1
underpinnings,1
reject,1
pursue,1
unsuccessful,1
translating,1
initial,1
interior,1
romina,1
cognizant,1
september,1
genderedness,1
personalities,1
g,1
integral,1
doctor,1
forgotten,1
relatively,1
regarded,1
czechoslovak,1
cheychebec,1
democrat,1
concentrations,1
decided,1
afford,1
francoist,1
participating,1
tucson,1
mcdonalds,1
sabrina,1
overly,1
privilege,1
iclav,1
z,1
radar,1
kind,1
transitional,1
unyielding,1
smisil,1
reception,1
adam,1
wendy,1
popa,1
nor,1
marci,1
botez,1
underlying,1
stokes,1
ristivojevid,1
profound,1
cheachebec,1
marriage,1
encompass,1
body,1
hopefully,1
response,1
modernity,1
concert,1
six,1
served,1
fatherland,1
ads,1
libraries,1
continuous,1
publications,1
alliances,1
find,1
helpful,1
undertaking,1
kelly,1
misogyny,1
roundtable,1
look,1
critique,1
irony,1
propositions,1
appreciated,1
rodena,1
william,1
wounded,1
sisterhood,1
commanding,1
enrich,1
subversion,1
influence,1
according,1
denominations,1
curricular,1
poverty,1
perfect,1
vantage,1
critics,1
homegrown,1
themes,1
aim,1
failed,1
surprisingly,1
jacek,1
semioticians,1
wishes,1
revisit,1
german,1
heroism,1
reconfigured,1
mihailescu,1
main,1
impetus,1
developed,1
arena,1
jitka,1
cheschebec,1
ironic,1
learning,1
baba,1
breadth,1
mediated,1
na,1
confining,1
appreciation,1
explicit,1
viclav,1
minorities,1
romfnesc,1
doctrine,1
cohort,1
myself,1
process,1
serbia,1
goes,1
titled,1
associate,1
earlier,1
sarah,1
importance,1
b,1
gesture,1
certain,1
pages,1
special,1
nos,1
envision,1
denise,1
lacking,1
mobilize,1
empowerment,1
arbor,1
kobiet,1
dismiss,1
front,1
perpetrators,1
precious,1
gathering,1
underline,1
falk,1
brunswick,1
insistence,1
developments,1
praise,1
postmodern,1
cause,1
consider,1
doublespeak,1
conceptualization,1
eley,1
improvement,1
familiar,1
retained,1
natasha,1
goldman,1
mira,1
lulia,1
boon,1
susana,1
presumably,1
section,1
producers,1
proposed,1
dominate,1
nationalisms,1
welfare,1
pateman,1
shore,1
argued,1
pragmatism,1
fore,1
too,1
maintain,1
periodically,1
outing,1
four,1
comps,1
additional,1
ulfprez,1
gruziel,1
tourism,1
eszter,1
followed,1
organisation,1
obstacles,1
comparisons,1
definite,1
oppression,1
willing,1
rendered,1
brideanu,1
care,1
setup,1
helped,1
m,1
faced,1
trained,1
cut,1
italics,1
myths,1
trajectories,1
trnka,1
friends,1
whereas,1
hours,1
daniela,1
arrived,1
result,1
treating,1
incomplete,1
based,1
lead,1
acting,1
aftermath,1
opposition,1
chris,1
disproportionate,1
knott,1
critic,1
exaggeration,1
search,1
reifying,1
kolchevska,1
embracing,1
cz,1
ocean,1
informal,1
author,1
events,1
prochit,1
maybe,1
impaired,1
luxury,1
actresses,1
constantly,1
usmanova,1
patriarchs,1
term,1
frustrations,1
big,1
engel,1
further,1
ann,1
ghodsee,1
furthermore,1
chinese,1
understood,1
durham,1
precursor,1
shake,1
edmondson,1
fulfillment,1
bore,1
newfound,1
tools,1
viewed,1
residential,1
schneider,1
produced,1
companies,1
cannot,1
ghizela,1
feministe,1
workday,1
tol,1
tension,1
dependency,1
sabedashvili,1
femeile,1
premise,1
negotiated,1
jewish,1
patriarchal,1
criteria,1
receive,1
outstanding,1
underlie,1
abuse,1
gained,1
directly,1
keeping,1
having,1
unequal,1
manhood,1
addenda,1
basis,1
dilemmas,1
genre,1
stances,1
data,1
tribulations,1
literature,1
lied,1
abroad,1
strengths,1
imports,1
mobilization,1
josef,1
vote,1
feminisme,1
interberlica,1
framed,1
reader,1
significantly,1
bewusstsein,1
crude,1
drew,1
tamar,1
ot,1
varsa,1
pauker,1
iwona,1
kristen,1
knowledge,1
calls,1
confined,1
actors,1
tune,1
elizabeth,1
criticized,1
ten,1
reminded,1
politice,1
parameters,1
loss,1
authenticity,1
overview,1
gave,1
politica,1
older,1
inauspicious,1
corrupt,1
konflikte,1
coca,1
jo,1
butter,1
participated,1
oldson,1
kings,1
marissa,1
call,1
focuses,1
illustrative,1
contentious,1
surrounding,1
plurality,1
sensibility,1
kosofsky,1
participate,1
workload,1
genealogies,1
feminismului,1
status,1
rafts,1
ethnicity,1
enthusiastic,1
polity,1
trends,1
minds,1
else,1
approach,1
nolte,1
undervalued,1
ida,1
regions,1
patriarhat,1
estonia,1
closing,1
eine,1
salons,1
pluralism,1
describing,1
kultur,1
level,1
hard,1
below,1
cataloguing,1
regardless,1
responsibility,1
php,1
stage,1
prevalence,1
box,1
politically,1
order,1
complicate,1
squarely,1
quite,1
glenda,1
unorthodox,1
orient,1
specifically,1
small,1
underscore,1
characteristics,1
ignore,1
june,1
purdue,1
highly,1
multinational,1
frauenbilder,1
grow,1
governments,1
breaking,1
invoke,1
tatyana,1
maynes,1
regionalist,1
weapons,1
resonant,1
impossible,1
contention,1
cognita,1
symposia,1
richness,1
progress,1
majority,1
aggressively,1
disconnected,1
lyle,1
proper,1
pa,1
paid,1
notice,1
amrita,1
rest,1
sophistication,1
enjoy,1
rang,1
avoid,1
curriculum,1
periods,1
seats,1
mess,1
terminators,1
hosts,1
defended,1
lenin,1
womanhood,1
jahrbiicher,1
referent,1
likely,1
cantacuzino,1
reduced,1
stronger,1
colors,1
lotman,1
zifek,1
gravitate,1
steadily,1
agreed,1
scientific,1
transnational,1
fabuli,1
therecommunism,1
lording,1
short,1
indeed,1
site,1
play,1
wings,1
description,1
trials,1
wait,1
inclusive,1
reproducing,1
slavoj,1
building,1
gendernye,1
underpaid,1
thinkers,1
comments,1
curtain,1
experiences,1
unprecedented,1
overhauls,1
dragomir,1
closet,1
postsocialism,1
spot,1
echo,1
hold,1
dominika,1
religious,1
positive,1
authoritarian,1
bread,1
cocky,1
label,1
problematizing,1
brintlinger,1
guide,1
chronicle,1
communities,1
loaded,1
edited,1
millner,1
violence,1
examined,1
intense,1
sociologists,1
represents,1
elitist,1
read,1
alongside,1
serve,1
soon,1
maitsebiistvo,1
array,1
clientelism,1
slavic,1
index,1
din,1
today,1
included,1
modestly,1
light,1
georgeta,1
culture,1
teaching,1
friendship,1
margarete,1
al,1
acknowledging,1
costs,1
odds,1
kartiauskaite,1
congresses,1
heroes,1
mich,1
moments,1
williams,1
praxis,1
frameworks,1
wissenschaftliche,1
enterprises,1
watching,1
journalist,1
avoided,1
present,1
members,1
starting,1
leader,1
name,1
french,1
skill,1
law,1
structures,1
inundated,1
vot,1
frederick,1
inflexible,1
nationalists,1
spend,1
available,1
dictatorship,1
responsibilities,1
towards,1
generously,1
hail,1
siuzheti,1
dissertations,1
nationhood,1
longer,1
idea,1
consideration,1
limit,1
hollow,1
offers,1
head,1
lives,1
instability,1
advantage,1
predominant,1
powerless,1
appeared,1
afraid,1
enact,1
indre,1
kurofi,1
choice,1
insular,1
suppressed,1
practical,1
hear,1
watch,1
istorii,1
emphatically,1
everything,1
contemporary,1
doubt,1
nrarticle,1
reckoned,1
istoriia,1
perioada,1
man,1
seldom,1
jump,1
cinderella,1
utilize,1
habsburgermonarchie,1
rhetoric,1
armonk,1
forms,1
entertainers,1
patterns,1
organisations,1
readers,1
outside,1
winfrey,1
employment,1
spain,1
journalists,1
dusica,1
kellogg,1
interrogate,1
thousands,1
keys,1
road,1
understandings,1
purposes,1
historiographic,1
existing,1
coercion,1
income,1
jobs,1
fedrau,1
geoff,1
coincided,1
judith,1
duties,1
gindirii,1
exotic,1
material,1
disparity,1
deep,1
japan,1
native,1
evolutia,1
books,1
ignoring,1
wellborn,1
gives,1
wood,1
primarily,1
chair,1
zhenskata,1
transparent,1
multidisciplinary,1
another,1
imagine,1
original,1
deaf,1
ignored,1
investment,1
kathleen,1
theirs,1
knasteva,1
examples,1
turkey,1
busheikin,1
birth,1
treated,1
heindl,1
panelists,1
staging,1
completed,1
virgin,1
mothers,1
hires,1
formal,1
narrowly,1
arlene,1
herself,1
slobodan,1
medium,1
wonder,1
romdneyti,1
controlling,1
kiossef,1
kirily,1
autarkies,1
unfortunately,1
largely,1
renne,1
franca,1
academics,1
shades,1
ideas,1
pleasure,1
bitter,1
gapova,1
assign,1
actual,1
nazarska,1
national,1
schooled,1
kieran,1
unholy,1
philosopher,1
surugiu,1
office,1
complicated,1
mihiilescu,1
michnik,1
idlanguage,1
faiir,1
described,1
bez,1
neuburger,1
attraction,1
feisty,1
insurmountable,1
negotiating,1
decriminalizing,1
princess,1
junkies,1
binaries,1
welcomed,1
pentru,1
modemrn,1
dominated,1
victory,1
faculty,1
hreeiweb,1
fragments,1
allowed,1
started,1
reviewers,1
like,1
slander,1
function,1
summer,1
paucity,1
features,1
crowning,1
collected,1
lobbied,1
stages,1
paths,1
kept,1
accurate,1
households,1
virdjinia,1
peer,1
preservation,1
black,1
thomas,1
riviera,1
jolluck,1
quick,1
class,1
favored,1
beyond,1
problems,1
internal,1
crass,1
trying,1
leaves,1
moorman,1
feet,1
craft,1
relation,1
kolontai,1
epistemology,1
assessing,1
britain,1
footnotes,1
shied,1
structure,1
internationalism,1
wish,1
looks,1
preand,1
onewill,1
looked,1
lithuanian,1
securing,1
hawkesworth,1
versus,1
saw,1
adina,1
asatiani,1
evaluated,1
professional,1
calypso,1
attention,1
baggage,1
tanya,1
yedlin,1
widely,1
whether,1
levy,1
separate,1
kooperationen,1
reinventing,1
ranging,1
hindered,1
asking,1
seasons,1
panel,1
cation,1
fascism,1
kotzeva,1
yuri,1
idpubli,1
note,1
broadcasts,1
centraleastern,1
bold,1
tpl,1
figure,1
crucial,1
linda,1
sports,1
dreamed,1
impressive,1
ceausescu,1
hill,1
cluj,1
ballot,1
begin,1
visibility,1
vera,1
citizens,1
discard,1
lies,1
secure,1
independence,1
becomes,1
rob,1
seen,1
miroslav,1
outline,1
strongly,1
render,1
proposition,1
tragedy,1
contribution,1
transformation,1
nrlssue,1
internationalismus,1
branded,1
html,1
volumes,1
successor,1
construction,1
sluga,1
liners,1
answer,1
mother,1
commemoration,1
muted,1
lingua,1
inessa,1
humiliation,1
get,1
examine,1
articles,1
problematic,1
viewers,1
nonor,1
thick,1
imagini,1
ienski,1
haraszti,1
enforcer,1
riley,1
publicly,1
then,1
cola,1
postmodernism,1
citizen,1
historian,1
practice,1
terrible,1
following,1
threeday,1
senior,1
metaphor,1
conclusion,1
complexity,1
graff,1
norms,1
europeanness,1
founded,1
unchallenging,1
constituted,1
confounding,1
theme,1
sedgwick,1
scrutiny,1
uninterested,1
spots,1
einhorn,1
xyciu,1
funding,1
symbol,1
acquisitions,1
sweden,1
jiu,1
studiu,1
evropi,1
brazilian,1
stefania,1
feminismo,1
continues,1
nationales,1
quickly,1
defining,1
ran,1
freemasonry,1
control,1
sure,1
deconstructed,1
languages,1
gale,1
paper,1
stalinism,1
worth,1
cautiously,1
partitions,1
marginalization,1
incorporating,1
bologna,1
contextual,1
acts,1
argue,1
caine,1
propaganda,1
dure,1
exceptional,1
romdnia,1
foundation,1
erupting,1
vibrant,1
vestul,1
hinted,1
job,1
brazil,1
sustaining,1
reconfiguring,1
asserting,1
geschichte,1
associations,1
examining,1
identities,1
planted,1
happiness,1
placing,1
accepts,1
u,1
masterpiece,1
babski,1
february,1
elena,1
beginning,1
outlook,1
id,1
stites,1
funk,1
boundaries,1
succeeded,1
salome,1
jean,1
agnieszka,1
fuller,1
economy,1
persuasively,1
transitory,1
conservatism,1
volcanic,1
kevin,1
professors,1
list,1
degree,1
quote,1
diaz,1
reinscribed,1
passed,1
theory,1
oprahlike,1
forall,1
angela,1
censorship,1
parliament,1
ofa,1
raluca,1
getting,1
lafayette,1
emmert,1
constitutional,1
imperial,1
voice,1
information,1
orthodox,1
missed,1
phenomena,1
hopefulness,1
incorporated,1
hundreds,1
siidosteuropas,1
art,1
alexandre,1
translated,1
spaces,1
arbiter,1
martha,1
varieties,1
apparatus,1
providential,1
emergent,1
nationalizing,1
bulgarians,1
altered,1
kappaun,1
disparate,1
comrade,1
welcoming,1
courses,1
republic,1
poststructuralism,1
convinced,1
hapsburg,1
subject,1
transition,1
disciplines,1
respectable,1
administration,1
step,1
dismal,1
went,1
measure,1
wiat,1
policymaking,1
mistreated,1
programs,1
arguments,1
ranks,1
memories,1
challenges,1
using,1
nanette,1
games,1
aims,1
tall,1
gain,1
refutation,1
historicizing,1
berghahn,1
polskim,1
catalogues,1
compulsion,1
ultimately,1
until,1
models,1
survival,1
spacing,1
argument,1
editor,1
difference,1
reveals,1
generate,1
cambridge,1
unmarked,1
disarray,1
initiated,1
repositories,1
bolshevism,1
tiibingen,1
broadened,1
opens,1
frame,1
write,1
catherine,1
grant,1
sprung,1
discursive,1
imperative,1
aware,1
mode,1
motives,1
crisis,1
levin,1
warsaw,1
colo,1
contributed,1
slavs,1
syrupy,1
advantageous,1
grown,1
include,1
land,1
mihaelamu,1
enabling,1
socially,1
publicznym,1
inflection,1
thoughtful,1
effects,1
shtml,1
defined,1
attempted,1
off,1
neprequitele,1
extremely,1
association,1
burdens,1
traveling,1
needs,1
vi,1
supported,1
dreptului,1
offen,1
actions,1
alexandra,1
interdisciplinary,1
myers,1
interrogated,1
collaborators,1
marxist,1
carole,1
summoning,1
nrsection,1
chicago,1
avowed,1
upbringing,1
progressive,1
yugoslav,1
sharing,1
belgrade,1
duplicitous,1
terminis,1
exclusively,1
cuvinte,1
fatally,1
divergent,1
genderspecific,1
benchmark,1
complementarity,1
counts,1
strong,1
breakthroughs,1
detriment,1
statement,1
delineate,1
loyalties,1
southeastern,1
doing,1
fostering,1
race,1
emancipare,1
vividly,1
arizona,1
