WORDCOUNTS,WEIGHT
the,772
of,649
and,585
in,409
prostitution,304
a,191
to,188
prostitutes,125
for,123
history,106
that,104
on,101
women,99
new,93
s,82
see,76
as,76
sex,74
social,70
by,69
was,64
york,59
more,57
or,56
with,54
american,53
corbin,51
historical,51
an,50
their,48
were,48
from,48
sexual,47
city,46
is,44
j,39
white,38
hershatter,37
historians,36
society,35
review,34
not,34
modern,33
other,33
than,31
but,31
urban,31
shanghai,30
commercial,30
studies,29
bernstein,28
state,27
regulation,27
guy,27
february,27
hire,26
walkowitz,25
work,25
even,25
at,24
they,24
daughters,24
only,24
male,24
gilfoyle,24
sonia,24
this,23
sexuality,23
between,23
century,22
over,22
world,22
gender,21
about,21
after,21
are,21
journal,20
danger,20
men,20
national,20
such,19
these,19
which,19
argentina,19
have,19
dangerous,19
one,18
politics,18
nairobi,18
cultural,18
life,18
recent,18
nineteenth,17
timothy,17
modernity,17
pleasures,17
most,17
victorian,17
forms,17
into,16
prostitute,16
public,16
economic,16
labor,15
legal,15
female,15
also,15
time,15
what,15
russia,15
chicago,15
be,15
america,14
no,14
home,14
culture,14
french,14
like,14
often,14
works,14
twentieth,14
china,13
medical,13
indeed,13
yet,13
ed,13
disease,13
comforts,13
france,13
cities,13
while,13
it,12
courtesans,12
all,12
within,12
hierarchy,12
n,12
example,12
structures,12
henriot,12
each,12
her,12
argues,12
early,12
police,11
sources,11
political,11
system,11
how,11
certain,11
mary,11
brothels,11
however,11
brothel,11
regulated,11
both,11
little,11
abolition,10
market,10
argentine,10
vice,10
influence,10
may,10
london,10
its,10
family,10
increasingly,10
debates,10
less,10
eds,10
examples,10
questions,10
class,10
control,10
very,10
pimps,10
ultimately,10
demand,9
great,9
case,9
de,9
study,9
because,9
literature,9
categories,9
discussions,9
st,9
crime,9
slavery,9
many,9
japan,9
summer,9
britain,9
states,9
relationship,9
she,9
any,9
indoor,9
different,9
rural,9
feminist,9
african,9
subject,9
simply,9
cambridge,9
themselves,9
first,8
buenos,8
venereal,8
william,8
russian,8
earlier,8
place,8
winter,8
various,8
april,8
eros,8
rather,8
aires,8
patterns,8
services,8
profession,8
who,8
ripper,8
changing,8
did,8
past,8
form,8
emphasis,8
include,8
now,7
if,7
medieval,7
before,7
specifically,7
government,7
british,7
east,7
generated,7
l,7
organized,7
m,7
important,7
whereas,7
greater,7
had,7
societies,7
term,7
chinese,7
throne,7
elizabeth,7
issues,7
change,7
few,7
san,7
absence,7
registered,7
gay,7
power,7
larger,7
streetwalking,7
paris,7
moral,7
individual,7
david,7
movements,7
analysis,7
united,7
glory,7
calif,7
imperial,7
despite,7
bourgeois,7
spring,7
discursive,7
d,7
evidence,7
much,7
among,7
customers,6
replaced,6
arguing,6
practices,6
europe,6
those,6
mass,6
vol,6
some,6
behavior,6
policing,6
similar,6
argued,6
found,6
access,6
international,6
late,6
r,6
abolitionist,6
part,6
edn,6
forces,6
contrast,6
discourse,6
labeled,6
once,6
diseases,6
same,6
two,6
reform,6
significant,6
emphasizing,6
so,6
reformers,6
thomas,6
municipal,6
christian,6
existed,6
fall,6
associated,6
butler,6
has,6
according,6
influenced,6
multiple,6
families,6
although,6
oldest,6
debate,6
views,6
does,5
archives,5
meaning,5
groups,5
berkeley,5
center,5
stansell,5
western,5
australia,5
desire,5
narrative,5
real,5
i,5
feature,5
robert,5
signs,5
subaltern,5
richard,5
relies,5
thus,5
since,5
industrial,5
commercialization,5
marriage,5
body,5
houses,5
sisterhood,5
remain,5
contagious,5
appear,5
difficulty,5
out,5
delight,5
furthermore,5
murders,5
writers,5
nation,5
records,5
working,5
hardly,5
june,5
research,5
when,5
finds,5
he,5
variety,5
legalized,5
structural,5
evil,5
under,5
narratives,5
oral,5
fact,5
appeared,5
documents,5
considerable,5
outside,5
do,5
divided,5
clients,5
made,5
louis,5
empirical,5
pleasure,5
health,5
essay,5
workers,5
garon,5
interpretations,5
enjoyed,5
structure,5
examines,5
dreadful,5
sometimes,5
lost,5
streetwalkers,5
transformed,5
effectively,5
offers,5
courtesan,5
india,5
capital,5
outdoor,5
ahr,5
economy,5
rose,5
property,5
popular,5
became,5
colonial,5
argument,5
conditions,5
jazz,5
francisco,5
c,5
harsin,5
images,5
profiles,5
later,4
trans,4
ultimate,4
ways,4
paradigms,4
pornography,4
occurred,4
antebellum,4
experience,4
gail,4
accumulation,4
ellis,4
production,4
voices,4
asia,4
explores,4
money,4
primary,4
sought,4
regarding,4
representations,4
development,4
against,4
consumer,4
places,4
response,4
left,4
networks,4
rosen,4
sin,4
details,4
without,4
across,4
importance,4
b,4
enabled,4
lives,4
university,4
established,4
literary,4
latin,4
former,4
represent,4
providing,4
based,4
histories,4
rooms,4
districts,4
viewed,4
placed,4
explain,4
wide,4
hierarchies,4
christianity,4
esp,4
during,4
middle,4
employed,4
tolerance,4
josephine,4
misery,4
order,4
around,4
acts,4
decline,4
provided,4
periods,4
materials,4
through,4
emerged,4
violence,4
unregistered,4
al,4
paul,4
law,4
mark,4
shows,4
longer,4
john,4
discussed,4
model,4
judith,4
necessary,4
woman,4
henriques,4
institutions,4
discourses,4
status,4
campaigns,4
treated,4
elite,4
asian,4
licensed,4
ideas,4
evolution,4
trade,4
meanings,4
points,4
migrants,4
maison,4
january,4
attracted,4
industrialization,4
quarterly,4
european,4
perry,4
africa,4
independent,4
hill,4
ryan,4
primarily,4
detailed,4
methods,4
construction,4
himmelfarb,4
centuries,4
detail,4
conclusion,4
extensive,4
symbolic,4
organization,4
sensational,4
particularly,4
them,4
making,4
accounts,4
evangelical,4
agricultural,4
classes,4
subcultures,4
arguments,4
examinations,4
exerted,4
consumption,4
product,4
remains,4
enclosed,4
offered,4
archival,4
texts,4
traditional,4
should,4
child,3
abolitionists,3
nana,3
either,3
created,3
e,3
per,3
linguistic,3
h,3
bullough,3
mccreery,3
earnings,3
committee,3
physicians,3
economics,3
migration,3
source,3
being,3
common,3
worked,3
tolerated,3
shaped,3
daily,3
reasons,3
admittedly,3
concludes,3
wage,3
gibson,3
context,3
el,3
issue,3
fernando,3
nearly,3
maisons,3
dichotomous,3
jack,3
shame,3
sale,3
west,3
supervision,3
outlawed,3
cited,3
representing,3
economies,3
diversity,3
authors,3
hygiene,3
throughout,3
disorder,3
reflection,3
large,3
relations,3
club,3
laurie,3
employing,3
homosexuality,3
progressive,3
popularization,3
old,3
subjects,3
oxford,3
served,3
y,3
clientele,3
sisters,3
poverty,3
themes,3
poor,3
simultaneously,3
deviant,3
erotic,3
war,3
growth,3
district,3
christine,3
represented,3
associate,3
japanese,3
support,3
changes,3
postmodern,3
histoty,3
why,3
linked,3
elsewhere,3
just,3
numbers,3
impact,3
contemporaries,3
origins,3
notions,3
fluid,3
conflicts,3
medicine,3
search,3
worker,3
embedded,3
applied,3
well,3
james,3
directly,3
los,3
overview,3
describe,3
people,3
long,3
et,3
music,3
surrounding,3
rise,3
own,3
abolish,3
t,3
officials,3
least,3
ratios,3
sense,3
shaping,3
socialist,3
involved,3
small,3
revealing,3
industry,3
texas,3
visible,3
barbara,3
south,3
will,3
critical,3
second,3
populations,3
identified,3
lynn,3
expansion,3
brief,3
community,3
domination,3
religious,3
single,3
interpretation,3
thesis,3
ancient,3
light,3
baltimore,3
foucault,3
regulationist,3
stories,3
others,3
available,3
trafficking,3
experienced,3
idea,3
fallen,3
pattern,3
augustinian,3
present,3
keys,3
metaphors,3
empire,3
remained,3
local,3
link,3
writings,3
expression,3
feminists,3
numerous,3
outcasts,3
engaged,3
individuals,3
nevertheless,3
clear,3
comprehensive,3
peter,3
haunted,3
would,3
high,3
never,3
problems,3
become,3
confusing,3
storyville,3
percent,3
capitalism,3
greece,3
italy,3
figures,3
versus,3
institution,3
division,3
luise,3
foreign,3
criminal,3
bulletin,3
originated,3
recognize,3
flesh,3
education,3
itself,3
interpretive,3
earliest,3
considered,3
authorities,3
rarely,3
historian,3
profits,3
too,3
donna,3
physical,3
md,3
temple,3
alternative,3
engelstein,3
milieu,3
gertrude,3
december,3
key,3
best,3
alexander,3
domestic,3
foundation,3
hospital,3
quoted,3
girls,3
ideologies,3
unique,3
thirty,3
vehicle,3
priscilla,3
encounters,3
w,3
cabaret,3
ill,3
attached,3
rossiaud,3
alain,3
representation,3
underworld,3
reveals,3
shumsky,3
tango,3
instead,3
need,3
association,3
guidebooks,3
scholarship,3
landlords,3
era,3
here,3
virtue,3
race,3
gold,3
democracy,2
frail,2
availability,2
connelly,2
way,2
rev,2
prize,2
extend,2
anxieties,2
evans,2
germany,2
likewise,2
complex,2
jews,2
myth,2
larry,2
live,2
library,2
salvation,2
murder,2
katz,2
burnham,2
deviants,2
policy,2
comparisons,2
equated,2
emphasize,2
presents,2
maybe,2
englewood,2
laura,2
expanding,2
wrong,2
exist,2
jackson,2
barthes,2
regulating,2
military,2
concentrated,2
vols,2
diego,2
address,2
beautiful,2
england,2
historiography,2
words,2
possibilities,2
capitalist,2
tradition,2
down,2
babylon,2
display,2
roland,2
origin,2
court,2
expense,2
jill,2
failures,2
petty,2
last,2
similarly,2
indulgence,2
tsarist,2
investigations,2
daniel,2
citizenship,2
occasional,2
described,2
sophisticated,2
escort,2
dr,2
march,2
account,2
methodologies,2
condition,2
illustrate,2
shared,2
october,2
moscow,2
information,2
feminism,2
emile,2
bell,2
conception,2
prejudice,2
manuscript,2
tribute,2
segregation,2
linnaeus,2
exemplifying,2
relationships,2
sociability,2
dynamics,2
dominated,2
g,2
moment,2
insisted,2
montana,2
rank,2
cases,2
elements,2
maintaining,2
immigrants,2
humphrey,2
envisioned,2
concerning,2
intercourse,2
perceived,2
slave,2
vern,2
six,2
third,2
walter,2
explore,2
consequently,2
critique,2
jr,2
traditions,2
encyclopedia,2
nuanced,2
acknowledge,2
book,2
employ,2
ever,2
town,2
added,2
german,2
act,2
links,2
traffic,2
zola,2
angeles,2
ferdinand,2
landscape,2
explicit,2
levels,2
keepers,2
reference,2
notion,2
rigid,2
levine,2
configurations,2
suffer,2
pivar,2
parts,2
perkins,2
serial,2
ix,2
dismiss,2
addressing,2
means,2
references,2
brunswick,2
romantic,2
metropolis,2
females,2
maiden,2
claims,2
goldman,2
peasant,2
emergence,2
workplace,2
warren,2
house,2
corpses,2
frequently,2
profile,2
threat,2
age,2
communities,2
montgomery,2
followed,2
instance,2
decades,2
footnote,2
view,2
myths,2
kenya,2
union,2
authority,2
expressed,2
uses,2
questioned,2
declined,2
could,2
p,2
young,2
lived,2
events,2
haller,2
michel,2
hospitals,2
arable,2
classification,2
muslim,2
share,2
difficult,2
understood,2
bristow,2
focused,2
imbalances,2
halls,2
appears,2
recently,2
population,2
cannot,2
wealth,2
xiv,2
facilities,2
jewish,2
gained,2
huge,2
kathryn,2
undermined,2
elliott,2
revealed,2
scope,2
bounded,2
residents,2
reader,2
significantly,2
sharon,2
knowledge,2
sydney,2
data,2
stores,2
must,2
sexually,2
policies,2
palacios,2
ivan,2
personal,2
legislation,2
interpreted,2
client,2
trends,2
count,2
commerce,2
below,2
stage,2
pimp,2
affluent,2
several,2
enslaved,2
autonomy,2
wider,2
concerns,2
finnegan,2
peasants,2
highly,2
components,2
codes,2
boundaries,2
impossible,2
alfredo,2
using,2
roots,2
joel,2
lincoln,2
am,2
zunz,2
postmodernism,2
nations,2
survived,2
transforming,2
otis,2
f,2
republican,2
emilio,2
extramarital,2
overlapped,2
overall,2
insiders,2
limited,2
return,2
july,2
intervention,2
indicates,2
sainete,2
initially,2
urbanity,2
southern,2
southeast,2
repression,2
examined,2
intense,2
makes,2
happened,2
neil,2
challenged,2
essential,2
boundary,2
idaho,2
informal,2
short,2
shock,2
literally,2
experiment,2
veritable,2
wisconsin,2
beginnings,2
toronto,2
williams,2
anthropology,2
declining,2
double,2
testimony,2
embourgeoisment,2
shops,2
organizations,2
his,2
critiques,2
seville,2
jeffrey,2
death,2
ask,2
smith,2
newberry,2
fundamental,2
minnesota,2
educated,2
contemporary,2
fashion,2
deviancy,2
readers,2
monographs,2
v,2
tales,2
differences,2
familial,2
attempting,2
accepted,2
michael,2
surveillance,2
dance,2
material,2
books,2
paso,2
revenues,2
number,2
wood,2
free,2
published,2
sanitarianism,2
mythic,2
intimate,2
subjectivity,2
disappear,2
mothers,2
pathology,2
patricia,2
fictional,2
identity,2
combining,2
freedman,2
virtually,2
causes,2
morality,2
exhibited,2
lifestyle,2
examination,2
housing,2
voice,2
bujra,2
regulationism,2
complicated,2
theories,2
open,2
urbana,2
margaret,2
three,2
reality,2
august,2
methodological,2
divisions,2
allowed,2
period,2
mexico,2
sexualization,2
foucauldian,2
conversation,2
fancy,2
spent,2
especially,2
lesbian,2
chapel,2
ann,2
can,2
seeking,2
artisans,2
probably,2
story,2
dominance,2
sanitary,2
professional,2
nonfictional,2
ago,2
cliffs,2
tonnies,2
decay,2
convincingly,2
embody,2
justice,2
hunt,2
separate,2
tennessee,2
september,2
indentured,2
loyola,2
departs,2
twelve,2
note,2
george,2
bulk,2
kenneth,2
usually,2
been,2
linda,2
missionaries,2
ironically,2
army,2
acton,2
merchandise,2
transformation,2
worlds,2
delineates,2
night,2
examine,2
articles,2
unusual,2
documenting,2
matters,2
stephen,2
sexes,2
growing,2
broke,2
complexity,2
twentiethcentury,2
incorporated,2
circumstances,2
founded,2
deemphasize,2
precise,2
lovers,2
text,2
organizational,2
continental,2
introducing,2
cultures,2
elites,2
specialized,2
ratio,2
marginalization,2
ubiquitous,2
intersected,2
written,2
sanger,2
associations,2
happiness,2
u,2
type,2
rejection,2
subterranean,2
agriculture,2
augustine,2
inmates,2
explanations,2
transmitted,2
combined,2
monotony,2
orleans,2
particular,2
quote,2
metaphor,2
maintain,2
attitudes,2
problem,2
gratification,2
indirectly,2
hyde,2
almost,2
minimal,2
psychology,2
universe,2
art,2
peoples,2
spaces,2
documentary,2
conclude,2
behaviors,2
role,2
turns,2
casual,2
clothing,2
rotting,2
phenomenon,2
ensuing,2
dominant,2
frances,2
peretti,2
gorn,2
havelock,2
promoted,2
laments,2
powerful,2
youth,2
north,2
generate,2
conn,2
average,2
institutional,2
jacques,2
neb,2
integrated,2
land,2
constructed,2
roberta,2
defined,2
indian,2
permeable,2
diggers,2
ruth,2
moved,2
treats,2
charles,2
supply,2
reached,2
ownership,2
fears,2
persuaded,2
eliminating,2
philippines,2
laborers,2
magdalen,1
cominos,1
publicity,1
margins,1
tedium,1
frederique,1
complaint,1
inspection,1
explosion,1
thwarted,1
allegedly,1
patrilineages,1
rate,1
deference,1
dominating,1
revisionist,1
refinement,1
discourage,1
audible,1
waited,1
companionship,1
gronewold,1
edge,1
ethics,1
estimated,1
destroying,1
concerned,1
ranum,1
corruption,1
pittsburgh,1
opponent,1
integrating,1
watembezi,1
ready,1
degraded,1
separated,1
migrated,1
dangers,1
career,1
iowa,1
burlesque,1
archaeology,1
fiction,1
legitimate,1
assiduous,1
busy,1
red,1
assembles,1
adoption,1
neave,1
spurred,1
introduction,1
blends,1
berlin,1
pools,1
cochrane,1
forcing,1
weber,1
identifies,1
louisville,1
partie,1
obsolete,1
burton,1
miners,1
ebbing,1
regulatory,1
heyningen,1
systematically,1
whip,1
illegal,1
peronist,1
offerings,1
agency,1
genitally,1
nostalgia,1
meyerson,1
mostly,1
essays,1
closure,1
symbolize,1
picked,1
represents,1
entries,1
timeless,1
reflections,1
diversification,1
catastrophe,1
formed,1
chiina,1
marcia,1
schools,1
rosenwein,1
cravings,1
uniquely,1
true,1
summaries,1
regulators,1
unanswered,1
westernization,1
jonathan,1
respectability,1
dull,1
vollendorf,1
park,1
mazo,1
spirit,1
decade,1
clandestine,1
abrams,1
acceptance,1
oppressive,1
purveyors,1
protection,1
rhoads,1
fixed,1
supper,1
overwhelm,1
allies,1
arceneaux,1
necessitated,1
unlike,1
carroll,1
laid,1
inequality,1
evaluating,1
robinson,1
obstacles,1
oriented,1
dig,1
valencia,1
detailing,1
estelle,1
exceptions,1
limits,1
fulfillment,1
induced,1
nonetheless,1
vicinus,1
pokrovskaia,1
princeton,1
descriptions,1
controlled,1
annals,1
palpable,1
abduction,1
reno,1
baker,1
debased,1
porous,1
fires,1
emberton,1
said,1
doves,1
compression,1
modemn,1
sewer,1
aside,1
passion,1
gap,1
petrick,1
renting,1
stressed,1
attorney,1
unearthed,1
undermine,1
languedoc,1
reformatory,1
every,1
revisited,1
chinatowns,1
undoubtedly,1
blended,1
kennedy,1
creation,1
merging,1
fifteenth,1
interests,1
exaggerated,1
ii,1
nonsexual,1
mumford,1
hurley,1
enables,1
might,1
interference,1
rapid,1
location,1
conflict,1
encouraged,1
refusal,1
capitalists,1
articulate,1
rational,1
patronized,1
advanced,1
murname,1
tourist,1
hometowns,1
hatred,1
declares,1
memorial,1
dramatically,1
incorporating,1
company,1
comparatively,1
allan,1
attractive,1
secondary,1
clandestinely,1
advantage,1
uneasy,1
borders,1
careers,1
converse,1
soliciting,1
accumulated,1
upholsterers,1
analyses,1
organizes,1
ranajit,1
base,1
homosexual,1
regional,1
studied,1
inherent,1
barnhart,1
guessed,1
lydia,1
substantive,1
reveal,1
onto,1
composition,1
senses,1
pornographic,1
judy,1
survey,1
africaines,1
nationalism,1
option,1
harvey,1
wealthy,1
deconstruct,1
depth,1
achieved,1
integrate,1
embrace,1
toleration,1
resorting,1
improving,1
solicited,1
ying,1
keith,1
mr,1
primitive,1
current,1
mackey,1
ambiguous,1
cloud,1
surveys,1
segregated,1
treatments,1
racial,1
papers,1
arbiters,1
employs,1
disdained,1
side,1
shelves,1
delights,1
proceed,1
dancing,1
ascribed,1
dearth,1
existence,1
ambiguity,1
classifying,1
laboring,1
alpern,1
preoccupations,1
roy,1
eastern,1
criminalized,1
autonomous,1
attribute,1
pulled,1
demography,1
incorporate,1
clinic,1
retain,1
recruiting,1
gardens,1
uneven,1
wonders,1
sixteenth,1
authentic,1
xv,1
kidnapping,1
entrepreneurs,1
temperance,1
dissidents,1
establishing,1
foreigners,1
reaction,1
sidewalk,1
mutual,1
consciousness,1
mathare,1
sioux,1
structurally,1
cliche,1
substitutes,1
taylorized,1
petersburg,1
measuring,1
professor,1
austin,1
apart,1
taking,1
interdisciplinary,1
radicals,1
except,1
reflecting,1
carved,1
treating,1
trata,1
immoral,1
exchanges,1
owners,1
endnote,1
laws,1
socialize,1
bottom,1
redefining,1
above,1
along,1
enter,1
spain,1
portent,1
interviews,1
dishonor,1
marginalized,1
feldman,1
dignity,1
lights,1
leveling,1
madames,1
socially,1
colonized,1
dublin,1
victim,1
oldenburg,1
grotesque,1
central,1
goal,1
dilemmas,1
includes,1
comprehending,1
almodovar,1
widened,1
ferrin,1
porches,1
disguised,1
eras,1
monogamy,1
southampton,1
southwestern,1
massage,1
sacred,1
component,1
severe,1
locations,1
facts,1
difficulties,1
manicure,1
quality,1
whore,1
run,1
tex,1
alternately,1
illustrates,1
due,1
visited,1
analyzing,1
pursuit,1
showers,1
helen,1
human,1
assumes,1
author,1
group,1
thompson,1
domain,1
characteristic,1
relatively,1
ability,1
helena,1
hawaii,1
gendered,1
honest,1
dame,1
price,1
tucson,1
tacit,1
dishonored,1
markets,1
janet,1
legislators,1
structuralist,1
topic,1
theaters,1
punishment,1
premodern,1
squads,1
kind,1
bus,1
vested,1
blacken,1
turn,1
refuses,1
nelson,1
distinct,1
indictment,1
unhygienic,1
frustrating,1
fees,1
lavatories,1
stabilized,1
refer,1
profound,1
ithaca,1
chauncey,1
moving,1
allowing,1
spiritualism,1
clare,1
yves,1
cohen,1
libraries,1
chap,1
witnessed,1
jacob,1
joumral,1
publications,1
jeddah,1
romanticized,1
biological,1
competition,1
mirrored,1
propagated,1
imaginary,1
peasantry,1
blue,1
leather,1
ingredient,1
interlocking,1
perversions,1
plymouth,1
decaying,1
colonials,1
marital,1
kelley,1
simplistic,1
chiat,1
general,1
hygienic,1
generation,1
weakness,1
howland,1
bipolar,1
quiet,1
collects,1
rates,1
raelene,1
rosalind,1
parks,1
preventive,1
newer,1
jean,1
rent,1
higher,1
failed,1
henri,1
warsaw,1
site,1
messy,1
civilization,1
genital,1
steps,1
operation,1
haymarket,1
hecate,1
profoundly,1
knoxville,1
asserted,1
sue,1
nevins,1
philadelphia,1
americans,1
reflects,1
played,1
conlin,1
license,1
identification,1
sklar,1
collected,1
resists,1
exact,1
etudes,1
ordinance,1
managers,1
tait,1
reviews,1
abolished,1
soviet,1
illiterate,1
generations,1
developed,1
adds,1
stop,1
edward,1
aggressive,1
repeal,1
joan,1
posits,1
hass,1
enquiiy,1
cinema,1
minorities,1
hansen,1
myself,1
process,1
neglected,1
subsistence,1
zatz,1
accurate,1
inconsistently,1
waned,1
granted,1
rescue,1
anyone,1
flexible,1
sarah,1
se,1
leave,1
ongoing,1
zwi,1
institutionalized,1
pages,1
kenney,1
nos,1
reconstitution,1
blurring,1
black,1
distant,1
reassess,1
rules,1
confederate,1
predation,1
arbor,1
von,1
allegorical,1
space,1
periodic,1
provides,1
surrogacy,1
chakravorty,1
decadence,1
fantasy,1
clora,1
mrs,1
category,1
suppression,1
perceptions,1
subordinated,1
affect,1
wages,1
plural,1
salacious,1
tensions,1
jekyll,1
river,1
image,1
louise,1
serviced,1
proved,1
sum,1
days,1
receiving,1
parentduchatelet,1
bruce,1
articulated,1
weak,1
talwar,1
reviewed,1
observations,1
pullman,1
menu,1
paternalistic,1
resorted,1
riegel,1
commonly,1
acknowledges,1
superior,1
trutth,1
additional,1
bucholz,1
marmeladova,1
stripping,1
readings,1
libertarians,1
bender,1
olivier,1
kupiec,1
defines,1
modeled,1
contraception,1
progressives,1
cost,1
ponce,1
fruitful,1
aquinas,1
buffalo,1
terminology,1
exploitation,1
recur,1
blatant,1
gemeinschaft,1
rendered,1
misdiagnosed,1
countrysides,1
restriction,1
weekends,1
internal,1
founding,1
helped,1
symbolized,1
metaphoric,1
strategy,1
protestant,1
systems,1
classify,1
imbedded,1
qualities,1
disappeared,1
undertakers,1
banning,1
higienistas,1
retrieve,1
simultane,1
advance,1
oichi,1
came,1
winick,1
mobilized,1
dumps,1
whom,1
acting,1
identifying,1
strobel,1
columbia,1
nici,1
asmodeus,1
censorship,1
migrant,1
nancy,1
gesellschaft,1
avenue,1
municipalities,1
uncovering,1
purport,1
marion,1
entered,1
demise,1
called,1
abortion,1
strength,1
joy,1
sequel,1
ambitions,1
mapping,1
attempt,1
listen,1
gayatri,1
effort,1
missouri,1
conspicuous,1
bomb,1
energetic,1
changed,1
subscribe,1
ultramodern,1
criticisms,1
radical,1
agendas,1
contagion,1
mythical,1
zone,1
parisian,1
noting,1
luxury,1
mimicked,1
publics,1
noah,1
compromised,1
egypt,1
collectively,1
none,1
affluence,1
masculinity,1
reintegrate,1
engel,1
accurately,1
further,1
handbook,1
companion,1
outnumbered,1
topics,1
standardized,1
though,1
shifting,1
buried,1
edmondson,1
displayed,1
sentimental,1
silence,1
mediated,1
effect,1
harassment,1
residential,1
criminalization,1
produced,1
hawaiian,1
adna,1
decorators,1
separates,1
younger,1
xvii,1
lesbians,1
tension,1
pleasantry,1
vehicles,1
harpies,1
find,1
repute,1
sharecroppers,1
protectors,1
drain,1
triumph,1
stations,1
libertarian,1
expressions,1
eliminate,1
patriarchal,1
briefly,1
silver,1
andcommercial,1
topology,1
parable,1
shape,1
commitments,1
portal,1
products,1
centutry,1
keeping,1
acknowledging,1
basis,1
supplanted,1
judiciary,1
genre,1
seminal,1
sigmund,1
salon,1
meil,1
blancas,1
broadly,1
ruggles,1
viability,1
received,1
forster,1
already,1
thrills,1
ideal,1
instituted,1
claim,1
future,1
richmond,1
illustrated,1
heavily,1
attacked,1
suspicion,1
uncover,1
purpose,1
discusses,1
civil,1
apparent,1
secret,1
transcended,1
mckanna,1
actors,1
promiscuity,1
irish,1
feared,1
ten,1
restructuring,1
surprise,1
transiency,1
remiss,1
jewett,1
used,1
frequent,1
tale,1
older,1
refined,1
pyramid,1
broad,1
reliving,1
cape,1
thematically,1
officers,1
actually,1
perrot,1
stimulate,1
painful,1
inaudible,1
belmont,1
emancipation,1
organizing,1
focuses,1
halfway,1
away,1
disregarding,1
haven,1
premarital,1
nor,1
realms,1
michelle,1
showing,1
moralidad,1
resort,1
stanford,1
alan,1
stead,1
breakdown,1
madam,1
visions,1
departed,1
challenging,1
concurrent,1
natal,1
attributed,1
dispenses,1
refuse,1
kikuyu,1
pollution,1
regions,1
related,1
mingji,1
hungary,1
oriental,1
layers,1
depicting,1
gateway,1
good,1
multiplicity,1
closing,1
salons,1
viable,1
caused,1
presented,1
jones,1
field,1
venal,1
responsibility,1
fostered,1
revolution,1
empathetic,1
excuse,1
lacked,1
devalued,1
box,1
catholic,1
degeneracy,1
sporting,1
militant,1
mediterranean,1
melted,1
owned,1
davis,1
settlement,1
vain,1
prologue,1
emerging,1
textual,1
reappraisals,1
spanish,1
embraced,1
characteristics,1
la,1
consensus,1
yesterdays,1
starting,1
lepovsky,1
governments,1
mahood,1
civic,1
notorious,1
disparate,1
reported,1
secrecy,1
differing,1
telling,1
tended,1
philip,1
street,1
credible,1
core,1
dedicated,1
always,1
up,1
pyrrhic,1
doctrines,1
majority,1
posed,1
passivity,1
jumps,1
resistance,1
motif,1
fuses,1
paid,1
maintained,1
guha,1
structured,1
beauty,1
chronicles,1
value,1
searches,1
grateful,1
perils,1
waiting,1
sophistication,1
massive,1
eileen,1
coitus,1
behalf,1
avoid,1
strangers,1
debauche,1
attacks,1
postmodernity,1
flourished,1
bullies,1
reduction,1
delacoste,1
enforced,1
mariia,1
happen,1
confined,1
kitchens,1
led,1
fails,1
privation,1
underground,1
irrespective,1
business,1
communist,1
antioch,1
epitome,1
bordellos,1
lerner,1
equality,1
give,1
positions,1
elimination,1
minimizes,1
attributable,1
vaudeville,1
hyperbole,1
pushes,1
snitow,1
authoritarianism,1
licensing,1
glasgow,1
grands,1
wrote,1
relieving,1
synthesis,1
rights,1
discursively,1
labors,1
service,1
located,1
comparative,1
damming,1
lian,1
competitively,1
minority,1
dressed,1
benson,1
classic,1
articulates,1
conjugality,1
abolut,1
sheridan,1
forbidden,1
inflates,1
elusive,1
still,1
cheng,1
make,1
attacking,1
archivist,1
experiences,1
railway,1
unprecedented,1
movement,1
modes,1
contra,1
barometer,1
browne,1
resurrection,1
suppose,1
jesus,1
almanac,1
measure,1
hoping,1
nev,1
lisa,1
confronting,1
containment,1
cheap,1
depicted,1
inception,1
simultaneous,1
pacific,1
criticism,1
relied,1
selling,1
museum,1
fair,1
opportunities,1
treaty,1
magdalenes,1
pp,1
read,1
disorderly,1
requiring,1
paradox,1
builds,1
abundance,1
sounds,1
puiblica,1
evolved,1
mobile,1
demanding,1
exposure,1
exposes,1
times,1
termination,1
recruited,1
flower,1
clarified,1
tax,1
sociological,1
included,1
victories,1
cify,1
assistance,1
complete,1
liberties,1
bloomington,1
reinvestment,1
guatemala,1
saw,1
choices,1
dropped,1
ranks,1
cahiers,1
passions,1
ethnographic,1
carree,1
accelerated,1
partly,1
ramseyer,1
hopes,1
belonging,1
rape,1
registration,1
alien,1
resolution,1
department,1
emotional,1
ballots,1
mich,1
noted,1
traverses,1
gentlemen,1
ously,1
frameworks,1
extras,1
functioned,1
picture,1
egal,1
useful,1
chose,1
investors,1
slaughterhouses,1
fellow,1
management,1
members,1
fire,1
goals,1
successfully,1
ind,1
seduced,1
heritage,1
challenge,1
comparison,1
observers,1
flash,1
budapest,1
think,1
figure,1
toward,1
washburn,1
vivants,1
rejects,1
murphey,1
towns,1
wyke,1
addition,1
financial,1
tong,1
investigates,1
efforts,1
speaks,1
joyce,1
nationhood,1
expose,1
admit,1
marker,1
limit,1
breakfast,1
treatment,1
preserve,1
cultuire,1
areas,1
sylvester,1
occupations,1
call,1
importation,1
fredric,1
lodz,1
credits,1
axtell,1
comstock,1
versailles,1
wine,1
striking,1
witnesses,1
frost,1
essence,1
atu,1
boots,1
raised,1
swapping,1
classical,1
diverse,1
incompetency,1
gray,1
emphatic,1
plan,1
dostoyevsky,1
end,1
perplexed,1
golden,1
mold,1
marilyn,1
man,1
eroticized,1
daniels,1
centwry,1
serious,1
removal,1
anne,1
external,1
globalization,1
feodor,1
rhetoric,1
oultcasts,1
rhythms,1
psychologist,1
took,1
reintegrated,1
hand,1
geography,1
journalists,1
inescapably,1
proletariat,1
posit,1
puerto,1
manner,1
shown,1
where,1
maza,1
companionate,1
devoted,1
orderly,1
purposes,1
equate,1
spivak,1
ensured,1
unearthing,1
melinda,1
weekdays,1
answer,1
strategies,1
parables,1
unanticipated,1
ignores,1
countenanced,1
exotic,1
lucknow,1
politic,1
colony,1
abattage,1
norms,1
rich,1
populist,1
bernheimer,1
belief,1
reconstructing,1
assault,1
ignoring,1
modernism,1
impoverished,1
distance,1
imaginings,1
threats,1
ladder,1
confront,1
gorham,1
day,1
thoroughly,1
fluidity,1
degree,1
fight,1
simon,1
lucie,1
empirically,1
haya,1
private,1
argentino,1
understanding,1
greatest,1
ignored,1
unsolved,1
situated,1
extended,1
vast,1
supplies,1
gordon,1
background,1
onerous,1
completed,1
range,1
situating,1
contours,1
memoirs,1
discrimination,1
venues,1
kathleen,1
scorned,1
desperate,1
enormous,1
coffin,1
previously,1
shrage,1
comite,1
contacts,1
load,1
gerda,1
varsovia,1
europeans,1
heath,1
furtive,1
food,1
unfortunately,1
guideposts,1
francis,1
dress,1
nude,1
briggs,1
ethnic,1
roman,1
kingdom,1
ameliorate,1
exaggerates,1
check,1
chosen,1
encumbered,1
previous,1
hirata,1
counterparts,1
vulnerability,1
connected,1
enforcers,1
banners,1
xiangdaoshe,1
students,1
continuities,1
filth,1
seamy,1
roberts,1
vii,1
subsequent,1
attraction,1
finally,1
versions,1
theses,1
low,1
georgina,1
crises,1
infamy,1
historic,1
guyot,1
doctors,1
grew,1
scandinavia,1
peripheral,1
language,1
movies,1
modernization,1
bestiality,1
victory,1
logic,1
amounts,1
statues,1
drains,1
supplying,1
ellington,1
spread,1
direct,1
function,1
interzones,1
features,1
slippery,1
selfdestruction,1
course,1
restraining,1
contributed,1
stludies,1
households,1
ignominy,1
believing,1
depots,1
procuring,1
expressing,1
leighton,1
latter,1
duane,1
imagination,1
foner,1
mesopotamia,1
favored,1
pa,1
commentators,1
consorted,1
incapable,1
imaginative,1
textbooks,1
newspapers,1
constructing,1
realm,1
viewpoint,1
insists,1
editors,1
businesses,1
regionalizing,1
disneylands,1
exactly,1
supported,1
prisons,1
unsympathetic,1
influences,1
begun,1
diamond,1
enthusiastically,1
cafes,1
everyday,1
hartford,1
contracts,1
sadomasochism,1
occupied,1
overthrow,1
we,1
veena,1
connections,1
seduction,1
controversial,1
louisiana,1
bordello,1
rearranged,1
attention,1
encompassing,1
immigration,1
widely,1
consisted,1
modernized,1
unwittingly,1
imbalanced,1
standard,1
rosalie,1
increasing,1
foolishly,1
factors,1
discipline,1
rico,1
fifty,1
individualism,1
aspirations,1
ethington,1
relying,1
topography,1
aid,1
cleansing,1
me,1
adultery,1
whomever,1
transformations,1
sanitation,1
exceeding,1
hired,1
provide,1
seifert,1
hostile,1
gathering,1
five,1
stalls,1
recognizable,1
impressive,1
ideology,1
selections,1
karras,1
program,1
unwarranted,1
warning,1
employment,1
vague,1
rpt,1
boulevards,1
madams,1
schlager,1
ordinary,1
reconfigured,1
khodarkovsky,1
nexus,1
independence,1
deborah,1
investigators,1
exceptional,1
ritualized,1
asa,1
kish,1
insist,1
symanski,1
kensie,1
began,1
multivalent,1
legends,1
understand,1
overlap,1
indicate,1
stimulated,1
tansey,1
linking,1
confuses,1
madeline,1
testifies,1
proletarian,1
wegars,1
efficiency,1
continually,1
underscores,1
implies,1
antiregulationist,1
surprising,1
yearnings,1
populace,1
dead,1
respect,1
wives,1
stratified,1
supporting,1
types,1
fields,1
instances,1
completing,1
grounded,1
canada,1
mirror,1
beasts,1
sheldon,1
pressures,1
joseph,1
seat,1
comic,1
prophylaxis,1
legacies,1
orgies,1
addressed,1
huzzies,1
campaign,1
nacional,1
anthropological,1
environment,1
border,1
suggestions,1
wars,1
couincil,1
exercised,1
contextualize,1
eventually,1
fifteen,1
signifieds,1
weldon,1
beast,1
resisting,1
practice,1
asquenasum,1
reorganized,1
van,1
comes,1
accomplishes,1
russians,1
orest,1
conjunction,1
pointless,1
grand,1
carnal,1
canton,1
ryerson,1
geographic,1
chattanooga,1
economically,1
satisfying,1
continues,1
disfavor,1
kay,1
apprehended,1
wasserstrom,1
arbitrary,1
borrow,1
homicide,1
carl,1
inescapable,1
quezon,1
wicked,1
endangered,1
patients,1
cosmetic,1
lode,1
routinely,1
josie,1
starr,1
set,1
forty,1
supreme,1
know,1
excess,1
exploded,1
partner,1
colonization,1
asylum,1
frequency,1
fantasies,1
commonplace,1
gazette,1
ariz,1
publicly,1
concession,1
juridical,1
steven,1
centuiy,1
novel,1
socialists,1
itinerant,1
assumed,1
confident,1
seem,1
findlay,1
fabrication,1
municipally,1
leaders,1
style,1
villain,1
barcelona,1
epitomized,1
argue,1
semiotics,1
constructions,1
reenacted,1
fastidious,1
migdel,1
antivivisectionists,1
counting,1
then,1
ideological,1
hysteria,1
okla,1
deconstruction,1
intro,1
contradictory,1
cayton,1
circuitous,1
asociacion,1
slippers,1
entrepreneurial,1
bonnie,1
liberal,1
cultivation,1
build,1
examining,1
differed,1
explicitly,1
adler,1
gronewald,1
distinctive,1
placing,1
accepts,1
utilized,1
disputes,1
passage,1
forks,1
emerges,1
carole,1
paradoxically,1
lubove,1
better,1
turned,1
americanists,1
subordinate,1
woloch,1
jacqueline,1
beginning,1
kendrick,1
quietly,1
hobson,1
activism,1
regulations,1
prohibited,1
scholarly,1
delineated,1
purchase,1
automatically,1
heads,1
annales,1
preexisting,1
notable,1
reverberations,1
ala,1
concedes,1
reactions,1
spatial,1
whether,1
kevin,1
terms,1
welfare,1
nationalist,1
stability,1
selected,1
migratory,1
namely,1
ones,1
brutal,1
rebellion,1
degenerate,1
trinity,1
character,1
nearby,1
stigmatizing,1
males,1
emblems,1
eroticism,1
exemplified,1
writes,1
theory,1
unrest,1
alice,1
agrees,1
guggenheim,1
extent,1
improvidence,1
sigsworth,1
hewitt,1
waters,1
unsubmissive,1
interviewers,1
periphery,1
prestige,1
dusty,1
studying,1
resurrected,1
leapfrog,1
confronts,1
ladies,1
enslavement,1
springer,1
suggests,1
phenomena,1
marriages,1
tasmania,1
contain,1
port,1
discussion,1
carceral,1
bryant,1
engineer,1
alexandre,1
regulationists,1
backstage,1
martha,1
dimly,1
bodies,1
boston,1
norma,1
remember,1
weaknesses,1
teasdale,1
level,1
decency,1
uncontrolled,1
fairness,1
attentive,1
awkwardly,1
wctu,1
attachments,1
four,1
peace,1
thereby,1
met,1
garraty,1
taxed,1
scott,1
proprieties,1
timely,1
milan,1
confirm,1
labyrinthine,1
november,1
regulate,1
easy,1
unrealistic,1
boxes,1
revenue,1
respectable,1
bathing,1
everywhere,1
went,1
jameson,1
confronted,1
filmmaking,1
testified,1
anarchism,1
begot,1
seek,1
democratic,1
tender,1
grossberg,1
focus,1
reconstruct,1
proper,1
inaccurately,1
indebted,1
describes,1
challenges,1
exploit,1
isolated,1
writing,1
gain,1
harrison,1
behaved,1
rigidly,1
childhood,1
hori,1
paula,1
pleasutres,1
varied,1
terminal,1
internalized,1
hygienism,1
precision,1
concur,1
unexplored,1
come,1
eric,1
comparable,1
singapore,1
peculiar,1
formation,1
sanitarians,1
until,1
quarantining,1
score,1
lists,1
editor,1
marilynn,1
follow,1
sensibilities,1
similarity,1
persuasiveness,1
disorientation,1
write,1
aristocratic,1
accept,1
pamela,1
trap,1
artificial,1
doomed,1
sat,1
identify,1
ended,1
immorality,1
actively,1
malaya,1
americas,1
lively,1
improved,1
ghost,1
magazine,1
canadian,1
reminiscent,1
etiquette,1
cautionary,1
philippa,1
autumn,1
thoughtful,1
integration,1
constituencies,1
regular,1
attributes,1
minn,1
centrality,1
effects,1
clues,1
attempted,1
off,1
caplan,1
buchanan,1
inequalities,1
philosophy,1
tobacco,1
appleby,1
tableaux,1
transcend,1
farces,1
shift,1
rosenberg,1
dostoevsky,1
ranged,1
roughly,1
financially,1
roles,1
summary,1
roughs,1
anonymous,1
needs,1
size,1
specific,1
barry,1
surely,1
brothelkeepers,1
modeling,1
reargues,1
personifies,1
sneddeker,1
junius,1
distinctions,1
combination,1
commodity,1
broadway,1
transitory,1
cline,1
strut,1
recognized,1
norman,1
substantial,1
jakobsen,1
valley,1
noncommercial,1
lingered,1
corn,1
abandoned,1
kiosk,1
hartell,1
unregulated,1
glance,1
strong,1
leah,1
prison,1
ends,1
intelligent,1
taylor,1
famous,1
broader,1
patrolled,1
unrepresentative,1
southeastern,1
built,1
glorified,1
delayed,1
soiled,1
close,1
landlord,1
architect,1
masturbation,1
household,1
refuting,1
