WORDCOUNTS,WEIGHT
the,994
of,636
in,397
and,359
a,258
to,247
that,151
reform,138
political,98
voters,94
elections,93
for,88
voting,88
s,87
after,84
as,71
not,71
behavior,70
at,69
by,67
is,63
from,61
or,59
party,59
it,58
electoral,56
split,56
with,55
more,54
politics,53
was,51
on,51
than,50
england,49
but,49
act,48
have,48
parliamentary,46
parties,44
great,44
system,44
one,43
electorate,43
were,41
this,40
be,40
had,38
see,38
century,37
most,37
an,37
partisan,36
phillips,36
their,35
new,35
data,34
constituencies,34
historical,34
before,33
election,33
even,33
only,33
between,33
english,32
all,32
review,32
john,32
his,30
we,30
who,30
did,30
vote,27
bill,27
two,27
percent,27
are,27
american,26
also,26
april,26
figure,25
time,25
cox,25
votes,24
unreformed,24
wetherell,24
been,24
history,23
other,23
some,23
view,23
its,23
table,23
both,23
over,22
could,21
because,21
many,21
individual,21
analysis,21
they,20
nineteenth,20
has,20
such,20
boroughs,20
n,20
he,20
gash,20
consistency,19
change,19
which,19
whig,19
no,18
eighteenth,18
peel,18
popular,18
second,17
would,17
different,17
tory,16
first,16
across,16
voter,16
period,16
so,16
principle,16
partisanship,16
charles,16
o,15
modern,15
those,15
general,15
london,15
during,15
aggregate,15
aydelotte,15
about,15
when,15
evidence,15
might,14
hazard,14
impact,14
local,14
any,14
much,14
principles,13
influence,13
may,13
single,13
these,13
constituency,13
rather,13
reformed,13
less,13
another,13
george,13
what,13
now,12
if,12
cast,12
prior,12
old,12
politically,12
can,12
gorman,12
although,12
should,12
long,11
british,11
historians,11
propensity,11
three,11
propensities,11
perspective,11
p,11
issues,11
either,11
commons,11
number,11
mps,11
low,11
splitting,11
often,11
then,11
changing,11
simply,11
cambridge,11
national,11
far,10
levels,10
greater,10
though,10
however,10
well,10
example,10
croker,10
britain,10
oxford,10
same,10
degree,10
high,10
note,10
iii,10
our,10
course,10
measured,10
among,10
later,9
stood,9
whigs,9
economic,9
every,9
government,9
pollbooks,9
sample,9
support,9
changes,9
house,9
age,9
electors,9
changed,9
almost,9
county,9
ed,9
analyses,9
remained,9
years,9
borough,9
began,9
each,9
loyalty,9
while,9
through,9
early,9
does,8
way,8
large,8
into,8
contested,8
permitted,8
negative,8
experience,8
j,8
thus,8
since,8
nor,8
rates,8
probability,8
just,8
four,8
r,8
floating,8
older,8
level,8
once,8
lord,8
towns,8
enough,8
beverley,8
virtually,8
variation,8
men,8
existed,8
contained,8
ever,8
very,8
focus,8
created,7
likely,7
tamworth,7
there,7
possible,7
laws,7
candidates,7
without,7
process,7
based,7
voted,7
franchise,7
people,7
actually,7
poll,7
revolution,7
contrast,7
decline,7
parliament,7
critical,7
still,7
patterns,7
mean,7
entirely,7
earlier,7
municipal,7
random,7
effect,7
figures,7
life,7
partisans,7
bristol,7
them,7
suggests,7
given,7
despite,7
instead,7
specific,7
corn,7
major,7
corruption,6
source,6
nature,6
persistence,6
journal,6
how,6
too,6
victorian,6
conservative,6
radical,6
late,6
counties,6
odds,6
part,6
secret,6
nation,6
genuine,6
sense,6
next,6
order,6
tended,6
results,6
splitters,6
society,6
yarmouth,6
survived,6
therefore,6
indicates,6
experiences,6
yet,6
under,6
choices,6
vernon,6
pattern,6
do,6
where,6
liverpool,6
casting,6
questions,6
tories,6
held,6
tendency,6
class,6
case,6
circumstances,6
lewes,6
passage,6
evident,6
westminster,6
cluster,6
reveals,6
debate,6
difficult,5
common,5
extreme,5
e,5
group,5
studies,5
preceding,5
seems,5
available,5
reveal,5
take,5
achieved,5
last,5
robert,5
electioneering,5
against,5
central,5
places,5
hardly,5
behave,5
york,5
proportion,5
study,5
reforms,5
liberal,5
efficient,5
opinion,5
decades,5
events,5
shrewsbury,5
line,5
used,5
norm,5
gave,5
longitudinal,5
positive,5
frank,5
us,5
neither,5
majority,5
again,5
smith,5
analytical,5
registration,5
choice,5
ebrey,5
sir,5
explanation,5
actual,5
clear,5
forms,5
slightly,5
relationship,5
widespread,5
centuries,5
itself,5
issue,5
following,5
assessment,5
william,5
reign,5
era,5
became,5
until,5
d,5
need,5
wellington,5
c,5
mp,5
entire,5
little,5
strong,5
democracy,4
rate,4
represent,4
ways,4
habits,4
consistent,4
t,4
rare,4
differences,4
dunbabin,4
melbourne,4
religion,4
subsequent,4
cabinet,4
account,4
richard,4
obvious,4
point,4
relationships,4
difficulties,4
expected,4
displays,4
back,4
beginning,4
failed,4
recognized,4
essential,4
repeal,4
demonstrates,4
risk,4
idiosyncratic,4
moreover,4
decade,4
argued,4
vitality,4
policy,4
defeat,4
followed,4
permanent,4
important,4
found,4
term,4
academic,4
equally,4
moore,4
cannot,4
scale,4
watershed,4
conservatives,4
having,4
participation,4
lords,4
proportions,4
whole,4
middle,4
reflect,4
maidstone,4
won,4
least,4
suggest,4
sharp,4
few,4
research,4
distinguished,4
pollbook,4
plausible,4
small,4
seats,4
short,4
return,4
computing,4
nearly,4
percentage,4
experienced,4
town,4
gary,4
rise,4
fact,4
instability,4
accession,4
considerable,4
never,4
conclusions,4
likelihood,4
present,4
model,4
birth,4
made,4
continue,4
reality,4
characterized,4
like,4
provides,4
methods,4
greatly,4
exactly,4
james,4
looked,4
chance,4
vision,4
ideology,4
fewer,4
detailed,4
face,4
know,4
books,4
gazette,4
particularly,4
grey,4
believed,4
whether,4
form,4
accounts,4
particular,4
always,4
initial,4
role,4
measure,4
behaved,4
invisible,4
argument,4
undue,4
finally,4
shift,4
norman,4
splits,4
enhanced,4
deference,3
struggle,3
meaning,3
considerably,3
introduction,3
notably,3
hull,3
rogers,3
completely,3
easily,3
candidate,3
favor,3
ian,3
unlike,3
princeton,3
modest,3
interests,3
attempt,3
indeed,3
complicated,3
reading,3
papers,3
albeit,3
iv,3
stance,3
newbould,3
functions,3
measuring,3
brent,3
except,3
pairs,3
liberals,3
above,3
measurement,3
exist,3
linked,3
southampton,3
development,3
illustrates,3
interest,3
relatively,3
forced,3
cases,3
profound,3
find,3
obscure,3
jones,3
higher,3
interesting,3
landscape,3
knew,3
persistent,3
turn,3
similar,3
means,3
emergence,3
numbers,3
requires,3
legislative,3
strength,3
out,3
shared,3
supporters,3
russell,3
record,3
public,3
january,3
property,3
aspects,3
provincial,3
vincent,3
reminded,3
year,3
rescuers,3
corrupt,3
place,3
policies,3
colchester,3
own,3
contests,3
creating,3
brougham,3
working,3
reinforces,3
quite,3
hence,3
event,3
certainly,3
essentially,3
impossible,3
fully,3
generally,3
using,3
provided,3
rest,3
happen,3
reduced,3
variety,3
absence,3
ideas,3
constituents,3
limited,3
make,3
deviate,3
marginally,3
light,3
complete,3
switch,3
qualified,3
noted,3
picture,3
social,3
representation,3
fellow,3
corporations,3
members,3
technique,3
others,3
longer,3
fundamental,3
totals,3
appeared,3
end,3
debates,3
fashion,3
accepted,3
michael,3
examples,3
northampton,3
persisted,3
nothing,3
full,3
i,3
rejected,3
passim,3
open,3
dominated,3
counter,3
standard,3
matched,3
newcastle,3
examine,3
accordingly,3
confusing,3
quarter,3
widely,3
modernized,3
chances,3
continued,3
lost,3
returned,3
remaining,3
surprising,3
exists,3
seat,3
joseph,3
cannon,3
environment,3
demonstrate,3
regime,3
supported,3
here,3
set,3
december,3
seem,3
king,3
best,3
half,3
returns,3
beales,3
cities,3
notable,3
terms,3
imposed,3
extent,3
w,3
occasionally,3
altered,3
uniform,3
introduced,3
easy,3
wrought,3
techniques,3
substance,3
organization,3
world,3
question,3
moderate,3
radicalism,3
survival,3
conditions,3
approximately,3
defined,3
potential,3
substantial,3
loyalties,3
asked,3
perception,3
periods,2
mostly,2
appealed,2
resulted,2
measures,2
eliminated,2
appear,2
contemporaneous,2
becoming,2
replaced,2
achievements,2
birmingham,2
reassessment,2
constitutes,2
coalition,2
considerations,2
realities,2
acceptance,2
individually,2
total,2
arguing,2
flaws,2
practices,2
said,2
defeated,2
davis,2
implications,2
generated,2
downplay,2
namier,2
words,2
definition,2
containing,2
dramatically,2
broadly,2
suggesting,2
accompanied,2
reasons,2
composition,2
precisely,2
influences,2
remainder,2
raised,2
displayed,2
somewhat,2
within,2
daniel,2
growing,2
side,2
inclusive,2
recorded,2
task,2
money,2
behavioral,2
demography,2
march,2
drastic,2
determined,2
marked,2
activity,2
october,2
cited,2
correlation,2
himself,2
joyce,2
stress,2
expanded,2
winning,2
repeatedly,2
million,2
responded,2
immediate,2
reject,2
kind,2
thing,2
distinct,2
times,2
oldham,2
modernity,2
six,2
served,2
unchanged,2
third,2
fighting,2
unequivocally,2
identify,2
drawn,2
patrons,2
discovering,2
occasion,2
adult,2
generation,2
dust,2
loyal,2
poor,2
colin,2
identification,2
main,2
trevelyan,2
remain,2
edward,2
basic,2
capture,2
unintentionally,2
lasting,2
active,2
opportunity,2
importance,2
b,2
earl,2
consequences,2
derek,2
grego,2
understand,2
probabilities,2
hawkins,2
enfranchised,2
ensure,2
wanted,2
calif,2
familiar,2
duke,2
clearly,2
articulated,2
frequently,2
solid,2
origins,2
powerful,2
obstacles,2
hereafter,2
drawing,2
differently,2
assessments,2
result,2
came,2
lead,2
path,2
questioned,2
declined,2
appearance,2
histories,2
begun,2
treatments,2
parry,2
inkeles,2
plump,2
persist,2
captured,2
base,2
further,2
appears,2
recently,2
opposition,2
failure,2
directly,2
work,2
start,2
nine,2
future,2
purpose,2
slaney,2
englishmen,2
consistently,2
broad,2
participated,2
surrounding,2
heated,2
status,2
approach,2
related,2
permit,2
brush,2
caused,2
allegiance,2
wrong,2
claim,2
around,2
ignore,2
hustings,2
june,2
concerns,2
brought,2
reported,2
suddenly,2
freemen,2
notes,2
deviating,2
reduction,2
heretofore,2
led,2
elimination,2
identified,2
drama,2
overall,2
whatever,2
surviving,2
interactions,2
powerfully,2
worked,2
coherence,2
rational,2
examined,2
switching,2
soon,2
included,2
culture,2
disraeli,2
robust,2
intense,2
reports,2
ballots,2
apostasy,2
unifying,2
alteration,2
organizations,2
lewis,2
discussions,2
cardwell,2
challenge,2
death,2
addition,2
added,2
missing,2
lack,2
overwhelming,2
cumulative,2
agree,2
inconsistency,2
larger,2
connell,2
substantially,2
contends,2
identical,2
succeeding,2
man,2
sort,2
whiggery,2
took,2
ground,2
reshaped,2
perhaps,2
belief,2
encountered,2
cohort,2
demonstrated,2
classes,2
greatest,2
discussion,2
success,2
formal,2
enormous,2
strongly,2
clustered,2
use,2
franchises,2
porritt,2
prevailed,2
largely,2
contemporary,2
aside,2
protectionist,2
exhibited,2
previous,2
improvements,2
afterward,2
wilson,2
provoked,2
modernization,2
essay,2
david,2
him,2
responses,2
brewer,2
counted,2
accurate,2
elector,2
permitting,2
why,2
especially,2
comparing,2
problems,2
textbooks,2
composite,2
emphasized,2
excluded,2
looks,2
analyze,2
reformist,2
concluded,2
separate,2
alex,2
lot,2
sometimes,2
albion,2
ballot,2
male,2
norwich,2
lives,2
indicate,2
length,2
fall,2
months,2
unusual,2
pressures,2
bad,2
electorates,2
meant,2
claims,2
share,2
magnitude,2
constant,2
considered,2
conclusion,2
comparison,2
measurements,2
reinforced,2
continues,2
quantitative,2
clement,2
forty,2
persisting,2
control,2
commonplace,2
speck,2
acts,2
victoria,2
argue,2
matthew,2
differed,2
manifesto,2
past,2
country,2
merely,2
cautions,2
unique,2
stability,2
making,2
series,2
problem,2
foundations,2
constitutional,2
minimal,2
contain,2
church,2
socioeconomic,2
radically,2
must,2
rescued,2
modernizing,2
peelites,2
meaningful,2
intended,2
worst,2
rigid,2
qualitative,2
bradley,2
maintained,2
writing,2
think,2
complaints,2
peculiar,2
argues,2
editor,2
average,2
twentieth,2
contributed,2
ends,2
smaller,2
discounted,2
increased,2
southern,2
johnson,2
improved,2
create,2
views,2
exclusively,2
predictable,2
immediately,2
broader,2
successive,2
indicating,2
nicholas,1
precipitously,1
exhibiting,1
antithetical,1
ending,1
freeholders,1
jaggard,1
ijohn,1
debated,1
done,1
doubts,1
neutral,1
limits,1
representing,1
concerned,1
inaccurate,1
indicated,1
locates,1
groups,1
plunge,1
war,1
correlations,1
broadest,1
commitment,1
encouraged,1
go,1
truth,1
evangelicalism,1
everyone,1
affected,1
revealingly,1
extend,1
grudgingly,1
alone,1
starts,1
utility,1
per,1
vaux,1
center,1
discover,1
complex,1
doom,1
integrity,1
systematically,1
kinds,1
provisions,1
properly,1
tend,1
closure,1
terminated,1
word,1
postmodernist,1
h,1
irritated,1
strictly,1
bias,1
schizophrenic,1
inconsistent,1
jonathan,1
encountering,1
monolithic,1
ominous,1
clyve,1
contention,1
atonement,1
comparisons,1
western,1
ameliorated,1
royal,1
presents,1
pose,1
reliably,1
aversion,1
biostatistics,1
impede,1
accomplishments,1
something,1
nominally,1
triennial,1
revision,1
chief,1
character,1
women,1
fluctuations,1
midwife,1
lower,1
being,1
nized,1
disgraced,1
fabric,1
highlighted,1
anything,1
else,1
stressed,1
sources,1
neglects,1
supposedly,1
disagreement,1
exclusive,1
aftermath,1
give,1
attempts,1
taken,1
vols,1
address,1
rapid,1
expectation,1
anywhere,1
unpredictably,1
permanently,1
hassocks,1
emerged,1
retreat,1
departure,1
liberty,1
brock,1
company,1
delineation,1
possibilities,1
shaped,1
worthington,1
plumpers,1
tradition,1
leaders,1
assess,1
broken,1
careers,1
confusion,1
thank,1
cues,1
potentially,1
wave,1
nonconformity,1
senses,1
admittedly,1
studied,1
able,1
link,1
cobden,1
uncovered,1
resulting,1
real,1
nevertheless,1
alignment,1
help,1
inadvertently,1
xx,1
feature,1
embrace,1
rudimentary,1
written,1
trouble,1
stand,1
respond,1
henry,1
principal,1
platforms,1
normal,1
pitt,1
scenario,1
gibson,1
committed,1
stopped,1
annie,1
paying,1
evaluation,1
con,1
refute,1
existence,1
disabling,1
embracing,1
individuallevel,1
gaps,1
causation,1
motion,1
weathered,1
severe,1
luddism,1
sought,1
mass,1
discuss,1
rests,1
right,1
trade,1
dynamics,1
althorp,1
vol,1
compelling,1
cooperation,1
blackened,1
reply,1
reaching,1
establishing,1
reaction,1
bidder,1
alter,1
fortunately,1
arenas,1
prevails,1
west,1
apart,1
interdisciplinary,1
radicals,1
say,1
sporadically,1
canvassing,1
sent,1
uncertain,1
relate,1
along,1
dirty,1
constrained,1
interpretational,1
undoubtedly,1
promises,1
ritual,1
unhappy,1
frenzy,1
safely,1
stirring,1
deserted,1
localized,1
diversity,1
interestingly,1
factional,1
complained,1
regarding,1
mistake,1
possessing,1
member,1
collapse,1
affiliation,1
hazards,1
dependence,1
surely,1
independency,1
historically,1
montreal,1
accuracy,1
explained,1
dying,1
component,1
peculiarities,1
precipitately,1
quality,1
points,1
inevitable,1
run,1
calculated,1
sunderland,1
due,1
objective,1
edgar,1
initially,1
recasting,1
revolve,1
september,1
assumes,1
tisme,1
g,1
paradoxically,1
proliferated,1
agent,1
domain,1
campaigned,1
dozen,1
moment,1
accidentally,1
dismisses,1
taps,1
plotting,1
condescension,1
coalitions,1
jeremy,1
price,1
measurable,1
polling,1
overly,1
arena,1
exhausted,1
understates,1
advances,1
estimates,1
unity,1
adam,1
defense,1
elements,1
montpellier,1
underlying,1
behaving,1
document,1
crosses,1
concerning,1
uniformly,1
architect,1
structural,1
fig,1
highest,1
response,1
peculiarity,1
extraordinary,1
honour,1
outnumbered,1
twice,1
witnessed,1
cardinal,1
truly,1
thin,1
helpful,1
mirrored,1
splitter,1
tenants,1
cornford,1
bottles,1
look,1
practically,1
architects,1
apparently,1
spasmodic,1
beattie,1
descriptive,1
leadership,1
transactions,1
nuanced,1
historicaljournal,1
continuity,1
implementation,1
virtual,1
tarred,1
battles,1
inhabitant,1
odium,1
lesser,1
steps,1
simultaneously,1
onlooker,1
reconstructed,1
wrestled,1
reflects,1
hopes,1
predicted,1
true,1
sets,1
observers,1
variance,1
purely,1
revisionists,1
portrayed,1
answered,1
centered,1
declaring,1
compatible,1
district,1
possession,1
affairs,1
stumbling,1
culminating,1
notion,1
demonstration,1
georges,1
poses,1
environments,1
suffer,1
edwin,1
anyone,1
supplement,1
eight,1
certain,1
adjustments,1
losing,1
enacted,1
produced,1
magnates,1
dismiss,1
adjusts,1
moves,1
thought,1
reason,1
directory,1
fervently,1
win,1
developments,1
applied,1
affect,1
university,1
consider,1
representativeness,1
possibly,1
stifling,1
entry,1
pastime,1
key,1
statistical,1
established,1
randomness,1
agitation,1
pales,1
literary,1
assent,1
ginter,1
expectancy,1
abuses,1
reformer,1
sum,1
allocation,1
down,1
days,1
former,1
receiving,1
preoccupation,1
threat,1
prevent,1
xi,1
leicester,1
communities,1
riverside,1
democratic,1
additional,1
beyond,1
lifelong,1
exceed,1
linkage,1
notions,1
facing,1
whiggish,1
stark,1
painted,1
disloyalty,1
reorientation,1
servile,1
portrays,1
guarantee,1
destructive,1
founding,1
care,1
uncommitted,1
symbolized,1
andjames,1
necessarily,1
stands,1
foretold,1
plausibly,1
methodology,1
alan,1
reflections,1
friends,1
holdings,1
opponents,1
whereas,1
behaviour,1
declarations,1
ordinarily,1
uses,1
closely,1
suffered,1
dwindled,1
whom,1
allow,1
murky,1
method,1
critically,1
politicization,1
treason,1
preponderant,1
householders,1
lived,1
patrick,1
infrequent,1
requirements,1
excite,1
configuration,1
percentages,1
porritts,1
flying,1
representative,1
evaluate,1
accurately,1
midlands,1
left,1
occupation,1
traced,1
traits,1
effective,1
halls,1
fielded,1
parliaments,1
block,1
stressing,1
nationally,1
fisher,1
tools,1
default,1
resurrected,1
population,1
symbols,1
boyd,1
devoid,1
sovereignty,1
distorts,1
appearing,1
otherwise,1
sims,1
hypothetical,1
perform,1
taxes,1
absolute,1
explain,1
required,1
reluctantly,1
wide,1
victorians,1
whigge,1
triumph,1
died,1
scene,1
libertarian,1
fixtures,1
eliminate,1
influenced,1
impression,1
memory,1
infused,1
representatives,1
xix,1
none,1
mobilization,1
crushed,1
diminution,1
relief,1
y,1
closed,1
clarke,1
gains,1
consecutive,1
industrial,1
responding,1
basis,1
nuances,1
prest,1
significantly,1
tens,1
uncover,1
competing,1
scalawags,1
manichean,1
knowledge,1
calls,1
edn,1
wald,1
macaulay,1
nonpartisan,1
positions,1
newest,1
criticized,1
highlight,1
seejeremy,1
intentionally,1
repeating,1
kindly,1
tale,1
redrew,1
psephological,1
constitute,1
records,1
enforce,1
falling,1
strenuous,1
increasingly,1
augment,1
unrelieved,1
freehold,1
rituals,1
straights,1
saw,1
legislation,1
regional,1
employed,1
tar,1
subsample,1
endorsed,1
bid,1
stanford,1
cornwall,1
strengthened,1
riotous,1
final,1
connections,1
juggernaut,1
nj,1
weeks,1
towards,1
regions,1
salopian,1
iparty,1
tool,1
tone,1
closing,1
normally,1
indicator,1
correct,1
successful,1
hard,1
diminish,1
irrevocable,1
fostered,1
shaping,1
panel,1
reliable,1
coupled,1
earmarks,1
warrant,1
rarer,1
commensurately,1
conacher,1
imposition,1
settlement,1
nossiter,1
family,1
mistaking,1
openly,1
castle,1
several,1
mitchell,1
embraced,1
characteristics,1
sufficient,1
driving,1
dire,1
highly,1
shines,1
choose,1
revealing,1
alleviate,1
temporary,1
breaking,1
presence,1
weapons,1
brushes,1
altogether,1
timein,1
annual,1
visible,1
orthodox,1
up,1
scott,1
louisj,1
posed,1
filling,1
proper,1
scot,1
mischief,1
diminished,1
value,1
newly,1
lincoln,1
rotten,1
massive,1
reducing,1
devonshire,1
activities,1
promising,1
altering,1
objected,1
reigns,1
abbot,1
appeal,1
south,1
flourished,1
will,1
f,1
uncommon,1
tasks,1
san,1
annum,1
minor,1
ventured,1
creed,1
comment,1
materials,1
various,1
steadily,1
journey,1
reconfigures,1
employ,1
timjes,1
interference,1
individuals,1
logically,1
revival,1
labeled,1
comparative,1
expansion,1
subject,1
ancien,1
fog,1
tried,1
corporation,1
horrors,1
acknowledged,1
forward,1
female,1
exception,1
prevailing,1
mongers,1
reduce,1
prove,1
reconstruction,1
harry,1
everywhere,1
comments,1
bewildering,1
standing,1
premises,1
stedman,1
logical,1
newton,1
eighty,1
put,1
decisions,1
direction,1
evidentiary,1
profoundly,1
answering,1
guide,1
duplicate,1
interpretation,1
opportunities,1
makes,1
read,1
wasson,1
corroborated,1
jennings,1
extremists,1
array,1
predecessor,1
formally,1
birch,1
perceived,1
demographic,1
arguments,1
puzzle,1
riots,1
statistically,1
subset,1
adjusted,1
minimums,1
deliver,1
nineteenthcentury,1
largest,1
already,1
challenges,1
feuchtwanger,1
confirmed,1
begins,1
exceptionally,1
visualize,1
bar,1
avoided,1
sketch,1
declining,1
testimony,1
chose,1
diary,1
uncontested,1
name,1
sketchy,1
unmistakably,1
focused,1
paul,1
law,1
temporarily,1
stated,1
factory,1
fell,1
toward,1
reporting,1
similarly,1
ask,1
financial,1
efforts,1
analogous,1
shows,1
limit,1
conduct,1
scholars,1
xii,1
striking,1
isjohn,1
demonstrations,1
inevitably,1
lathecleaver,1
diverse,1
personal,1
demonstrating,1
ahrfor,1
peelite,1
granting,1
everything,1
overwhelmingly,1
mold,1
seldom,1
toryism,1
simple,1
cooperated,1
enactment,1
fits,1
hand,1
v,1
begin,1
increases,1
reversion,1
attempting,1
developing,1
systematic,1
existing,1
establish,1
vulnerable,1
renaissance,1
tell,1
coincided,1
council,1
necessary,1
practice,1
paired,1
deep,1
plumping,1
chronologically,1
assault,1
idiosyncrasies,1
controversy,1
reconciled,1
gareth,1
harnessed,1
shifts,1
free,1
realize,1
identifiable,1
violent,1
doubled,1
fight,1
imagine,1
grouping,1
seejohn,1
recognizing,1
understanding,1
archer,1
withstand,1
exploring,1
correctives,1
extended,1
vast,1
campaigns,1
averaged,1
demos,1
coherent,1
registers,1
heralded,1
rendered,1
craig,1
imponderables,1
echoes,1
accompanying,1
range,1
unquestionably,1
hinder,1
refining,1
sides,1
unfairly,1
backed,1
dissolve,1
previously,1
participatory,1
omitted,1
nottinghamshire,1
herself,1
identity,1
angus,1
concern,1
significant,1
hidden,1
protectionists,1
assume,1
worse,1
polibook,1
yorkshire,1
rhetorically,1
pack,1
discontinuity,1
engaged,1
lasted,1
examination,1
exerted,1
ceremonies,1
office,1
stopping,1
california,1
overturned,1
unpledged,1
theoretical,1
impending,1
arguably,1
aristocratic,1
insurmountable,1
distortion,1
significance,1
substituting,1
enlargement,1
whoever,1
referendum,1
adding,1
authors,1
comprehensive,1
express,1
recognize,1
maligned,1
agreement,1
accounted,1
laudatory,1
victory,1
peter,1
handlist,1
admission,1
august,1
allowed,1
reviewers,1
ellis,1
covering,1
verviers,1
reformers,1
function,1
summer,1
collected,1
foregate,1
distinction,1
stresses,1
filled,1
benjamin,1
macclesfield,1
pension,1
lose,1
thomas,1
latter,1
ignorance,1
glaring,1
decide,1
margin,1
readers,1
discarded,1
systems,1
leaves,1
eyes,1
narrow,1
sensible,1
interpretations,1
assessing,1
pro,1
incompatible,1
politicizing,1
availability,1
structure,1
probably,1
sharper,1
implication,1
divides,1
equivalent,1
attracted,1
occupied,1
haven,1
summarized,1
relative,1
payment,1
ago,1
outright,1
attention,1
unrelated,1
applies,1
reluctant,1
decision,1
uncritical,1
european,1
carried,1
things,1
asking,1
defensible,1
indication,1
fifty,1
principled,1
tests,1
disregards,1
locked,1
steep,1
firmer,1
dual,1
risks,1
perspectives,1
independent,1
provide,1
segments,1
bulk,1
kenneth,1
usually,1
guideline,1
liberalanglican,1
collectively,1
sequences,1
selections,1
suggestive,1
ironically,1
vague,1
randomly,1
lines,1
discard,1
sway,1
attacking,1
disagreements,1
transformed,1
polls,1
render,1
effectively,1
credited,1
renown,1
contribution,1
instituting,1
hopelessly,1
inadequate,1
rapidly,1
countries,1
stage,1
linking,1
settled,1
exclude,1
provinces,1
christie,1
achieve,1
signiftcantly,1
staged,1
extremely,1
types,1
idioms,1
tantamount,1
problematic,1
grounded,1
resemble,1
fought,1
thick,1
dickinson,1
detail,1
school,1
acquired,1
proof,1
derry,1
exercised,1
venality,1
rarely,1
fifteen,1
stable,1
judgments,1
protracted,1
prohibited,1
comes,1
complexity,1
version,1
conjunction,1
merges,1
delegation,1
edmunds,1
sophisticated,1
solitary,1
scarcely,1
detect,1
extension,1
unleashed,1
known,1
exposition,1
precise,1
masses,1
consensus,1
durations,1
butler,1
drake,1
quickly,1
outcome,1
ship,1
berkeley,1
natural,1
blair,1
hyperbolic,1
deficiencies,1
smetts,1
tendencies,1
illuminate,1
languages,1
aberration,1
damning,1
worth,1
congeries,1
walpole,1
seriously,1
accustomed,1
believe,1
ahr,1
restrictive,1
style,1
compounded,1
roebuck,1
captures,1
foundation,1
riveting,1
alternatively,1
dinwiddy,1
conceivably,1
obviously,1
rely,1
infer,1
longstanding,1
separating,1
fail,1
reflected,1
choosing,1
thompson,1
proposed,1
emerges,1
senate,1
thatjust,1
destroyed,1
ticket,1
clarity,1
dismissing,1
turnout,1
defend,1
drop,1
scholarly,1
unlikely,1
avoidance,1
mackintosh,1
fluidity,1
nominal,1
rose,1
list,1
yielded,1
plural,1
sociology,1
males,1
textbook,1
agricultural,1
statement,1
edinburgh,1
microcosm,1
whitewashed,1
starkly,1
linger,1
thousands,1
pursued,1
divide,1
glee,1
calhoun,1
yield,1
voice,1
information,1
unprincipled,1
resident,1
articulation,1
ideal,1
vigor,1
size,1
noticeably,1
hanoverian,1
abundantly,1
persistently,1
dissenters,1
beconme,1
presented,1
boldly,1
preserved,1
careful,1
severely,1
peace,1
affecting,1
excesses,1
windsor,1
nadir,1
pre,1
confirm,1
belgium,1
yearly,1
predecessors,1
administration,1
assumptions,1
went,1
confronted,1
compellingly,1
absentia,1
encounter,1
target,1
underestimate,1
constituted,1
conversely,1
maverick,1
memories,1
hanoverians,1
mention,1
allows,1
definitions,1
disfranchisement,1
reintroduced,1
varied,1
prepared,1
analysts,1
cheryl,1
formation,1
shown,1
inclusiveness,1
difference,1
justifiably,1
generate,1
conn,1
similarity,1
donald,1
finding,1
wis,1
camps,1
write,1
aware,1
reversed,1
crisis,1
derby,1
register,1
fatal,1
typically,1
upon,1
define,1
specialists,1
clearest,1
brighton,1
states,1
politicians,1
involving,1
attributes,1
effects,1
polled,1
stroud,1
posterity,1
bliss,1
madison,1
remains,1
francisco,1
association,1
campaign,1
anonymous,1
needs,1
restored,1
offered,1
cause,1
pioneering,1
distinctions,1
ser,1
mandler,1
clarify,1
exhaustive,1
scholarship,1
headed,1
incontestable,1
chicago,1
overcame,1
reached,1
yearround,1
fervor,1
irrelevant,1
sparingly,1
partial,1
bentley,1
fears,1
maximum,1
ownership,1
develop,1
divergent,1
traditional,1
images,1
counts,1
seek,1
comparable,1
unequivocal,1
concise,1
indistinguishable,1
macrocosm,1
hilton,1
virtue,1
meeting,1
proponent,1
doing,1
showed,1
delayed,1
close,1
moderrt,1
increase,1
eagerly,1
links,1
