WORDCOUNTS,WEIGHT
the,626
of,548
to,367
in,279
a,260
and,229
that,224
is,197
it,137
as,124
for,94
eisenstein,94
this,89
print,83
be,81
on,81
s,78
by,76
was,73
an,71
not,70
end,66
printing,63
but,61
her,60
start,58
she,58
what,57
revolution,53
book,53
we,51
at,50
they,47
i,47
history,45
its,44
how,43
about,43
reading,41
such,41
culture,40
from,40
with,39
have,39
press,38
are,36
one,35
historical,35
nature,34
their,34
so,34
all,31
which,31
were,30
own,30
modern,29
these,29
those,27
or,27
itself,27
would,26
could,26
more,26
historians,25
between,25
example,23
johns,22
can,22
should,22
american,21
work,21
very,21
early,21
has,20
like,20
then,20
february,20
point,19
review,19
different,19
had,18
my,18
printed,18
than,17
no,17
practices,17
only,17
when,16
books,16
them,16
seems,15
even,15
acknowledge,15
most,15
out,15
least,15
see,15
readers,15
unacknowledged,15
terms,15
much,15
revisited,14
there,14
adrian,14
any,14
if,13
other,13
readings,13
cultural,13
place,13
approach,13
change,13
new,13
do,13
understand,13
did,13
way,12
character,12
might,12
development,12
since,12
well,12
therefore,12
fact,12
made,12
science,12
been,12
who,12
simply,12
particular,12
need,12
first,11
some,11
agent,11
may,11
his,11
means,11
too,11
part,11
knowledge,11
people,11
make,11
ask,11
us,11
social,11
also,11
here,11
arguments,11
into,10
something,10
invention,10
england,10
case,10
gassendi,10
up,10
scientific,10
subject,10
yet,10
two,10
john,10
best,10
being,9
context,9
rather,9
importance,9
writers,9
concept,9
whole,9
world,9
actions,9
will,9
he,9
never,9
where,9
local,9
course,9
after,9
chartier,9
both,9
views,9
does,8
now,8
manuscript,8
english,8
far,8
perspective,8
general,8
just,8
view,8
came,8
because,8
good,8
am,8
indeed,8
many,8
practice,8
clear,8
article,8
effect,8
our,8
question,8
argument,8
evidence,8
themselves,8
focus,8
j,7
words,7
differences,7
account,7
central,7
representations,7
author,7
elements,7
look,7
censorship,7
esp,7
printers,7
once,7
light,7
same,7
power,7
again,7
really,7
herself,7
processes,7
period,7
story,7
extent,7
specific,7
texts,7
little,7
studies,6
before,6
every,6
europe,6
simple,6
achievement,6
real,6
precisely,6
less,6
issue,6
possible,6
powers,6
acknowledgement,6
stationers,6
century,6
kind,6
commonplacing,6
shall,6
notion,6
mean,6
consequences,6
reason,6
result,6
though,6
basis,6
status,6
contrast,6
quite,6
became,6
standardization,6
still,6
above,6
thought,6
others,6
scholars,6
time,6
transit,6
answer,6
original,6
use,6
kepler,6
why,6
get,6
text,6
over,6
seem,6
works,6
want,6
role,6
think,6
effects,6
cosmopolitan,6
adopt,5
alone,5
large,5
designed,5
western,5
piratical,5
sources,5
hence,5
textual,5
licensing,5
dissemination,5
key,5
taking,5
say,5
letter,5
thus,5
roger,5
thing,5
nor,5
oxford,5
critique,5
distribution,5
gutenberg,5
myself,5
moreover,5
n,5
impact,5
argued,5
important,5
deal,5
term,5
explain,5
reader,5
future,5
long,5
society,5
appeal,5
single,5
communities,5
interpretation,5
rise,5
renaissance,5
eds,5
explicitly,5
another,5
largely,5
nothing,5
reality,5
paris,5
authorship,5
remarkable,5
attention,5
european,5
me,5
often,5
regime,5
set,5
natural,5
intellectual,5
past,5
passage,5
making,5
problem,5
apparently,5
advent,5
era,5
major,5
among,5
complaint,4
created,4
providence,4
implies,4
kinds,4
library,4
approaches,4
occurred,4
interpretative,4
materials,4
taken,4
address,4
accommodate,4
broadly,4
synthetic,4
primary,4
mass,4
politics,4
galileo,4
cited,4
human,4
royal,4
objective,4
relatively,4
uniformity,4
response,4
journal,4
cites,4
interesting,4
l,4
process,4
johannes,4
certain,4
university,4
contemporaries,4
however,4
powerful,4
based,4
found,4
called,4
patentees,4
further,4
scale,4
possibility,4
received,4
claim,4
stake,4
later,4
realm,4
actually,4
sense,4
order,4
involved,4
sufficient,4
provided,4
matter,4
read,4
index,4
ed,4
issues,4
available,4
shows,4
regulation,4
enough,4
present,4
michael,4
understanding,4
discussion,4
examples,4
ideas,4
questions,4
meanings,4
publication,4
individual,4
craft,4
become,4
topics,4
browne,4
today,4
note,4
plays,4
seen,4
translation,4
try,4
volumes,4
analysis,4
matters,4
claims,4
know,4
william,4
according,4
whether,4
must,4
revolutions,4
content,4
turns,4
techniques,4
foxe,4
comprehend,4
piracy,4
although,4
opinions,4
philosophy,4
shift,4
needs,4
chicago,4
substantial,4
given,3
meaning,3
revolutionary,3
stands,3
told,3
center,3
complex,3
word,3
true,3
ways,3
easily,3
commonplace,3
properties,3
consistent,3
creation,3
production,3
give,3
vols,3
attempt,3
historiography,3
company,3
shaped,3
skills,3
secondary,3
remark,3
inherent,3
religion,3
survey,3
take,3
subsequent,3
help,3
achieved,3
system,3
appreciate,3
streater,3
existence,3
task,3
recommendations,3
schickard,3
astronomers,3
surely,3
profession,3
topic,3
profound,3
approval,3
compare,3
find,3
let,3
whose,3
without,3
influential,3
pages,3
distinct,3
perceptions,3
familiar,3
clearly,3
proved,3
situations,3
show,3
statement,3
beyond,3
always,3
asks,3
instance,3
greater,3
histories,3
shared,3
criticisms,3
events,3
radical,3
ann,3
condorcet,3
cannot,3
applied,3
method,3
r,3
used,3
commonplaces,3
prominent,3
london,3
purpose,3
elizabeth,3
bible,3
gave,3
consistently,3
partly,3
bishop,3
exemplary,3
published,3
describing,3
hard,3
individualism,3
autonomy,3
characteristics,3
tended,3
methodological,3
grateful,3
finds,3
f,3
critical,3
dichotomies,3
nonetheless,3
short,3
labors,3
return,3
cavallo,3
allegations,3
relied,3
makes,3
participants,3
publishing,3
experimental,3
paul,3
similarly,3
put,3
longer,3
idea,3
endorse,3
proposal,3
agree,3
ought,3
personal,3
great,3
neglecting,3
secular,3
remarked,3
gives,3
grounds,3
coherent,3
restrictions,3
eighteenth,3
looking,3
entirely,3
significant,3
virtually,3
significance,3
historic,3
points,3
amounts,3
held,3
scribal,3
distinction,3
intrinsic,3
especially,3
james,3
lay,3
equivalent,3
copyright,3
things,3
privileges,3
life,3
responsible,3
hope,3
centuries,3
face,3
detail,3
seriously,3
historian,3
comparison,3
scarcely,3
observation,3
continental,3
blair,3
each,3
steven,3
worth,3
ahr,3
foundation,3
merely,3
better,3
day,3
while,3
property,3
almost,3
episode,3
art,3
through,3
altogether,3
ignorant,3
remarks,3
commercial,3
difference,3
ignored,3
cambridge,3
instead,3
distinctions,3
debate,3
within,3
technological,3
built,3
rate,2
page,2
limits,2
heroic,2
opinion,2
truth,2
deserve,2
protestant,2
epidemica,2
elementary,2
agency,2
properly,2
fray,2
favor,2
contention,2
position,2
habits,2
variants,2
arguing,2
princeton,2
leads,2
negative,2
diffusion,2
said,2
schaffer,2
explaining,2
constituting,2
fifteenth,2
exclusive,2
exaggerated,2
quoting,2
implications,2
attempts,2
admonition,2
worked,2
emerged,2
definition,2
resemblance,2
copy,2
scientists,2
display,2
fully,2
follows,2
proves,2
reveal,2
nevertheless,2
soaring,2
last,2
mind,2
elision,2
trouble,2
principal,2
robert,2
political,2
side,2
assertions,2
histoire,2
translations,2
arrive,2
conditioned,2
rests,2
right,2
chapter,2
omissions,2
gift,2
richard,2
vital,2
dutch,2
west,2
variations,2
sent,2
along,2
constrained,2
himself,2
lambert,2
diversity,2
learned,2
verdicts,2
collapse,2
historically,2
peculiarities,2
quality,2
pursue,2
de,2
philosophical,2
interest,2
atkyns,2
masters,2
decisions,2
old,2
truism,2
concerning,2
amount,2
body,2
houses,2
effective,2
warned,2
consequently,2
communication,2
demonstration,2
hardly,2
virtuous,2
aim,2
media,2
civilization,2
york,2
act,2
statements,2
principally,2
taxonomy,2
exercise,2
sherman,2
similar,2
b,2
leave,2
special,2
dismiss,2
addressing,2
suffice,2
construals,2
wanted,2
literary,2
latin,2
section,2
constructivist,2
articulated,2
initiative,2
followed,2
notions,2
consequence,2
back,2
bruno,2
restriction,2
decades,2
italics,2
uses,2
standards,2
whom,2
identifying,2
latour,2
asserts,2
hands,2
p,2
bacon,2
against,2
hailing,2
vulnerability,2
demands,2
emerge,2
representative,2
disseminare,2
late,2
supporters,2
informed,2
produced,2
reinforce,2
hailed,2
procedures,2
impression,2
briefly,2
aspiration,2
shape,2
directly,2
none,2
line,2
data,2
industrial,2
imagined,2
apparent,2
comment,2
literature,2
fail,2
during,2
call,2
away,2
craftsmen,2
stanford,2
bouwsma,2
tool,2
veracious,2
field,2
responsibility,2
resolving,2
next,2
catholic,2
le,2
specifically,2
few,2
significantly,2
presence,2
fixity,2
copying,2
credible,2
core,2
occasions,2
correspondence,2
appropriate,2
reducing,2
avoid,2
prevalent,2
transforming,2
hatch,2
second,2
various,2
action,2
wrote,2
grafton,2
labeled,2
mathematicians,2
reduce,2
prove,2
whatever,2
says,2
newton,2
settings,2
hold,2
religious,2
postulate,2
communications,2
alleged,2
fascinating,2
security,2
happened,2
exactly,2
technology,2
positing,2
ancient,2
palmer,2
connotation,2
mercury,2
broad,2
reports,2
unusually,2
reliance,2
gentlemen,2
writing,2
support,2
successfully,2
law,2
neglect,2
polemic,2
added,2
consideration,2
fundamental,2
appeared,2
developed,2
attempting,2
inevitably,2
reasoning,2
feather,2
debates,2
reasons,2
conclusions,2
took,2
everyday,2
chain,2
model,2
historiographic,2
existing,2
appreciation,2
errata,2
booksellers,2
number,2
degree,2
sir,2
simon,2
situated,2
link,2
explanation,2
chiefly,2
depended,2
concern,2
products,2
places,2
examination,2
full,2
california,2
patents,2
trade,2
knew,2
modem,2
authors,2
spread,2
attribution,2
accurate,2
standard,2
provides,2
thomas,2
construct,2
latter,2
ignorance,2
exchange,2
textbooks,2
methods,2
accordingly,2
seeking,2
saw,2
controversial,2
la,2
division,2
applies,2
decision,2
implicitly,2
stage,2
missal,2
lot,2
independent,2
amherst,2
practical,2
employment,2
begin,2
guglielmo,2
derive,2
directions,2
insist,2
orthodoxy,2
exhorting,2
expert,2
indicate,2
length,2
impersonal,2
attributions,2
recalling,2
grounded,2
immensely,2
meant,2
backsliding,2
environment,2
suggestions,2
authorities,2
several,2
grand,2
circumstances,2
shapin,2
ever,2
disapproval,2
sustained,2
authority,2
principle,2
printer,2
readily,2
straightforward,2
argue,2
pseudodoxia,2
transition,2
researches,2
differed,2
evident,2
beginning,2
explanations,2
investigation,2
implicit,2
worthwhile,2
list,2
calif,2
add,2
mere,2
firmly,2
writes,2
attribute,2
pursued,2
secure,2
produce,2
italian,2
livre,2
freedom,2
bob,2
city,2
dee,2
tried,2
lies,2
investment,2
measure,2
conventional,2
reconstruct,2
indebted,2
unitary,2
phenomenon,2
maintained,2
isolated,2
representation,2
accorded,2
strong,2
come,2
until,2
instructive,2
years,2
conditions,2
watt,2
public,2
d,2
product,2
france,2
objections,2
t,2
catholicism,2
calibrating,2
averred,2
exclusively,2
ignores,2
conventions,2
recent,2
doing,2
draft,2
evidently,2
martin,2
ars,1
resolve,1
entities,1
go,1
margins,1
archives,1
sharpe,1
endeared,1
currently,1
resnick,1
altesten,1
difficult,1
common,1
medieval,1
anthony,1
implying,1
enabler,1
immune,1
begging,1
ready,1
praised,1
represent,1
unfounded,1
affected,1
episodes,1
resulted,1
trans,1
determine,1
announced,1
frangais,1
measures,1
clio,1
sphere,1
quibbling,1
per,1
cochrane,1
articulating,1
group,1
becoming,1
unforgivable,1
inconsequential,1
moss,1
deepest,1
regulatory,1
mounted,1
fate,1
identify,1
manichaean,1
uniquely,1
philippe,1
motivation,1
h,1
inanimate,1
centrifugal,1
done,1
conditioning,1
incidentally,1
reasonably,1
acceptance,1
consequential,1
protection,1
fixed,1
necessarily,1
unlike,1
title,1
encourage,1
vestiges,1
individually,1
holding,1
paper,1
tells,1
synthetically,1
feels,1
nineteenth,1
edu,1
descriptions,1
absence,1
exemplification,1
strikes,1
theft,1
du,1
qualification,1
segre,1
contexts,1
turning,1
protecting,1
test,1
evenhandedness,1
cast,1
aside,1
passion,1
else,1
either,1
decidedly,1
stressed,1
www,1
philosophers,1
failing,1
modest,1
neglects,1
frankfurt,1
supposedly,1
disagreement,1
interests,1
bibliographers,1
researched,1
debating,1
military,1
culturally,1
diego,1
location,1
astronomical,1
straightforwardly,1
haec,1
absurd,1
ourselves,1
stretch,1
advanced,1
rely,1
knowing,1
liberty,1
condescending,1
twenty,1
uneasy,1
assertion,1
correspondingly,1
daily,1
confusion,1
constituents,1
translationwere,1
richards,1
potentially,1
pressed,1
denoted,1
pinto,1
narrative,1
virgilio,1
able,1
transferred,1
lydia,1
thanks,1
closer,1
generalizations,1
exalted,1
room,1
sous,1
insinuation,1
ambition,1
persistence,1
faithful,1
resorting,1
loose,1
state,1
respond,1
concepts,1
raised,1
upbraid,1
checked,1
credibility,1
uniformities,1
daniel,1
attempted,1
longe,1
ad,1
speech,1
british,1
est,1
involves,1
proceed,1
forum,1
ascribed,1
alfred,1
badly,1
lamentations,1
poring,1
manifesto,1
jenkins,1
anthropologists,1
autonomous,1
albeit,1
captures,1
capacity,1
advice,1
motion,1
sought,1
oliphant,1
firm,1
incorporate,1
draw,1
addresses,1
vol,1
lends,1
distributing,1
welcome,1
capable,1
recommended,1
marked,1
compelling,1
machinery,1
sixteenth,1
tortuous,1
illustrate,1
disseminate,1
international,1
characterize,1
keen,1
adopting,1
folio,1
illegitimate,1
move,1
obvious,1
professor,1
priestcraft,1
community,1
apart,1
conceptual,1
inoffensive,1
flatly,1
laws,1
printings,1
desirable,1
reconstruction,1
representing,1
hock,1
edgar,1
journeyman,1
formula,1
forged,1
collection,1
penetrate,1
diffuser,1
sign,1
macleod,1
harold,1
usage,1
exist,1
portrays,1
repeatedly,1
relies,1
scaliger,1
andrew,1
exercises,1
throughout,1
veracity,1
accuracy,1
richelieu,1
component,1
mine,1
inevitable,1
countless,1
consumed,1
tex,1
illustrates,1
due,1
demanded,1
tables,1
realized,1
incessantly,1
machine,1
g,1
millennium,1
track,1
divine,1
authoritative,1
basingstoke,1
characteristic,1
regarded,1
ability,1
moment,1
mixed,1
decided,1
unspecified,1
vigilance,1
furnishing,1
afford,1
difficulty,1
tacit,1
writ,1
reshape,1
seeming,1
privilege,1
objected,1
praising,1
judged,1
weaknesses,1
down,1
transpires,1
candidates,1
cases,1
adam,1
remembering,1
resting,1
alchemist,1
self,1
complains,1
underlying,1
embedded,1
godliness,1
times,1
burgeoning,1
refer,1
missals,1
pierre,1
contrary,1
ear,1
tidbit,1
machines,1
restrict,1
output,1
myth,1
club,1
hominem,1
left,1
libraries,1
chap,1
jacob,1
truly,1
avowal,1
weight,1
cosmopolitanism,1
explore,1
y,1
empiricism,1
drawn,1
obscure,1
occidental,1
negating,1
ingenuously,1
deeply,1
conceive,1
traditions,1
decline,1
encyclopedia,1
chimera,1
jones,1
pronounced,1
invites,1
influence,1
decry,1
fierce,1
impressions,1
rates,1
bothered,1
error,1
multiply,1
react,1
confusions,1
perfect,1
jean,1
isenstein,1
van,1
higher,1
failed,1
permits,1
site,1
poor,1
definitively,1
simultaneous,1
competition,1
sample,1
zilsel,1
wishes,1
urged,1
remedied,1
essential,1
identification,1
perceptive,1
walsham,1
programmatic,1
subjected,1
mattered,1
wanting,1
main,1
sentences,1
centered,1
adds,1
angeles,1
mortlake,1
infestation,1
astronomy,1
basic,1
en,1
institution,1
sizable,1
explicit,1
fair,1
needham,1
holistic,1
christine,1
regulators,1
active,1
opportunity,1
probability,1
associate,1
supplement,1
stops,1
rigor,1
ex,1
snippets,1
idiosyncratic,1
kevin,1
direct,1
hail,1
hugely,1
revelation,1
possess,1
elaborate,1
enabled,1
danger,1
inherit,1
distant,1
reassess,1
ludwig,1
denuded,1
overlooked,1
firmer,1
risks,1
consistency,1
construes,1
unconventional,1
lives,1
tractatus,1
brunswick,1
utterly,1
changes,1
developments,1
bad,1
facilitated,1
ensure,1
operates,1
praise,1
forget,1
locally,1
possibly,1
flexibility,1
objects,1
ephemerides,1
wresting,1
raged,1
retained,1
slowly,1
entrenched,1
mistakes,1
francis,1
intrinsically,1
elsewhere,1
producers,1
edition,1
monde,1
conceding,1
constrain,1
miscalculated,1
venetian,1
god,1
characterizations,1
frequently,1
ignoble,1
quae,1
w,1
fictitious,1
age,1
synecdochic,1
linguistics,1
exploited,1
max,1
follow,1
isolation,1
generally,1
modeled,1
stark,1
otiose,1
problems,1
victorian,1
dominant,1
helped,1
handpress,1
strategy,1
indistinct,1
admiration,1
cut,1
appear,1
franz,1
beaver,1
thinks,1
declarations,1
announcements,1
talking,1
opening,1
expressed,1
localism,1
closely,1
bodin,1
rebutting,1
concentration,1
declined,1
tiubingen,1
societies,1
harder,1
critic,1
train,1
guns,1
extraordinary,1
critically,1
martyr,1
bogged,1
effort,1
resembles,1
conventionally,1
rebuttal,1
austin,1
pass,1
centrally,1
drawbacks,1
rightly,1
noting,1
dicta,1
bizarre,1
governing,1
spinning,1
reportage,1
markets,1
repudiate,1
eliding,1
historicity,1
accurately,1
share,1
equally,1
furthermore,1
traced,1
traits,1
focused,1
solely,1
posited,1
institute,1
affirms,1
war,1
circular,1
province,1
tools,1
divide,1
recently,1
impropriety,1
sentence,1
seventeenthcentury,1
excellent,1
otherwise,1
russell,1
amenable,1
detracting,1
explored,1
required,1
fox,1
repute,1
premise,1
wide,1
prayer,1
elastic,1
scene,1
engine,1
aries,1
conceit,1
aspects,1
explanans,1
torn,1
failure,1
outstanding,1
dullness,1
sweeping,1
don,1
swiss,1
publish,1
strengths,1
experimentalism,1
responding,1
conjured,1
hang,1
periculosissimum,1
rehearsed,1
del,1
framed,1
overturn,1
surfeit,1
brought,1
crude,1
begs,1
explains,1
secret,1
actors,1
confirms,1
feared,1
caught,1
surprise,1
warrantable,1
loss,1
describe,1
couched,1
purchase,1
droof,1
dear,1
worrisome,1
literally,1
icon,1
collective,1
accidental,1
records,1
comprehensible,1
ancien,1
transmitting,1
madrid,1
participated,1
runs,1
insinuations,1
mercenary,1
rituals,1
et,1
sts,1
kelley,1
passim,1
reflect,1
distributors,1
regional,1
haven,1
employed,1
anything,1
believes,1
systematic,1
vitiated,1
achieving,1
showing,1
providentialism,1
mccann,1
muller,1
diverted,1
secularly,1
strongest,1
transmit,1
correction,1
raking,1
doggedly,1
count,1
manipulation,1
shortcomings,1
relentless,1
errors,1
anarchic,1
protestations,1
regions,1
foci,1
lifted,1
causal,1
multiplicity,1
responses,1
solution,1
caution,1
accused,1
punctuated,1
protestantism,1
los,1
correct,1
successful,1
level,1
working,1
below,1
sweep,1
love,1
constituent,1
effectively,1
petri,1
shaping,1
suggest,1
reliable,1
involve,1
dictionary,1
tested,1
theater,1
commentarii,1
deserved,1
ward,1
inherits,1
acted,1
emerging,1
hermeneutics,1
jardine,1
around,1
reporter,1
berg,1
small,1
indictment,1
amounted,1
consensus,1
workshops,1
microhistorical,1
exemplifies,1
concerns,1
munich,1
replace,1
choose,1
revealing,1
starting,1
web,1
transfer,1
pfeiffer,1
saenger,1
intruding,1
certainly,1
master,1
observe,1
startling,1
protect,1
policed,1
telling,1
ephemeris,1
vein,1
futility,1
articulation,1
inability,1
progress,1
spurious,1
appreciable,1
proper,1
describes,1
cohered,1
peculiar,1
despite,1
value,1
werke,1
structuring,1
massive,1
geographical,1
activities,1
dictated,1
invest,1
seemed,1
attemptedother,1
periods,1
survived,1
cite,1
helden,1
analytic,1
grolier,1
defended,1
led,1
underlies,1
san,1
noteworthy,1
generis,1
candid,1
situation,1
poignantly,1
critics,1
demand,1
ventured,1
null,1
elimination,1
inefficacy,1
humanist,1
misrepresent,1
bringing,1
employ,1
identified,1
economic,1
britain,1
logically,1
lynn,1
happy,1
strasbourg,1
scriptural,1
consists,1
heresies,1
secondly,1
intended,1
acknowledged,1
classic,1
eminent,1
merits,1
exception,1
posed,1
warner,1
appearance,1
object,1
virtuosic,1
expanded,1
currency,1
comments,1
standing,1
initially,1
study,1
contra,1
spot,1
sensation,1
reception,1
va,1
direction,1
ecrivit,1
improper,1
kills,1
lisa,1
turgot,1
confronting,1
robin,1
ubiquity,1
ineffective,1
kent,1
criticism,1
unintended,1
intuitively,1
wake,1
gehennical,1
sociologists,1
recommendation,1
builds,1
soon,1
message,1
evolved,1
restricted,1
chronology,1
axiomatic,1
challenged,1
neither,1
thesis,1
lavishly,1
sui,1
essentialist,1
locality,1
lament,1
acknowledging,1
appeals,1
crespo,1
odds,1
alien,1
department,1
qualified,1
begins,1
noted,1
speaking,1
rome,1
exploit,1
awe,1
relevance,1
fairly,1
verstehen,1
sketch,1
considers,1
useful,1
prophecies,1
generality,1
readerships,1
interlopers,1
members,1
oral,1
fire,1
recall,1
belie,1
french,1
pedantic,1
coming,1
argumentative,1
technique,1
request,1
grips,1
toward,1
pointed,1
soman,1
inquisition,1
financial,1
blip,1
descends,1
wrenchings,1
generational,1
equating,1
speaks,1
clanchy,1
registration,1
lack,1
leading,1
admit,1
simpler,1
valid,1
treatment,1
preserve,1
repression,1
cumulative,1
striking,1
advantage,1
creative,1
abstract,1
choice,1
nonuniformity,1
inconsistency,1
break,1
arriving,1
emphatic,1
emphatically,1
substantially,1
doubt,1
identical,1
underpin,1
charges,1
fashion,1
proofing,1
feedback,1
starkey,1
beliefs,1
fragments,1
lone,1
forms,1
multiplication,1
hand,1
v,1
shown,1
creature,1
developing,1
purposes,1
accepted,1
representationthat,1
seventeenth,1
implausible,1
endorsed,1
relevant,1
contrastive,1
darnton,1
mutual,1
strategies,1
necessary,1
freising,1
spring,1
guildsmen,1
alchemy,1
focusing,1
perhaps,1
hale,1
controversy,1
reconciled,1
admittedly,1
siglo,1
free,1
encountered,1
remarkably,1
moot,1
realize,1
historiographical,1
casting,1
reminds,1
remained,1
charted,1
fundamentally,1
credit,1
apt,1
parish,1
reveals,1
moderns,1
vast,1
disease,1
uncannily,1
treated,1
handwritten,1
range,1
represented,1
restrained,1
opera,1
writings,1
trajectory,1
sancta,1
missaldruck,1
marginality,1
immutablemobile,1
transformed,1
ridiculous,1
polity,1
distinctly,1
previously,1
unpredictable,1
ruthless,1
bibles,1
empirical,1
lecture,1
combining,1
verb,1
hypotheses,1
operated,1
refers,1
bartsch,1
morality,1
collaborative,1
academics,1
sequence,1
assign,1
rhetorically,1
actual,1
engineers,1
maturation,1
discontinuity,1
unanimity,1
continue,1
laboratory,1
wellsprings,1
abstains,1
prints,1
ceremonies,1
sees,1
previous,1
literate,1
reinforcing,1
dismissed,1
monopolize,1
students,1
described,1
specimen,1
exceedingly,1
putative,1
quotation,1
truths,1
astronomer,1
three,1
moral,1
tolerably,1
se,1
seriatim,1
materialities,1
proofreading,1
modernization,1
virtues,1
taxonomic,1
dominated,1
peter,1
logic,1
workers,1
christopher,1
david,1
allowed,1
characterized,1
threw,1
bradford,1
wish,1
impelled,1
fidelity,1
stymied,1
cheltenham,1
him,1
creating,1
mount,1
reconstructed,1
played,1
lamentably,1
barrage,1
serves,1
stages,1
lie,1
conversation,1
attributing,1
believing,1
lose,1
repeated,1
spent,1
decide,1
behind,1
somehow,1
trying,1
qualities,1
k,1
eyes,1
authores,1
arise,1
insists,1
reads,1
viable,1
relation,1
interpretations,1
dans,1
xvi,1
nobody,1
displayed,1
awful,1
sig,1
exhibited,1
begun,1
kristine,1
probably,1
looks,1
analyze,1
idiom,1
retorted,1
locales,1
looked,1
ascribe,1
prodiderunt,1
voiced,1
reiterate,1
reverses,1
tendency,1
relative,1
attend,1
ago,1
bruland,1
universality,1
regimes,1
canterbury,1
widely,1
hunt,1
historicized,1
discriminating,1
ranging,1
metallurgy,1
carried,1
gumbrecht,1
indication,1
warbeck,1
suggestion,1
negotiations,1
christian,1
imply,1
omnia,1
derek,1
backward,1
ascribes,1
declaration,1
transformations,1
perspectives,1
george,1
provide,1
assert,1
sometimes,1
figure,1
chance,1
five,1
foreign,1
mckenzie,1
naturally,1
practitioners,1
suggestive,1
fear,1
hill,1
category,1
preempt,1
primarily,1
success,1
appointments,1
relations,1
strongly,1
prophetia,1
invited,1
contemplating,1
parcel,1
render,1
hers,1
wilhelm,1
memorable,1
inseparability,1
testifies,1
intend,1
literacy,1
introductory,1
accusation,1
kill,1
gorman,1
existed,1
united,1
slogan,1
respect,1
equaled,1
spark,1
charlottesville,1
macgregor,1
examine,1
mirror,1
unusual,1
problematic,1
completeness,1
rebutted,1
sound,1
earliest,1
publicare,1
stable,1
considered,1
definitive,1
isaac,1
couching,1
shaw,1
rarely,1
fifteen,1
associated,1
postmodernism,1
reliant,1
singular,1
commensurable,1
venice,1
impulse,1
counterintuitive,1
comes,1
series,1
exemplified,1
mentioned,1
respective,1
detect,1
turn,1
htm,1
extension,1
forgetting,1
detective,1
quarrels,1
geldner,1
quotes,1
martyrology,1
potency,1
symbol,1
acclamation,1
locke,1
labeling,1
rudolphine,1
outcome,1
berkeley,1
control,1
secured,1
country,1
gazette,1
anthropology,1
proponents,1
scientist,1
cultures,1
neglected,1
december,1
qualifying,1
confident,1
roman,1
interested,1
believe,1
gone,1
prominence,1
construal,1
universal,1
current,1
regard,1
knowledgeable,1
recounted,1
inquiry,1
libris,1
particularly,1
newman,1
notorious,1
reliability,1
exhibits,1
obviously,1
speculation,1
impossible,1
asserting,1
written,1
uphold,1
oblivion,1
constant,1
examining,1
sum,1
going,1
distinctive,1
fears,1
resolves,1
quoted,1
planetary,1
purported,1
protocols,1
foolhardy,1
applaud,1
ferreted,1
proceedings,1
concedes,1
unique,1
preservative,1
prefers,1
form,1
ones,1
personification,1
stratospheric,1
maintain,1
gesammelte,1
pulpit,1
manuscripts,1
vigorously,1
transactions,1
starkly,1
consisting,1
endorsing,1
expressly,1
require,1
notebooks,1
noticed,1
repudiates,1
information,1
observations,1
colligere,1
orthodox,1
exemplify,1
emphasis,1
tribble,1
tempting,1
urban,1
categories,1
felt,1
perkin,1
yeo,1
outline,1
presented,1
emergent,1
espafia,1
trivial,1
private,1
linguis,1
reported,1
surveys,1
uniform,1
profoundly,1
timely,1
introduced,1
preferable,1
apocalyptic,1
elucidate,1
pincus,1
alternatives,1
confirm,1
improves,1
easy,1
variability,1
giving,1
manifold,1
impose,1
demonstrate,1
explication,1
agents,1
assumptions,1
went,1
happens,1
sheets,1
confronted,1
appraised,1
target,1
entrepreneurs,1
demanding,1
intelligible,1
challenges,1
using,1
dave,1
precision,1
prepared,1
analogy,1
proceeds,1
false,1
cautioned,1
devoted,1
afresh,1
laments,1
ultimately,1
models,1
radicalism,1
richer,1
ulrich,1
lists,1
electronic,1
julius,1
conn,1
observed,1
initiated,1
proclamations,1
similarity,1
donald,1
scribes,1
misrepresents,1
ushered,1
zum,1
frame,1
samuel,1
piecemeal,1
washington,1
charge,1
discursive,1
imperative,1
dangerous,1
secord,1
ended,1
joined,1
actively,1
grendler,1
perpetrator,1
censors,1
eruditione,1
cheapness,1
attributes,1
genius,1
you,1
proposes,1
colleagues,1
relegate,1
leiden,1
recourse,1
hinder,1
bisenstein,1
extremely,1
maxine,1
remains,1
speak,1
increased,1
reformation,1
worried,1
maintaining,1
marcello,1
submit,1
evelyn,1
treats,1
potential,1
cull,1
deciding,1
newtonianism,1
valuable,1
ser,1
reductionism,1
third,1
printwhich,1
fol,1
alexandra,1
deployment,1
c,1
weber,1
scholarship,1
inasmuch,1
reached,1
enterprise,1
bookselling,1
asymmetry,1
nrinted,1
interaction,1
traditional,1
images,1
immediately,1
artisanal,1
reattribution,1
seek,1
ends,1
celestial,1
resist,1
building,1
broader,1
hans,1
embraces,1
discern,1
increase,1
malpighi,1
hypothesis,1
