WORDCOUNTS,WEIGHT
the,785
of,510
to,417
and,367
in,322
a,229
that,200
s,156
for,110
women,103
children,98
bureau,93
as,92
i,90
by,90
story,84
single,82
pregnancy,73
their,72
with,72
terrifying,71
ordeal,71
she,67
her,67
was,66
an,66
on,66
is,64
it,59
social,57
have,54
were,51
about,49
norma,49
they,47
from,46
history,45
one,44
new,44
wrote,43
but,43
who,43
girls,43
unmarried,42
see,42
not,42
letters,41
american,40
some,40
which,40
mothers,39
mother,39
true,38
woman,38
at,37
this,36
many,35
unwed,35
problem,35
be,35
york,34
postwar,34
or,32
culture,32
december,32
these,30
those,29
sexual,28
also,28
maternity,28
magazines,27
review,27
stories,27
confessions,25
historical,25
when,25
homes,25
had,24
could,24
work,24
own,24
historians,24
popular,24
experience,23
pregnant,23
readers,23
what,23
my,22
home,22
more,22
are,22
child,21
may,21
most,21
so,21
than,20
how,20
white,20
its,20
like,20
offered,20
kunzel,20
you,20
all,19
no,19
up,19
t,18
might,18
has,18
young,18
solinger,18
girl,18
would,18
am,18
little,18
public,17
confession,17
after,17
we,17
other,16
abortion,16
out,16
because,16
black,16
if,15
written,15
reading,15
response,15
do,15
language,15
workers,15
ways,14
help,14
there,14
magazine,14
letter,14
information,14
gender,14
pulp,14
another,14
period,14
can,14
while,14
among,14
way,13
into,13
america,13
well,13
morlock,13
female,13
regina,13
been,13
often,13
know,13
did,13
tell,13
national,13
since,12
chap,12
even,12
parents,12
family,12
wake,12
fictions,12
only,12
me,12
any,12
them,12
states,12
themselves,12
much,12
he,11
first,11
illegitimacy,11
trouble,11
case,11
susie,11
rather,11
same,11
records,11
others,11
made,11
united,11
although,11
sources,10
narrative,10
such,10
folder,10
lives,10
welfare,10
too,10
suggest,10
box,10
seemed,10
will,10
toward,10
time,10
use,10
life,10
get,10
making,10
scott,10
d,10
early,10
agency,9
mass,9
prescriptions,9
shame,9
century,9
find,9
cultural,9
writers,9
people,9
least,9
motherhood,9
assistance,9
larger,9
questions,9
summer,9
over,9
maud,9
between,9
studies,8
words,8
facts,8
journal,8
similar,8
literary,8
just,8
m,8
war,8
however,8
your,8
used,8
small,8
indeed,8
salvation,8
read,8
sex,8
love,8
representation,8
power,8
fallen,8
concern,8
army,8
then,8
virginia,8
november,8
writing,8
evidence,8
chicago,8
live,7
authority,7
meaning,7
worked,7
j,7
crittenton,7
less,7
married,7
town,7
fabian,7
w,7
readings,7
care,7
carolina,7
part,7
during,7
romance,7
few,7
world,7
criticism,7
man,7
material,7
understanding,7
herself,7
meanings,7
circumstances,7
constructions,7
city,7
cb,7
race,7
go,6
adoption,6
please,6
hall,6
politics,6
point,6
far,6
labor,6
against,6
turn,6
joan,6
found,6
worker,6
esp,6
place,6
secrecy,6
notes,6
led,6
make,6
baltimore,6
ed,6
noted,6
increasingly,6
baby,6
efforts,6
appeared,6
end,6
argues,6
especially,6
ann,6
florence,6
constructed,6
different,6
very,6
presented,6
became,6
think,6
our,6
spring,6
negro,6
twentieth,6
offer,6
assumed,6
c,6
should,6
now,5
truth,5
fiction,5
informational,5
before,5
rickie,5
money,5
possible,5
illegitimate,5
abortions,5
medical,5
helen,5
moment,5
babies,5
earlier,5
experiences,5
bad,5
producers,5
mary,5
show,5
important,5
suggested,5
came,5
lived,5
literature,5
claim,5
reader,5
london,5
project,5
psychiatric,5
through,5
provided,5
service,5
still,5
religious,5
neither,5
without,5
financial,5
state,5
baumgartner,5
perhaps,5
desperate,5
lesbian,5
probably,5
breines,5
relationship,5
sometimes,5
considered,5
text,5
here,5
historian,5
don,5
both,5
boston,5
must,5
years,5
crisis,5
never,5
include,5
sexuality,5
texts,5
asked,5
doing,5
difficult,4
does,4
archives,4
done,4
limits,4
prostitution,4
linguistic,4
group,4
told,4
large,4
something,4
being,4
long,4
every,4
give,4
georgia,4
able,4
real,4
fiske,4
condition,4
doctor,4
melodramatic,4
september,4
stansell,4
kind,4
keep,4
back,4
dominant,4
homeward,4
his,4
bring,4
federal,4
sort,4
myself,4
legal,4
study,4
frazier,4
n,4
officer,4
fifties,4
believed,4
expressed,4
plot,4
called,4
p,4
stigmatized,4
late,4
though,4
mediated,4
professionals,4
r,4
example,4
elizabeth,4
forces,4
good,4
responses,4
working,4
several,4
june,4
deviant,4
methodological,4
always,4
behalf,4
readership,4
society,4
barbara,4
south,4
neurotic,4
community,4
parker,4
cleveland,4
happened,4
alongside,4
mission,4
us,4
gay,4
ask,4
fact,4
documents,4
reform,4
john,4
audiences,4
took,4
hand,4
until,4
eds,4
private,4
hartsville,4
represented,4
fictional,4
described,4
reality,4
publication,4
health,4
thomas,4
attention,4
signs,4
bound,4
lines,4
bulletin,4
understand,4
legitimacy,4
months,4
authorities,4
founded,4
seem,4
ahr,4
audience,4
better,4
growing,4
combined,4
gerbner,4
whether,4
evangelical,4
attitudes,4
appropriated,4
representations,4
given,4
ohio,4
families,4
come,4
unable,4
washington,4
course,4
news,4
north,4
daughter,4
stuart,3
generated,3
market,3
e,3
alone,3
judged,3
modern,3
detailing,3
princeton,3
explaining,3
davis,3
certainly,3
posed,3
production,3
ii,3
address,3
attempt,3
taking,3
seems,3
definition,3
reach,3
broadly,3
casework,3
mississippi,3
room,3
take,3
harvey,3
alert,3
venereal,3
papers,3
rewriting,3
sought,3
march,3
marked,3
consumers,3
west,3
central,3
surely,3
past,3
de,3
g,3
relations,3
media,3
narratives,3
refuses,3
nor,3
old,3
fees,3
subjects,3
left,3
explore,3
identify,3
subversive,3
failed,3
rights,3
americans,3
whose,3
junction,3
notion,3
support,3
references,3
soon,3
university,3
consider,3
organization,3
ceylon,3
under,3
numbers,3
objectivity,3
k,3
four,3
putting,3
helped,3
decades,3
whom,3
meyerowitz,3
access,3
effort,3
hospitals,3
portsmouth,3
informed,3
leona,3
required,3
opposition,3
negotiated,3
genre,3
line,3
douglas,3
received,3
industrial,3
knowledge,3
promiscuity,3
got,3
anxieties,3
call,3
away,3
joanne,3
sense,3
hard,3
order,3
contrast,3
telling,3
results,3
finds,3
miserable,3
welsh,3
economic,3
newton,3
vocabularies,3
cheap,3
published,3
disciplinary,3
book,3
popularity,3
death,3
conference,3
macfadden,3
pennsylvania,3
minister,3
terry,3
men,3
enough,3
learn,3
available,3
where,3
couldn,3
newport,3
agencies,3
wartime,3
gives,3
number,3
thoroughly,3
historicai,3
disease,3
birth,3
upon,3
bear,3
looking,3
largely,3
services,3
franklin,3
abortionist,3
trade,3
open,3
authors,3
profession,3
characterized,3
reformers,3
him,3
high,3
kept,3
losing,3
problems,3
article,3
methods,3
january,3
professional,3
decision,3
asking,3
raise,3
chance,3
claimed,3
program,3
success,3
transformed,3
began,3
diagnosis,3
class,3
articles,3
susan,3
addressed,3
practice,3
following,3
worried,3
simply,3
reinforced,3
dr,3
md,3
column,3
control,3
country,3
believe,3
task,3
hospital,3
identities,3
u,3
rural,3
living,3
rising,3
calif,3
particular,3
wini,3
writes,3
loved,3
getting,3
local,3
almost,3
apparently,3
suggests,3
role,3
cambridge,3
structured,3
authored,3
write,3
discursive,3
typically,3
writer,3
association,3
speak,3
commodity,3
debate,3
ends,3
recent,3
arnold,3
rate,2
page,2
concerned,2
later,2
created,2
encouraged,2
nfcm,2
career,2
everyone,2
jane,2
trans,2
center,2
illegal,2
essays,2
atlanta,2
h,2
approaches,2
simultaneously,2
unlike,2
carroll,2
physicians,2
estelle,2
nineteenth,2
leads,2
said,2
cast,2
emilio,2
jackson,2
voices,2
discursively,2
location,2
face,2
refusal,2
articulate,2
nancy,2
nature,2
bloomington,2
historiography,2
possibilities,2
shaped,2
adc,2
nothing,2
copy,2
muncy,2
leading,2
down,2
great,2
differences,2
uzzell,2
analyses,2
government,2
reed,2
reveal,2
outran,2
interviewed,2
investigations,2
behind,2
within,2
context,2
diagnosed,2
british,2
takes,2
dearth,2
unmediated,2
seven,2
key,2
advice,2
draw,2
right,2
suicide,2
therapeutic,2
shared,2
reaching,2
october,2
conceptual,2
familial,2
resources,2
cited,2
along,2
representing,2
sterilization,2
behavior,2
karen,2
expertise,2
learned,2
resonated,2
disillusioned,2
accessible,2
explained,2
immediate,2
quality,2
alternately,2
narrate,2
author,2
police,2
thompson,2
decided,2
predicament,2
seeming,2
learning,2
hygiene,2
elements,2
reluctance,2
document,2
unspeakable,2
columbia,2
wholly,2
arranged,2
ads,2
anonymity,2
critique,2
sister,2
discovering,2
kentucky,2
rates,2
poverty,2
jean,2
surprisingly,2
bernice,2
depiction,2
philadelphia,2
costs,2
identification,2
observers,2
angeles,2
expectant,2
explicit,2
process,2
knew,2
christine,2
active,2
goes,2
granted,2
heard,2
importance,2
b,2
michel,2
brett,2
greenwood,2
pages,2
revelation,2
creek,2
lay,2
consequences,2
supposed,2
means,2
send,2
category,2
romantic,2
source,2
established,2
familiar,2
emergence,2
placed,2
argued,2
pulps,2
xi,2
age,2
isn,2
tried,2
additional,2
policy,2
beyond,2
followed,2
generally,2
confessional,2
instance,2
plight,2
publicity,2
david,2
negroes,2
view,2
friends,2
opening,2
moving,2
lead,2
betrayal,2
questioned,2
allow,2
encoding,2
search,2
international,2
criticisms,2
radical,2
experts,2
big,2
further,2
undeniable,2
aspects,2
bore,2
lathrop,2
viewed,2
cannot,2
meet,2
otherwise,2
seltz,2
record,2
doesn,2
lesbians,2
refuge,2
james,2
wayne,2
possibility,2
feminine,2
shape,2
lost,2
keeping,2
having,2
seeking,2
julia,2
degrees,2
relief,2
distraught,2
los,2
leisure,2
betrayed,2
unless,2
policed,2
discusses,2
routinely,2
older,2
fail,2
policies,2
winter,2
status,2
either,2
sic,2
terror,2
running,2
stage,2
quite,2
massive,2
textual,2
around,2
calling,2
mitchell,2
consensus,2
mantle,2
boundaries,2
lauretis,2
maine,2
visible,2
aggressively,2
dependent,2
passivity,2
proper,2
provenance,2
appropriate,2
milledgeville,2
gordon,2
dictated,2
avoid,2
owensboro,2
appeal,2
survived,2
secret,2
critical,2
second,2
business,2
critics,2
various,2
taken,2
historicail,2
intrusions,2
racialized,2
return,2
theorizing,2
trounstine,2
mystique,2
says,2
orbit,2
sponsored,2
seemingly,2
put,2
year,2
once,2
containment,2
communities,2
racism,2
relied,2
interpretation,2
security,2
thought,2
counterparts,2
restricted,2
sociological,2
light,2
choices,2
performed,2
largest,2
two,2
department,2
heterosexual,2
rise,2
seduced,2
law,2
factory,2
denning,2
similarly,2
experienced,2
shows,2
outside,2
regret,2
areas,2
pressure,2
happily,2
together,2
really,2
personality,2
everything,2
foster,2
reflect,2
serious,2
question,2
wesleyan,2
present,2
ground,2
tales,2
chain,2
model,2
purposes,2
ensured,2
accepted,2
armed,2
michael,2
council,2
invitation,2
esther,2
leontine,2
style,2
unsettle,2
remarkably,2
diverse,2
father,2
intimate,2
indiana,2
intent,2
considering,2
hundred,2
values,2
defied,2
region,2
sicherman,2
including,2
carey,2
varying,2
risk,2
rare,2
pagan,2
office,2
california,2
theoretical,2
urbana,2
three,2
moral,2
reputation,2
counter,2
change,2
creating,2
provides,2
construct,2
dawson,2
trying,2
leaves,2
editors,2
become,2
wryly,2
effect,2
structure,2
kill,2
everyday,2
principal,2
tendency,2
seduction,2
quarterly,2
fee,2
propose,2
concluded,2
widely,2
increasing,2
discipline,2
things,2
molly,2
aid,2
note,2
humanities,2
george,2
provide,2
usually,2
erase,2
linda,2
wheelersburg,2
fear,2
begin,2
becomes,2
freedman,2
force,2
lawrence,2
examine,2
analysis,2
fall,2
hope,2
teresa,2
fields,2
itself,2
served,2
unusual,2
sound,2
pay,2
door,2
detail,2
dissertation,2
abandonment,2
overriding,2
complexity,2
committees,2
pregnancies,2
alternative,2
lears,2
berkeley,2
ran,2
hardship,2
each,2
sure,2
readily,2
steven,2
lying,2
delinquents,2
sent,2
ph,2
half,2
foundation,2
ideological,2
starry,2
particularly,2
job,2
disgrace,2
ethos,2
works,2
february,2
texas,2
places,2
person,2
turned,2
feminist,2
beginning,2
according,2
proceedings,2
titillation,2
maryland,2
imposed,2
metaphor,2
firmly,2
theory,2
alice,2
extent,2
dark,2
produce,2
lipstick,2
insides,2
deconstructing,2
sidebar,2
church,2
ill,2
met,2
easy,2
african,2
die,2
subject,2
intended,2
obtain,2
using,2
ultimately,2
metamora,2
background,2
conn,2
novick,2
finding,2
illinois,2
imperative,2
harm,2
need,2
physical,2
willing,2
glass,2
brunt,2
ruth,2
needs,2
wedlock,2
surrender,2
scholarship,2
reached,2
fears,2
adopted,2
termed,2
final,1
emulate,1
frequent,1
intimately,1
bernard,1
hit,1
ending,1
testify,1
complaint,1
disfigurement,1
gerald,1
mostly,1
appropriation,1
deny,1
humans,1
autres,1
sordid,1
common,1
ambivalence,1
gnaws,1
rev,1
productions,1
names,1
recalls,1
dictate,1
pittsburgh,1
cues,1
defy,1
bras,1
broadest,1
retch,1
excess,1
winifred,1
imaginings,1
introductions,1
struggled,1
legitimate,1
thrown,1
naming,1
northeast,1
announced,1
preach,1
ultimate,1
diagnose,1
wrestled,1
confessing,1
introduction,1
victimization,1
gripping,1
notably,1
prostitutes,1
quandary,1
depict,1
sympathetic,1
village,1
becoming,1
complex,1
denied,1
expression,1
lexicon,1
birmingham,1
tend,1
reassessment,1
advised,1
conducting,1
kohut,1
word,1
carpenter,1
asserted,1
horowitz,1
formalism,1
erma,1
disapproving,1
criticizes,1
woinen,1
pressing,1
shoe,1
bryan,1
unbearably,1
respectability,1
favor,1
conscious,1
supervised,1
mechanic,1
grove,1
tied,1
brandt,1
deviants,1
irresponsibility,1
scribner,1
loitering,1
position,1
resourcefulness,1
justified,1
gerth,1
shelter,1
hysterical,1
title,1
variants,1
observing,1
aversion,1
tells,1
maybe,1
arrived,1
opens,1
hesitated,1
operatives,1
contested,1
radway,1
acquainted,1
proliferating,1
causes,1
duggan,1
eager,1
chief,1
palpable,1
qualification,1
contact,1
affronts,1
contexts,1
turning,1
credence,1
obsessed,1
predominantly,1
painful,1
urgency,1
member,1
tantalizingly,1
anything,1
unprotected,1
olive,1
passion,1
else,1
clutches,1
failing,1
wakes,1
wrong,1
campbell,1
titles,1
drugs,1
creation,1
upholding,1
flavor,1
capsules,1
reticence,1
implications,1
proud,1
chaos,1
exploration,1
feeling,1
actual,1
action,1
naturalize,1
england,1
stock,1
supplied,1
sean,1
resemblance,1
allan,1
condescending,1
flourishes,1
uneasy,1
rhetorical,1
daily,1
accompanied,1
featuring,1
desire,1
reasons,1
feminism,1
thank,1
therein,1
brisley,1
pervaded,1
wade,1
rich,1
homosexual,1
confront,1
excessive,1
inherent,1
transferred,1
breezy,1
wandered,1
onto,1
penniless,1
launched,1
court,1
juke,1
suleiman,1
religion,1
resulting,1
semiotics,1
ogist,1
tossing,1
harrowing,1
last,1
separated,1
mind,1
date,1
stand,1
influences,1
henry,1
raised,1
staff,1
robert,1
detection,1
ruined,1
publicize,1
profitable,1
replies,1
theodore,1
intelligence,1
hostility,1
hemorrhage,1
shred,1
tragedy,1
cherry,1
system,1
ernest,1
nowhere,1
boyfriends,1
partners,1
issue,1
textuality,1
scrawled,1
ambiguity,1
sophisticated,1
forthcoming,1
arise,1
roy,1
stretched,1
foundational,1
hobbies,1
abnormality,1
unaware,1
planted,1
ponderous,1
kathy,1
incorporate,1
conventionally,1
sherri,1
addresses,1
jumping,1
retain,1
reminder,1
account,1
vol,1
placement,1
felt,1
fitting,1
determined,1
compelling,1
heaped,1
capitalize,1
activity,1
teeming,1
skimp,1
limitless,1
sale,1
broder,1
sterilized,1
rid,1
calmed,1
alarm,1
minefield,1
disadvantage,1
invited,1
mental,1
interdisciplinary,1
allying,1
say,1
lovedjim,1
decoding,1
establishment,1
whites,1
interdependent,1
realistic,1
literal,1
loudly,1
scandal,1
keeps,1
juvenile,1
narrator,1
formula,1
identifies,1
dignity,1
engage,1
moralizing,1
wrecked,1
swann,1
range,1
collection,1
doctors,1
exposed,1
swamped,1
attentiveness,1
bleeding,1
fragility,1
daughters,1
goal,1
million,1
thus,1
albrecht,1
dilemmas,1
includes,1
throughout,1
denying,1
taber,1
houses,1
fun,1
relationships,1
historically,1
caseworker,1
handel,1
mine,1
roger,1
development,1
cott,1
pursue,1
run,1
placing,1
objective,1
analyzing,1
recasting,1
cognizant,1
tables,1
realized,1
magic,1
stakes,1
philosophical,1
remorse,1
interest,1
characteristic,1
janet,1
mildred,1
afford,1
natalie,1
heightened,1
difficulty,1
unwillingness,1
admission,1
convention,1
victims,1
topic,1
westport,1
pathological,1
yourself,1
forced,1
transitional,1
eppel,1
nelson,1
blame,1
embedded,1
decatur,1
concrete,1
twentyseven,1
refer,1
concerning,1
intercourse,1
travails,1
deed,1
differently,1
body,1
six,1
extraordinary,1
agents,1
animating,1
uneasiness,1
obstetrical,1
despair,1
employers,1
publications,1
helpful,1
weight,1
drawn,1
obscure,1
consequently,1
seal,1
memoir,1
unresolved,1
designed,1
communication,1
section,1
rest,1
practically,1
highball,1
lefkowitz,1
industries,1
details,1
kelley,1
clientele,1
helping,1
dastardly,1
destabilize,1
hardly,1
twenties,1
enrich,1
preferred,1
haze,1
join,1
denominations,1
constellation,1
virtual,1
rosalind,1
parks,1
promised,1
higher,1
aim,1
awkward,1
talks,1
offices,1
fearful,1
opposed,1
explanations,1
elitism,1
advances,1
license,1
heroism,1
indecision,1
exclaiming,1
heroes,1
michigan,1
act,1
subjected,1
absolve,1
growth,1
promises,1
aimed,1
main,1
absent,1
across,1
centered,1
adds,1
stop,1
remain,1
ironic,1
edward,1
plaguing,1
landscape,1
cinema,1
violence,1
narrativity,1
devise,1
midwest,1
remote,1
broaden,1
psychopath,1
loomed,1
levine,1
killing,1
babette,1
opportunity,1
populism,1
determining,1
titled,1
rescue,1
alabama,1
associate,1
eight,1
kiss,1
leave,1
direct,1
strange,1
induce,1
plots,1
hearing,1
tebbel,1
contributions,1
assuming,1
makes,1
possess,1
pathologizing,1
jeopardize,1
danger,1
echoed,1
rules,1
feel,1
scapegoated,1
awareness,1
outreach,1
jargon,1
soul,1
cushioned,1
voluntarily,1
branded,1
insistence,1
win,1
developments,1
deodorant,1
day,1
want,1
wanted,1
anguish,1
cause,1
possibly,1
dichotomy,1
triumphant,1
fast,1
discouraged,1
descent,1
unmarimed,1
repeated,1
louise,1
slowly,1
sick,1
surprised,1
presumably,1
linked,1
specify,1
wins,1
proved,1
warren,1
invite,1
threatening,1
covotsos,1
impact,1
traces,1
house,1
remaking,1
preoccupation,1
likened,1
frequently,1
juxtapositions,1
fictitious,1
situations,1
acceptance,1
commented,1
contemplates,1
walkowitz,1
shed,1
girdle,1
notions,1
dramatized,1
discomfort,1
cost,1
gurevitch,1
boundary,1
baths,1
overcame,1
oppression,1
hereafter,1
curran,1
asks,1
victorian,1
visibly,1
tyler,1
disinclined,1
catapult,1
radclyffe,1
cases,1
detroit,1
opinion,1
normality,1
providing,1
airily,1
otisville,1
appear,1
excruciating,1
sexology,1
hot,1
commanded,1
oppositional,1
pencil,1
tightly,1
greater,1
hours,1
cancer,1
standards,1
result,1
based,1
attentions,1
kennedy,1
premise,1
bearing,1
treichler,1
develops,1
conflict,1
rule,1
conservative,1
begun,1
crushes,1
ambition,1
traditionally,1
determines,1
accents,1
elicit,1
renda,1
separable,1
betrayals,1
craft,1
objectives,1
mustard,1
vulnerability,1
deal,1
quandaries,1
events,1
requirements,1
symptoms,1
disingenuous,1
insisting,1
adolescence,1
jana,1
featured,1
representative,1
mantra,1
lent,1
brattleboro,1
circulation,1
materiality,1
impression,1
companion,1
becausejim,1
buttressed,1
prompt,1
furthermore,1
parenthood,1
understood,1
phew,1
focused,1
rent,1
block,1
typewriter,1
patrocinio,1
province,1
freund,1
recently,1
milton,1
produced,1
cairns,1
truly,1
arguing,1
garments,1
excellent,1
wealth,1
sport,1
burgess,1
procedures,1
perform,1
trashy,1
networks,1
near,1
periodical,1
expressions,1
wants,1
affair,1
memory,1
overlapping,1
jim,1
exert,1
sounded,1
resident,1
products,1
directly,1
euphemistic,1
unequal,1
newspapermen,1
poovey,1
relatives,1
dares,1
closed,1
data,1
makers,1
artifacts,1
missed,1
island,1
clarke,1
meil,1
pascoe,1
planning,1
bolster,1
evading,1
reid,1
nuances,1
carries,1
advertisement,1
framed,1
hints,1
imagined,1
future,1
psychological,1
stake,1
characterization,1
drew,1
denial,1
unrelenting,1
calls,1
edn,1
reduction,1
related,1
coded,1
flourish,1
feared,1
caught,1
ten,1
directness,1
texture,1
authenticity,1
precipitated,1
realm,1
gave,1
tale,1
levey,1
dear,1
overtly,1
collective,1
subtly,1
accidental,1
professionalizing,1
officers,1
figures,1
lied,1
moments,1
structures,1
earn,1
statistics,1
lingering,1
tropes,1
documented,1
advertising,1
translated,1
personal,1
disregarding,1
incantation,1
legislation,1
novels,1
haven,1
employed,1
believes,1
folklore,1
xviii,1
astute,1
racespecific,1
stanford,1
archivaria,1
alan,1
mccann,1
visions,1
universally,1
lips,1
markedly,1
discreet,1
dispenses,1
doggedly,1
sampled,1
approach,1
manifestation,1
tompkins,1
disembodied,1
portraits,1
prices,1
raids,1
lifted,1
staple,1
mcfadden,1
tone,1
nurture,1
start,1
commerce,1
schweichart,1
happenings,1
successful,1
level,1
tight,1
useful,1
cold,1
liars,1
fix,1
shaping,1
socialist,1
excuse,1
speculations,1
transgressions,1
glove,1
son,1
troubled,1
clothes,1
discourse,1
sponsors,1
sixty,1
dangerous,1
settlement,1
night,1
bank,1
troubles,1
handful,1
autonomy,1
driving,1
replace,1
bridge,1
somerville,1
legitimize,1
leather,1
folk,1
cool,1
industry,1
disaster,1
represent,1
supposedly,1
draining,1
seermed,1
invaluable,1
massachusetts,1
reported,1
decline,1
distinguished,1
suddenly,1
truck,1
viola,1
wisely,1
sexualized,1
crazy,1
incurred,1
cincinnati,1
spasm,1
crux,1
barely,1
excesses,1
tracks,1
weiss,1
progress,1
blethan,1
decisive,1
inaccessible,1
hayden,1
wife,1
describes,1
hurley,1
ellen,1
roots,1
diminished,1
stationery,1
value,1
newly,1
grateful,1
elucidate,1
inform,1
moved,1
valuable,1
activities,1
promising,1
conducts,1
lend,1
occasions,1
prescribed,1
battle,1
uncommon,1
bedrock,1
typists,1
furnished,1
forever,1
advocate,1
matter,1
variety,1
client,1
multiplied,1
noble,1
screaming,1
steadily,1
wary,1
identified,1
cathy,1
demoralizing,1
stays,1
giving,1
lynn,1
advanced,1
criticize,1
hide,1
appearances,1
jacobs,1
riveted,1
techniques,1
limited,1
play,1
minority,1
trials,1
horrors,1
acknowledged,1
coleman,1
nearly,1
operation,1
constraints,1
april,1
reduce,1
july,1
above,1
technically,1
interactions,1
asheville,1
comments,1
boy,1
initially,1
sinful,1
legitimized,1
neat,1
innovation,1
sueann,1
answering,1
southeast,1
promoting,1
powerfully,1
fighting,1
lisa,1
corpus,1
robin,1
sincere,1
patricke,1
rational,1
unintended,1
yet,1
auspices,1
lorain,1
fascinating,1
arrangements,1
opportunities,1
added,1
disorderly,1
paradox,1
begged,1
sounds,1
discussions,1
dreadful,1
deathmask,1
sensationalism,1
despondent,1
instinctive,1
challenged,1
parr,1
perry,1
hands,1
mnore,1
palmer,1
judgmental,1
bernarr,1
included,1
departure,1
rendall,1
symptom,1
emotions,1
complete,1
delight,1
rosenzweig,1
shifting,1
ashamed,1
colored,1
mercury,1
lt,1
accelerated,1
al,1
consumerism,1
reply,1
wisconsin,1
insights,1
odds,1
reports,1
commodified,1
begins,1
lined,1
vermont,1
learns,1
speaking,1
arabesques,1
leans,1
fawcett,1
foucault,1
journalist,1
klaassen,1
meets,1
exact,1
fill,1
assisium,1
lee,1
tries,1
street,1
tomorrow,1
worst,1
referrals,1
oral,1
fire,1
resistance,1
name,1
etiology,1
ind,1
french,1
unreliable,1
houston,1
participated,1
multiplying,1
challenge,1
request,1
stated,1
limit,1
fell,1
mark,1
again,1
knowing,1
stripes,1
printing,1
safety,1
flushing,1
mailloux,1
addition,1
residence,1
blur,1
tradition,1
unsuccessful,1
investigates,1
persuasion,1
cultivated,1
joints,1
lack,1
uses,1
factual,1
idea,1
terminating,1
wide,1
underwrote,1
rainwater,1
treatment,1
preserve,1
overwhelming,1
conduct,1
scholars,1
maternal,1
fearing,1
et,1
striking,1
minnesota,1
direst,1
advantage,1
strapped,1
solidity,1
boots,1
choice,1
roaming,1
angry,1
peiss,1
identity,1
siobhan,1
hear,1
grows,1
resonant,1
dispassionate,1
wollacott,1
contemporary,1
doubt,1
venture,1
appropriately,1
fashion,1
seldom,1
happen,1
afraid,1
psychologists,1
forms,1
patterns,1
ages,1
racist,1
dominion,1
insane,1
decisively,1
fro,1
covered,1
shown,1
considers,1
trachtenberg,1
metaphors,1
attempting,1
income,1
jobs,1
apply,1
verbatim,1
heavily,1
answer,1
strategies,1
judith,1
dance,1
spoke,1
conviction,1
befall,1
focusing,1
remarked,1
manage,1
frequency,1
sell,1
policial,1
entitlement,1
figuring,1
going,1
compete,1
league,1
obsession,1
transparent,1
hideous,1
lists,1
desires,1
scant,1
entrance,1
calculation,1
thousands,1
week,1
crown,1
collecting,1
aptly,1
mythic,1
mix,1
discussion,1
clients,1
supplies,1
sewing,1
examples,1
subjectivity,1
rendered,1
explanation,1
eighteenth,1
implicated,1
endowment,1
heroine,1
contemplate,1
vexed,1
deliberately,1
transgressive,1
signaled,1
refrains,1
enormous,1
procedure,1
depended,1
increase,1
bullet,1
vexing,1
debates,1
louis,1
murdered,1
empirical,1
honorable,1
bears,1
weeks,1
confide,1
sold,1
phrases,1
wonderful,1
advises,1
narrators,1
psychodynamics,1
morality,1
engaging,1
vocabulary,1
regretfully,1
ideas,1
survey,1
pleasure,1
moves,1
processes,1
theres,1
recovery,1
engaged,1
eligible,1
individuals,1
roundups,1
stay,1
raising,1
sees,1
nightmare,1
regions,1
dime,1
hazes,1
submits,1
inextricability,1
maid,1
flowered,1
versions,1
negotiating,1
templates,1
maladjustment,1
afterward,1
appraisal,1
clear,1
margaret,1
trauma,1
formulaic,1
hurt,1
binaries,1
flynn,1
outlast,1
movies,1
revolve,1
victory,1
peter,1
urge,1
logic,1
august,1
horrific,1
individual,1
professionalization,1
times,1
defensive,1
amusements,1
allowed,1
tickets,1
sympathize,1
reviewers,1
spread,1
gruesome,1
ywca,1
vida,1
johnstown,1
rhetoric,1
sketching,1
deceived,1
miracle,1
distinction,1
obtained,1
inquiring,1
ended,1
trek,1
nurses,1
anyone,1
excavated,1
inscribe,1
lose,1
pills,1
exchange,1
mcgarry,1
inscribed,1
why,1
unborn,1
secretaries,1
qccupations,1
trout,1
conclusions,1
undergirded,1
intend,1
chapel,1
dollars,1
constructing,1
feet,1
insists,1
unskilled,1
emphasized,1
evoke,1
nobody,1
displayed,1
anderson,1
buttressing,1
armor,1
v,1
conscience,1
analyze,1
field,1
dominance,1
locales,1
southwest,1
attracted,1
prohibitive,1
grain,1
anger,1
psychic,1
ratification,1
institution,1
relative,1
joint,1
peterson,1
outright,1
councils,1
minimally,1
files,1
competed,1
brown,1
forth,1
deplored,1
cary,1
etiologies,1
hunt,1
consumed,1
stands,1
unwittingly,1
turpentine,1
valeria,1
staffed,1
disciplining,1
depth,1
fifty,1
crowds,1
autumn,1
informs,1
regardless,1
rebel,1
zuckerman,1
vertigo,1
risks,1
window,1
richest,1
replied,1
stars,1
fairly,1
waterloo,1
science,1
legalization,1
crucial,1
centrality,1
willingly,1
criminal,1
psychology,1
relieved,1
sx,1
naturally,1
ideology,1
testing,1
practitioners,1
hill,1
grim,1
resistant,1
inside,1
certeau,1
urges,1
male,1
primarily,1
binary,1
lobbying,1
referred,1
dimensions,1
translation,1
outline,1
detailed,1
grinding,1
threaten,1
importantly,1
requests,1
interplay,1
anxiety,1
thrilling,1
try,1
robyn,1
madeline,1
nuance,1
paragraphs,1
responsible,1
impersonal,1
extra,1
encapsulated,1
construction,1
blood,1
existed,1
spotlight,1
fictionalized,1
surprising,1
hilary,1
table,1
directives,1
interview,1
drafted,1
enforced,1
griffith,1
types,1
saturated,1
sympathy,1
enlist,1
mirror,1
surrendering,1
investigate,1
ostensibly,1
loophole,1
rightful,1
chests,1
matters,1
lapovsky,1
entertain,1
couching,1
claims,1
supply,1
mouthful,1
stronghold,1
circumscribed,1
sections,1
school,1
christi,1
neglected,1
unadoptable,1
magnitude,1
punished,1
rarely,1
ordered,1
blocked,1
streater,1
resisting,1
terrible,1
prohibited,1
crutch,1
impulse,1
hanging,1
intervened,1
mentioned,1
version,1
changing,1
tempting,1
nervous,1
defining,1
dishonest,1
demonstrate,1
instructed,1
poised,1
constituted,1
ever,1
accounts,1
inadvertent,1
symbolic,1
elicited,1
unleashed,1
dissident,1
donna,1
precise,1
mannish,1
heartbreaking,1
spots,1
loving,1
disdain,1
appealing,1
cover,1
bright,1
evade,1
assigned,1
perniciously,1
privacy,1
chartier,1
intellectual,1
dismay,1
monthly,1
illuminate,1
horrible,1
intensive,1
advertisements,1
paper,1
footloose,1
specialized,1
bides,1
relieve,1
removing,1
roughneck,1
save,1
interested,1
gone,1
best,1
equivocal,1
prominence,1
sloan,1
printed,1
argue,1
fired,1
fiances,1
brenzel,1
scenario,1
domestic,1
coffers,1
allied,1
inquiry,1
dissembling,1
milk,1
likening,1
boasted,1
thorns,1
contradictory,1
obviously,1
speculation,1
goods,1
slippers,1
raphael,1
domestics,1
examining,1
elsewhere,1
inge,1
pub,1
workingman,1
director,1
disjunctures,1
accepts,1
meager,1
consciousness,1
passage,1
options,1
davidson,1
elders,1
qualitatively,1
charged,1
tangle,1
jacqueline,1
hobson,1
confess,1
knows,1
whereabouts,1
didn,1
pardon,1
born,1
suffering,1
realize,1
penn,1
unlikely,1
steal,1
fuller,1
reconfigured,1
communicate,1
contrastto,1
carefully,1
ala,1
redefinition,1
weighs,1
implicit,1
impossible,1
ion,1
list,1
reification,1
concerts,1
coerced,1
add,1
schoolfor,1
distancing,1
dream,1
surveying,1
disarmingly,1
dichotomize,1
managed,1
sleeping,1
mandated,1
picturing,1
pursued,1
annual,1
noticed,1
voice,1
influenced,1
uneven,1
mandate,1
transgression,1
graceful,1
threat,1
hundreds,1
coordinate,1
urban,1
contain,1
tear,1
targets,1
aren,1
fourteen,1
strain,1
periodically,1
janice,1
gratitude,1
wandering,1
nj,1
persistently,1
remember,1
occasionally,1
uncontrolled,1
classes,1
wrestle,1
ve,1
pain,1
whiteness,1
plummeted,1
elaine,1
lucille,1
alternatives,1
invitations,1
lesbianism,1
publishers,1
authentic,1
buy,1
lies,1
sitting,1
circulations,1
situated,1
went,1
happens,1
confronted,1
zemon,1
cruelly,1
recounts,1
grossberg,1
roe,1
reconstruct,1
lesson,1
arguments,1
indebted,1
ranks,1
overwhelmed,1
lunbeck,1
mention,1
exploit,1
brumberg,1
nous,1
paula,1
drive,1
sensationalizing,1
sawicki,1
plying,1
invested,1
enthusiasm,1
devoted,1
drafts,1
distinguish,1
argument,1
cosmopolitan,1
editor,1
difference,1
leveled,1
patriarchy,1
caulfield,1
relinquishing,1
composed,1
quest,1
millionaire,1
crosman,1
conditions,1
institutional,1
foundling,1
samuel,1
finally,1
iconic,1
aware,1
publicized,1
wish,1
sat,1
exclaims,1
actively,1
instead,1
richard,1
detached,1
florid,1
accompanying,1
socially,1
tobey,1
staying,1
immediacy,1
col,1
already,1
france,1
publicizing,1
glamorous,1
tellingly,1
locate,1
area,1
presenting,1
remains,1
burdens,1
postscript,1
ranged,1
roughly,1
financially,1
requesting,1
anonymous,1
tellers,1
thousand,1
governments,1
thing,1
charlotte,1
heterosexuality,1
upstate,1
grubbier,1
chambers,1
conflated,1
recounted,1
combination,1
fellows,1
reticent,1
peggy,1
desk,1
archival,1
bell,1
pass,1
hotel,1
pottisman,1
era,1
scorn,1
uncertainty,1
characters,1
charging,1
vagaries,1
abandoned,1
traditional,1
focus,1
lockport,1
immediately,1
conventions,1
strong,1
seek,1
prison,1
caroljoffe,1
observed,1
barter,1
virtue,1
resembled,1
meeting,1
signals,1
roles,1
hans,1
portrait,1
astoundingly,1
discern,1
yipes,1
harmful,1
gold,1
