WORDCOUNTS,WEIGHT
the,945
of,694
and,427
in,310
to,302
a,209
that,198
nationalism,162
was,149
it,142
as,141
is,127
this,118
for,113
india,92
congress,87
indian,84
its,79
be,78
not,74
british,68
or,68
were,67
but,60
on,57
moderate,55
at,54
by,54
an,53
which,53
their,50
elite,48
they,47
nationalist,46
with,44
one,42
rule,42
more,42
history,39
s,39
such,39
from,39
all,37
education,37
because,34
are,33
historical,33
what,33
social,32
part,30
so,30
government,29
has,29
these,29
would,28
masses,28
between,28
poverty,26
other,26
national,25
than,24
only,24
thus,23
rather,23
also,23
have,23
historiography,22
political,22
new,22
presidential,22
american,21
address,21
review,21
february,21
had,21
class,21
people,20
institutions,20
early,20
some,19
discourse,19
many,19
we,19
first,18
i,18
there,18
most,18
histories,18
then,18
could,17
however,17
economic,17
do,17
delhi,17
leaders,17
colonial,17
english,16
into,16
seth,16
object,16
made,16
them,16
indians,16
sought,15
out,15
will,15
zaidi,15
explanation,15
who,15
seen,15
any,15
if,14
sanjay,14
been,14
very,14
public,14
much,14
representative,13
rise,13
see,13
period,13
did,13
studies,12
being,12
england,12
those,12
banerjea,12
point,12
development,12
important,12
can,12
when,12
different,12
inc,11
narrative,11
rewriting,11
addresses,11
even,11
no,11
cause,11
frequently,11
educated,11
material,11
general,11
terms,11
form,11
modern,10
state,10
politics,10
naoroji,10
his,10
instance,10
well,10
nation,10
place,10
same,10
forms,10
where,10
own,10
why,10
story,10
country,10
particular,10
our,10
moderates,9
edn,9
second,9
two,9
fact,9
contrasts,9
reform,9
time,9
often,9
britain,9
itself,9
years,9
elites,9
way,8
later,8
character,8
great,8
case,8
dutt,8
liberal,8
gap,8
up,8
progress,8
poor,8
narratives,8
rulers,8
attention,8
means,8
necessary,8
bombay,8
simply,8
constituted,8
good,8
accounts,8
question,8
imagining,7
declared,7
created,7
chandra,7
context,7
mass,7
moderation,7
may,7
certain,7
nor,7
population,7
work,7
r,7
movement,7
qualified,7
present,7
three,7
least,7
invoked,7
here,7
urban,7
discursive,7
course,7
countrymen,7
themselves,7
given,7
regeneration,6
vols,6
sabha,6
task,6
possible,6
far,6
introduction,6
explained,6
since,6
industrial,6
body,6
find,6
without,6
how,6
factors,6
n,6
demands,6
wealth,6
drain,6
claim,6
london,6
sharp,6
guha,6
therefore,6
short,6
above,6
madras,6
under,6
neither,6
law,6
nationalists,6
others,6
lack,6
bourgeoisie,6
session,6
background,6
concern,6
essay,6
distinction,6
become,6
relation,6
european,6
sometimes,6
better,6
theory,6
ignorant,6
struggle,5
represent,5
measures,5
needed,5
ways,5
before,5
lower,5
either,5
constituting,5
nature,5
able,5
precisely,5
within,5
against,5
characteristic,5
century,5
affairs,5
elements,5
nationalisms,5
leadership,5
special,5
understand,5
too,5
suggested,5
my,5
called,5
culture,5
term,5
your,5
explain,5
opposition,5
distinguish,5
literature,5
civil,5
used,5
gave,5
partly,5
contrast,5
small,5
blessings,5
generally,5
sarkar,5
indeed,5
service,5
community,5
put,5
about,5
yet,5
us,5
included,5
orders,5
ed,5
efforts,5
idea,5
limit,5
loyalism,5
never,5
hand,5
understanding,5
upon,5
ideas,5
clear,5
incompleteness,5
characterized,5
high,5
after,5
latter,5
councils,5
fully,5
caste,5
external,5
deccan,5
imaginings,5
privileged,5
quoted,5
explanations,5
while,5
voice,5
almost,5
middle,5
both,5
through,5
went,5
goals,5
land,5
evidence,5
should,5
courts,4
does,4
common,4
ready,4
just,4
told,4
identify,4
true,4
former,4
mclane,4
necessarily,4
failing,4
hence,4
every,4
official,4
ranajit,4
speeches,4
key,4
account,4
capable,4
say,4
inevitable,4
g,4
dadabhai,4
civilizing,4
occurs,4
domain,4
resolutions,4
phases,4
added,4
growth,4
sort,4
represented,4
similar,4
reason,4
benefits,4
founding,4
strategy,4
expressed,4
came,4
alienation,4
further,4
encyclopaedia,4
cannot,4
provincial,4
already,4
imagined,4
macaulay,4
year,4
ghose,4
rendered,4
sense,4
few,4
he,4
action,4
bill,4
once,4
criticism,4
mission,4
lord,4
pointed,4
diverse,4
end,4
charges,4
answer,4
another,4
montagu,4
use,4
numerous,4
causes,4
processes,4
directed,4
imagination,4
anderson,4
effect,4
rhetorical,4
protocols,4
embodied,4
justice,4
liberalism,4
relationship,4
usually,4
referred,4
transformed,4
life,4
responsible,4
chelmsford,4
meant,4
must,4
ranade,4
number,4
works,4
beginning,4
making,4
problem,4
divide,4
press,4
suffrage,4
conditions,4
write,4
needs,4
marxist,4
debate,4
element,4
strong,4
fathers,3
edge,3
meaning,3
effected,3
groups,3
benedict,3
complex,3
conscious,3
nineteenth,3
variety,3
fitted,3
else,3
modest,3
specifically,3
distinguishing,3
interests,3
colleges,3
gellner,3
parties,3
closer,3
take,3
reading,3
issue,3
roy,3
advisory,3
activity,3
subaltern,3
condition,3
characterize,3
promises,3
diversity,3
singled,3
haynes,3
central,3
natives,3
university,3
interest,3
adopted,3
workers,3
old,3
modernity,3
served,3
drawn,3
deeply,3
gopal,3
influence,3
rights,3
hobsbawm,3
sessions,3
main,3
earlier,3
lay,3
extremists,3
extremist,3
peasant,3
consciousness,3
operate,3
greater,3
result,3
advance,3
based,3
radical,3
bipan,3
late,3
embedded,3
chinese,3
third,3
procedures,3
criteria,3
peasantry,3
example,3
occupied,3
president,3
solution,3
order,3
quite,3
settlement,3
bridge,3
methodological,3
vein,3
universities,3
world,3
provided,3
activities,3
critical,3
hegemony,3
nonetheless,3
practices,3
fell,3
contingent,3
identified,3
gift,3
make,3
desai,3
hold,3
direction,3
makes,3
thought,3
gokhale,3
perceived,3
members,3
resolution,3
power,3
similarly,3
doubt,3
enough,3
v,3
operating,3
empire,3
less,3
spoke,3
eds,3
distance,3
grounds,3
classes,3
greatest,3
surendranath,3
writings,3
versions,3
immanence,3
function,3
stages,3
especially,3
sentiment,3
methods,3
declare,3
seeking,3
dominance,3
relative,3
indianization,3
aspirations,3
lot,3
movements,3
foreign,3
rpt,3
independence,3
force,3
began,3
elected,3
comes,3
extension,3
alternative,3
know,3
each,3
sumit,3
particularly,3
obviously,3
rural,3
following,3
circles,3
namely,3
attitudes,3
bureaucratic,3
constitutional,3
emphasis,3
popular,3
spaces,3
level,3
code,3
role,3
subject,3
administration,3
step,3
arguments,3
writing,3
accorded,3
spirit,3
argument,3
argov,3
tactical,3
wish,3
although,3
values,3
you,3
effects,3
specific,3
c,3
inasmuch,3
among,3
recent,3
doing,3
perception,3
now,2
superstitious,2
mute,2
done,2
underpinning,2
affected,2
determine,2
e,2
appear,2
surat,2
connect,2
large,2
telling,2
essays,2
prime,2
live,2
schools,2
simultaneously,2
title,2
laid,2
total,2
holding,2
something,2
kaviraj,2
leads,2
intentions,2
cast,2
certainly,2
regulating,2
military,2
contrasted,2
planting,2
might,2
secretary,2
allow,2
degree,2
emerged,2
memorial,2
reach,2
principles,2
skills,2
accompanied,2
desire,2
origin,2
follows,2
thanks,2
krishna,2
onto,2
real,2
half,2
last,2
improving,2
stand,2
raised,2
adventures,2
ambiguous,2
sheet,2
behind,2
ernest,2
proceed,2
resulted,2
enumerating,2
prior,2
establishing,2
functions,2
occupy,2
obvious,2
desired,2
variations,2
except,2
laws,2
ritual,2
labor,2
goal,2
eventual,2
moment,2
privilege,2
cases,2
problematize,2
weight,2
journal,2
traditions,2
delivered,2
elective,2
industries,2
opposed,2
library,2
identification,2
resists,2
act,2
purely,2
traffic,2
across,2
declaring,2
influential,2
process,2
nehru,2
politicians,2
opportunity,2
granted,2
derived,2
direct,2
study,2
moreover,2
support,2
monumental,2
varying,2
histoty,2
colonialism,2
peasants,2
emergence,2
clearly,2
section,2
articulated,2
glorious,2
preoccupation,2
weak,2
argued,2
age,2
superior,2
origins,2
passed,2
gandhi,2
undertaken,2
consequence,2
always,2
backwardness,2
permanent,2
m,2
chand,2
decades,2
drawing,2
advocated,2
view,2
bureaucracy,2
sudipta,2
uses,2
pledges,2
lead,2
identifying,2
opposing,2
search,2
strength,2
access,2
p,2
convocation,2
ambiguity,2
economics,2
deal,2
shared,2
respects,2
fourth,2
equally,2
palme,2
timidity,2
cultural,2
rough,2
promise,2
record,2
instrumental,2
wide,2
hierarchies,2
method,2
property,2
governing,2
moin,2
expressions,2
aspects,2
shape,2
having,2
basis,2
future,2
correctly,2
minute,2
translate,2
franchise,2
consequently,2
differ,2
amelioration,2
competing,2
interpreters,2
reduction,2
transcended,2
tenure,2
whole,2
trenchant,2
genuine,2
signify,2
issues,2
call,2
statesmen,2
legislation,2
aurobindo,2
interpreted,2
anchored,2
detailed,2
causal,2
externally,2
officials,2
field,2
voiced,2
constituent,2
shaping,2
things,2
politically,2
involved,2
napier,2
distinguished,2
codes,2
wisely,2
parliament,2
annual,2
inability,2
am,2
teleology,2
seemed,2
society,2
nations,2
portion,2
led,2
demand,2
reduced,2
various,2
play,2
minority,2
appreciate,2
offices,2
july,2
still,2
comments,2
roads,2
religious,2
selection,2
romesh,2
chronicle,2
museum,2
security,2
serve,2
j,2
tax,2
sociological,2
home,2
complete,2
collectively,2
lamps,2
contempt,2
quotations,2
moments,2
double,2
persuasive,2
representation,2
organizations,2
name,2
factory,2
toward,2
available,2
conceived,2
ask,2
areas,2
regret,2
revenue,2
appeared,2
children,2
larger,2
john,2
discussed,2
minister,2
rhetoric,2
ruler,2
readers,2
monographs,2
viceroy,2
ground,2
metaphors,2
centenary,2
obsessive,2
forth,2
conviction,2
perhaps,2
books,2
style,2
reflected,2
free,2
day,2
historiographical,2
local,2
microscopic,2
vast,2
examples,2
helps,2
active,2
arose,2
industrialized,2
characterizing,2
significant,2
continue,2
examination,2
full,2
office,2
synthetic,2
significance,2
vernacular,2
reality,2
urge,2
times,2
remark,2
features,2
serves,2
structuring,2
imbibed,2
regenerating,2
men,2
problems,2
systems,2
hume,2
institution,2
industrialization,2
attend,2
militancy,2
suggest,2
consists,2
asking,2
imply,2
transformations,2
note,2
bulk,2
naturally,2
practical,2
bound,2
fear,2
begin,2
male,2
primarily,2
qualify,2
insist,2
strongly,2
timid,2
transformation,2
recognize,2
phrase,2
impersonal,2
fall,2
hope,2
problematic,2
curious,2
takes,2
underpinned,2
extensive,2
calcutta,2
quotes,2
offers,2
set,2
cover,2
defining,2
natural,2
over,2
intellectual,2
principle,2
tara,2
limited,2
connection,2
historians,2
unknown,2
wealthy,2
civic,2
loyalty,2
ideological,2
plague,2
perfectly,2
audience,2
separating,2
protect,2
invocation,2
possibility,2
pande,2
william,2
manufactures,2
extent,2
require,2
imitative,2
phenomena,2
freedom,2
art,2
presume,2
bodies,2
circumstances,2
thereby,2
little,2
despite,2
became,2
regulate,2
phenomenon,2
twin,2
aspect,2
childhood,2
construed,2
postcolonial,2
varied,2
dominant,2
ultimately,2
until,2
commercial,2
cambridge,2
institutional,2
mode,2
offer,2
instead,2
include,2
critics,2
d,2
need,2
product,2
smaller,2
seeks,2
programme,2
measured,2
speak,2
summary,2
vi,2
distinctions,2
rejection,2
gulf,2
immediately,2
seek,2
drew,2
boons,2
asked,2
draft,2
summed,1
final,1
emulate,1
frequent,1
go,1
jury,1
possessed,1
currently,1
appropriation,1
transforming,1
child,1
deny,1
accomplish,1
limits,1
ethics,1
protests,1
implying,1
rev,1
names,1
pondicherry,1
defy,1
mendicancy,1
till,1
designated,1
truth,1
modernize,1
excess,1
distress,1
burlesque,1
episodes,1
accords,1
fiction,1
revolutionary,1
unfolding,1
dissolution,1
epidemic,1
adoption,1
considerably,1
notably,1
linguistic,1
speakers,1
articulating,1
police,1
explosion,1
replaced,1
factories,1
lahore,1
abounded,1
myth,1
trobe,1
properly,1
tend,1
designed,1
emplot,1
urging,1
catastrophe,1
formed,1
likely,1
authority,1
asserted,1
sticking,1
dismay,1
investigating,1
dominating,1
bias,1
expenditure,1
additionally,1
easily,1
petitioners,1
considerations,1
immoderate,1
paternalistic,1
overlook,1
policy,1
position,1
justified,1
western,1
fixed,1
organic,1
habits,1
tells,1
dress,1
avow,1
remedy,1
criticizing,1
mahmood,1
assume,1
source,1
princeton,1
corresponding,1
annals,1
palpable,1
qualification,1
immanent,1
root,1
proclamation,1
women,1
conscientious,1
prosperous,1
expenditures,1
cutting,1
experience,1
bengal,1
member,1
anything,1
synonymous,1
incommensurable,1
transitions,1
stressed,1
beneficial,1
regenerative,1
sources,1
familiarity,1
defects,1
puiblic,1
digby,1
derives,1
exclusive,1
hesitancies,1
evolution,1
give,1
exists,1
taken,1
genres,1
culturally,1
assist,1
generated,1
expectation,1
preoccupied,1
articulate,1
font,1
advanced,1
seems,1
departure,1
asia,1
joins,1
definition,1
affirmed,1
reproached,1
possibilities,1
immense,1
shaped,1
book,1
incessant,1
europe,1
leading,1
secondary,1
professions,1
ahr,1
belong,1
governed,1
landholders,1
reasons,1
despotic,1
babington,1
analyses,1
organizes,1
incident,1
displays,1
link,1
hundred,1
plead,1
procedure,1
survey,1
subsequent,1
feature,1
integrate,1
embrace,1
confers,1
pursues,1
faithful,1
meantime,1
intuitive,1
mind,1
holidays,1
influences,1
universal,1
surely,1
mohandas,1
ours,1
china,1
somewhat,1
daniel,1
racial,1
elaborating,1
depends,1
system,1
employs,1
writingmarxist,1
acknowledged,1
corresponded,1
dissemination,1
existence,1
sophisticated,1
nairn,1
incomprehension,1
botanical,1
attacked,1
ramanlal,1
capacity,1
prone,1
continuum,1
shaheeda,1
firm,1
draw,1
killed,1
vol,1
lends,1
powerlessness,1
felt,1
hypostatized,1
facilitating,1
international,1
reaction,1
powers,1
pronouncements,1
regenerated,1
taxation,1
splendid,1
move,1
mobilizing,1
structurally,1
countered,1
apart,1
combination,1
adjudged,1
coolies,1
flatly,1
deplore,1
mehta,1
selecting,1
conception,1
climax,1
emulated,1
representing,1
beneath,1
plenty,1
sketching,1
prevented,1
engage,1
stirring,1
benefit,1
sign,1
split,1
hegel,1
tasklogically,1
shut,1
facets,1
surplus,1
framework,1
exist,1
repeatedly,1
sarvajanik,1
conflict,1
constitutive,1
amendment,1
denying,1
displeasing,1
purportedly,1
historically,1
landmarks,1
uppercase,1
reverse,1
peculiarities,1
difficulties,1
curzon,1
sedition,1
alarm,1
knitted,1
retrospectively,1
due,1
pursuit,1
integral,1
thrall,1
ray,1
faces,1
reproduced,1
precise,1
bridging,1
honest,1
mimeograph,1
raises,1
condescension,1
moderatioi,1
competitor,1
birendranath,1
excuses,1
unwillingness,1
rooted,1
extensively,1
admitted,1
comprised,1
exercise,1
pertained,1
progressive,1
inserted,1
piesidential,1
developments,1
pretensions,1
chakrabarty,1
constitutions,1
blame,1
underlying,1
perspective,1
architectonic,1
fond,1
indiani,1
amount,1
subjects,1
ithaca,1
response,1
holds,1
subordinate,1
extraordinary,1
inception,1
glossing,1
suitable,1
assertive,1
left,1
effective,1
single,1
dismissing,1
truly,1
enlightened,1
reproach,1
sanguine,1
y,1
imaginary,1
obscure,1
tenants,1
beat,1
stimulating,1
look,1
rest,1
critique,1
unspoken,1
stratum,1
spread,1
declamations,1
occasion,1
reformers,1
weakness,1
though,1
nuanced,1
acknowledge,1
compromise,1
bothered,1
gyanendra,1
blessing,1
encomiums,1
promised,1
higher,1
failed,1
cherished,1
civilization,1
steps,1
gaining,1
via,1
interesting,1
adulation,1
brute,1
recognized,1
octavian,1
adequate,1
essential,1
sitaramayya,1
oppositions,1
anglicized,1
operations,1
sets,1
aimed,1
brethren,1
marxism,1
sentences,1
centered,1
taxonomy,1
adds,1
district,1
attaches,1
repeal,1
particularity,1
gradualist,1
appreciation,1
biggest,1
levels,1
culminating,1
reference,1
preparing,1
revenues,1
defuse,1
notion,1
pause,1
constitutionalist,1
rigid,1
neatly,1
stranger,1
outward,1
abstraction,1
determining,1
applies,1
connected,1
importance,1
b,1
talk,1
republic,1
impure,1
parts,1
ongoing,1
pages,1
salvation,1
enacted,1
lacking,1
enabled,1
lawyer,1
reforms,1
feel,1
practicing,1
wasteful,1
naxalite,1
siurat,1
antagonism,1
modified,1
category,1
changes,1
perceptions,1
soon,1
vastly,1
wages,1
amended,1
consider,1
needless,1
cultivators,1
improvement,1
image,1
languages,1
prepares,1
boon,1
teaches,1
reformer,1
disaffected,1
champions,1
idealist,1
numbers,1
completion,1
placed,1
instrument,1
ignorance,1
fare,1
w,1
upper,1
presumed,1
four,1
show,1
commonly,1
initiative,1
prima,1
powerful,1
telegraphs,1
readings,1
defines,1
organisation,1
notions,1
enhancement,1
cultured,1
disloyalty,1
supersession,1
victorian,1
plight,1
obverse,1
believed,1
helped,1
david,1
providing,1
constitution,1
plausibly,1
conflicts,1
graduates,1
oppositional,1
reflections,1
whereas,1
hours,1
legislative,1
arrival,1
bearing,1
transmission,1
domains,1
critic,1
found,1
homogenizing,1
throttle,1
ripon,1
relating,1
separable,1
delegation,1
lived,1
energetic,1
prepare,1
destined,1
criticisms,1
events,1
indianness,1
overtures,1
hospitals,1
accompany,1
constantly,1
struggles,1
base,1
arrogance,1
lent,1
muslim,1
shifting,1
sympathetically,1
posited,1
mediated,1
treat,1
tanika,1
awaken,1
appears,1
default,1
sentence,1
fulfill,1
scale,1
otherwise,1
judicial,1
absolute,1
disclaiming,1
marxists,1
triumph,1
leaflets,1
engine,1
technical,1
failure,1
representatives,1
polemically,1
colonies,1
gained,1
animated,1
homages,1
none,1
minimal,1
trial,1
degrees,1
landmark,1
filthy,1
mapped,1
modesty,1
obscurantism,1
douglas,1
scope,1
received,1
sanction,1
mobilization,1
poinrted,1
akshayakumar,1
vote,1
exp,1
unless,1
prominent,1
brought,1
disloyal,1
bolder,1
characterization,1
advancement,1
appreciable,1
explains,1
pune,1
knowledge,1
unstable,1
touching,1
reminiscences,1
precondition,1
positions,1
excessive,1
description,1
criticized,1
infant,1
babu,1
continuation,1
bengalis,1
during,1
policies,1
broad,1
constitute,1
beginnings,1
officers,1
concentrate,1
increasingly,1
avowedly,1
participated,1
runs,1
rubric,1
friend,1
device,1
et,1
bradlaugh,1
forces,1
justification,1
viceroyalty,1
povertystricken,1
employed,1
predominance,1
showing,1
reciprocities,1
burden,1
status,1
league,1
miss,1
currents,1
trends,1
transmit,1
approach,1
relentless,1
sic,1
aspired,1
someone,1
tone,1
construct,1
pedagogy,1
commerce,1
normally,1
happenings,1
describing,1
presented,1
hard,1
working,1
below,1
sweep,1
responsibility,1
aroused,1
tom,1
hardly,1
stage,1
involve,1
next,1
catholic,1
heart,1
acted,1
arbitrary,1
signifies,1
prized,1
taxonomies,1
modernizing,1
soil,1
driving,1
accomplished,1
concerns,1
alleviate,1
narrating,1
assimilate,1
acts,1
unconceivable,1
draining,1
master,1
manchester,1
essentially,1
closeness,1
mixing,1
potent,1
yielded,1
characterizes,1
condemned,1
visible,1
seed,1
necessity,1
purpose,1
prakash,1
mobilizations,1
results,1
describes,1
paid,1
plausible,1
appropriate,1
grateful,1
settle,1
actions,1
landlords,1
reducing,1
championed,1
hardships,1
tombs,1
south,1
mimetic,1
f,1
interlacing,1
lenin,1
responsibly,1
highlights,1
tilak,1
transform,1
units,1
situation,1
ganguli,1
communist,1
impartial,1
implications,1
subba,1
absence,1
spelled,1
protecting,1
functioning,1
interference,1
plenitude,1
magnum,1
syed,1
wrote,1
melbourne,1
comparative,1
expansion,1
again,1
secondly,1
return,1
eminent,1
female,1
mediating,1
brings,1
instincts,1
prove,1
convince,1
polemical,1
judgment,1
avail,1
chandravarkar,1
experiences,1
railway,1
permissible,1
labored,1
felicitous,1
tends,1
sectional,1
chap,1
problematizing,1
argumentation,1
assamese,1
breuilly,1
ubiquity,1
communities,1
rational,1
violence,1
fair,1
intuitively,1
meanwhile,1
democrats,1
represents,1
complication,1
alongside,1
narrativizes,1
restricted,1
assailed,1
exposure,1
supplementary,1
combat,1
disastrous,1
assimilation,1
homogeneous,1
distinguishable,1
perspectives,1
essence,1
sharply,1
lacked,1
al,1
words,1
acknowledging,1
veritable,1
belonging,1
departing,1
reports,1
unusually,1
speaking,1
enrolled,1
revenge,1
functioned,1
blunted,1
chatterjee,1
fill,1
fellow,1
leader,1
museums,1
allan,1
structures,1
assert,1
stronger,1
stated,1
strike,1
muslims,1
neglect,1
mark,1
bring,1
selfish,1
responsibilities,1
patriotic,1
towards,1
signified,1
persuasion,1
incorporates,1
causality,1
inaction,1
outside,1
encompassed,1
underwrote,1
overwhelming,1
fundamental,1
materialist,1
mahadev,1
wedded,1
beliefs,1
documents,1
impractical,1
developed,1
regulation,1
prided,1
inevitably,1
together,1
ideology,1
foreigner,1
imperishable,1
prospects,1
granting,1
distrust,1
contemporary,1
halfway,1
appropriately,1
away,1
underpin,1
considerable,1
fashion,1
seldom,1
serious,1
removal,1
selects,1
stuff,1
accusations,1
decisively,1
remarkable,1
increases,1
covered,1
debited,1
manner,1
philanthropy,1
orderly,1
purposes,1
existing,1
conceiving,1
income,1
relevant,1
advisers,1
constricting,1
michael,1
tell,1
council,1
royal,1
maturity,1
attitude,1
norms,1
irreducibly,1
remarked,1
project,1
metropolitan,1
governance,1
counterpart,1
clinch,1
shifts,1
railways,1
impact,1
cadastral,1
eminently,1
poona,1
remained,1
charted,1
interpreting,1
autobiography,1
group,1
meetings,1
crown,1
sarvepalli,1
recognizing,1
displace,1
mean,1
meaningful,1
situated,1
discussion,1
negated,1
intimate,1
coherent,1
opus,1
accompanying,1
range,1
sober,1
incidents,1
uplift,1
servant,1
hindu,1
region,1
abandons,1
including,1
desperate,1
inexorably,1
increase,1
manifestations,1
ruling,1
solemn,1
identity,1
endeavour,1
imbued,1
honorable,1
expression,1
faltered,1
largely,1
operated,1
edwin,1
factor,1
engaging,1
sequence,1
prominently,1
satisfactorily,1
bitter,1
trend,1
actual,1
insufficiency,1
nothing,1
frame,1
raising,1
enlighten,1
regions,1
parasitic,1
advantages,1
theories,1
rustics,1
theoretical,1
students,1
described,1
vii,1
charge,1
exceedingly,1
low,1
meanings,1
appraisal,1
historic,1
moral,1
binaries,1
grew,1
comprehensive,1
gesture,1
language,1
virtues,1
points,1
soldiers,1
dominated,1
peter,1
logic,1
admission,1
advocating,1
conferred,1
held,1
rationalized,1
individual,1
staple,1
like,1
flood,1
belongs,1
fidelity,1
inadequacies,1
mines,1
lie,1
administrative,1
practiced,1
configurations,1
hindus,1
standard,1
expressing,1
thomas,1
municipal,1
faith,1
enumerate,1
educational,1
disseminate,1
annually,1
enlightenment,1
internal,1
promote,1
k,1
eyes,1
antonym,1
newspapers,1
constructing,1
dishonourable,1
vision,1
editors,1
let,1
overcome,1
radiate,1
structure,1
percent,1
beneficent,1
capitalism,1
bal,1
equivalent,1
gyan,1
securing,1
manners,1
stumbles,1
instances,1
saw,1
bearer,1
persuading,1
stick,1
la,1
division,1
penultimate,1
increasing,1
model,1
provoking,1
fifty,1
suggestion,1
discussing,1
pure,1
me,1
backward,1
tended,1
provide,1
tenant,1
punjab,1
figure,1
crucial,1
publicizing,1
claimed,1
employment,1
omniscient,1
select,1
foreword,1
lines,1
preempt,1
dumb,1
ordinary,1
allahabad,1
karve,1
becomes,1
success,1
sensitive,1
castes,1
ordering,1
render,1
importantly,1
enlist,1
sequences,1
sheer,1
govind,1
executive,1
expert,1
indicate,1
length,1
pattabhi,1
dipesh,1
furthered,1
baron,1
surprising,1
ascribes,1
homogenizes,1
composed,1
assimilates,1
humiliation,1
sympathy,1
pherozshah,1
face,1
administering,1
minimalist,1
circulated,1
princes,1
forest,1
earliest,1
humming,1
evaluation,1
door,1
affect,1
addressed,1
sections,1
proof,1
products,1
suggestions,1
rhtetoric,1
eventually,1
monument,1
thinking,1
associated,1
singular,1
spell,1
gladstone,1
debarred,1
senior,1
sorting,1
series,1
rebelled,1
indictment,1
mentioned,1
version,1
comparison,1
apprehension,1
reformulation,1
founded,1
officially,1
economically,1
theme,1
known,1
uninterested,1
satisfactory,1
borrow,1
facie,1
retrogression,1
robbed,1
text,1
civilised,1
command,1
dilated,1
equation,1
singh,1
outcome,1
berkeley,1
dimension,1
mutually,1
introducing,1
tendencies,1
secured,1
damning,1
tongue,1
subramanya,1
organized,1
lying,1
expanding,1
interested,1
believe,1
universalist,1
capital,1
down,1
wreak,1
variegated,1
werevconstantly,1
expense,1
enable,1
speech,1
paved,1
vanita,1
intelligentsia,1
enemy,1
rely,1
researches,1
embodiment,1
written,1
examining,1
distinctive,1
past,1
placing,1
assessment,1
masters,1
merely,1
evident,1
longings,1
mimeographed,1
elevated,1
according,1
partha,1
propagator,1
fuller,1
economy,1
reproduce,1
discharge,1
conservatism,1
combined,1
whether,1
pandey,1
calif,1
independently,1
quote,1
imposed,1
add,1
metaphor,1
reiterated,1
statement,1
condemn,1
vigorously,1
shall,1
implication,1
heavier,1
consisting,1
fascination,1
her,1
foundations,1
rejoinder,1
vehicle,1
complain,1
pursued,1
premised,1
imperial,1
enriching,1
proposing,1
limitations,1
encounters,1
agreed,1
gandhian,1
suspicion,1
presumptions,1
gangadhar,1
circularity,1
categories,1
hygenic,1
autocratic,1
rao,1
varieties,1
providential,1
fulfilment,1
expected,1
ruled,1
conclude,1
exercising,1
excesses,1
superstition,1
city,1
prospect,1
duty,1
easy,1
akin,1
transition,1
regulated,1
assumptions,1
clulture,1
measure,1
target,1
programs,1
grossberg,1
manufacturing,1
divided,1
appointed,1
ever,1
allows,1
evidenced,1
aims,1
definitions,1
rajiv,1
complaints,1
eric,1
blinkered,1
sanctioned,1
disadvantages,1
peculiar,1
enthusiasm,1
devoted,1
radicalism,1
englishman,1
differentiation,1
difference,1
solely,1
advent,1
twentieth,1
imagine,1
recovering,1
unfitted,1
finally,1
accept,1
immaturity,1
aware,1
insight,1
prolonged,1
animating,1
salt,1
immersion,1
socially,1
temporal,1
gen,1
conquered,1
defined,1
locate,1
philosophy,1
presenting,1
association,1
ambekar,1
anonymous,1
offered,1
charles,1
inflections,1
suchlike,1
attending,1
recounted,1
urbane,1
petitioned,1
ascendancy,1
succeeded,1
negotiate,1
reached,1
nationwhich,1
era,1
contrasting,1
enterprise,1
internalizing,1
partial,1
iyer,1
exclusively,1
badruddin,1
entire,1
mediators,1
bhogaraju,1
impress,1
arnold,1
successive,1
unrepresentative,1
politician,1
predicated,1
quantity,1
hostile,1
cited,1
emplots,1
tyabji,1
