WORDCOUNTS,WEIGHT
the,895
of,641
in,530
to,439
and,379
bassi,339
a,271
s,253
her,223
was,171
on,142
at,130
for,121
that,120
see,116
had,115
as,111
by,105
di,102
bologna,98
she,97
with,84
academy,81
not,80
from,78
laura,69
were,69
no,64
electricity,63
his,58
an,58
sciences,56
e,55
physics,55
veratti,54
who,53
experiments,52
also,52
it,50
university,50
which,50
bcab,50
june,48
been,47
lettere,45
scientific,44
women,42
letter,42
april,40
have,40
science,38
scarselli,37
this,37
vol,35
may,35
after,35
several,33
he,33
be,32
de,31
beccaria,30
or,30
dissertations,30
made,30
spallanzani,30
american,28
is,28
review,27
when,27
these,27
did,27
historical,27
through,27
one,26
i,26
some,26
institute,26
cardinal,25
letters,25
maria,25
theses,25
philosophy,25
they,24
verati,24
could,24
f,24
fondo,24
g,23
b,23
ed,23
epistolario,23
lambertini,22
such,22
air,22
woman,22
would,22
melli,22
la,22
years,22
bianchi,21
commentarii,21
but,21
only,21
time,21
new,21
dell,21
first,20
italian,20
their,20
published,20
rome,20
them,20
serie,20
presented,20
other,19
however,19
beccari,19
leprotti,19
men,19
zanotti,19
accademia,19
mathematics,19
since,18
l,18
most,18
tega,18
during,18
experimental,18
fontana,18
theory,18
d,18
aut,17
giovanni,17
teaching,17
lessons,17
collez,17
member,16
century,16
section,16
p,16
members,16
husband,16
dissertation,16
while,16
nollet,15
history,15
du,15
dei,15
asb,15
town,15
delle,15
work,15
berti,15
italy,15
logan,15
life,15
settecento,15
those,14
march,14
received,14
its,14
pope,14
home,14
two,14
death,14
degree,14
franklin,14
students,14
natural,14
are,14
gabriella,14
early,14
if,13
all,13
nature,13
assunteria,13
found,13
priestley,13
correspondence,13
law,13
bgr,13
december,13
works,13
february,13
became,13
role,13
ms,12
scientists,12
della,12
inedite,12
marriage,12
out,12
taught,12
newton,12
light,12
many,12
tacconi,12
then,12
according,12
what,12
november,12
cenerelli,12
done,11
scienze,11
there,11
system,11
accademiche,11
journal,11
giuseppe,11
hereafter,11
public,11
society,11
july,11
about,11
fasc,11
others,11
present,11
anatomie,11
like,11
period,11
teach,11
bolognese,11
assistant,11
collegio,11
montalto,11
between,11
debate,11
into,10
before,10
studio,10
due,10
publications,10
important,10
teacher,10
scienza,10
xiv,10
part,10
autografi,10
water,10
appeared,10
newtonian,10
able,10
cavazza,10
fantuzzi,10
intellectual,10
caldani,10
lecturer,9
inquieto,9
professor,9
back,9
lire,9
study,9
bav,9
access,9
laghi,9
cart,9
well,9
activities,9
thesis,9
same,9
friend,9
book,9
head,9
pressure,9
meetings,9
so,9
we,9
different,9
benedettini,9
senate,9
course,9
later,8
college,8
fluid,8
manfredi,8
elena,8
studies,8
modern,8
position,8
gambetti,8
being,8
mind,8
cartone,8
motion,8
rosen,8
spite,8
than,8
istituto,8
m,8
academic,8
nel,8
used,8
del,8
knowledge,8
revolution,8
results,8
notizie,8
under,8
autografe,8
patteta,8
him,8
posizione,8
lectureship,8
glass,8
continued,8
began,8
physical,8
pt,8
very,8
bodies,8
administration,8
atti,8
franklinian,8
lazzaro,8
volta,7
benedict,7
per,7
church,7
heilbron,7
t,7
attempts,7
influences,7
requisiti,7
opuscula,7
cartoni,7
along,7
learned,7
interest,7
state,7
agnesi,7
casali,7
fluids,7
young,7
york,7
how,7
mechanics,7
dated,7
senators,7
helped,7
suggested,7
liquids,7
medicine,7
alessandro,7
amaduzzi,7
because,7
electric,7
private,7
benedettina,7
mathematical,7
il,7
field,7
le,7
family,7
few,7
degli,7
various,7
sex,7
support,7
more,7
considered,7
perhaps,7
father,7
bocage,7
education,7
any,7
set,7
until,7
regular,7
among,7
flaminio,6
scientist,6
gossip,6
long,6
case,6
author,6
lectures,6
decided,6
even,6
balbi,6
certain,6
contributions,6
boyle,6
cartesian,6
haller,6
year,6
senato,6
involved,6
acts,6
research,6
busta,6
morgan,6
vatican,6
al,6
name,6
fact,6
end,6
biblioteca,6
do,6
v,6
books,6
piscopia,6
debates,6
three,6
defense,6
times,6
giampietro,6
giambattista,6
effect,6
can,6
ye,6
dealing,6
relationship,6
force,6
eventually,6
series,6
known,6
know,6
interested,6
dalla,6
schiebinger,6
guglielmini,6
terms,6
letteratura,6
both,6
contribute,6
alla,6
abbe,6
n,6
vi,6
given,6
capillary,5
riva,5
interests,5
give,5
might,5
secretary,5
studied,5
salary,5
within,5
caterina,5
point,5
rosa,5
laws,5
controlled,5
past,5
archiginnasio,5
stone,5
aristocracy,5
failed,5
vindex,5
philadelphia,5
whose,5
without,5
luigi,5
elasticity,5
astronomy,5
herself,5
dealt,5
whether,5
similar,5
established,5
days,5
four,5
dbi,5
beyond,5
index,5
appear,5
royal,5
my,5
domenico,5
riguardanti,5
explain,5
facilities,5
albani,5
probably,5
london,5
nella,5
edn,5
dal,5
place,5
has,5
participated,5
xviii,5
either,5
canterzani,5
good,5
caused,5
level,5
will,5
therefore,5
still,5
act,5
volume,5
stated,5
again,5
scholars,5
educated,5
lecturers,5
snail,5
where,5
controversy,5
another,5
eighteenth,5
storici,5
academics,5
attraction,5
august,5
collaboration,5
kept,5
never,5
become,5
january,5
attended,5
academies,5
usually,5
responsible,5
alberoni,5
cremante,5
italiani,5
believed,5
mentioned,5
extensive,5
galeazzi,5
ff,5
selected,5
list,5
remained,5
property,5
government,5
yearly,5
monsignor,5
chatelet,5
obtain,5
average,5
materials,5
although,5
you,5
cousin,5
attending,5
mostly,4
struggle,4
studiorum,4
concerned,4
affected,4
cagni,4
nota,4
felice,4
former,4
doubts,4
pane,4
unlike,4
biographical,4
segre,4
sources,4
aristotelian,4
fifteenth,4
tradition,4
thro,4
take,4
mass,4
hall,4
sixteenth,4
activity,4
femminile,4
studi,4
mater,4
lavoisier,4
throughout,4
publication,4
pursue,4
walter,4
body,4
tubes,4
influence,4
statements,4
granted,4
earlier,4
reforms,4
archivio,4
observations,4
age,4
followed,4
aere,4
friends,4
whom,4
caduta,4
legate,4
enough,4
having,4
concept,4
immixto,4
studia,4
ten,4
surrounding,4
telescopes,4
own,4
physician,4
order,4
hole,4
anni,4
registro,4
fluidis,4
tended,4
da,4
up,4
universities,4
paid,4
behalf,4
defended,4
matter,4
disputation,4
alma,4
prove,4
donne,4
yet,4
expounded,4
constant,4
aab,4
already,4
dispute,4
social,4
useful,4
french,4
milano,4
efforts,4
children,4
classical,4
took,4
senatorial,4
florence,4
gabriele,4
bolognesi,4
benedetto,4
elettricismo,4
classes,4
understanding,4
manzoni,4
including,4
lecture,4
use,4
ideas,4
engaged,4
allowed,4
padua,4
respectively,4
institution,4
motivi,4
seventeenth,4
properties,4
gaetana,4
centuries,4
joseph,4
xxix,4
francesco,4
form,4
founded,4
appears,4
membership,4
cornaro,4
paper,4
king,4
particularly,4
sc,4
number,4
gozzadini,4
pace,4
reached,4
hoped,4
philosophica,4
gravi,4
marta,4
problem,4
phenomena,4
des,4
winkelmann,4
went,4
come,4
opere,4
contributed,4
attempted,4
supported,4
physica,4
does,3
o,3
ethics,3
substances,3
educazione,3
galileo,3
succession,3
berlin,3
needed,3
achievements,3
archbishop,3
anno,3
second,3
sons,3
summaries,3
h,3
tilche,3
fixed,3
assisted,3
accomplishments,3
nineteenth,3
societa,3
container,3
riformatore,3
ii,3
attempt,3
worked,3
seems,3
available,3
achieved,3
written,3
pontefico,3
voting,3
foundation,3
stampe,3
sought,3
opened,3
felt,3
possible,3
october,3
richard,3
atque,3
x,3
astronomer,3
diversorum,3
introduction,3
manzolini,3
filosofia,3
explained,3
immaculate,3
machine,3
humanists,3
ability,3
conducted,3
naturale,3
topic,3
forced,3
old,3
concerning,3
subjects,3
output,3
left,3
giacomo,3
find,3
apparently,3
urbinati,3
essential,3
rather,3
fedele,3
active,3
hypatia,3
ex,3
importance,3
parts,3
benjamin,3
ix,3
gaetano,3
bonaccorsi,3
rays,3
means,3
irritability,3
favor,3
female,3
wanted,3
aqua,3
objects,3
metaphysics,3
latin,3
avutasi,3
powerful,3
fisica,3
diversi,3
madame,3
method,3
came,3
based,3
path,3
scientifically,3
protector,3
color,3
lived,3
italiana,3
poetry,3
lettori,3
further,3
introduzione,3
war,3
viewed,3
marie,3
lost,3
none,3
positions,3
basis,3
catalogo,3
degrees,3
data,3
r,3
attacked,3
electrical,3
nomination,3
gave,3
et,3
nerves,3
following,3
chemistry,3
approach,3
preceded,3
correct,3
working,3
senator,3
carried,3
repeated,3
heat,3
isis,3
latest,3
always,3
famigliari,3
estates,3
value,3
abbot,3
led,3
request,3
lettera,3
community,3
initially,3
single,3
once,3
kristeller,3
albert,3
soon,3
deviations,3
j,3
us,3
leibniz,3
included,3
experiment,3
jacopo,3
heritage,3
added,3
vacchetoni,3
discussed,3
idea,3
morandi,3
larger,3
john,3
doubt,3
hand,3
ground,3
spring,3
eds,3
distance,3
catterina,3
original,3
arrived,3
catherina,3
increase,3
eta,3
chosen,3
described,3
rejected,3
margaret,3
someone,3
spread,3
atmosferico,3
exchange,3
why,3
lucrezia,3
libro,3
especially,3
problems,3
flame,3
opusculum,3
magnetism,3
paris,3
attracted,3
attend,3
professional,3
instituti,3
greek,3
landriani,3
assigned,3
note,3
five,3
venturi,3
pio,3
independence,3
calculus,3
reason,3
humid,3
whereby,3
indicate,3
repulsion,3
emilie,3
publicly,3
sketches,3
storia,3
les,3
aeris,3
lode,3
latter,3
over,3
illustri,3
compressione,3
rabil,3
best,3
unknown,3
down,3
fantoni,3
domestic,3
bubbles,3
pubblica,3
defend,3
particular,3
eulogy,3
austrian,3
dark,3
anna,3
oxygen,3
marcantonio,3
popular,3
boston,3
little,3
hydrodynamics,3
despite,3
inediti,3
subject,3
nominated,3
unable,3
cambridge,3
nell,3
charge,3
accept,3
aware,3
evidence,3
secolo,3
increased,3
papal,3
removed,3
hydrometry,3
c,3
succeeded,3
alberto,3
kuhn,3
should,3
sent,3
bononiae,2
optics,2
dottoressa,2
biografia,2
dies,2
bub,2
way,2
elite,2
hesitation,2
created,2
commitment,2
problemate,2
vulpe,2
career,2
celebre,2
determine,2
worthy,2
inconvenience,2
manuscript,2
center,2
touched,2
denied,2
repel,2
alive,2
english,2
rewards,2
civile,2
octobris,2
cazzani,2
preceptor,2
unite,2
cultura,2
marito,2
academia,2
permitted,2
justify,2
invention,2
caroline,2
experimenta,2
handle,2
taken,2
economica,2
concentrated,2
assist,2
infinitesimal,2
definition,2
confirmed,2
principles,2
copy,2
together,2
desire,2
reasons,2
thank,2
thanks,2
reproduction,2
shew,2
papers,2
borromeo,2
ad,2
nowhere,2
depending,2
corresponded,2
dr,2
dott,2
openings,2
historians,2
albeit,2
money,2
advice,2
cares,2
animarum,2
aldrovandi,2
cap,2
elio,2
obvious,2
dioxide,2
descartes,2
constrained,2
macchiavelli,2
split,2
iltis,2
behavior,2
attract,2
pursuing,2
gravity,2
aasb,2
central,2
thus,2
azzoguidi,2
married,2
doctor,2
development,2
reputation,2
illustrates,2
visited,2
inserimento,2
pursuit,2
struggles,2
ray,2
brother,2
metropolitana,2
stranieri,2
nor,2
approval,2
highest,2
muscles,2
hemp,2
compared,2
cohen,2
colours,2
professoribus,2
y,2
consequently,2
rafsr,2
storica,2
general,2
economia,2
labalme,2
stegani,2
geometry,2
rights,2
sixteen,2
interesting,2
recognized,2
typographia,2
dry,2
opuscoli,2
notion,2
lasting,2
knew,2
derived,2
special,2
disputations,2
scattered,2
moreover,2
dizionario,2
soul,2
determination,2
solutions,2
ensure,2
battezzati,2
troops,2
proposed,2
contemporaries,2
w,2
vapor,2
surface,2
follow,2
requested,2
represent,2
collezione,2
achromatic,2
mensis,2
inquieti,2
commanded,2
experimentation,2
greater,2
expressed,2
result,2
acting,2
arrival,2
allow,2
dosi,2
refractions,2
molecules,2
objectives,2
pass,2
ribelli,2
initial,2
philosophical,2
representative,2
supporters,2
prelates,2
understood,2
let,2
parrocchia,2
province,2
produced,2
applied,2
iceland,2
placed,2
scientiarum,2
exiting,2
impression,2
receive,2
participation,2
silk,2
future,2
scritti,2
correctly,2
minute,2
symmerian,2
westfall,2
unless,2
discusses,2
training,2
example,2
lignorum,2
apparent,2
description,2
criticized,2
literature,2
records,2
people,2
patrons,2
away,2
maffioli,2
boscovich,2
status,2
graduate,2
change,2
least,2
successful,2
antica,2
responsibility,2
things,2
tested,2
holes,2
simeoni,2
specifically,2
grow,2
germain,2
facility,2
reported,2
essentially,2
gomez,2
gunpowder,2
dependent,2
using,2
reluctant,2
mdccxxxii,2
provided,2
am,2
biografico,2
objected,2
local,2
critical,2
san,2
fails,2
likely,2
clairaut,2
signora,2
reduced,2
partiti,2
hindered,2
detected,2
contact,2
spelled,2
indicative,2
short,2
wrote,2
focal,2
ia,2
play,2
motivated,2
recueil,2
above,2
pointed,2
make,2
surviving,2
indicates,2
repeating,2
movement,2
put,2
biological,2
vs,2
neither,2
querini,2
swamp,2
si,2
laurae,2
illustrated,2
containing,2
religione,2
ganglia,2
mention,2
increasingly,2
rise,2
robert,2
sketch,2
double,2
starting,2
fire,2
riformatori,2
successfully,2
carolyn,2
power,2
ask,2
sophie,2
lack,2
bittizia,2
abilities,2
xii,2
bourgeoisie,2
instituto,2
forces,2
teachers,2
granting,2
claimed,2
considerable,2
charges,2
man,2
primo,2
conferred,2
anne,2
success,2
italia,2
validity,2
ensured,2
renaissance,2
practice,2
couple,2
baiocchi,2
reflected,2
free,2
chair,2
italiane,2
demonstrated,2
extended,2
alic,2
universally,2
background,2
paracelsian,2
completed,2
upon,2
impart,2
opera,2
depended,2
galvani,2
contacts,2
perforation,2
encouraged,2
findings,2
significant,2
verso,2
continue,2
nevertheless,2
dating,2
contribution,2
publish,2
finally,2
low,2
clear,2
discovered,2
switched,2
galilean,2
authors,2
bonafede,2
insigni,2
points,2
objection,2
marsilio,2
held,2
ecclesiastico,2
laelli,2
lorenzo,2
thomas,2
article,2
symmer,2
nuncius,2
relation,2
trouble,2
charles,2
abreast,2
structure,2
learn,2
assistants,2
analyze,2
animali,2
universita,2
splitting,2
impressed,2
amateur,2
concluded,2
anatomy,2
herschel,2
european,2
twelve,2
me,2
mother,2
sometimes,2
testing,2
snails,2
rpt,2
sec,2
male,2
institutions,2
exceptional,2
sensitive,2
un,2
intercession,2
requests,2
thirteen,2
reservations,2
antiquity,2
class,2
often,2
dans,2
extra,2
philosophies,2
teresa,2
academie,2
months,2
itself,2
rubentibus,2
conservation,2
school,2
acquired,2
regularly,2
usual,2
material,2
corpore,2
conclusion,2
biography,2
biagi,2
symbolic,2
donna,2
bucciarelli,2
carbon,2
paolo,2
governo,2
literary,2
contained,2
papacy,2
printed,2
half,2
mons,2
universal,2
quodam,2
theology,2
londa,2
papin,2
collaborators,2
just,2
type,2
person,2
ruggero,2
fusco,2
unique,2
physiology,2
professors,2
ones,2
che,2
axis,2
mozans,2
generally,2
bocchi,2
fourteen,2
lavori,2
met,2
attached,2
city,2
roccati,2
revolutions,2
oeuvres,2
confirm,2
giving,2
die,2
step,2
piccolomini,2
bari,2
lesson,2
phenomenon,2
maintained,2
writing,2
our,2
named,2
motu,2
moderate,2
ultimately,2
bassiae,2
physicists,2
finding,2
fourteenth,2
write,2
ogilvy,2
explanation,2
cassandra,2
actively,2
approximately,2
include,2
slit,2
cooper,2
product,2
states,2
asked,2
baptism,2
off,2
giulio,2
dworsky,2
phosphori,2
delfini,2
offered,2
observation,2
hydraulics,2
rupert,2
assumed,2
themselves,2
koyre,2
variations,2
say,2
chicago,2
traversi,2
create,2
pignatelli,2
answers,2
observed,2
virtue,2
doing,2
quantity,2
major,2
evidently,2
admirably,1
matematica,1
countryside,1
frequent,1
difficult,1
bernard,1
benedettino,1
go,1
librarian,1
now,1
explosion,1
possessed,1
thwarted,1
humanism,1
medicinal,1
antoine,1
mathematicalphysics,1
child,1
deny,1
flow,1
waited,1
bruno,1
savignano,1
comunale,1
physiological,1
rev,1
meaning,1
laboratori,1
seminary,1
privately,1
speculum,1
lemma,1
pittsburgh,1
scholar,1
humiliter,1
concern,1
separated,1
alphonse,1
deduced,1
cells,1
sull,1
resulted,1
naming,1
red,1
magnetic,1
legation,1
electricitas,1
curved,1
silano,1
avvisi,1
birago,1
germany,1
formazione,1
angelo,1
niter,1
novembre,1
decouvert,1
endeared,1
told,1
becoming,1
glowing,1
discover,1
filippo,1
instructions,1
fate,1
properly,1
enhance,1
sets,1
advised,1
much,1
spruce,1
dialectics,1
curricula,1
enl,1
approaches,1
lapidibus,1
mdcclxxviii,1
easily,1
fra,1
candidate,1
canals,1
notwithstanding,1
seem,1
western,1
excuse,1
laid,1
occurred,1
quarta,1
total,1
tells,1
impede,1
induced,1
source,1
absence,1
offering,1
pioneers,1
disputed,1
civis,1
par,1
experience,1
brandon,1
diffusion,1
awareness,1
accumulation,1
said,1
reprinted,1
compression,1
scudi,1
fraction,1
stressed,1
cv,1
marco,1
philosophers,1
humble,1
wrong,1
exist,1
handwriting,1
embraced,1
eustachio,1
supposedly,1
preceding,1
popes,1
metallic,1
tettoni,1
discoursed,1
porosity,1
clergymen,1
rested,1
berkeley,1
astronomical,1
anima,1
nancy,1
incomplete,1
giovanna,1
universitd,1
advanced,1
england,1
diseases,1
official,1
xxxvii,1
departure,1
heated,1
friendly,1
handling,1
tutor,1
shaped,1
neophyte,1
attractive,1
moderna,1
skills,1
leading,1
lxvi,1
advantage,1
constituitur,1
predated,1
differences,1
detaching,1
complied,1
stood,1
varano,1
analyses,1
train,1
purple,1
achievement,1
presenza,1
scientifica,1
xiii,1
molecular,1
footsteps,1
raising,1
room,1
municipale,1
surmise,1
niche,1
subsequent,1
clarifications,1
xx,1
though,1
last,1
tesi,1
consist,1
rubicone,1
date,1
emphasized,1
contenendo,1
angled,1
investigations,1
complicated,1
volpe,1
letting,1
vanno,1
nominations,1
intelligence,1
checked,1
lelio,1
dissolved,1
context,1
british,1
donated,1
dabble,1
conoscere,1
fortune,1
con,1
takes,1
occasional,1
giuochi,1
nadia,1
collaborate,1
plain,1
ceroplastica,1
recorded,1
walks,1
beard,1
primary,1
gestus,1
difficulties,1
right,1
commentari,1
diario,1
solving,1
retain,1
struggling,1
chapter,1
rubiconia,1
recommended,1
determined,1
amontonian,1
disprove,1
classica,1
illustrate,1
meteoris,1
burning,1
characterize,1
contradictory,1
solely,1
alter,1
padre,1
thirdly,1
barbaziano,1
alone,1
medical,1
leon,1
apart,1
invited,1
morale,1
mathematica,1
combination,1
desired,1
smooth,1
supervision,1
far,1
diffused,1
arrested,1
resources,1
apply,1
holder,1
suo,1
parmense,1
laurels,1
minimum,1
fragment,1
magistrale,1
viva,1
gabrielle,1
aberrations,1
funded,1
exposed,1
succeed,1
afflux,1
expertise,1
complained,1
risorgimento,1
quibus,1
retaining,1
xxiii,1
elettricita,1
prohibitorum,1
professionalism,1
plato,1
regularize,1
qui,1
campagna,1
mine,1
campbell,1
bruni,1
immediate,1
giandomenico,1
quality,1
run,1
bent,1
debus,1
bailey,1
magnetica,1
september,1
religioso,1
loro,1
letterature,1
reflection,1
poz,1
dents,1
soissons,1
benzoni,1
participating,1
jr,1
insisted,1
workers,1
lincei,1
reproduced,1
deflogistic,1
chimica,1
fourthly,1
sixtus,1
expected,1
hydrostatics,1
kind,1
funds,1
priority,1
pertained,1
turn,1
occasioned,1
gun,1
salubrity,1
inserted,1
electrostatic,1
distinct,1
elements,1
speculative,1
montpellier,1
onjune,1
keep,1
pepoli,1
freed,1
experimenting,1
amount,1
italiano,1
apostolica,1
dorotea,1
opusculi,1
moving,1
ritratti,1
dates,1
applying,1
enlightened,1
converging,1
alliances,1
casanova,1
died,1
formulate,1
hosting,1
weaver,1
student,1
misogyny,1
brescia,1
instruments,1
look,1
closure,1
insulators,1
sun,1
traditions,1
lens,1
observatory,1
delivered,1
reformers,1
acted,1
preferred,1
master,1
discoverer,1
grasp,1
scritte,1
flux,1
trigger,1
defending,1
supporterjacopo,1
measured,1
higher,1
drained,1
mechanisms,1
appointment,1
gaining,1
thermometer,1
beretta,1
centenario,1
dellafilosofessa,1
german,1
mechanicswhich,1
improved,1
card,1
reproduce,1
patron,1
purely,1
sessions,1
godfathers,1
abolished,1
aimed,1
superficial,1
centered,1
ostetrico,1
luminosity,1
stop,1
napoli,1
remain,1
sort,1
en,1
enciclopedia,1
amadei,1
transmitted,1
levels,1
verattis,1
myself,1
gardener,1
speed,1
una,1
insensitivita,1
deliberately,1
opportunity,1
eccellentissima,1
curvilinear,1
baconian,1
titled,1
lasted,1
cittadina,1
eight,1
bnf,1
se,1
cristofaro,1
induce,1
ceretta,1
alessando,1
nos,1
enabled,1
mechanica,1
black,1
suaque,1
laurea,1
white,1
lawyer,1
discoveries,1
laying,1
fade,1
gathering,1
annuali,1
causis,1
diplomi,1
eighteen,1
insistence,1
serve,1
developments,1
copernican,1
experimentally,1
servants,1
costanza,1
calif,1
dilation,1
possibly,1
carve,1
improvement,1
giugno,1
familiar,1
benefits,1
spreading,1
languages,1
accademico,1
organized,1
yellow,1
susana,1
presumably,1
almost,1
males,1
attain,1
mary,1
house,1
fashionable,1
physicist,1
surgery,1
xi,1
ecc,1
milan,1
induction,1
envisages,1
commonly,1
effilux,1
curriculum,1
graces,1
origins,1
rationally,1
refer,1
artificiale,1
obstacles,1
undertaken,1
lengths,1
ciro,1
papa,1
interceded,1
quorumdam,1
willing,1
aristocrats,1
assignations,1
shifted,1
carlo,1
dooley,1
universitaria,1
david,1
contrary,1
alexis,1
opinion,1
providing,1
trained,1
cut,1
view,1
italie,1
methodology,1
allies,1
electricite,1
constructive,1
cineribus,1
cristina,1
holdings,1
opening,1
standards,1
trouvera,1
advance,1
carving,1
bibliotheque,1
acceptable,1
applause,1
dyeing,1
famiglia,1
fimbria,1
questioned,1
ete,1
societies,1
appearance,1
torino,1
carrying,1
gelati,1
entered,1
difficulty,1
fescues,1
hands,1
laplace,1
lepprotti,1
accadendo,1
dissertatio,1
six,1
biografici,1
kate,1
served,1
international,1
events,1
franciscus,1
carolina,1
pioneer,1
nicola,1
surprised,1
effects,1
onde,1
term,1
late,1
lei,1
poisons,1
lat,1
morati,1
affair,1
grew,1
ackernecht,1
occupation,1
informed,1
transactions,1
friendship,1
recently,1
ablation,1
sul,1
leaned,1
venue,1
pyrii,1
binghamton,1
quattrocento,1
groundwork,1
baltimore,1
franco,1
outside,1
eudiometers,1
tension,1
cose,1
lyons,1
intensely,1
approached,1
instrumental,1
required,1
orange,1
rectilinear,1
surmised,1
information,1
aspects,1
improve,1
failure,1
shape,1
representatives,1
reggio,1
gained,1
spheres,1
doctore,1
kepler,1
secretaries,1
blue,1
logica,1
qualifications,1
translate,1
carry,1
firenze,1
mathematician,1
simplification,1
prominent,1
istituzione,1
significantly,1
brought,1
stato,1
materialize,1
martiis,1
casa,1
reserve,1
endear,1
joannes,1
pivati,1
eudiometer,1
gender,1
salon,1
anatomical,1
progettazione,1
nauseated,1
lectured,1
whole,1
bible,1
overview,1
describe,1
fit,1
corporum,1
issues,1
demonstrates,1
partly,1
aliorum,1
nazionali,1
actually,1
ontario,1
halles,1
finished,1
tele,1
doors,1
personal,1
surname,1
ictu,1
employed,1
dissertazioni,1
participate,1
contesta,1
capacities,1
talented,1
larchiginnasio,1
won,1
president,1
currents,1
inizi,1
attributed,1
weeks,1
errors,1
ida,1
miscellanea,1
metafisica,1
accademici,1
subtle,1
detailed,1
running,1
solution,1
normally,1
thirteenth,1
below,1
voiced,1
carteggi,1
pronounced,1
ambassador,1
wished,1
involve,1
lacked,1
catholic,1
febbraio,1
methane,1
tommaso,1
precedents,1
ancona,1
royale,1
owned,1
resilietibus,1
night,1
atmosphere,1
quantification,1
small,1
accuse,1
spanish,1
propelled,1
highly,1
amateurish,1
aldovrandi,1
ill,1
industry,1
bonnet,1
rendiconti,1
gregorio,1
distinguished,1
suddenly,1
petition,1
funzioni,1
arguable,1
petronio,1
happen,1
vein,1
prendendo,1
calcination,1
origini,1
organism,1
intent,1
wife,1
depuis,1
scrittori,1
notes,1
appropriate,1
velocity,1
newly,1
appoint,1
shutt,1
waiting,1
settle,1
actions,1
bononiensis,1
too,1
particles,1
decembris,1
appeal,1
survived,1
leonardo,1
kindness,1
pertaining,1
electrification,1
misogynist,1
situation,1
fortunate,1
piano,1
copernicus,1
annum,1
knoefel,1
duty,1
colors,1
entitled,1
noble,1
emilio,1
viviana,1
principaux,1
action,1
pulveris,1
separation,1
indeed,1
synthesis,1
destroying,1
service,1
testimonianze,1
prefect,1
secondly,1
released,1
acknowledged,1
cartesians,1
pegrari,1
raccolti,1
pepe,1
assurance,1
scritta,1
arcivescovile,1
object,1
exerts,1
allen,1
necessary,1
intervention,1
woods,1
storico,1
ecumenicita,1
registered,1
comets,1
selection,1
rime,1
corpus,1
rs,1
agli,1
foot,1
pivotal,1
bassiveratti,1
turmoil,1
sympathies,1
costituzioni,1
shortage,1
cattolicita,1
beatrice,1
opportunities,1
clementina,1
recommendation,1
experienced,1
trento,1
happened,1
thought,1
tutors,1
guenzi,1
matrimonio,1
praeclare,1
reconciliation,1
uninvited,1
parte,1
benefactor,1
sociological,1
extravagant,1
une,1
hydrogen,1
assistance,1
orations,1
ranks,1
rebus,1
musei,1
rocco,1
reply,1
fulvia,1
algebraic,1
department,1
qualified,1
reports,1
begins,1
gravitation,1
exploit,1
exit,1
shattering,1
avoided,1
investigating,1
declining,1
showing,1
fabbrica,1
comelli,1
genette,1
inhabitants,1
bartolomeo,1
nazionale,1
paul,1
omission,1
earthworms,1
mentions,1
toward,1
bring,1
spend,1
principia,1
europe,1
recited,1
piemont,1
franklinians,1
lowering,1
addition,1
financial,1
smith,1
analytical,1
conductors,1
atitografi,1
ceneribus,1
shows,1
longer,1
consideration,1
limit,1
theorie,1
fundamental,1
deficient,1
ricoverati,1
irritabilita,1
barnabiti,1
beliefs,1
reformed,1
meteors,1
developed,1
attempting,1
mondo,1
demonstrations,1
choice,1
spettano,1
superiors,1
governed,1
cure,1
uncle,1
valerio,1
plagued,1
waterjet,1
substantially,1
disegno,1
gambalunga,1
charged,1
arcadia,1
promotions,1
elegant,1
phosphorescence,1
preliminari,1
podromo,1
innovative,1
museo,1
exercised,1
shared,1
income,1
contracted,1
less,1
linceo,1
council,1
forth,1
viii,1
emma,1
spoke,1
attitude,1
pirazzoli,1
supporter,1
sarrocchi,1
collegiata,1
alle,1
coined,1
fante,1
encountered,1
smallest,1
day,1
convenient,1
neri,1
elogio,1
plane,1
phenomenes,1
shine,1
piani,1
notarili,1
group,1
analyzed,1
clout,1
ingenious,1
simple,1
hear,1
session,1
calcolo,1
antonio,1
effectiveness,1
easier,1
farther,1
craig,1
discovery,1
represented,1
sides,1
writings,1
zendrini,1
region,1
patricia,1
arose,1
enhanced,1
passes,1
coulomb,1
sufficiently,1
judge,1
salamanders,1
ruling,1
dottorale,1
riferenti,1
medium,1
louis,1
top,1
empirical,1
stockings,1
fontanelle,1
unfortunately,1
lettres,1
observationes,1
rivers,1
factor,1
esistere,1
politica,1
trend,1
differential,1
occupied,1
marquise,1
scienziati,1
nothing,1
stay,1
lanzarini,1
trip,1
full,1
ceremonies,1
halliday,1
scoperte,1
chemical,1
advantages,1
reimbursement,1
agitat,1
theoretical,1
significance,1
afterward,1
help,1
defender,1
deduce,1
moral,1
pubbliche,1
summer,1
laboratories,1
stress,1
communicated,1
vat,1
sensitivity,1
nebulae,1
language,1
midwives,1
metaphysical,1
clue,1
luca,1
essay,1
peter,1
logic,1
admission,1
classe,1
serious,1
lifted,1
opticks,1
homes,1
characterized,1
aftrer,1
rewarded,1
parti,1
diari,1
high,1
played,1
stresses,1
brain,1
paths,1
amore,1
strenna,1
systeme,1
spirits,1
anyone,1
ritter,1
poetic,1
losing,1
provides,1
lue,1
instruction,1
morals,1
ashes,1
decide,1
novella,1
recueilles,1
valued,1
riproduzione,1
annually,1
incapable,1
k,1
methods,1
gabrieli,1
medesimo,1
narrow,1
affability,1
assessing,1
greatly,1
anatomica,1
acquire,1
illustrissima,1
excluded,1
godfather,1
expand,1
injacopo,1
violet,1
versus,1
alberigo,1
saw,1
tte,1
thunder,1
bovi,1
unpublished,1
mens,1
reformist,1
nasce,1
taking,1
dordrecht,1
distances,1
luoghi,1
clarification,1
scr,1
decision,1
irritable,1
calderini,1
universi,1
reading,1
indication,1
suggestion,1
tests,1
marilyn,1
lifetime,1
entail,1
liquefy,1
garelli,1
belonged,1
boas,1
humanities,1
window,1
edizioni,1
singoli,1
provide,1
figure,1
documenti,1
relieved,1
defenders,1
practical,1
piece,1
prose,1
lavoro,1
rough,1
flowed,1
reasonable,1
assigns,1
lesquelles,1
primarily,1
becomes,1
dimensions,1
excluding,1
posthumous,1
aggregata,1
filosofica,1
elogi,1
effectively,1
renown,1
philosopher,1
lightning,1
gli,1
excited,1
extrait,1
category,1
contributor,1
stiera,1
introductory,1
satisfaction,1
construction,1
profess,1
precetrice,1
chamber,1
scholarship,1
spark,1
types,1
fields,1
saturated,1
mechanico,1
appointments,1
face,1
canada,1
sacchi,1
arts,1
quelle,1
pressures,1
investigate,1
seat,1
meant,1
earliest,1
torricellian,1
elemento,1
capillaries,1
matters,1
detail,1
plus,1
claims,1
mathematically,1
obstetrics,1
sections,1
christi,1
suggestions,1
seriously,1
authorities,1
curious,1
arte,1
margherita,1
natura,1
associated,1
farina,1
broke,1
naples,1
intervened,1
refute,1
alcune,1
version,1
conjunction,1
gonelli,1
circumstances,1
examiner,1
existence,1
mario,1
demonstrate,1
simply,1
ever,1
detect,1
pregnancies,1
muratori,1
elicited,1
francesca,1
exposition,1
explicatur,1
renzo,1
letterefamigliari,1
trionfo,1
willingness,1
femminista,1
besides,1
md,1
perfectionist,1
drift,1
library,1
nuova,1
symbol,1
arthritis,1
ricerca,1
legates,1
artium,1
ont,1
equation,1
matematiche,1
fracturis,1
quickly,1
professionali,1
corporeal,1
favorably,1
retained,1
refused,1
control,1
tendencies,1
each,1
sure,1
country,1
readily,1
filopatridi,1
havoc,1
reddish,1
allefamiglie,1
capability,1
roman,1
key,1
socia,1
board,1
persecution,1
believe,1
illnesses,1
vari,1
alexander,1
formulation,1
settecente,1
masi,1
ph,1
clarissimo,1
current,1
visiting,1
inquiry,1
pastorella,1
oskar,1
professoriate,1
librorum,1
perfectly,1
doubling,1
disciple,1
hydrometrico,1
gas,1
benefit,1
aerial,1
going,1
vitrorum,1
faster,1
lenses,1
medesima,1
merely,1
evident,1
monde,1
animal,1
beginning,1
cal,1
quietly,1
zilgel,1
hydrometric,1
william,1
drop,1
born,1
vaticana,1
unlikely,1
femmes,1
sotto,1
heads,1
condemning,1
erwin,1
answered,1
communicate,1
deifiumi,1
begged,1
circles,1
morali,1
dagli,1
rose,1
conglomerates,1
worthwhile,1
galli,1
making,1
involvement,1
foremost,1
marche,1
cause,1
independently,1
sociology,1
thirty,1
passed,1
baroncini,1
resnick,1
pleased,1
therapy,1
principalment,1
extent,1
antidotes,1
cura,1
deciduous,1
bononiensi,1
prestige,1
possedute,1
resurrected,1
fruitfully,1
produce,1
gruppi,1
influenced,1
psychology,1
terre,1
emphasis,1
turin,1
wove,1
nardi,1
urban,1
ascertain,1
universe,1
art,1
size,1
middle,1
vessels,1
porta,1
cassini,1
vista,1
intention,1
occasionally,1
poems,1
nicolaus,1
careful,1
feat,1
modernizing,1
recognition,1
ruled,1
peace,1
thereby,1
uniform,1
introduced,1
atmospheric,1
collaborated,1
courses,1
malvezzi,1
bourgeois,1
tried,1
autori,1
rec,1
assumptions,1
collegiate,1
educazionefemminile,1
learnedly,1
measure,1
rebiere,1
rivoluzione,1
impeding,1
great,1
officially,1
families,1
martis,1
paucity,1
world,1
disrupted,1
ensuing,1
clelia,1
goals,1
aspect,1
voyage,1
coming,1
shewing,1
varied,1
bollettino,1
lucia,1
proceeds,1
sopra,1
faustina,1
olimpia,1
incontri,1
formation,1
ottani,1
obliged,1
roots,1
englishman,1
oligarchy,1
argument,1
electrified,1
birth,1
difference,1
reveals,1
powers,1
disposal,1
contract,1
lira,1
scritrici,1
molem,1
institutional,1
villanova,1
exerted,1
temperature,1
illuminismo,1
refraction,1
parallels,1
laymen,1
bodiesi,1
offer,1
move,1
applicable,1
instead,1
sua,1
grown,1
define,1
intercessions,1
barletti,1
certificate,1
socially,1
need,1
green,1
sur,1
rimini,1
alessandra,1
juice,1
disruption,1
massardi,1
france,1
ernesto,1
defined,1
derive,1
calculated,1
area,1
daughter,1
promptly,1
presenting,1
scienziate,1
extremely,1
repeat,1
shift,1
evacuation,1
descritta,1
infinitesimale,1
ranged,1
summary,1
alunni,1
moved,1
specific,1
janus,1
humours,1
newtonianism,1
philosopho,1
rest,1
compounded,1
phlogiston,1
dicembre,1
colombo,1
bernardino,1
intorno,1
consisted,1
needle,1
cittd,1
musica,1
ferrucci,1
obligation,1
temperatures,1
enterprise,1
vis,1
voltaire,1
views,1
exclusively,1
element,1
acrimonious,1
equipment,1
epitaph,1
abandoned,1
focus,1
spagnolo,1
strong,1
avoid,1
ab,1
recent,1
famous,1
rivista,1
contacted,1
previously,1
meeting,1
col,1
attendance,1
arithmetic,1
showed,1
close,1
brevity,1
restriction,1
divisione,1
tube,1
personaggi,1
