WORDCOUNTS,WEIGHT
the,352
and,331
in,230
of,220
a,60
s,45
e,42
to,38
history,37
und,35
pp,32
on,30
new,26
j,25
der,25
american,21
editors,21
as,21
from,21
historical,21
india,20
john,20
la,20
c,20
women,19
german,18
east,18
an,17
l,16
for,15
culture,15
germany,14
di,14
de,14
university,14
press,14
p,13
between,13
richard,12
w,12
medicine,12
europe,12
africa,12
d,12
america,11
rights,11
b,11
early,11
medieval,10
development,10
en,10
heresy,10
von,10
im,10
late,10
cultural,10
adel,10
south,10
social,10
michael,10
david,10
christian,10
william,10
african,10
states,10
studies,9
zwischen,9
company,9
i,9
human,9
century,9
york,9
tourism,9
r,9
del,9
gaelic,9
number,9
editor,9
charles,9
essays,8
h,8
case,8
politics,8
war,8
start,8
degli,8
science,8
end,8
ordini,8
identity,8
health,8
ireland,8
collected,8
thomas,8
united,8
with,8
paper,8
korea,8
cloth,8
urban,8
des,8
national,8
modern,7
england,7
political,7
british,7
andrew,7
review,7
y,7
making,7
iranian,7
il,7
ethnicity,7
world,7
society,7
violence,7
technology,7
historiography,7
indian,7
sir,7
credit,7
louisiana,7
revolution,7
die,7
colonial,7
enlightenment,7
nineteenth,6
experience,6
ii,6
tradition,6
robert,6
jr,6
perspective,6
ix,6
n,6
xiv,6
public,6
civil,6
republic,6
scientific,6
iran,6
paul,6
arthur,6
native,6
bergeron,6
negotiating,6
venezia,6
james,6
perspectives,6
property,6
land,6
democracy,5
english,5
stefan,5
als,5
axel,5
west,5
medical,5
christopher,5
modernity,5
suffolk,5
origins,5
patrick,5
nel,5
friedrich,5
heredity,5
discourse,5
settlement,5
interactions,5
matrimonio,5
riots,5
lee,5
mark,5
hartmut,5
congress,5
martin,5
mendicanti,5
northern,5
archaeology,5
construction,5
claims,5
identidad,5
theory,5
middle,5
city,5
secolo,5
child,4
berlin,4
western,4
societa,4
other,4
government,4
nationalism,4
state,4
el,4
u,4
some,4
howard,4
x,4
g,4
relations,4
liberal,4
withers,4
house,4
age,4
view,4
histories,4
international,4
gaudilliere,4
concept,4
its,4
politica,4
music,4
pluralism,4
lordship,4
notes,4
critical,4
nation,4
economic,4
berghoff,4
under,4
or,4
transatlantic,4
french,4
power,4
financial,4
smith,4
identitat,4
contemporary,4
italia,4
v,4
judith,4
jahrhundert,4
simon,4
una,4
peter,4
wood,4
ann,4
versus,4
kenneth,4
lawrence,4
not,4
centuries,4
carl,4
popular,4
edwards,4
twentieth,4
institutional,4
zum,4
france,4
among,4
north,4
race,4
at,3
o,3
giorgio,3
church,3
ethnogenesis,3
authority,3
policy,3
are,3
antisemitic,3
t,3
cherokee,3
creation,3
military,3
diseases,3
asia,3
narrative,3
biirgertum,3
xiii,3
religion,3
keith,3
context,3
eastern,3
eckhardt,3
roger,3
since,3
against,3
dei,3
walter,3
juul,3
processo,3
young,3
tra,3
without,3
landscape,3
scottish,3
ilana,3
europa,3
study,3
was,3
den,3
sick,3
welfare,3
bruce,3
ipswich,3
seidel,3
m,3
reflections,3
fitzpatrick,3
scotland,3
oh,3
xix,3
republik,3
london,3
knowledge,3
secret,3
gender,3
elizabeth,3
overview,3
during,3
et,3
anglia,3
visions,3
healing,3
change,3
heinz,3
le,3
family,3
berg,3
lincoln,3
barbara,3
pearson,3
fuchs,3
schmidt,3
brian,3
comparative,3
gillett,3
movement,3
trento,3
thought,3
exceptionalism,3
lund,3
george,3
law,3
jeffrey,3
towards,3
men,3
ages,3
orthodoxy,3
routledge,3
al,3
mccormick,3
menchi,3
three,3
scarfe,3
after,3
dell,3
weimarer,3
blatchly,3
kristine,3
postwar,3
italy,3
lenger,3
brown,3
padova,3
relationship,3
foreign,3
rough,3
un,3
los,3
gli,3
wilson,3
silvana,3
britain,3
urbanization,3
susan,3
stephen,3
school,3
promessa,3
konig,3
korean,3
steven,3
dennis,3
bonnie,3
senate,3
economy,3
stability,3
hewitt,3
palgrave,3
role,3
territory,3
pencak,3
question,3
nationale,3
washington,3
crisis,3
evidence,3
levy,3
association,3
ruth,3
comparison,3
duffy,3
debate,3
norman,3
views,3
consilium,3
lateinamerika,3
hans,3
nicholas,2
margins,2
gerald,2
horizontal,2
industrialization,2
benedikt,2
truth,2
preubische,2
sicilia,2
sphere,2
they,2
center,2
approaches,2
sublime,2
park,2
duke,2
inequality,2
maria,2
baker,2
laura,2
first,2
programmes,2
sources,2
production,2
diego,2
minna,2
hoffmann,2
nature,2
borders,2
atlantic,2
rinke,2
normal,2
china,2
discipline,2
daniel,2
infection,2
cleghorn,2
persian,2
walser,2
cristellon,2
matthew,2
osservanza,2
sexual,2
hall,2
lemire,2
zur,2
xv,2
waltraud,2
beverly,2
resources,2
liberals,2
marchetto,2
sand,2
framework,2
segregation,2
della,2
campbell,2
stuchtey,2
citta,2
christhard,2
valerie,2
mixed,2
fiona,2
remembering,2
uberlegungen,2
response,2
houses,2
anime,2
caribbean,2
publications,2
critique,2
consumerism,2
stanley,2
islamic,2
poor,2
lowy,2
colin,2
elitenwandel,2
federal,2
across,2
how,2
edward,2
christine,2
bergmann,2
opportunity,2
landscapes,2
philadelphia,2
their,2
strange,2
roseman,2
white,2
empowerment,2
arbor,2
raymond,2
cuba,2
reif,2
plural,2
markel,2
elisabeth,2
latin,2
mary,2
clandestine,2
four,2
beyond,2
care,2
strategy,2
constitution,2
religiosi,2
reform,2
negotiability,2
cancer,2
patrice,2
transmission,2
search,2
color,2
strength,2
boydell,2
access,2
mapping,2
shrubland,2
akademie,2
chinese,2
durham,2
maddalena,2
michigan,2
moderne,2
xvii,2
volker,2
um,2
christianity,2
participation,2
dilemmas,2
line,2
work,2
industrial,2
josef,2
future,2
nella,2
instruments,2
indigenous,2
irish,2
woodland,2
literature,2
ghana,2
records,2
people,2
anxieties,2
surrounding,2
rise,2
muller,2
glaser,2
commerce,2
cold,2
tom,2
exclusionary,2
order,2
wendepunkte,2
schildt,2
percorsi,2
editrice,2
germania,2
matrimoniale,2
da,2
philip,2
christians,2
st,2
bartolomeo,2
resistance,2
abrahams,2
jahrhunderts,2
annali,2
clero,2
hermann,2
wolfgang,2
friihe,2
nations,2
f,2
controverso,2
trials,2
nietzsche,2
riforme,2
giovanni,2
reconstruction,2
petitioning,2
giuliano,2
garden,2
storico,2
religious,2
frank,2
museum,2
security,2
read,2
cipolla,2
ancient,2
wellenreuther,2
chris,2
ethnographic,2
nineteenthcentury,2
these,2
two,2
love,2
slavery,2
nach,2
projects,2
confederacy,2
mulino,2
viii,2
children,2
hobbes,2
gray,2
golden,2
great,2
anne,2
geography,2
empire,2
seventeenth,2
japan,2
style,2
siglo,2
day,2
brigitte,2
das,2
exploring,2
kathleen,2
discovery,2
eighteenth,2
maritime,2
slaves,2
istituto,2
apology,2
connacht,2
deutschen,2
roman,2
aids,2
were,2
modernist,2
continuities,2
trade,2
kaspar,2
modem,2
nelle,2
luca,2
collaboration,2
mexico,2
ernst,2
peer,2
aidan,2
elm,2
eyes,2
confederate,2
andreas,2
hep,2
sustainability,2
bowen,2
ideology,2
wandel,2
vertical,2
lobbying,2
independence,2
army,2
directions,2
translation,2
blood,2
entwicklungslinien,2
comaroff,2
korte,2
dopo,2
stable,2
sara,2
festive,2
habermas,2
vicenda,2
grand,2
dieter,2
gerhard,2
paolo,2
mass,2
standegesellschaft,2
over,2
intellectual,2
anthropology,2
cultures,2
global,2
capital,2
bologna,2
alexander,2
matrimoni,2
rudi,2
newman,2
geschichte,2
cities,2
las,2
past,2
kaiserreich,2
carole,2
penn,2
quackery,2
nationalist,2
zaccarotto,2
abraham,2
orleans,2
medioevo,2
riekenberg,2
problem,2
cura,2
remedies,2
institute,2
imperial,2
too,2
virginia,2
art,2
cecilia,2
stern,2
through,2
sea,2
november,2
quaglioni,2
rochester,2
alla,2
bradley,2
manfred,2
representation,2
youth,2
years,2
abbe,2
wang,2
deutschland,2
quest,2
laursen,2
paradigm,2
heidegger,2
rawcliffe,2
ca,2
internet,2
alexandra,2
anglian,2
tamil,2
interaction,2
traditional,2
roe,2
images,2
politici,2
building,2
otto,2
werner,2
freud,1
hollis,1
gentility,1
pedigrees,1
exhibiting,1
principi,1
conze,1
bernard,1
maarten,1
funck,1
does,1
bergier,1
courts,1
now,1
doring,1
andenna,1
canals,1
domesticity,1
anita,1
limits,1
way,1
stuart,1
heroic,1
preulen,1
anthony,1
later,1
estate,1
pagni,1
antifederalist,1
iranianness,1
mcdougall,1
emerson,1
epidemics,1
market,1
darwinism,1
berkeley,1
reconsidered,1
environmental,1
giovan,1
revolutionary,1
shipbuilding,1
northeast,1
red,1
eternity,1
domnaill,1
comuni,1
natural,1
epidemic,1
unabhangigkeitskriegen,1
pricketr,1
evans,1
figlia,1
categorising,1
weber,1
large,1
historias,1
reis,1
one,1
dottrina,1
neils,1
retrospectiva,1
approved,1
jews,1
agency,1
myth,1
marianne,1
om,1
kohut,1
zerfall,1
creeks,1
lumley,1
ostacolarono,1
horowitz,1
alternativas,1
true,1
appropriation,1
continent,1
ways,1
murder,1
solidarity,1
memoria,1
coalition,1
sozialer,1
oculata,1
jonathan,1
marcus,1
fra,1
hanschristof,1
petitioners,1
delusions,1
valori,1
unmaking,1
schurz,1
missionaries,1
adventurer,1
afghanistan,1
allies,1
into,1
lettura,1
laid,1
hacke,1
brecht,1
legion,1
regola,1
before,1
whigs,1
village,1
service,1
militarischen,1
contested,1
arguing,1
martyrs,1
sanjay,1
annals,1
geist,1
reich,1
practices,1
restauration,1
bruchhausen,1
politik,1
bengal,1
strepitu,1
gail,1
travers,1
felten,1
passion,1
frie,1
disembodying,1
dwarf,1
electoral,1
baldo,1
lovett,1
revisited,1
geoffrey,1
pluquet,1
jackson,1
stokvels,1
tohidi,1
digby,1
len,1
loeber,1
ancestries,1
curta,1
warne,1
greatness,1
cohension,1
ethnic,1
infections,1
macculloch,1
bruggemeier,1
investments,1
riflessioni,1
firoozeh,1
allianz,1
rational,1
all,1
doig,1
olga,1
diskurse,1
gainsborough,1
nefandum,1
colm,1
editions,1
desan,1
fosterage,1
gary,1
georgia,1
autoritarem,1
identitatsdiskurse,1
buchta,1
knowing,1
copy,1
stiffkey,1
chiara,1
ulster,1
comparsa,1
matthias,1
gia,1
stourzh,1
louisianians,1
ostjuden,1
womamerican,1
ben,1
gemeindeprotest,1
sang,1
katharine,1
cerinthus,1
roland,1
origin,1
lateinamerikas,1
lebenswelten,1
fruits,1
kieran,1
incubators,1
mexicana,1
molecular,1
hannah,1
court,1
alldeutschen,1
sammy,1
hubert,1
ficciones,1
debt,1
evolving,1
semiotics,1
lanzas,1
xx,1
sehen,1
roosevelt,1
toleration,1
simpliciter,1
petty,1
last,1
barsh,1
rolt,1
jaramillo,1
mula,1
erich,1
mind,1
trefousse,1
houghton,1
miles,1
murray,1
practicable,1
heinickel,1
buenos,1
raised,1
bismarck,1
richmond,1
platforms,1
pitt,1
jasamin,1
reading,1
signs,1
suspicion,1
pomerania,1
ubaldi,1
hardey,1
threshold,1
selfemployed,1
promossero,1
welburn,1
rolf,1
contents,1
margarette,1
negatives,1
provinz,1
moderates,1
dissemination,1
francophone,1
alfred,1
dr,1
avril,1
conzen,1
portugal,1
rigby,1
helga,1
righteous,1
king,1
shane,1
mcconville,1
politicized,1
mulsow,1
bismarcks,1
glebe,1
pisa,1
custom,1
colombia,1
symbiosis,1
caterina,1
italian,1
trouillot,1
leo,1
provincializing,1
sixteenth,1
klepp,1
planters,1
tracing,1
hansulrich,1
benhabib,1
arif,1
wyche,1
sale,1
establishing,1
studi,1
konsenses,1
julian,1
bibliography,1
greene,1
pharmaceuticals,1
helmuth,1
dubbio,1
autoritaren,1
fine,1
dutch,1
guggisberg,1
leon,1
interdisciplinary,1
variations,1
point,1
jenseits,1
pairs,1
tenfelde,1
lynda,1
above,1
along,1
emissions,1
adeligkeit,1
representing,1
juvenile,1
benussi,1
ritual,1
contemporanea,1
economies,1
zappe,1
kexue,1
lambert,1
stirring,1
sweet,1
zeuske,1
haynes,1
mid,1
peruanischer,1
grenziibergreifender,1
tanjore,1
helmur,1
regarding,1
lahiri,1
central,1
elitendiskurse,1
berichte,1
amerian,1
accusa,1
papato,1
organista,1
eras,1
relationships,1
hauptstadt,1
tiya,1
kumase,1
thiruviviliam,1
inge,1
dynamics,1
riot,1
malinowski,1
helen,1
sook,1
matrimoniali,1
magic,1
machine,1
agent,1
bodily,1
thompson,1
bridging,1
agostiniani,1
leviathan,1
munio,1
janet,1
horning,1
gendered,1
consumer,1
gaastra,1
pediatricians,1
jeremy,1
spinozism,1
encyclopedia,1
branson,1
geometry,1
media,1
stanton,1
individualisierung,1
rotale,1
caricaturist,1
westport,1
vengeance,1
marxism,1
ferguson,1
pastures,1
learning,1
mclaughlin,1
abels,1
funds,1
turn,1
bacon,1
nelson,1
clay,1
old,1
self,1
plantation,1
adelsreformdiskussion,1
chard,1
places,1
humphrey,1
epoca,1
hispanoamerikaner,1
veneta,1
presenza,1
considerations,1
defensive,1
kaisers,1
clorinda,1
columbia,1
barfield,1
occult,1
poem,1
cameroon,1
beginn,1
egypt,1
dedra,1
cohen,1
pubblica,1
perina,1
third,1
enlightened,1
alvise,1
networks,1
oltre,1
arab,1
weight,1
rosen,1
blue,1
communication,1
journal,1
politikfelder,1
fitzsimons,1
festivals,1
biomedicine,1
sun,1
burkina,1
capitol,1
dyzenhaus,1
norfok,1
terror,1
asad,1
riforma,1
revelry,1
general,1
jones,1
reformers,1
loan,1
jayshree,1
compromise,1
abstobungskrafte,1
babies,1
guido,1
ecumenical,1
pratorianer,1
callander,1
mayoux,1
van,1
failed,1
loyal,1
civilization,1
traditions,1
portland,1
tribal,1
competition,1
colour,1
acculturation,1
reframing,1
sue,1
racism,1
merciaio,1
jochen,1
buisqueda,1
agitation,1
no,1
peterson,1
orientierungskrise,1
privilege,1
his,1
gailus,1
growth,1
coul,1
generations,1
bahman,1
napoli,1
kossinna,1
premodern,1
propositi,1
adelsbiographie,1
provocation,1
gundle,1
borrowing,1
rapids,1
pogrom,1
rocca,1
patronage,1
matzerath,1
putsch,1
midwest,1
pietri,1
hughes,1
munro,1
stuttgart,1
arendt,1
lingelbach,1
martina,1
sposi,1
vs,1
abstraction,1
sightseeing,1
rescue,1
foyle,1
zollitsch,1
alaine,1
hepatitis,1
dienst,1
nayereh,1
marwitz,1
smock,1
salvation,1
columbian,1
special,1
frati,1
kammer,1
danger,1
distant,1
ludwig,1
hakims,1
feel,1
biirgerliche,1
lumbee,1
amsterdamska,1
factors,1
derek,1
precious,1
risks,1
brendan,1
tedeschi,1
silverstein,1
tower,1
empires,1
brunswick,1
changes,1
freedmen,1
secolare,1
perceptions,1
inauguration,1
romantic,1
partnership,1
donato,1
airghialla,1
stand,1
municipal,1
yamaji,1
barbarous,1
forget,1
organization,1
seas,1
incerta,1
adligbiirgerlicher,1
entrenched,1
berry,1
identitatsfaktoren,1
jacob,1
semantics,1
warren,1
allocation,1
slavic,1
extranjeros,1
stabilizing,1
moscarda,1
impact,1
kusmer,1
elliot,1
ursula,1
jersey,1
decade,1
weltkriegen,1
petro,1
listed,1
shrinking,1
xi,1
rom,1
cousins,1
retrospective,1
most,1
gagern,1
leicester,1
pascarelli,1
monica,1
keddie,1
democratic,1
naylorojurongbe,1
resource,1
stewart,1
dialectic,1
connecting,1
peru,1
sapientis,1
defeat,1
pombeni,1
meticulosum,1
fastolf,1
impotence,1
chiliasm,1
civilities,1
militaradel,1
deuttsche,1
founding,1
martyn,1
senegal,1
alexis,1
tyranny,1
giuseppina,1
admiration,1
scientism,1
trajectories,1
dalits,1
methodology,1
franz,1
nebraska,1
macmahon,1
entlassung,1
union,1
prints,1
ruolo,1
widerstand,1
character,1
postapartheid,1
voce,1
daniela,1
uses,1
mcneill,1
my,1
klaus,1
nullita,1
applause,1
castonguay,1
alteritat,1
maynor,1
woltn,1
path,1
cd,1
sulla,1
nancy,1
societies,1
legalistic,1
rule,1
marion,1
conservative,1
postcolony,1
jewish,1
entering,1
forzata,1
hands,1
joy,1
lazzeri,1
processi,1
amsterdam,1
effort,1
missouri,1
kate,1
lived,1
standardizing,1
gravida,1
crowd,1
ocean,1
dispute,1
defizite,1
scheitern,1
halperin,1
russel,1
portsmouth,1
philosophical,1
poetry,1
stacey,1
brokers,1
visualisation,1
markets,1
muslim,1
honour,1
academic,1
hui,1
monarchiekonzepte,1
banker,1
conversions,1
pure,1
michele,1
hartley,1
occupation,1
schock,1
oder,1
prescott,1
reviews,1
coyle,1
haufe,1
province,1
breen,1
recently,1
moralitites,1
sul,1
companies,1
quattrocento,1
farrington,1
dirks,1
russell,1
verhaltnis,1
contesting,1
adelstradition,1
sites,1
saunt,1
pollen,1
sport,1
historamericana,1
dwelling,1
tibb,1
fox,1
plessner,1
corrodi,1
osservanti,1
politicisation,1
contro,1
adolescent,1
politiche,1
brooks,1
wills,1
memory,1
alamanni,1
eurocentrism,1
well,1
representatives,1
abuse,1
positionen,1
colonies,1
ferrante,1
keeping,1
anna,1
fulani,1
prewar,1
muraile,1
spheres,1
harvie,1
meissner,1
tribulations,1
weinberg,1
gibbon,1
choi,1
simone,1
postutopian,1
douglas,1
impero,1
received,1
bayande,1
reinhard,1
mccants,1
tercentenary,1
gewidmet,1
county,1
tardo,1
paola,1
simms,1
hereditary,1
trentina,1
dil,1
competing,1
matthee,1
luce,1
eckert,1
scheunenviertel,1
impairs,1
tenure,1
thoughts,1
minnucci,1
geology,1
securing,1
celia,1
forja,1
authenticity,1
dal,1
bible,1
q,1
laurence,1
burkes,1
konitz,1
turk,1
has,1
bayern,1
printers,1
bemerkungen,1
fundacionales,1
marietta,1
detestabili,1
ringer,1
statistics,1
historische,1
limerick,1
lanham,1
herrenklub,1
kilian,1
tanaka,1
improvisation,1
teenage,1
personal,1
viswanathan,1
libero,1
plurality,1
folklore,1
xviii,1
geppert,1
gottlob,1
silvio,1
giovanna,1
missions,1
project,1
verfassungswandel,1
ciudadano,1
faso,1
kennedy,1
assembly,1
eveline,1
kherwar,1
heinemann,1
incerti,1
berufskultur,1
alcune,1
vazquez,1
approach,1
pollution,1
traders,1
purchasable,1
indic,1
terz,1
andrt,1
contests,1
tool,1
vida,1
responses,1
adelspolitischen,1
grietjie,1
iudiciale,1
birgertum,1
herrings,1
field,1
below,1
things,1
straight,1
debts,1
sandre,1
sahel,1
germ,1
contesi,1
jorg,1
catholic,1
contrast,1
rutgers,1
atnebellum,1
anni,1
emerging,1
safarnareh,1
around,1
hoogenboom,1
orientalist,1
nationalismus,1
piersen,1
spanish,1
autonomy,1
kaminski,1
recognition,1
migration,1
identitaten,1
luisa,1
riada,1
sylvia,1
indira,1
industry,1
civic,1
abolala,1
hardesty,1
flucht,1
australian,1
devin,1
anticommunism,1
distinguished,1
entsicherter,1
fetal,1
claudia,1
motherhood,1
norris,1
bounding,1
politicst,1
impossible,1
exporting,1
dem,1
adlige,1
creager,1
figura,1
peters,1
schraut,1
when,1
articulation,1
matthais,1
prakash,1
degeneration,1
benz,1
otros,1
carrera,1
penitenziale,1
rowman,1
vent,1
roots,1
brather,1
zylberman,1
nationsbildung,1
viral,1
genealogical,1
macdonald,1
generalship,1
stephan,1
osservanze,1
ethnographische,1
basu,1
simonutti,1
linton,1
peregrination,1
kronprinz,1
lend,1
struss,1
kennon,1
laing,1
tracy,1
violencia,1
spirituality,1
morphology,1
fides,1
undiscoverd,1
therefore,1
belgium,1
bernecker,1
reenchantment,1
tasks,1
sarkar,1
pediatrics,1
audrey,1
sons,1
vitolo,1
trabajo,1
diskussion,1
materials,1
architecture,1
gabriel,1
maghan,1
ria,1
jeon,1
littlefield,1
lukacs,1
transnational,1
guerrini,1
separation,1
williamson,1
glasgow,1
revival,1
imperiale,1
bothe,1
heresies,1
play,1
bis,1
cartography,1
buisson,1
kabyle,1
dinamiche,1
bunce,1
edges,1
coleman,1
procreation,1
female,1
luperini,1
cordy,1
zoning,1
community,1
formative,1
cole,1
safavids,1
legalized,1
make,1
mezzogiorno,1
nursery,1
angermann,1
nozze,1
enlightanment,1
florin,1
modes,1
girolamo,1
newton,1
rites,1
raum,1
billington,1
reception,1
trusteeship,1
inspirations,1
demokratisierungsversuchen,1
omnipotence,1
pastoralists,1
zoraida,1
fighting,1
evidentemente,1
bioprospection,1
pharmaceutical,1
confronting,1
maryanne,1
about,1
atti,1
santals,1
communities,1
pacific,1
secoli,1
widows,1
inquisition,1
magus,1
macgiollapadraig,1
fair,1
franks,1
hugh,1
kingston,1
plano,1
arrangements,1
furlong,1
pasley,1
marcuse,1
federalist,1
paradox,1
builds,1
giancarlo,1
mendelsohn,1
guanxixue,1
englishness,1
mission,1
continuity,1
morgan,1
seeing,1
columbus,1
paradoxes,1
seyla,1
verhoef,1
historia,1
ellwood,1
domesday,1
raumidentitat,1
reconciliation,1
northwest,1
marshall,1
assimilation,1
deutsche,1
home,1
junker,1
sforzesca,1
informal,1
liberty,1
ecclesiastici,1
rohrbacher,1
purity,1
tribunale,1
experimental,1
issues,1
colored,1
damas,1
wright,1
giudice,1
kuravahci,1
thilogne,1
belonging,1
by,1
appeals,1
summer,1
donnelly,1
vedanayaka,1
dakar,1
universalidad,1
emotional,1
congresses,1
matray,1
mich,1
bengkulu,1
erbe,1
praxis,1
bangladesh,1
proselytization,1
inheritance,1
wissenschaftliche,1
sector,1
harper,1
outskirts,1
kino,1
chloe,1
prassi,1
herkunft,1
routes,1
management,1
tlaxcalan,1
burgher,1
konzept,1
zwanzigsten,1
critiques,1
tour,1
sabato,1
paraguay,1
heritage,1
gangraena,1
challenge,1
owuraku,1
toward,1
sviluppi,1
polemic,1
whaling,1
movimento,1
hydrographical,1
gossiprid,1
bowling,1
siena,1
water,1
transcultural,1
meek,1
herbert,1
minorities,1
joyce,1
wilhelminischen,1
longer,1
dymond,1
sing,1
militarreform,1
praeger,1
neria,1
irene,1
xii,1
patrizi,1
epidemiology,1
causa,1
creative,1
aires,1
predominant,1
sullivan,1
wine,1
monastica,1
conor,1
unionists,1
claudio,1
feudtner,1
lombardia,1
germans,1
practical,1
ideale,1
pietschmann,1
steuart,1
uncle,1
criollos,1
mascots,1
feasting,1
navy,1
fiihrertum,1
latina,1
observadores,1
pennsylvania,1
gaucho,1
man,1
sebastian,1
fear,1
germanic,1
subrahmanyam,1
dharma,1
enough,1
jaime,1
literatur,1
sacramenti,1
cofactors,1
proles,1
do,1
paris,1
caldwell,1
ron,1
centre,1
impinge,1
model,1
manner,1
bruna,1
amanda,1
road,1
select,1
lehmann,1
developing,1
socinian,1
hilda,1
postal,1
income,1
karl,1
newtonian,1
seamen,1
geoff,1
dea,1
soranzo,1
choice,1
mughals,1
appreciation,1
kontinuitdt,1
lines,1
necessary,1
emotion,1
material,1
maturity,1
por,1
gabriele,1
staatund,1
cheyne,1
podova,1
nigel,1
convento,1
belief,1
defends,1
metropolitan,1
bengt,1
meta,1
governance,1
controversy,1
unione,1
circe,1
orpheus,1
going,1
free,1
presentation,1
historiographical,1
cumings,1
elogio,1
scheuerman,1
institutions,1
charleston,1
goffart,1
interpreting,1
domenicani,1
institutionen,1
discourses,1
cinquecento,1
conservador,1
kulturelles,1
teri,1
liberalismus,1
private,1
mice,1
unsolved,1
churches,1
disease,1
reed,1
valsugana,1
indiana,1
lenman,1
cambridge,1
craig,1
beitrige,1
tradicionalista,1
mothers,1
hundred,1
helmut,1
situating,1
asef,1
writings,1
golub,1
hindu,1
formal,1
autonomists,1
patricia,1
sciart,1
ridiculous,1
walton,1
volkstum,1
pistoise,1
increase,1
billy,1
eta,1
spanischen,1
borough,1
josefina,1
tammany,1
chilenischen,1
finland,1
prussia,1
caso,1
holocaust,1
out,1
asian,1
ewald,1
mols,1
fehr,1
industriekapitalismus,1
horst,1
francis,1
juan,1
equity,1
morality,1
vankevich,1
shades,1
pauline,1
consortium,1
yorkshire,1
baldassino,1
kulikowski,1
evolution,1
stoler,1
recovery,1
services,1
wildcats,1
franklin,1
prelude,1
fantastic,1
archive,1
full,1
heinrich,1
legal,1
partisan,1
sinossi,1
office,1
vali,1
literatura,1
intimacy,1
theoretical,1
discontinuities,1
java,1
benin,1
vii,1
routledgecurzon,1
versions,1
low,1
becher,1
open,1
revoluciones,1
soudavar,1
imperatore,1
armas,1
zimbabwe,1
archaeological,1
thirdworld,1
carola,1
andrews,1
profession,1
vyas,1
anfangswirren,1
wilfried,1
passe,1
naficy,1
nicholls,1
co,1
workers,1
august,1
travels,1
xenophobia,1
belsey,1
individual,1
isles,1
liebeskind,1
zurbuchen,1
architectural,1
transience,1
philipp,1
genetics,1
fuihreradel,1
kane,1
spread,1
tobias,1
vita,1
seminoles,1
hotze,1
bromley,1
mouton,1
high,1
rhetoric,1
miracle,1
barbarian,1
spataufklarung,1
stages,1
joanne,1
lie,1
submissions,1
trek,1
nurses,1
sposa,1
stimulation,1
gegenrevolution,1
black,1
managerial,1
adelsgenossenschaft,1
sally,1
exchange,1
class,1
patterns,1
baktiari,1
skimmington,1
advisors,1
comparing,1
problems,1
pocock,1
postoral,1
delano,1
systems,1
tudor,1
k,1
textbooks,1
spirituale,1
waither,1
relation,1
najma,1
niall,1
krise,1
contact,1
xvi,1
banking,1
nei,1
matrimonium,1
seattle,1
confereate,1
diamond,1
brosco,1
potthast,1
antijewish,1
adenauer,1
pathway,1
southwest,1
aizan,1
cinematic,1
gasparini,1
mckenna,1
we,1
diabetes,1
connections,1
engagement,1
indoamericano,1
sabbatianism,1
adorno,1
endeley,1
sugar,1
waterston,1
nasr,1
loffler,1
mestizaje,1
jungmayr,1
opatrny,1
nollaig,1
anglophone,1
rationalizing,1
vauchez,1
stereotypes,1
justice,1
stueck,1
communalism,1
scheid,1
terri,1
infants,1
limiting,1
chojnacki,1
brepols,1
pohl,1
turnhout,1
maclaurin,1
european,1
space,1
nationalen,1
monasteri,1
marilyn,1
liberalism,1
wenskus,1
kohlruausch,1
libration,1
aid,1
circle,1
keita,1
wirtschaft,1
uncanny,1
weinbrenner,1
palmetto,1
popkin,1
secular,1
seu,1
creolozatoin,1
enquiry,1
vicissitudes,1
homoepathy,1
movements,1
punjab,1
maier,1
chance,1
linda,1
krieger,1
holiday,1
prophets,1
respinto,1
program,1
suspected,1
motivi,1
burghers,1
dirlik,1
nikki,1
allardice,1
racial,1
clinician,1
revisionism,1
generalism,1
dimensions,1
lost,1
meckel,1
reason,1
soul,1
castles,1
rethinking,1
corte,1
basso,1
sturm,1
seduzione,1
dornakal,1
markers,1
federalism,1
thrilling,1
linborch,1
expert,1
wilhelm,1
linking,1
volumes,1
life,1
why,1
preformation,1
chrisholm,1
methods,1
gabrieli,1
thibaud,1
dockyard,1
bildern,1
benftez,1
estrangements,1
domenicano,1
is,1
hammar,1
bowlus,1
frontier,1
controverse,1
wives,1
siemers,1
education,1
commemoration,1
unioni,1
kingdoms,1
oreg,1
zeit,1
rim,1
silverblatt,1
canada,1
worlds,1
tuckwell,1
italiani,1
heather,1
digiacomantonio,1
bolognese,1
stilz,1
clinical,1
niger,1
earliest,1
venezuela,1
hancock,1
legacies,1
faoro,1
ordine,1
questioning,1
osborn,1
environment,1
jeaffreson,1
itinerari,1
wars,1
persecution,1
experiemental,1
sachse,1
bode,1
any,1
mcdonald,1
ned,1
postmodernism,1
following,1
xxiv,1
neuformulierung,1
argentinische,1
series,1
conclusion,1
latinoamericana,1
russians,1
bayle,1
lascars,1
changing,1
bombay,1
exhibitions,1
postrevolutionary,1
quilley,1
monasteries,1
mackenzie,1
pendas,1
doppeltes,1
beckerson,1
islamism,1
confounding,1
forgetting,1
swaziland,1
meur,1
jacobi,1
cohn,1
ralph,1
mac,1
annaherungstendenzen,1
friedeburg,1
disapproval,1
patriarcale,1
bernstein,1
md,1
uslar,1
phillips,1
ricerca,1
dudden,1
ventilators,1
welt,1
eerdmans,1
alternative,1
brazilian,1
cover,1
butler,1
know,1
jackets,1
consenso,1
interessi,1
smellie,1
quadflieg,1
continental,1
stadt,1
colonization,1
each,1
readily,1
historicism,1
finance,1
theobald,1
wiesebron,1
bethlehem,1
tuberculosis,1
stalinism,1
worboys,1
expanding,1
feenberg,1
transfer,1
connection,1
setting,1
jenkinson,1
caen,1
yellow,1
ahr,1
lincolnshire,1
jacobs,1
sumit,1
bunting,1
republicanism,1
constructions,1
cardinale,1
ratification,1
eugenics,1
ideological,1
rossner,1
siglos,1
hospital,1
bergunder,1
tribes,1
theology,1
thinking,1
herrenhaus,1
everday,1
grievances,1
powell,1
asserting,1
andersen,1
roelcke,1
malinda,1
adelsidentitat,1
jennifer,1
parson,1
settecento,1
identities,1
clerc,1
movie,1
betrachtet,1
passage,1
works,1
modell,1
options,1
lending,1
better,1
glory,1
pediatrician,1
sastri,1
animal,1
researching,1
iudicii,1
born,1
sine,1
commodity,1
lindsay,1
jean,1
hassell,1
what,1
lont,1
sotto,1
perceiving,1
senegalese,1
degler,1
circles,1
winship,1
spatial,1
them,1
selected,1
ursina,1
mehran,1
webster,1
want,1
cause,1
lucca,1
trinity,1
sachsen,1
che,1
thierry,1
vertente,1
bernhard,1
mertens,1
manuscripts,1
cmiel,1
ara,1
mere,1
montanism,1
angela,1
mathematics,1
ersten,1
travellers,1
forma,1
getting,1
antony,1
periphery,1
crannogs,1
collector,1
intermediaries,1
hitler,1
neuer,1
destruktion,1
calhoun,1
preubischen,1
ahmad,1
information,1
refiguring,1
don,1
alcohol,1
moller,1
bosnia,1
palladino,1
morales,1
pinell,1
freedom,1
engineer,1
travel,1
berridge,1
spaces,1
maimbourg,1
burden,1
vista,1
middell,1
boston,1
paintings,1
uribe,1
gisela,1
poems,1
karlsson,1
andrea,1
horkheimer,1
fewster,1
unani,1
variegati,1
beiden,1
lordly,1
ohio,1
technologies,1
argumente,1
marketing,1
adolf,1
musician,1
became,1
athens,1
federico,1
ac,1
maori,1
disattesa,1
elizabethan,1
hamid,1
transition,1
famigliari,1
bildraume,1
viner,1
leab,1
shompa,1
abdoulaye,1
beatrice,1
frykenberg,1
twenties,1
lesson,1
soncin,1
kapitalistischen,1
golnar,1
stevenson,1
indians,1
writing,1
coming,1
syndrome,1
prima,1
lucia,1
pakistan,1
come,1
eric,1
femme,1
hydropathy,1
intercultural,1
formation,1
vaez,1
krieg,1
models,1
europareisender,1
poverta,1
seit,1
argument,1
invasion,1
frontiers,1
stoneman,1
mcmullen,1
conn,1
predispositions,1
parlamentarismus,1
kruger,1
donald,1
charts,1
sharif,1
travelling,1
nell,1
recovering,1
battalion,1
aspetti,1
juli,1
sufferings,1
jacobean,1
arnold,1
diarmaid,1
hansjoachim,1
structuring,1
talal,1
tripel,1
unified,1
obbligati,1
barnes,1
legislating,1
dogma,1
integration,1
prosperity,1
gentry,1
hartwin,1
xive,1
yverdon,1
livorno,1
spenkuch,1
grabiner,1
thamer,1
identitatsfigur,1
walking,1
remains,1
jorn,1
eckart,1
classification,1
archivi,1
familie,1
borschlagen,1
konservativer,1
dissent,1
barry,1
buve,1
northers,1
searching,1
written,1
coloradas,1
chittolini,1
namhee,1
kraus,1
gunter,1
zweier,1
bayat,1
fontaine,1
themselves,1
elites,1
johnson,1
cook,1
historischer,1
cline,1
era,1
book,1
anglicisation,1
fears,1
liwy,1
kim,1
stewards,1
re,1
appealing,1
much,1
argentinien,1
battista,1
controversie,1
strong,1
uk,1
prison,1
arturo,1
mettele,1
premature,1
politischen,1
rohl,1
entscheidungen,1
reazioni,1
roles,1
ari,1
nationalsozialistischem,1
intorno,1
reversing,1
laico,1
lateinamerikanischen,1
plunkett,1
atlanticas,1
