WORDCOUNTS,WEIGHT
the,750
of,488
and,423
to,269
in,264
a,179
air,100
as,92
that,90
war,89
was,78
for,71
und,58
on,57
germany,55
had,55
s,55
new,50
by,47
national,47
luftschutz,46
an,45
german,43
der,43
not,41
die,41
it,37
defense,37
political,36
more,36
also,36
were,36
see,34
be,34
june,32
social,32
this,30
but,28
with,28
i,26
american,25
after,25
at,24
world,24
gas,24
modern,23
no,23
which,23
is,23
state,22
review,22
historical,22
one,21
reich,21
gasschutz,21
their,21
or,21
berlin,20
machine,20
age,20
would,20
who,20
total,19
technical,19
order,19
into,18
women,18
im,18
people,18
only,18
power,18
peter,18
gliding,18
york,17
public,17
nazi,17
they,16
than,16
civil,16
nation,16
will,16
technology,16
germans,16
junger,15
j,15
officials,15
these,15
fritzsche,15
schmitt,15
discipline,14
even,14
mobilization,14
industrial,14
league,14
civilian,14
military,13
politics,13
airmindedness,13
weimar,13
from,13
civilians,13
des,13
aviation,12
dreams,12
served,12
his,12
could,12
however,12
its,12
up,12
attacks,12
made,12
ernst,12
thus,11
nazis,11
bombers,11
most,11
future,11
sense,11
provided,11
he,11
authoritarian,11
citizens,11
have,11
crisis,11
bombing,10
every,10
europe,10
such,10
century,10
von,10
n,10
hitler,10
required,10
london,10
during,10
seemed,10
strategic,10
about,10
home,10
ed,10
airplanes,10
so,10
bomber,10
over,10
did,10
according,10
history,9
other,9
able,9
morale,9
rather,9
stuttgart,9
front,9
well,9
fire,9
society,9
community,9
efforts,9
sirene,9
figure,9
cities,9
technological,9
much,9
authority,8
there,8
panic,8
masks,8
exercises,8
how,8
dangers,8
just,8
bombs,8
view,8
because,8
both,8
once,8
same,8
nationalists,8
end,8
eds,8
carl,8
civic,8
terms,8
when,8
popular,8
cambridge,8
between,8
hans,8
way,7
princeton,7
all,7
erich,7
young,7
third,7
hampe,7
gasmaske,7
strategy,7
called,7
out,7
vulnerability,7
luftfahrt,7
experts,7
percent,7
psychological,7
under,7
increasingly,7
raids,7
appeared,7
time,7
man,7
wette,7
krieg,7
health,7
become,7
january,7
postwar,7
life,7
itself,7
are,7
what,7
november,7
trans,6
h,6
allies,6
nineteenth,6
central,6
side,6
along,6
walter,6
theorists,6
edward,6
emergency,6
den,6
house,6
frau,6
effort,6
international,6
work,6
forces,6
munich,6
hugo,6
economic,6
airplane,6
security,6
french,6
many,6
men,6
classes,6
deutschen,6
airminded,6
european,6
been,6
february,6
through,6
became,6
simply,6
although,6
socialism,6
ends,6
should,6
if,5
needed,5
first,5
supposedly,5
might,5
wardens,5
together,5
borders,5
british,5
historians,5
mass,5
victims,5
zur,5
warfare,5
throughout,5
since,5
september,5
police,5
vigilance,5
ability,5
unity,5
individual,5
journal,5
risk,5
danger,5
means,5
w,5
came,5
attack,5
demands,5
before,5
flying,5
late,5
population,5
meet,5
r,5
training,5
revolution,5
small,5
always,5
degeneration,5
service,5
nearly,5
july,5
movement,5
deutsche,5
forms,5
auf,5
described,5
wells,5
herf,5
any,5
regime,5
each,5
december,5
domestic,5
very,5
dark,5
urban,5
peace,5
city,5
years,5
dangerous,5
already,5
raid,5
among,5
map,5
ready,4
encouraged,4
fighter,4
measures,4
group,4
neighborhoods,4
totale,4
socialists,4
western,4
ambitious,4
planes,4
leipzig,4
government,4
nationalism,4
robert,4
wolfram,4
has,4
possible,4
e,4
machinery,4
october,4
fur,4
against,4
conflict,4
explained,4
medical,4
g,4
composure,4
turn,4
baldwin,4
compared,4
like,4
hamburg,4
l,4
main,4
active,4
opportunity,4
bouvard,4
organization,4
welfare,4
trained,4
sellien,4
requirements,4
big,4
further,4
precautions,4
ludendorff,4
literature,4
part,4
flight,4
long,4
motors,4
manage,4
things,4
progress,4
am,4
local,4
britain,4
indeed,4
bis,4
peukert,4
without,4
street,4
luftkrieg,4
members,4
leader,4
fliers,4
paul,4
added,4
shows,4
idea,4
took,4
everyday,4
ground,4
model,4
armed,4
michael,4
necessary,4
conviction,4
aviators,4
schule,4
day,4
ewald,4
conditions,4
hour,4
workers,4
august,4
times,4
mask,4
played,4
black,4
haven,4
attention,4
widely,4
patriotic,4
army,4
detailed,4
achieve,4
teetzmann,4
constituted,4
cover,4
leaders,4
aerial,4
build,4
elsewhere,4
merely,4
flaubert,4
imperial,4
threat,4
little,4
role,4
aspect,4
come,4
zivile,4
conn,4
chemical,4
d,4
states,4
france,4
entire,4
building,4
kurt,3
democracy,3
child,3
factories,3
polish,3
later,3
indicated,3
groups,3
suggested,3
rumpf,3
totaler,3
large,3
paralysis,3
second,3
schools,3
unterricht,3
completely,3
fly,3
ominous,3
realities,3
acceptance,3
fragile,3
arms,3
gases,3
frankfurt,3
posed,3
production,3
voices,3
confirmed,3
great,3
skies,3
cohesion,3
emphasized,3
precisely,3
those,3
technocratic,3
system,3
courtesy,3
pulled,3
task,3
capacity,3
schicksalsfrage,3
design,3
red,3
applauded,3
condition,3
apocalyptic,3
prophesying,3
point,3
cited,3
anticipated,3
exposed,3
million,3
iron,3
development,3
victory,3
de,3
aus,3
madness,3
relations,3
vom,3
divisions,3
response,3
luftschutzproblem,3
werden,3
citizen,3
generation,3
lindbergh,3
failed,3
civilization,3
goering,3
dangerously,3
block,3
predicted,3
act,3
observers,3
links,3
purely,3
sort,3
doctrine,3
similar,3
pecuchet,3
benjamin,3
special,3
perilous,3
solutions,3
glider,3
march,3
gradually,3
powerful,3
ihre,3
result,3
found,3
republik,3
das,3
bomb,3
nerves,3
hellman,3
reactionary,3
luftwaffe,3
sovereignty,3
sacrifice,3
possibility,3
improve,3
competent,3
makers,3
received,3
concept,3
edn,3
whole,3
year,3
preparation,3
status,3
earth,3
good,3
lords,3
event,3
party,3
feelings,3
hermann,3
jiinger,3
massive,3
threatened,3
therefore,3
strategists,3
scientific,3
identified,3
play,3
horrors,3
female,3
uber,3
still,3
strife,3
surveyed,3
land,3
victor,3
projects,3
serve,3
heinz,3
sky,3
included,3
jeopardy,3
eksteins,3
useful,3
strike,3
towns,3
fact,3
stories,3
conduct,3
renovate,3
reform,3
contemporary,3
doubt,3
serious,3
minister,3
paris,3
kellogg,3
karl,3
lines,3
wartime,3
perhaps,3
woman,3
metropolitan,3
verbs,3
remained,3
plane,3
fight,3
another,3
thousands,3
mobilmachung,3
divided,3
bericht,3
engineers,3
vigilant,3
three,3
moral,3
points,3
logic,3
period,3
summer,3
thomas,3
municipal,3
imagination,3
weimarer,3
sensible,3
detlev,3
offensive,3
stephenson,3
destruction,3
professional,3
zukunft,3
soziale,3
science,3
claimed,3
modernism,3
kennett,3
class,3
considered,3
school,3
then,3
believed,3
lessons,3
airships,3
know,3
intellectual,3
best,3
down,3
propaganda,3
allied,3
ideological,3
enemy,3
beginning,3
pact,3
courses,3
went,3
conventional,3
ein,3
finally,3
ended,3
charles,3
potential,3
beck,3
c,3
early,3
given,3
images,3
strong,3
seek,3
cross,3
portrait,3
summed,2
battlefield,2
medals,2
allegedly,2
accidents,2
car,2
rev,2
generated,2
pull,2
geopolitics,2
extreme,2
calm,2
seizure,2
metzner,2
pushed,2
defenses,2
effective,2
schuttel,2
staates,2
evocative,2
english,2
solidarity,2
grundlagen,2
pathologies,2
upheaval,2
nerve,2
harsh,2
kann,2
experience,2
politik,2
douhet,2
fitted,2
cast,2
deter,2
either,2
rathje,2
parliamentary,2
ohliger,2
creation,2
interests,2
implications,2
give,2
chaos,2
taken,2
rested,2
daughters,2
worked,2
nature,2
rechtswissenschaft,2
revival,2
tear,2
words,2
als,2
accompanied,2
imaginary,2
luftschutzes,2
concludes,2
feature,2
jill,2
months,2
course,2
alert,2
raised,2
complicated,2
modris,2
fascism,2
nazism,2
worldwide,2
prosper,2
gunther,2
proposals,2
case,2
issue,2
takes,2
disarmament,2
alfred,2
encouraging,2
sought,2
collaborator,2
opened,2
cooperation,2
activity,2
drive,2
flugsport,2
emile,2
mounting,2
invited,2
langenscheidt,2
himself,2
signal,2
labor,2
oldenburg,2
reichsluftschutzbund,2
disorder,2
dominated,2
demanded,2
visited,2
featured,2
regarded,2
gilman,2
technische,2
fatalism,2
seversky,2
incendiary,2
statesmanship,2
six,2
radio,2
mechanical,2
warned,2
positionen,2
designed,2
artillery,2
apocalypse,2
deeply,2
terror,2
leadership,2
join,2
adjust,2
technicians,2
master,2
virtuous,2
barth,2
promised,2
may,2
van,2
communities,2
town,2
essential,2
nye,2
operations,2
traffic,2
graf,2
developed,2
remain,2
landscape,2
fringe,2
preparing,2
notion,2
zivilen,2
ills,2
neighborhood,2
eight,2
erlebte,2
michel,2
hazardous,2
derived,2
studies,2
mobilize,2
lay,2
ludwig,2
kriegsbereitschaft,2
krieger,2
empires,2
nothilfe,2
facilitated,2
bruck,2
objects,2
established,2
spirit,2
preoccupation,2
weak,2
geyer,2
argued,2
show,2
democratic,2
hesse,2
max,2
origins,2
beyond,2
defeat,2
painted,2
destructive,2
important,2
provisional,2
scenery,2
conflicts,2
experimentation,2
greater,2
expressed,2
advance,2
lead,2
kottenberg,2
method,2
p,2
ambitions,2
broke,2
energetic,2
her,2
primacy,2
dispute,2
quasebart,2
czech,2
deutscher,2
library,2
aspects,2
tools,2
scale,2
energy,2
spiritual,2
taught,2
wide,2
preparations,2
undermined,2
sites,2
bombardment,2
screenplay,2
revealed,2
clarke,2
drawn,2
pitiless,2
heart,2
prompted,2
purpose,2
example,2
knowledge,2
call,2
gender,2
used,2
gave,2
gotz,2
strenuous,2
moments,2
schoolchildren,2
overhead,2
disciplined,2
compact,2
few,2
won,2
kohlenstadt,2
visions,2
own,2
minds,2
behandlung,2
t,2
depicting,2
siecle,2
commons,2
ist,2
eine,2
riedel,2
responsibility,2
next,2
outlawing,2
politically,2
flieger,2
contrast,2
gliders,2
night,2
atmosphere,2
mitchell,2
luftschutzubung,2
consensus,2
accomplished,2
renovation,2
depression,2
industry,2
dramatic,2
research,2
weapons,2
classrooms,2
generally,2
guns,2
plausible,2
reflected,2
appropriate,2
crime,2
waiting,2
avoid,2
nations,2
led,2
sons,2
situation,2
myth,2
matter,2
various,2
unification,2
limited,2
deadly,2
defensible,2
forward,2
suburban,2
april,2
make,2
wind,2
demoralization,2
airship,2
pilots,2
kampfgase,2
oxford,2
emergencies,2
suited,2
thought,2
soon,2
evolved,2
restricted,2
exposure,2
combat,2
zeppelin,2
nationalsozialismus,2
malleable,2
culture,2
lord,2
outlined,2
friedrich,2
illustrated,2
two,2
learns,2
enrolled,2
rise,2
foucault,2
picture,2
longer,2
routes,2
organizations,2
volkerrechtliche,2
again,2
neue,2
put,2
chain,2
looked,2
skills,2
faster,2
rosy,2
matthias,2
teachers,2
educated,2
explosives,2
arthur,2
considerable,2
discussed,2
behind,2
hand,2
remarkable,2
where,2
less,2
foreword,2
searchlights,2
material,2
frightening,2
books,2
streets,2
forebodings,2
durkheim,2
original,2
recognizing,2
extended,2
vast,2
link,2
birth,2
rendered,2
range,2
walther,2
louis,2
concern,2
staatsarchiv,2
enduring,2
services,2
heinrich,2
chamberlin,2
advantages,2
fashion,2
shelter,2
weindling,2
landscapes,2
clear,2
bomben,2
heidelberg,2
reality,2
clouds,2
utter,2
aeronautical,2
high,2
filled,2
eluded,2
least,2
never,2
quick,2
gau,2
especially,2
can,2
learn,2
decisively,2
story,2
astonishing,2
we,2
totalen,2
ago,2
concluded,2
gustave,2
space,2
liberalism,2
valuable,2
mainfranken,2
today,2
geschutzt,2
george,2
you,2
ministry,2
program,2
fear,2
reminders,2
male,2
primarily,2
racial,2
bonds,2
reason,2
force,2
began,2
understand,2
transformation,2
inadequate,2
executive,2
expert,2
insecurity,2
quiet,2
responsible,2
construction,2
united,2
slogan,2
education,2
get,2
face,2
auslandes,2
meant,2
hearts,2
undertook,2
wars,2
authorities,2
intensification,2
bloehm,2
copse,2
struck,2
symbol,2
equipment,2
earle,2
set,2
highly,2
benefits,2
control,2
country,2
proponents,2
acknowledged,2
specialized,2
debilitating,2
novel,2
kiel,2
auxiliary,2
unknown,2
alexander,2
particularly,2
rearmament,2
grossraumordnung,2
gegen,2
fears,2
living,2
turned,2
preussischer,2
numbers,2
carefully,2
depicts,2
them,2
whether,2
aly,2
particular,2
maintain,2
watchfulness,2
statement,2
dream,2
bogatsch,2
explored,2
psychology,2
reclamation,2
meidner,2
targets,2
karlson,2
trembling,2
outline,2
level,2
circumstances,2
expected,2
thereby,2
airsport,2
sea,2
prospect,2
press,2
hurried,2
assumptions,2
territory,2
acute,2
extensive,2
arguments,2
families,2
moeller,2
prepared,2
wie,2
survive,2
burger,2
question,2
literatur,2
students,2
until,2
spring,2
survival,2
commercial,2
paetsch,2
julius,2
intensified,2
deutschland,2
twentieth,2
camps,2
zum,2
accept,2
include,2
need,2
specialists,2
writer,2
effects,2
piece,2
prosperity,2
voluntary,2
bombardiers,2
campaign,2
roles,2
recounted,2
themselves,2
era,2
debate,2
micropolitical,2
overy,2
bevolkerung,2
race,2
otto,2
major,2
thorough,2
unpredictable,1
final,1
countryside,1
grasped,1
wolken,1
difficult,1
mingled,1
bernard,1
reichstag,1
schwab,1
kleffel,1
exhibit,1
deny,1
airports,1
poison,1
investigated,1
element,1
calibrated,1
feint,1
common,1
declared,1
dritten,1
hygienicus,1
elementare,1
obey,1
anthony,1
materiel,1
sherry,1
dug,1
stood,1
prize,1
immune,1
created,1
commitment,1
imminence,1
ballons,1
nordau,1
peaceful,1
bolstering,1
rotes,1
personnel,1
entrails,1
jane,1
girl,1
luftschutzorte,1
hauptstaatsarchiv,1
detour,1
alone,1
postures,1
navigation,1
considerably,1
spurred,1
debris,1
counterposed,1
horizons,1
tatigkeit,1
rickety,1
village,1
mittelund,1
switches,1
replaced,1
doom,1
integrity,1
envisioned,1
provisions,1
use,1
elaborated,1
ofjeopardy,1
mostly,1
verkehrsregelung,1
parochialism,1
mankind,1
prime,1
sander,1
vertraulicher,1
catastrophe,1
tat,1
organic,1
underground,1
bombenflugzeuge,1
helmets,1
true,1
continent,1
o,1
item,1
di,1
refashioned,1
pressing,1
desperately,1
mit,1
vernichtung,1
soldan,1
gefahrvolk,1
favor,1
licenses,1
cement,1
better,1
endurance,1
collection,1
reasonably,1
neues,1
policy,1
luftruistungen,1
prentice,1
fixed,1
resurgence,1
cynical,1
schulen,1
fichte,1
stefan,1
replicate,1
stretches,1
entwicklung,1
feels,1
fashioning,1
zwischen,1
militarischen,1
beispiel,1
nonetheless,1
vulgarized,1
overhauled,1
strikes,1
selfless,1
replenish,1
zitelmann,1
edge,1
permitted,1
disputed,1
themes,1
prosperous,1
different,1
test,1
indexes,1
file,1
wehrgedanke,1
elke,1
inhibited,1
florian,1
undermine,1
philosophers,1
sources,1
lexington,1
aufgaben,1
spiritually,1
suburbs,1
jackson,1
subscribed,1
aces,1
gilles,1
victim,1
heaters,1
exclusive,1
crews,1
handle,1
quoting,1
attempts,1
crippled,1
rapid,1
brains,1
brien,1
sirens,1
sunday,1
jungen,1
improvised,1
rational,1
england,1
results,1
prestigious,1
comradeship,1
asia,1
reestablish,1
laurence,1
dramatically,1
dangling,1
riesenfiugzeuges,1
grimly,1
possibilities,1
immense,1
polizeiliche,1
principles,1
affinities,1
capitalist,1
scientists,1
wooden,1
specially,1
leading,1
uind,1
appendages,1
screamed,1
advantage,1
christoph,1
holl,1
firm,1
stalwart,1
astonishingly,1
spokesman,1
differences,1
farmers,1
ravaged,1
aufsdtze,1
huddled,1
sprawling,1
rich,1
berman,1
carrying,1
assembled,1
clothe,1
polizei,1
studied,1
aircraft,1
housewife,1
atlantic,1
hundred,1
onto,1
hannah,1
launched,1
wellsian,1
torched,1
survey,1
take,1
real,1
reproduction,1
sachsse,1
alarming,1
efficiently,1
hands,1
soaring,1
gefahrmoment,1
failures,1
headlines,1
chancellor,1
prescription,1
faithful,1
murray,1
airline,1
respond,1
luftgefahr,1
evoked,1
classified,1
normal,1
revitalized,1
decreased,1
china,1
alike,1
alfons,1
readiness,1
educate,1
segelyliegerschule,1
revise,1
focus,1
visiting,1
within,1
context,1
agile,1
nowhere,1
melts,1
swarms,1
occasional,1
brandschutz,1
dancing,1
pretext,1
bardua,1
botanical,1
riemer,1
attacked,1
nazisponsored,1
autonomous,1
money,1
motion,1
bases,1
combatants,1
america,1
disciplinary,1
draw,1
killed,1
right,1
vulnerabilities,1
hohere,1
internationales,1
batteries,1
verhalten,1
vol,1
suicide,1
entirely,1
welcome,1
hofstaetter,1
soldier,1
some,1
capable,1
recommended,1
prevailing,1
quality,1
burning,1
reaching,1
dispatcher,1
aerospace,1
powers,1
functions,1
regenerated,1
insight,1
mobilizing,1
magazine,1
vital,1
sicherheit,1
terence,1
rid,1
mastery,1
occupations,1
apart,1
likely,1
stratosphere,1
except,1
womens,1
pairs,1
relocated,1
photographic,1
promises,1
irrational,1
nd,1
minimum,1
menaced,1
worker,1
lorries,1
illiberalism,1
janet,1
sheltered,1
behavior,1
visits,1
colonized,1
hygiene,1
expertise,1
learned,1
complained,1
reinvent,1
human,1
preoccupied,1
mitteldeutschland,1
bedroht,1
unfathomable,1
includes,1
berichte,1
royal,1
collapse,1
married,1
constructed,1
schultze,1
surely,1
merchants,1
historically,1
krisenjahre,1
ineffectiveness,1
weakened,1
willich,1
reassert,1
immediate,1
boy,1
unger,1
inevitable,1
run,1
past,1
regimens,1
pursuit,1
fuhrung,1
realized,1
stakes,1
missile,1
mastered,1
neighbors,1
interest,1
becoming,1
forgotten,1
fluten,1
authoritative,1
reproduced,1
rework,1
club,1
liebersohn,1
issued,1
heightened,1
jugular,1
witt,1
insisted,1
restore,1
dubbed,1
pay,1
meyer,1
precautionary,1
forerunners,1
overly,1
basil,1
brittleness,1
admitted,1
vault,1
uune,1
affairs,1
klassischen,1
bombarded,1
lage,1
elements,1
nor,1
recirculated,1
amended,1
destroyed,1
meteorology,1
hegende,1
keep,1
perspective,1
responsibilities,1
depend,1
refer,1
historicl,1
vingtieme,1
back,1
subjects,1
contrary,1
body,1
luftbild,1
machines,1
modernity,1
extraordinary,1
neighborsincluding,1
feldherr,1
fatherland,1
afford,1
poem,1
guardian,1
zweiten,1
avidly,1
segelyfug,1
disarm,1
ness,1
apokalypse,1
truly,1
prpaana,1
find,1
rebuild,1
disobeyed,1
sanguine,1
explore,1
airattack,1
monatsschrift,1
look,1
spoils,1
beckmann,1
architects,1
resolutions,1
apparently,1
greer,1
flugelschlepper,1
wurzburg,1
traditions,1
oberschulbehorde,1
guard,1
occasion,1
general,1
tennstedt,1
commanding,1
weakness,1
airfield,1
acknowledge,1
warmongering,1
stanley,1
unfortunate,1
walls,1
focused,1
dermensch,1
jurist,1
tiitigkeit,1
aristocracy,1
speeds,1
higher,1
media,1
live,1
surprisingly,1
talks,1
spiegel,1
eines,1
hero,1
weapon,1
foresighted,1
geneva,1
regulated,1
racism,1
laboring,1
fleet,1
weskamp,1
subordination,1
genuinely,1
following,1
forbidding,1
costs,1
unravel,1
ululy,1
parisians,1
devastating,1
petcuchet,1
homo,1
destroy,1
cleaned,1
across,1
happily,1
angeles,1
district,1
presupposed,1
reshape,1
aggressive,1
strictly,1
basic,1
influential,1
conflation,1
explicit,1
barthel,1
reference,1
clink,1
whirl,1
calculation,1
remote,1
incidence,1
mechanics,1
cellar,1
arm,1
gertrud,1
fever,1
comply,1
phrases,1
granted,1
earlier,1
intoxicated,1
wissen,1
ritter,1
grew,1
certain,1
leave,1
europa,1
parts,1
induce,1
disintegration,1
defeatism,1
study,1
selected,1
competence,1
daedalus,1
earl,1
discoveries,1
feel,1
consequences,1
roth,1
wires,1
factors,1
dreans,1
supplements,1
enlisted,1
bulow,1
incapacitated,1
indispensable,1
raymond,1
falk,1
reve,1
send,1
recalled,1
kriegsverachtung,1
brunswick,1
escape,1
provinces,1
maintaining,1
shuffled,1
reichswehr,1
kampf,1
old,1
mission,1
marks,1
metropolis,1
supports,1
counterparts,1
university,1
improvement,1
sorts,1
sachlichkeit,1
retained,1
image,1
organized,1
scarred,1
schlemmer,1
yellow,1
emergence,1
eignty,1
linked,1
photographs,1
liberal,1
frenzied,1
driven,1
threatening,1
days,1
accrued,1
rabinow,1
attain,1
squares,1
accomplishment,1
suchen,1
streetcar,1
frequently,1
too,1
fleeing,1
solid,1
four,1
superior,1
wire,1
additional,1
flights,1
muss,1
calculations,1
officer,1
armies,1
disastrous,1
efficient,1
followed,1
organisation,1
notions,1
idealized,1
cost,1
stark,1
preferably,1
exploitation,1
engines,1
visibly,1
permanent,1
shifted,1
endemic,1
m,1
opinion,1
appeals,1
reichsund,1
faced,1
participated,1
drawing,1
cut,1
therapies,1
totowa,1
trajectories,1
ideen,1
mutinies,1
artistic,1
vondung,1
thinks,1
character,1
penetration,1
reichsluftschutzverband,1
my,1
klaus,1
fuhrer,1
whom,1
sociological,1
introduce,1
concentration,1
exhibition,1
affordable,1
agenda,1
diligently,1
brig,1
societies,1
formulations,1
appearance,1
medicine,1
train,1
sieht,1
kleinstadten,1
emme,1
speeches,1
strength,1
pulse,1
luftmacht,1
painstaking,1
carol,1
centers,1
aversion,1
jn,1
scenes,1
intellectuals,1
meinung,1
ocean,1
rebirth,1
rudolf,1
events,1
census,1
radical,1
light,1
impermanence,1
parisian,1
insisting,1
luftschutzausstellungen,1
defiantly,1
quit,1
illness,1
vigorous,1
weissen,1
almost,1
diskursanalyse,1
markets,1
confidently,1
limp,1
rescuing,1
academic,1
contest,1
left,1
executor,1
outset,1
incalculability,1
oder,1
cultural,1
arbeiter,1
elemental,1
poverty,1
institute,1
simulate,1
precaution,1
hinterland,1
something,1
eventuality,1
auschwitz,1
agreements,1
sharpened,1
interruption,1
appears,1
recently,1
schneider,1
moderne,1
symbols,1
submarines,1
companies,1
reinforce,1
cannot,1
pricked,1
wealth,1
survivor,1
fashionable,1
representatives,1
sport,1
tension,1
defenseless,1
approached,1
luflfahrt,1
dwellers,1
begrzffe,1
opposition,1
negotiated,1
triumph,1
explosions,1
darkened,1
balance,1
konigshofen,1
eliminate,1
huge,1
restlose,1
warriors,1
pioneers,1
failure,1
geschichtsunterricht,1
chaotic,1
suspended,1
grunwaldt,1
participation,1
murals,1
begniff,1
relief,1
urgency,1
foresaw,1
minute,1
opportune,1
cohesive,1
bewegung,1
hung,1
abroad,1
scope,1
preconditions,1
implement,1
bolster,1
zeitung,1
los,1
vorstandes,1
generative,1
writers,1
preferred,1
nine,1
locus,1
imagined,1
goldstein,1
prominent,1
kriegsverherrlichung,1
heavily,1
mittelberger,1
explains,1
norm,1
propagandistische,1
unconditional,1
proportions,1
apparent,1
inevitability,1
interlocking,1
electrical,1
promiscuity,1
crawl,1
tune,1
arming,1
description,1
pipe,1
bennett,1
dozens,1
loss,1
staat,1
baden,1
genuine,1
describe,1
fit,1
consistently,1
older,1
discussions,1
frieden,1
engineer,1
bayern,1
geheimes,1
issues,1
broad,1
destination,1
preparedness,1
noted,1
underscored,1
structures,1
paret,1
destitution,1
nach,1
device,1
advertising,1
versatile,1
riskante,1
weekly,1
triumphs,1
chevalier,1
complemented,1
regional,1
institution,1
residents,1
harmless,1
alan,1
unseen,1
unjustified,1
strengthened,1
auswertung,1
enthusiastic,1
challenging,1
chemistry,1
debility,1
relentless,1
workaday,1
miserably,1
nicholls,1
fragen,1
creating,1
wounded,1
sketch,1
douhetian,1
heady,1
start,1
physician,1
painting,1
giant,1
successful,1
hanover,1
hard,1
field,1
retired,1
invite,1
reckonings,1
andreas,1
fury,1
theater,1
degeneracy,1
excitable,1
enrich,1
wrong,1
lethen,1
quite,1
midst,1
settlement,1
specifically,1
veteran,1
explicitly,1
deutsches,1
several,1
embraced,1
sufficient,1
imagines,1
blockades,1
jeder,1
disposition,1
revealing,1
drager,1
routine,1
outined,1
exigencies,1
disaster,1
impressions,1
amounted,1
brutalized,1
sudeten,1
legislated,1
decline,1
protect,1
woche,1
suddenly,1
codes,1
illusions,1
dem,1
obnoxious,1
futility,1
conquistadors,1
ohio,1
fortify,1
species,1
cosmology,1
doctrines,1
erika,1
gedanke,1
unlimited,1
stripe,1
infantry,1
acts,1
resistance,1
proper,1
ergebnisse,1
inquiries,1
leveled,1
breed,1
diminished,1
brigades,1
value,1
ignored,1
borowietz,1
luftschutzfront,1
grateful,1
skill,1
displaced,1
passive,1
monarchy,1
imperiled,1
rest,1
disturbing,1
establishments,1
geographical,1
evidence,1
parks,1
sobriety,1
jeffrey,1
piercing,1
periods,1
prescribed,1
renounce,1
f,1
battle,1
counteract,1
gustav,1
philosophische,1
tasks,1
film,1
cle,1
rainer,1
pervasive,1
adhering,1
inflected,1
republic,1
business,1
georg,1
outfitted,1
fascist,1
abwehrmoglichkeiten,1
deutschlands,1
learning,1
provide,1
poturzyn,1
variety,1
absence,1
meade,1
steadily,1
alarmingly,1
stadtebau,1
populations,1
procedures,1
cherished,1
logically,1
giving,1
wrote,1
happy,1
verband,1
frightful,1
launch,1
routinely,1
expansion,1
bolshevik,1
released,1
revolt,1
classic,1
harris,1
nietzsche,1
veterans,1
sheridan,1
warner,1
reduce,1
prove,1
harry,1
tag,1
expenditures,1
technically,1
expanded,1
wiesemann,1
indicates,1
domination,1
veins,1
comments,1
studien,1
drilled,1
regimentation,1
unprecedented,1
initially,1
combating,1
registered,1
rites,1
artist,1
ceilings,1
hold,1
insert,1
innovation,1
prefigured,1
stuttgarter,1
spectacular,1
engineering,1
dissatisfied,1
forecast,1
helmut,1
labisch,1
coherence,1
collaborates,1
depicted,1
eberle,1
emerged,1
criticism,1
verwaltungsrechtliche,1
staatsbibliothek,1
miscellany,1
yet,1
lifting,1
recognized,1
violence,1
observer,1
precondition,1
arendt,1
archiv,1
opportunities,1
treaty,1
newsreel,1
rechtslehre,1
mobilizations,1
makes,1
rules,1
accident,1
alongside,1
jetzt,1
oertliche,1
zurich,1
official,1
place,1
selective,1
neither,1
classroom,1
annihilated,1
marshall,1
earned,1
participants,1
dimme,1
orders,1
essence,1
continents,1
generatilon,1
geopolitik,1
knipfer,1
lamps,1
ky,1
enthusiast,1
sharply,1
passions,1
steamship,1
naval,1
planet,1
demonstrates,1
si,1
aufgabe,1
aground,1
dix,1
detoxicants,1
armageddon,1
inaugurate,1
aeronautics,1
trenchard,1
largest,1
narratives,1
fearsome,1
aid,1
watched,1
cultivated,1
communal,1
hunger,1
naz,1
qualified,1
reports,1
reliance,1
ganglia,1
volunteers,1
resented,1
weltkrieg,1
segelfiug,1
enforce,1
she,1
rip,1
ostpreussen,1
hallmark,1
charismatic,1
breuer,1
fill,1
lee,1
prophecies,1
turnen,1
shorts,1
tomorrow,1
outbreak,1
crew,1
kilograms,1
autonomy,1
goals,1
wohl,1
name,1
ind,1
law,1
book,1
waves,1
obsessively,1
journey,1
mentions,1
wilske,1
verge,1
fin,1
others,1
renewed,1
punish,1
geojurisprudenz,1
available,1
conceived,1
procured,1
safety,1
belligerent,1
growth,1
perfected,1
addition,1
contraptions,1
water,1
smith,1
lacked,1
conformity,1
artists,1
lengthy,1
lack,1
detlef,1
reinvention,1
sing,1
fundamental,1
workplaces,1
areas,1
hangwind,1
brodie,1
striking,1
unprepared,1
tutttahrt,1
brutting,1
diagnoses,1
agree,1
depict,1
versailles,1
paderborn,1
sywottek,1
swung,1
pretty,1
children,1
daily,1
break,1
classical,1
diverse,1
cages,1
emphatically,1
debates,1
vordenker,1
mold,1
minimize,1
manned,1
nuclear,1
treasured,1
fremde,1
automobiles,1
observes,1
trips,1
sanctioned,1
embattled,1
rough,1
planners,1
channel,1
match,1
corts,1
loosed,1
readers,1
promoted,1
drove,1
do,1
v,1
shelters,1
spain,1
schoolroom,1
grimme,1
covered,1
fable,1
metaphors,1
ensured,1
butterfly,1
accepted,1
celebrated,1
motoring,1
zeppelins,1
answer,1
strategies,1
coexisted,1
council,1
forth,1
attitude,1
agencies,1
norms,1
begriffe,1
uneasily,1
resigned,1
survivable,1
daunting,1
rallies,1
disfigure,1
assault,1
dusseldorf,1
governance,1
aeia,1
tagebuch,1
mobilized,1
alle,1
reconciled,1
rehearsed,1
number,1
wood,1
machiavelli,1
remarkably,1
alarmed,1
kritische,1
degree,1
redesigned,1
responded,1
grids,1
argues,1
sir,1
imagine,1
fundamentally,1
retaining,1
grosskreutz,1
withstand,1
exploring,1
cure,1
detonations,1
campaigns,1
luftschutzbewegung,1
uri,1
heralded,1
restrictions,1
treated,1
pazifismus,1
jahrgange,1
chiefly,1
colonizers,1
implicated,1
values,1
blaze,1
rhongeschichte,1
squabbles,1
hurled,1
writings,1
memoirs,1
including,1
buzzed,1
rehabilitation,1
raiders,1
francia,1
onslaught,1
billy,1
langdon,1
load,1
birds,1
solemn,1
identity,1
honorable,1
erobert,1
waste,1
skeptical,1
expression,1
fassungsrechtliche,1
clouded,1
unfortunately,1
prevailed,1
marlis,1
largely,1
wonderful,1
schoolrooms,1
virtually,1
hitria,1
ueberbau,1
diaries,1
dissolving,1
smoothly,1
utmost,1
urteil,1
questions,1
militarism,1
exhibited,1
launching,1
variables,1
individuals,1
baling,1
protected,1
bloomington,1
frame,1
fantastic,1
full,1
frohlich,1
rehabilitate,1
recruitment,1
held,1
embark,1
haeuber,1
theories,1
overturned,1
nevertheless,1
dummy,1
theoretical,1
subsequent,1
rejected,1
installed,1
helpless,1
open,1
crises,1
volunteer,1
berliners,1
directed,1
reward,1
kreuz,1
doctors,1
stress,1
comprehensive,1
express,1
language,1
virtues,1
mead,1
kumpf,1
bialer,1
studie,1
prevents,1
try,1
radar,1
pldneffur,1
homes,1
physics,1
someone,1
helpful,1
tim,1
spread,1
gruesome,1
volksgemeinschaft,1
function,1
jugendpsyche,1
mustered,1
plant,1
prognostications,1
premium,1
features,1
winner,1
collected,1
libet,1
horrifying,1
maximize,1
pyramidal,1
kept,1
foucauldian,1
enfranchisement,1
fragility,1
renewal,1
epoch,1
last,1
syllabi,1
landauer,1
durchgefuhrt,1
disasters,1
volkszahlen,1
freiherr,1
durch,1
sozialismus,1
vorbereitung,1
rhdngeschichte,1
accused,1
tangential,1
belief,1
faith,1
favored,1
erfassung,1
facing,1
drk,1
spectators,1
papered,1
promote,1
machtpositionen,1
eyes,1
often,1
feet,1
realm,1
geographers,1
overcome,1
weakest,1
examine,1
wreck,1
effect,1
orlovius,1
resolvethe,1
assigning,1
sammelbuch,1
leaflets,1
echoed,1
electric,1
licensed,1
aerodynamics,1
lothar,1
broszat,1
signatories,1
electricity,1
travelers,1
italy,1
rahskopff,1
primitive,1
horsepower,1
volkskirper,1
saw,1
frictions,1
cologne,1
engagement,1
attend,1
tougher,1
evaluated,1
reformist,1
railey,1
cheered,1
reckless,1
regimes,1
haul,1
la,1
repose,1
prescient,1
sozialdisciplinierung,1
identifizieren,1
splintering,1
genesis,1
wage,1
suggest,1
tempo,1
ascertained,1
schoolgirls,1
accepting,1
juni,1
kaplan,1
topography,1
weiterentwicklung,1
assigned,1
conscripted,1
imply,1
gloomy,1
aussondern,1
handkerchiefs,1
note,1
segelflug,1
luftpolitik,1
wisdom,1
streamlined,1
korda,1
stars,1
independent,1
redefine,1
inhabitants,1
bold,1
opportunism,1
crucial,1
foil,1
foreign,1
centrality,1
willingly,1
aesthetization,1
defenders,1
impressive,1
practical,1
groves,1
bound,1
fully,1
hill,1
grim,1
fliigelschlepper,1
inside,1
randomly,1
overcurious,1
schlacht,1
boulevards,1
hisisaclassic,1
ordinary,1
luftfahrtindustrie,1
referred,1
mood,1
leed,1
fraternity,1
indiscriminate,1
team,1
fitzgerald,1
render,1
psychologos,1
enlist,1
nothwithstanding,1
legitimacy,1
rapidly,1
anxious,1
gegenwart,1
frames,1
memorable,1
diagnosis,1
proletarian,1
krailsheimer,1
parade,1
furthered,1
posen,1
efficiency,1
accomplishing,1
proximity,1
machinists,1
blood,1
fall,1
volkskartei,1
impeded,1
surprising,1
entertainment,1
respect,1
endure,1
deterrents,1
coordination,1
strategically,1
commenting,1
inducing,1
eugene,1
sound,1
resemble,1
cols,1
comic,1
luftangriffe,1
around,1
concord,1
detail,1
stephen,1
family,1
deutschund,1
acquired,1
meer,1
environment,1
border,1
share,1
monuments,1
seriously,1
let,1
shadow,1
frauenpsyche,1
constant,1
historian,1
breach,1
prohibited,1
reorganized,1
reviewing,1
citizenry,1
aides,1
series,1
redemption,1
legacy,1
meted,1
douhetismus,1
focusing,1
tempting,1
grand,1
richter,1
nervous,1
rohden,1
ve,1
founded,1
existence,1
siren,1
athens,1
demonstrate,1
agents,1
wear,1
steel,1
ever,1
restored,1
theme,1
known,1
modernist,1
barbarism,1
subsidized,1
offered,1
banner,1
ll,1
jutta,1
claims,1
spots,1
darwin,1
glimpse,1
thieokpulclbay,1
creighton,1
obsolescence,1
compensation,1
einer,1
welt,1
gasmasken,1
discharged,1
lives,1
dividend,1
selbsthilfe,1
defining,1
branches,1
ordnung,1
prophylactic,1
foresees,1
heim,1
principle,1
nelkenbrecher,1
prinz,1
monthly,1
sure,1
besichtigung,1
readily,1
horrible,1
paper,1
global,1
sizes,1
roman,1
board,1
believe,1
collapsing,1
curious,1
effusive,1
villain,1
teamwork,1
appointment,1
sensational,1
half,1
fired,1
fearless,1
wissenschaft,1
assignments,1
unsettling,1
inquiry,1
diagnostician,1
eventually,1
foundation,1
opladen,1
grosz,1
steinert,1
hysteria,1
hinted,1
clearly,1
offentliche,1
disperse,1
exhaustive,1
longstanding,1
primary,1
townsfolk,1
kollektivsymbolik,1
unbreakable,1
director,1
distinguished,1
quoted,1
weltgeltung,1
ethos,1
works,1
type,1
pathological,1
girls,1
governing,1
survivors,1
subordinate,1
ruhr,1
dienstpflicht,1
clarity,1
specter,1
hose,1
defend,1
technischer,1
scholarly,1
ruins,1
catastrophic,1
economy,1
exploding,1
rockets,1
littered,1
combined,1
darmstadt,1
implicit,1
werken,1
feind,1
nationalist,1
furnishes,1
cooking,1
form,1
recreational,1
making,1
references,1
rebellion,1
want,1
calif,1
pertinent,1
desirability,1
metaphor,1
muscular,1
hoped,1
protective,1
ruin,1
novelty,1
agitators,1
ravage,1
therapy,1
leaving,1
problem,1
fascination,1
appropriated,1
prepare,1
utilitarian,1
getting,1
while,1
foundations,1
attaining,1
childers,1
ausnahmezustand,1
healthy,1
bureaucratic,1
secure,1
elect,1
yield,1
murders,1
influenced,1
emblematic,1
apartment,1
resolutely,1
politisches,1
agreed,1
scenarios,1
ideal,1
wth,1
siecles,1
hundreds,1
unhealthful,1
art,1
millions,1
geographischen,1
binger,1
conference,1
burden,1
stern,1
boston,1
betrachtung,1
directive,1
owner,1
einzelne,1
code,1
gloomier,1
met,1
compelling,1
fredette,1
warden,1
introduced,1
altogether,1
rep,1
joining,1
awesome,1
confirm,1
disziplinierung,1
schon,1
composed,1
williamson,1
catastrophism,1
tried,1
exerted,1
song,1
congenial,1
rationale,1
impulses,1
panicky,1
illuminations,1
target,1
modernen,1
circus,1
operate,1
bombed,1
lesson,1
complementarity,1
clothing,1
volksbildung,1
ranks,1
resourceful,1
phenomenon,1
disadvantageous,1
exceptionally,1
maintained,1
manfred,1
kartographie,1
writing,1
susanne,1
gain,1
coming,1
heroic,1
europaische,1
varied,1
disease,1
our,1
flanner,1
susceptible,1
wild,1
enthusiasm,1
canvas,1
models,1
youth,1
tageblatt,1
locations,1
unable,1
background,1
injured,1
revalorization,1
illustrirte,1
kulturbesitz,1
clubs,1
connecting,1
illinois,1
web,1
numerous,1
efficacy,1
systematisches,1
criminologists,1
washington,1
imperative,1
firemen,1
pandemonium,1
sat,1
ideologists,1
joined,1
fraueneinsatzes,1
actively,1
instead,1
wanderung,1
typically,1
statesman,1
jurgen,1
eliel,1
unmistakable,1
ferrell,1
physical,1
gen,1
landed,1
conquered,1
segler,1
geographie,1
seeks,1
off,1
locate,1
terribly,1
modernisierung,1
extremely,1
trenches,1
increased,1
dramatization,1
ships,1
luftsport,1
magical,1
practiced,1
worried,1
ruth,1
anonymous,1
needs,1
submit,1
size,1
thousand,1
unsuspecting,1
west,1
fischer,1
erziehung,1
tenements,1
speier,1
taking,1
rifles,1
assumed,1
colorful,1
single,1
mason,1
denser,1
russia,1
weber,1
ericj,1
justify,1
sectors,1
spender,1
palatine,1
yesterday,1
escalating,1
jahren,1
hanslian,1
activities,1
spokesmen,1
beziehungen,1
uniformed,1
develop,1
memoranda,1
rope,1
re,1
testified,1
token,1
unregulated,1
turbulence,1
enhanced,1
organizational,1
prison,1
ideologically,1
recent,1
unexpectedly,1
famous,1
command,1
hilton,1
virtue,1
thermik,1
resources,1
malcolm,1
built,1
manufactured,1
riand,1
evidently,1
martin,1
recharge,1
grants,1
refuting,1
