WORDCOUNTS,WEIGHT
the,183
and,172
in,108
of,99
de,78
la,75
a,57
en,40
s,37
y,37
american,26
el,26
pp,24
und,23
die,23
der,22
del,21
war,20
e,19
history,19
to,18
l,17
d,17
ii,16
historia,16
america,14
john,14
from,14
state,13
cultural,13
las,13
t,12
j,12
genocide,12
university,12
politica,12
editors,12
wilhelm,12
editor,12
washington,12
federalismo,12
press,11
robert,10
les,10
et,10
culture,10
on,10
judenverfolgung,9
byzance,9
new,9
booker,9
identity,9
dans,9
des,9
states,9
r,8
world,8
south,8
cleveland,8
end,8
david,8
an,8
preuve,8
historical,8
race,8
for,7
europe,7
century,7
una,7
latin,7
cloth,7
irish,7
le,7
mark,7
michael,7
ethnic,7
deutschen,7
mexico,7
famine,7
paper,7
c,7
essays,6
studies,6
modern,6
du,6
women,6
mississippi,6
racial,6
mass,6
politics,6
reflections,6
im,6
start,6
siecle,6
revolution,6
up,6
costa,6
law,6
slavery,6
rica,6
siglo,6
collected,6
citizens,6
at,5
germany,5
reich,5
military,5
ben,5
review,5
young,5
entre,5
m,5
xix,5
literature,5
its,5
los,5
june,5
al,5
local,5
twentieth,5
maria,5
dell,5
kiernan,5
un,5
united,5
british,5
william,5
urban,5
early,5
miller,4
dritten,4
gellately,4
aviation,4
berlin,4
english,4
federal,4
h,4
identita,4
xiii,4
buenos,4
context,4
carlos,4
terror,4
citta,4
rights,4
york,4
establecimiento,4
costarricense,4
ethnicity,4
estado,4
airplane,4
secoli,4
une,4
by,4
social,4
aires,4
italia,4
jahrhundert,4
black,4
martin,4
juan,4
as,4
with,4
natural,4
identities,4
zur,4
hernandez,4
art,4
african,4
argentina,4
national,4
north,4
o,3
auseinandersetzung,3
murder,3
di,3
mit,3
beispiel,3
first,3
moderna,3
i,3
east,3
richard,3
margaret,3
timothy,3
conflict,3
acunto,3
since,3
modernity,3
van,3
town,3
german,3
timor,3
nicolangelo,3
cinema,3
japanese,3
ursula,3
selden,3
w,3
kirche,3
bevolkerung,3
p,3
xiv,3
pisano,3
byzantinologie,3
nation,3
elizabeth,3
place,3
ivan,3
visions,3
isabel,3
vazquez,3
earth,3
smith,3
espacio,3
ward,3
dominick,3
bernd,3
crime,3
service,3
brian,3
under,3
french,3
gobierno,3
deutsche,3
praeger,3
identitat,3
v,3
empire,3
patricia,3
eta,3
louis,3
xv,3
peter,3
nei,3
juden,3
modernism,3
medioevo,3
lawrence,3
wilson,3
is,3
canada,3
stephen,3
nacional,3
micale,3
genocides,3
popular,3
scott,3
city,3
silva,3
colonial,3
autonomia,3
au,3
perspectiva,3
cambridge,3
sur,3
france,3
francisco,3
mae,3
charles,3
images,3
dos,3
proceso,3
society,3
primera,3
freud,2
dale,2
medieval,2
later,2
giorgio,2
presses,2
lettieri,2
per,2
one,2
stadte,2
ana,2
hull,2
annika,2
osservazioni,2
former,2
provincias,2
cultura,2
source,2
strath,2
arms,2
experience,2
psychologism,2
evangelischen,2
historiografia,2
electoral,2
davis,2
geoffrey,2
wizard,2
hammack,2
nature,2
peck,2
rennes,2
representaciones,2
czaplicka,2
jiidischen,2
politico,2
modernist,2
stadtische,2
histoire,2
matthew,2
tendencias,2
resisting,2
some,2
cooperation,2
julian,2
petersburg,2
jose,2
human,2
central,2
bottner,2
albrecht,2
andrew,2
papato,2
development,2
riot,2
prague,2
g,2
relations,2
westport,2
clark,2
vom,2
mombauer,2
guido,2
nationalsozialistischen,2
manuel,2
cameron,2
universitaires,2
brewer,2
arzte,2
square,2
b,2
their,2
armada,2
study,2
white,2
von,2
air,2
bruce,2
democratic,2
bruno,2
quentin,2
histories,2
kate,2
philosophical,2
beatriz,2
public,2
deutscher,2
urbano,2
future,2
goldstein,2
gender,2
brundage,2
siegfried,2
libre,2
viol,2
flight,2
work,2
hacer,2
stanford,2
contradictions,2
vida,2
responses,2
legacy,2
cold,2
tom,2
civic,2
soberano,2
when,2
st,2
resistance,2
wolfgang,2
am,2
federalista,2
xixe,2
republic,2
trabajo,2
equality,2
economic,2
henri,2
comparative,2
bis,2
movement,2
strategic,2
religious,2
zoraida,2
mission,2
den,2
technology,2
bo,2
jay,2
suzanne,2
resultados,2
sufragio,2
sabato,2
molina,2
dirk,2
vega,2
nach,2
sandoval,2
luis,2
alvin,2
xii,2
viii,2
als,2
nuclear,2
man,2
great,2
anne,2
jaime,2
cambodia,2
hilda,2
florence,2
strategies,2
kaiser,2
por,2
japan,2
ruble,2
number,2
understanding,2
marfa,2
josefina,2
elite,2
europeans,2
holocaust,2
asian,2
watt,2
franklin,2
diplomacy,2
fitzhugh,2
so,2
esenzione,2
auzepy,2
ann,2
xvi,2
james,2
versus,2
stereotypes,2
decision,2
spruill,2
humanitarian,2
wilhelmine,2
gonzalez,2
lemesle,2
life,2
citizenship,2
solano,2
methods,2
not,2
musil,2
joseph,2
wars,2
victoria,2
shadow,2
marjorie,2
mario,2
cariboni,2
mccracken,2
over,2
blair,2
control,2
mercedes,2
jorge,2
skinner,2
siglos,2
hysteria,2
newman,2
aspekte,2
feminist,2
specter,2
grabowski,2
jimenez,2
form,2
sus,2
map,2
theory,2
terrorism,2
psychology,2
mitad,2
ciudadania,2
freedom,2
cecilia,2
cittadina,2
martha,2
peace,2
role,2
cistercense,2
our,2
eric,2
refugees,2
conn,2
knights,2
hart,2
mulrooney,2
aspetti,2
effects,2
judiciaire,2
secolo,2
monarchy,2
siege,2
vi,2
between,2
alberto,2
fur,2
werner,2
enrfquez,1
gentlewoman,1
final,1
principi,1
difficult,1
democracy,1
hector,1
it,1
go,1
fleming,1
indonesian,1
gerald,1
monachesimo,1
publique,1
czechs,1
struggle,1
andenna,1
crisi,1
marcela,1
hofert,1
limits,1
convergence,1
rainey,1
polish,1
kutschbach,1
kaliningrad,1
parjures,1
comunale,1
selon,1
runciman,1
nichtarier,1
silences,1
matz,1
berkin,1
bedeutung,1
pfiblica,1
siciliane,1
conflictos,1
vienna,1
poitiers,1
tras,1
jane,1
fiction,1
ferdinand,1
stadten,1
northeast,1
empezar,1
diane,1
mendoza,1
durante,1
sacre,1
mclean,1
utility,1
myths,1
formazione,1
carolinians,1
colegio,1
bei,1
center,1
kinder,1
mike,1
agency,1
myth,1
byzantins,1
waldersee,1
stone,1
cultivating,1
avraham,1
raices,1
archetti,1
delouis,1
library,1
soazick,1
prince,1
warfare,1
mexican,1
memoria,1
ferrarese,1
walker,1
pressing,1
julianna,1
jonathan,1
marcus,1
fra,1
brazilian,1
encirclement,1
alajuela,1
wolf,1
lettre,1
kerry,1
cizmic,1
motive,1
western,1
ian,1
brannon,1
einstellung,1
total,1
freeman,1
mittelalter,1
bombing,1
assisted,1
proces,1
uses,1
zwischen,1
contested,1
utekhin,1
stadtischen,1
pablo,1
narration,1
themes,1
kerby,1
lower,1
baviere,1
reprfsentation,1
transitions,1
marco,1
jesse,1
that,1
long,1
disputa,1
frankfurt,1
drugs,1
jackson,1
creation,1
cuauhtfmoc,1
production,1
erfahrungen,1
mentalitatsgeschichtliche,1
chaos,1
restoration,1
gautier,1
nellie,1
norrell,1
rita,1
austere,1
brien,1
waldo,1
watersheds,1
xxi,1
schmecken,1
all,1
dreams,1
canadas,1
laudatio,1
duncker,1
asia,1
puebla,1
zeit,1
hacking,1
gary,1
georgia,1
cortes,1
architecture,1
laube,1
scientifique,1
industrieregion,1
refugee,1
manliness,1
martinez,1
pugna,1
together,1
friihen,1
identitit,1
brenkman,1
surly,1
petter,1
display,1
vallombrosa,1
lager,1
refashioning,1
venutolo,1
katharine,1
europeenes,1
vollnhals,1
imperio,1
mills,1
government,1
spray,1
reed,1
mexicana,1
hundred,1
moreiras,1
procedure,1
forschungsertrage,1
religion,1
take,1
discurso,1
kirchen,1
nationalism,1
evolving,1
bjorko,1
das,1
there,1
mujeres,1
ottomanes,1
xx,1
sehen,1
jill,1
roosevelt,1
last,1
mind,1
containment,1
wilford,1
mestizaje,1
political,1
televisual,1
china,1
reading,1
theodore,1
physiognomy,1
johns,1
voces,1
golosov,1
legend,1
contents,1
ecclesiastiques,1
mothering,1
bizzocchi,1
case,1
est,1
con,1
heinze,1
disarmament,1
difficile,1
hurtado,1
ngai,1
payne,1
pilar,1
prouver,1
roy,1
klerus,1
holly,1
schechter,1
armenia,1
king,1
derramada,1
decenio,1
eudora,1
vincennes,1
rituali,1
bases,1
iv,1
riickerstattung,1
hall,1
colombia,1
laurent,1
italian,1
beteiligung,1
football,1
howard,1
greg,1
origen,1
inquisitoire,1
ojars,1
ventrone,1
cockpit,1
melodrama,1
ilya,1
inevitable,1
reaction,1
relanzamiento,1
greene,1
viales,1
croatians,1
fine,1
sadye,1
west,1
apart,1
prieto,1
x,1
samper,1
politician,1
armas,1
eva,1
sobre,1
hillmer,1
ritual,1
telenovelas,1
welty,1
lambert,1
gustavo,1
herrera,1
holland,1
collection,1
sanchez,1
mitwirkenden,1
ronny,1
vindication,1
kaviraj,1
fuerzas,1
apartments,1
usage,1
razones,1
lara,1
arisierten,1
oaxaca,1
ragnhild,1
recontextualizing,1
terra,1
partire,1
ladd,1
dargestellt,1
ronald,1
sinaloa,1
battenberg,1
christiane,1
influx,1
roger,1
accommodation,1
shawhan,1
jifr,1
charageat,1
viv,1
troublee,1
stimmungsberichte,1
fabrice,1
zum,1
manuels,1
kolm,1
republica,1
judenpolitik,1
santa,1
nugent,1
enriquez,1
studt,1
jr,1
droits,1
meyer,1
fischer,1
emigration,1
wilhelminian,1
slovenes,1
cluniacensi,1
norte,1
mccoramerican,1
turn,1
selbstdarstellung,1
adam,1
old,1
seligmann,1
underlying,1
cita,1
macfas,1
times,1
perspective,1
bragoni,1
ordinaire,1
hamlin,1
pierre,1
birds,1
noemi,1
body,1
columbia,1
africans,1
enquete,1
norddeutscher,1
folin,1
fines,1
nellessen,1
left,1
third,1
fannie,1
networks,1
georges,1
alltag,1
electorado,1
airforce,1
preserving,1
kerneis,1
tecuanhuey,1
citizen,1
stagnation,1
than,1
nazionalsozialismus,1
visibilidad,1
psychoanalysis,1
potosi,1
fragen,1
settentrionale,1
izing,1
rathenau,1
sezneva,1
deist,1
mechanism,1
lindbergh,1
familia,1
zuleta,1
critics,1
kontinuitat,1
orr,1
moy,1
preuves,1
authority,1
pitch,1
asiapacific,1
what,1
racism,1
americans,1
wittner,1
criticism,1
agraria,1
sarlo,1
commune,1
his,1
gudrun,1
liubolos,1
growth,1
conept,1
soviet,1
segunda,1
bombers,1
quellen,1
mckercher,1
edward,1
stam,1
automatisme,1
landscape,1
kopanic,1
desde,1
minnie,1
matzerath,1
constance,1
gnostic,1
veracruzano,1
margine,1
gertrud,1
paz,1
reforma,1
saints,1
concepciones,1
legal,1
sarah,1
puskas,1
brett,1
hamer,1
hodges,1
exemple,1
steinberg,1
serial,1
ix,1
allegory,1
chariot,1
nos,1
creek,1
symbols,1
stein,1
barbares,1
earl,1
arbor,1
space,1
manera,1
raymond,1
vera,1
wash,1
bonds,1
marinetti,1
katherine,1
solutions,1
sparitis,1
adolescents,1
averil,1
plants,1
immigrant,1
magyars,1
shelton,1
tensions,1
lerman,1
policiere,1
siidlichen,1
humblot,1
colonialism,1
anpassung,1
bernaldo,1
toews,1
image,1
rudder,1
werth,1
grandis,1
india,1
louise,1
polanais,1
sosemann,1
emergence,1
cecil,1
meagher,1
finalizar,1
liberal,1
antelbellum,1
edition,1
medievali,1
spirit,1
graaf,1
imitation,1
afios,1
lateranense,1
jubilees,1
novohispana,1
listed,1
conflicto,1
age,1
four,1
dabrowska,1
show,1
diaz,1
tuskegee,1
delta,1
schweigende,1
max,1
prima,1
crabtree,1
surface,1
officer,1
beyond,1
olivier,1
indonesia,1
ponce,1
chaves,1
colton,1
dwelling,1
elazar,1
founding,1
famigliare,1
opinion,1
desafios,1
strategy,1
decades,1
view,1
civitatem,1
constitution,1
troyes,1
justiz,1
fama,1
fronte,1
ihre,1
snider,1
cristina,1
union,1
avant,1
semelin,1
entwicklung,1
sudipta,1
moving,1
carmen,1
laval,1
cynthia,1
rivals,1
cerdas,1
aftermath,1
exhibition,1
gesellschaft,1
tra,1
route,1
melson,1
medicine,1
marion,1
demise,1
verdrangung,1
daizen,1
search,1
taschenbuch,1
mapping,1
carol,1
kantaris,1
plantagenet,1
centroamerica,1
rebirth,1
radical,1
dispute,1
ortega,1
civici,1
decenni,1
nicola,1
bali,1
late,1
hira,1
delle,1
michele,1
suffragist,1
occupation,1
discours,1
transactions,1
hacia,1
silence,1
photography,1
reviews,1
rodrfguez,1
jalisco,1
iiber,1
recently,1
moderne,1
comme,1
boyd,1
tucumfn,1
sovereignty,1
denegri,1
miradas,1
poggi,1
friiher,1
russell,1
contesting,1
xvii,1
your,1
proyectos,1
hulme,1
orientalisme,1
volker,1
cracco,1
opll,1
imperial,1
ivanov,1
lou,1
roldan,1
january,1
hopkins,1
murders,1
scene,1
marie,1
silvia,1
experiment,1
deposer,1
kathryn,1
chiapas,1
sociabilidad,1
santamaria,1
colonies,1
provincial,1
eduardo,1
faire,1
genre,1
perez,1
degrees,1
line,1
annabel,1
alcohol,1
minderheiten,1
edelson,1
nello,1
abroad,1
gaudio,1
received,1
satire,1
firenze,1
concept,1
picado,1
laura,1
funktionen,1
paola,1
stibbe,1
stato,1
part,1
london,1
training,1
example,1
casa,1
aronsen,1
religione,1
knowledge,1
auzipy,1
reduction,1
look,1
identifikationsangebote,1
revolving,1
desarrollo,1
roll,1
blackett,1
pow,1
sonora,1
luces,1
laurence,1
during,1
kissi,1
castillo,1
coca,1
dobson,1
icon,1
unrestricted,1
bolero,1
mise,1
winter,1
lanham,1
torno,1
hennessy,1
music,1
doors,1
personal,1
frederic,1
il,1
koutrakou,1
dakota,1
monitoires,1
avatares,1
aufklarung,1
rowe,1
alliance,1
boxer,1
susak,1
nike,1
tamaulipas,1
contests,1
jefatura,1
joanne,1
territoriale,1
feinmann,1
wrecking,1
field,1
holger,1
lilia,1
shaping,1
sexe,1
belle,1
jorg,1
zeremoniell,1
destiny,1
discourse,1
sharp,1
lantiquite,1
orient,1
strandmann,1
richet,1
family,1
enno,1
tenorios,1
eigentums,1
several,1
spanish,1
balance,1
trincheras,1
somerville,1
aviator,1
margarita,1
joravsky,1
julien,1
arzt,1
portefia,1
indiciale,1
research,1
germania,1
jalons,1
palabras,1
dem,1
ington,1
recientes,1
umwelt,1
benz,1
filling,1
pa,1
woodrow,1
landdeck,1
rowman,1
lary,1
roots,1
annali,1
verfolgung,1
florida,1
natchez,1
hispanas,1
utsumi,1
citoyenne,1
olveda,1
stephan,1
reserve,1
gordon,1
apercu,1
flapper,1
constantin,1
wende,1
lend,1
erik,1
transforming,1
f,1
battle,1
critical,1
stephane,1
therefore,1
diez,1
chust,1
film,1
san,1
investigating,1
indigenous,1
tribunaux,1
smyth,1
vigier,1
marszalek,1
firor,1
empresarios,1
territorial,1
principales,1
vallombrosani,1
rome,1
alberzoni,1
nativism,1
gabriel,1
littlefield,1
marketplace,1
irrelevance,1
eveque,1
separation,1
lynn,1
spectacle,1
drama,1
techniques,1
ancien,1
return,1
unconscious,1
classic,1
brief,1
harris,1
yugoslavia,1
tabasco,1
sheridan,1
rodriguez,1
oscar,1
kolias,1
walaszek,1
ulloa,1
leon,1
anges,1
above,1
girodeau,1
says,1
unternehmer,1
albertazzi,1
curtain,1
grandin,1
manifest,1
storico,1
ternavasio,1
unprecedented,1
southern,1
artist,1
crouch,1
pogge,1
roberto,1
provost,1
pilots,1
sordo,1
centrali,1
angleterre,1
olivera,1
philadelphia,1
jujuy,1
victor,1
goschler,1
violence,1
hugh,1
treaty,1
security,1
trento,1
emigrants,1
thought,1
giancarlo,1
olga,1
bundesrepublik,1
bonaudo,1
assad,1
god,1
fatale,1
harlan,1
boundary,1
oise,1
guerra,1
ancient,1
assimilation,1
gianfranco,1
bind,1
shock,1
guatemala,1
guadalajara,1
aux,1
grecs,1
friendship,1
xviiie,1
baltimore,1
ed,1
um,1
friedrich,1
communistes,1
indian,1
silk,1
nineteenthcentury,1
malgorzata,1
these,1
narratives,1
carroy,1
exodus,1
otherness,1
santos,1
mittel,1
komponenten,1
sherwood,1
armenian,1
williams,1
praxis,1
regional,1
pont,1
johanek,1
barkan,1
queering,1
journalist,1
bayor,1
lucien,1
podalsky,1
ampliada,1
lee,1
volume,1
representation,1
street,1
eugenia,1
lewis,1
card,1
more,1
gillette,1
ruetalo,1
houston,1
suit,1
slovaks,1
gortari,1
ambulatoire,1
challenge,1
power,1
milano,1
conspicuos,1
braund,1
angevine,1
roeck,1
rock,1
frederique,1
jaume,1
documenti,1
sky,1
historiografico,1
swain,1
powder,1
joyce,1
communal,1
nationhood,1
provincia,1
bilstein,1
birgit,1
idea,1
warlord,1
carter,1
spectatorship,1
tulsa,1
polos,1
fleeing,1
floyd,1
plan,1
alonso,1
jours,1
winnie,1
rebublica,1
monastica,1
mulino,1
time,1
stuffing,1
priorati,1
francaise,1
cure,1
tork,1
wehrmacht,1
antonio,1
buttner,1
allemand,1
stadtverfassung,1
rivadaviano,1
klemencic,1
arsenic,1
foster,1
ronchey,1
boberach,1
rae,1
transibant,1
sideris,1
arcangeli,1
audiences,1
burger,1
rhetoric,1
confederacy,1
forms,1
never,1
ages,1
behind,1
topp,1
clemens,1
do,1
present,1
corps,1
differences,1
covered,1
model,1
nicolas,1
capitaine,1
dorothy,1
bartov,1
renaissance,1
see,1
istituzionali,1
confrontation,1
council,1
judith,1
hazen,1
politic,1
magnus,1
deep,1
globalizados,1
hartmut,1
paperback,1
evoluciones,1
woman,1
nueva,1
letizia,1
casey,1
chroniques,1
acerca,1
octavio,1
style,1
liliana,1
monopoly,1
charcot,1
slaveholder,1
beverley,1
wood,1
free,1
microbiologist,1
sarbaugh,1
tlaxcala,1
cumings,1
italiane,1
yaroslav,1
years,1
another,1
autobiography,1
discourses,1
argentino,1
greatest,1
lauren,1
kathleen,1
oil,1
composing,1
who,1
disease,1
berghahn,1
intent,1
made,1
dai,1
matthews,1
pathology,1
mata,1
haltung,1
bertha,1
darfo,1
elecciones,1
bericht,1
montevideo,1
looking,1
bergson,1
rabiela,1
combining,1
food,1
ffir,1
bridget,1
estatal,1
magnats,1
horst,1
contemporary,1
arisierung,1
navy,1
stadtbild,1
projets,1
soberanias,1
feste,1
pauline,1
carnaval,1
questions,1
evolution,1
jiidischer,1
porteiio,1
michoacan,1
mattl,1
schnitzler,1
graham,1
taxiarchis,1
guilltn,1
office,1
interethnic,1
unna,1
kearney,1
rouge,1
daughterhood,1
vii,1
ties,1
trade,1
innocenzo,1
crises,1
meanings,1
urbana,1
municipalismo,1
three,1
matjaz,1
authors,1
publication,1
alicia,1
profession,1
modernization,1
pronunciamiento,1
votos,1
congreso,1
tucumana,1
ireland,1
lady,1
analisis,1
pigee,1
caribbean,1
like,1
period,1
caso,1
escamilla,1
afflerbach,1
mask,1
horen,1
chamosa,1
attaches,1
administrative,1
calero,1
carson,1
after,1
renewal,1
preservation,1
primer,1
thomas,1
disasters,1
presidential,1
rogge,1
imagination,1
signatures,1
hoerder,1
chrislock,1
jugendlicher,1
systems,1
reina,1
constructing,1
vlach,1
buddhas,1
imaginario,1
propos,1
nobody,1
britain,1
ordensverfassung,1
masculine,1
structure,1
esente,1
mosaique,1
seeking,1
impertinent,1
artichoke,1
conscience,1
curry,1
ordalie,1
exclusions,1
premiers,1
celebrity,1
hawks,1
rathausern,1
concilio,1
testimonio,1
stick,1
gavan,1
diana,1
uberwachungsund,1
cruz,1
decay,1
immigration,1
justice,1
paces,1
actor,1
emily,1
marin,1
hunt,1
italien,1
amaryll,1
heinz,1
bravo,1
depth,1
gruner,1
marilyn,1
merrell,1
desegregation,1
para,1
primi,1
spatmittelalter,1
cleansing,1
moses,1
dual,1
corrales,1
today,1
note,1
chaudron,1
stars,1
croire,1
science,1
movements,1
yerasimos,1
linda,1
sophie,1
darstellung,1
josf,1
ideology,1
ojeda,1
rwanda,1
septiembre,1
wandel,1
alvarenga,1
chauvaud,1
confronto,1
falk,1
foreword,1
corrao,1
contributi,1
favour,1
ryan,1
leslie,1
guglielmo,1
institutions,1
independence,1
hazel,1
army,1
camino,1
directions,1
chaplin,1
nuevo,1
lives,1
macroand,1
garantias,1
zacatecas,1
pia,1
volumes,1
gleba,1
comparada,1
poetics,1
sitings,1
construction,1
analysis,1
entertainment,1
nichtjiidischen,1
education,1
ungeloste,1
ldentitat,1
face,1
warinduced,1
publica,1
arts,1
vanessa,1
berger,1
celia,1
pepper,1
school,1
environment,1
curious,1
sexes,1
storia,1
neuzeit,1
konigsberg,1
broke,1
changing,1
twentiethcentury,1
grelois,1
peoples,1
biography,1
mundo,1
blanche,1
sarcey,1
athens,1
almut,1
peacekeeping,1
celtic,1
compromiso,1
fran,1
angress,1
incognita,1
microhistory,1
francesca,1
donna,1
regime,1
roderick,1
egbert,1
ferron,1
md,1
partido,1
saenz,1
santafesinas,1
creations,1
established,1
airpower,1
cover,1
rurales,1
garcfa,1
supreme,1
repfiblica,1
consenso,1
identidad,1
checklist,1
guanajuato,1
stadt,1
intellectual,1
epkenhans,1
readily,1
literary,1
jenkins,1
are,1
gertrude,1
bunz,1
citadins,1
etnica,1
steven,1
degung,1
submarine,1
anarquia,1
greschat,1
enfants,1
avances,1
bologna,1
alexander,1
pragmatic,1
ahr,1
pietro,1
print,1
barcelona,1
privilegium,1
democracia,1
wall,1
fazionarie,1
grenville,1
iii,1
ideological,1
monroy,1
bertoni,1
anteil,1
reformer,1
ethiopia,1
voicing,1
arbeitseinsatz,1
masks,1
myers,1
cultivation,1
formas,1
cities,1
chicana,1
past,1
u,1
reynaldo,1
passage,1
living,1
katholiken,1
hase,1
turned,1
beth,1
tambien,1
jacqueline,1
knows,1
cleric,1
weitz,1
n,1
nestor,1
sue,1
poder,1
episcopato,1
canclini,1
burnita,1
wier,1
paradojas,1
making,1
fantastique,1
rebellion,1
dwyer,1
particular,1
calvillo,1
goldman,1
grigorii,1
sergey,1
pep,1
marta,1
flavia,1
gravier,1
miembros,1
fascination,1
lloran,1
waters,1
pitou,1
foundations,1
aiko,1
intereses,1
meglio,1
divide,1
knobel,1
componenti,1
mama,1
peters,1
voice,1
orale,1
virginia,1
siecles,1
museo,1
gelderen,1
cabaret,1
travel,1
progress,1
middle,1
spaces,1
aragon,1
hrytsak,1
espafia,1
balances,1
apuestas,1
munoz,1
ohio,1
marrs,1
intellectuels,1
marble,1
practices,1
prospect,1
hess,1
istituzionale,1
hermle,1
subject,1
administration,1
ostseeraumes,1
coclanis,1
putnam,1
gesetzgebung,1
alla,1
alain,1
campo,1
barkai,1
challenges,1
indians,1
diocese,1
salinas,1
omer,1
writing,1
sistema,1
paula,1
varied,1
diplomatistiche,1
mentor,1
tomas,1
autonomista,1
femme,1
question,1
capoeira,1
darrell,1
xxe,1
ortieres,1
lidia,1
guichard,1
annihilation,1
contemporfnea,1
negro,1
kafka,1
firmament,1
niget,1
mcclain,1
abridged,1
deutschland,1
donald,1
aggregazioni,1
quest,1
antinuclear,1
biirokratie,1
sangre,1
jacques,1
pons,1
gunning,1
value,1
enlightenment,1
regionales,1
peninsular,1
green,1
unified,1
jauregui,1
prospectiva,1
fondo,1
ciudad,1
chanady,1
playing,1
johe,1
area,1
unionismo,1
mack,1
istituto,1
nicomedes,1
martine,1
varner,1
elvis,1
leverenz,1
buve,1
reconsidering,1
chittolini,1
pieschel,1
coahuila,1
ortiz,1
laak,1
discontents,1
urbane,1
themselves,1
laberintos,1
santikarma,1
prospects,1
damned,1
elites,1
fugue,1
fonseca,1
hora,1
cook,1
geographical,1
michigan,1
be,1
reti,1
norman,1
gainesville,1
views,1
serrano,1
winston,1
rumbos,1
taylor,1
cedeno,1
riga,1
wilhelminismus,1
concise,1
plebe,1
arnold,1
building,1
rohl,1
daughter,1
cenobi,1
perception,1
thery,1
retrospect,1
