WORDCOUNTS,WEIGHT
the,182
pp,174
and,153
of,123
press,107
new,81
university,80
in,78
york,55
a,42
history,38
american,29
s,25
war,25
paper,23
cloth,22
for,21
america,20
to,19
cambridge,18
x,17
edition,17
by,17
editors,16
n,16
studies,15
paperback,15
modern,14
j,14
xi,13
world,13
books,13
c,13
david,12
society,12
ed,12
xii,12
john,12
historical,12
xiii,11
number,11
xvi,11
editor,11
princeton,10
politics,10
ix,10
w,10
xiv,10
civil,10
xv,10
an,9
r,9
james,9
from,9
d,9
m,8
life,8
conn,8
on,8
columbia,7
westport,7
how,7
xix,7
irish,7
viii,7
harvard,7
series,7
other,6
europe,6
robert,6
de,6
y,6
william,6
p,6
greenwood,6
received,6
culture,6
l,6
yale,6
haven,6
penguin,6
foreword,6
with,6
making,6
rochester,6
review,6
early,6
courts,5
e,5
women,5
military,5
i,5
blackwell,5
richard,5
west,5
since,5
international,5
carolina,5
versity,5
its,5
xviii,5
south,5
ii,5
social,5
lewis,5
pennsylvania,5
empire,5
simon,5
linko,5
thomas,5
macmillan,5
european,5
palgrave,5
charles,5
duke,4
cornell,4
t,4
company,4
state,4
roger,4
g,4
jr,4
century,4
my,4
oklahoma,4
xvii,4
sity,4
schuster,4
lanham,4
translated,4
longman,4
va,4
times,4
paul,4
power,4
praeger,4
michael,4
kansas,4
franklin,4
black,4
perspectives,4
africa,4
britain,4
ping,4
md,4
steven,4
latin,4
february,4
at,3
medieval,3
h,3
approaches,3
malden,3
assisted,3
reich,3
inc,3
jackson,3
ashgate,3
burlington,3
asia,3
great,3
religion,3
xx,3
henry,3
case,3
east,3
andrew,3
ithaca,3
portland,3
philadelphia,3
german,3
b,3
their,3
lives,3
les,3
age,3
public,3
boydell,3
brill,3
durham,3
place,3
et,3
dictionary,3
justice,3
und,3
florida,3
lincoln,3
f,3
movement,3
guide,3
ancient,3
publishing,3
french,3
death,3
smith,3
time,3
vt,3
routledge,3
mexico,3
la,3
science,3
oreg,3
dulles,3
united,3
joseph,3
stephen,3
family,3
xxiv,3
der,3
xxii,3
mass,3
calif,3
institute,3
art,3
boston,3
biography,3
city,3
illinois,3
washington,3
crisis,3
states,3
vi,3
era,3
norman,3
taylor,3
it,2
ja,2
o,2
struggle,2
rev,2
introduction,2
berlin,2
center,2
essays,2
library,2
jonathan,2
western,2
bayeux,2
du,2
first,2
lexington,2
labor,2
xxi,2
mississippi,2
last,2
mind,2
political,2
historica,2
u,2
right,2
jack,2
cooperation,2
bibliotheca,2
hudson,2
dublin,2
language,2
development,2
xxiii,2
tucson,2
back,2
left,2
third,2
publications,2
traditions,2
kentucky,2
rights,2
what,2
no,2
edward,2
en,2
cago,2
consequences,2
helsinki,2
literary,2
potomac,2
korea,2
impact,2
four,2
albuquerque,2
peru,2
seura,2
histories,2
patrick,2
estudios,2
philosophical,2
academic,2
cultural,2
kathryn,2
perez,2
del,2
london,2
italy,2
people,2
il,2
stanford,2
own,2
legacy,2
xxvi,2
spanish,2
bridge,2
brown,2
when,2
pa,2
battles,2
battle,2
cle,2
nation,2
action,2
community,2
oxford,2
ia,2
official,2
baltimore,2
indian,2
law,2
fin,2
rock,2
classical,2
contemporary,2
zealand,2
ages,2
present,2
renaissance,2
judith,2
vaccine,2
day,2
newyork,2
made,2
end,2
louis,2
olution,2
vii,2
arthurian,2
peter,2
caribbean,2
general,2
class,2
ture,2
k,2
chapel,2
michele,2
spain,2
northern,2
fro,2
greek,2
rachel,2
christian,2
george,2
hill,2
lawrence,2
wilson,2
arts,2
ographies,2
education,2
worlds,2
wars,2
following,2
tapestry,2
ever,2
temple,2
colorado,2
kirjallisuuden,2
cultures,2
global,2
identities,2
fla,2
sie,2
och,2
hitler,2
don,2
virginia,2
freedom,2
middle,2
popular,2
remember,2
ohio,2
through,2
sea,2
die,2
alla,2
iberian,2
oakland,2
north,2
years,2
national,2
land,2
philosophy,2
campaign,2
influenza,2
views,2
arizona,2
miller,1
go,1
fleming,1
soblakely,1
now,1
sharpe,1
indonesian,1
leonardo,1
vor,1
paavilainen,1
bobrick,1
millennial,1
xxxvi,1
edge,1
ethics,1
common,1
melvin,1
conflicting,1
if,1
anthony,1
meaning,1
soknight,1
finnish,1
emerson,1
slaughter,1
dalton,1
truth,1
acre,1
credibility,1
berkeley,1
tuscaloosa,1
jane,1
newxi,1
red,1
fondazione,1
galileo,1
miguel,1
clio,1
mar,1
itors,1
evans,1
persia,1
sorbonne,1
alkuun,1
musset,1
church,1
novembre,1
settlements,1
parative,1
one,1
nostalgia,1
larry,1
battlenew,1
vickers,1
barnette,1
word,1
univerthompson,1
zagorin,1
arnaldi,1
wareham,1
di,1
esamerica,1
studnew,1
paradigms,1
genius,1
park,1
higgs,1
skyline,1
amerversity,1
boulder,1
althusser,1
sarahwoolfolk,1
policy,1
resurgence,1
had,1
ian,1
into,1
gemeinsamkeiten,1
biographical,1
christentum,1
blaine,1
societa,1
bryder,1
strikes,1
finkelman,1
laura,1
fires,1
joe,1
willmott,1
townsend,1
paulo,1
suny,1
cesar,1
rickie,1
passion,1
tracy,1
barriers,1
geoffrey,1
glick,1
melissa,1
garrigues,1
constable,1
orphan,1
invertebrates,1
england,1
newyorkuniversity,1
sacrilege,1
pendulum,1
bloomington,1
words,1
grundladurham,1
scientists,1
homestead,1
assess,1
daily,1
untaming,1
babylon,1
sarasohn,1
ben,1
questioni,1
roland,1
bambach,1
colloque,1
rule,1
incident,1
footsteps,1
espaces,1
scheduled,1
graham,1
barnard,1
szreter,1
devils,1
toleration,1
canbeech,1
pillow,1
julie,1
murray,1
universite,1
marine,1
suburbs,1
vittu,1
ber,1
aperte,1
gibson,1
theodore,1
intelligence,1
mevik,1
johns,1
daniel,1
context,1
rethinking,1
legend,1
socie,1
mugglestone,1
growing,1
fortune,1
pavlakovic,1
gaming,1
iii,1
verlag,1
enhomme,1
roy,1
alexa,1
money,1
verchanged,1
amelia,1
hall,1
nepmen,1
amerilaiskansallinen,1
fawkes,1
chafe,1
resistencia,1
vironmental,1
untersuchung,1
soldier,1
leo,1
rena,1
kinney,1
peruanos,1
qaeda,1
establishing,1
alter,1
boren,1
dinner,1
rubin,1
apocalyptic,1
russo,1
descartes,1
forecantor,1
peggy,1
rosa,1
classics,1
timothy,1
panic,1
palmquist,1
lynda,1
unterschieden,1
dirty,1
midpress,1
globalized,1
lars,1
todd,1
brose,1
warfare,1
kun,1
rence,1
cititum,1
karen,1
li,1
segregation,1
lecminds,1
conflict,1
souri,1
central,1
della,1
chaco,1
influenssapanmass,1
pen,1
oaxaca,1
southtures,1
leigh,1
doris,1
madrid,1
boyology,1
seventy,1
hodgson,1
medical,1
dinge,1
against,1
imals,1
machine,1
litz,1
invaders,1
millennium,1
forgotten,1
civilizing,1
eila,1
relations,1
gendered,1
ern,1
te,1
santa,1
jeremy,1
walter,1
uusi,1
sabrina,1
media,1
supremacy,1
kamen,1
basil,1
marxism,1
affairs,1
bessonov,1
turn,1
down,1
adam,1
bigosse,1
bair,1
self,1
constitutions,1
immigrants,1
clark,1
perspective,1
saumur,1
scorched,1
ha,1
machines,1
modernity,1
torino,1
zum,1
rutten,1
ellis,1
rhythm,1
giacomo,1
tabea,1
ira,1
terrace,1
praktischen,1
fulton,1
look,1
ada,1
custer,1
entresteins,1
bubliks,1
forgetful,1
ma,1
compromise,1
guido,1
festschrift,1
parks,1
espanjantauti,1
evgeni,1
van,1
weapons,1
poor,1
fort,1
fleet,1
americans,1
town,1
hamburg,1
neff,1
russian,1
zenship,1
english,1
slavery,1
serbia,1
soviet,1
across,1
angeles,1
mexican,1
dusel,1
chicamemoirs,1
organizing,1
annika,1
cinema,1
lesch,1
hansen,1
gasto,1
gainesern,1
hugh,1
communism,1
highway,1
chicagoland,1
goes,1
landscapes,1
japanese,1
virilio,1
ethan,1
benjamin,1
contributions,1
pathologies,1
sandy,1
nos,1
study,1
crusade,1
lorenzo,1
productive,1
suomalaisen,1
xxx,1
crise,1
pings,1
cutter,1
casemate,1
watching,1
soul,1
win,1
lacey,1
mclaird,1
tensions,1
arac,1
broadside,1
historicallanagan,1
was,1
pales,1
emergence,1
demption,1
lima,1
meagher,1
wealth,1
air,1
welfare,1
irincheev,1
mary,1
house,1
pragmatism,1
listed,1
profile,1
ville,1
milosˇevic,1
crusader,1
vinci,1
multicultural,1
countability,1
democratic,1
leif,1
shorter,1
origins,1
flights,1
robbing,1
vietnam,1
beyond,1
actes,1
mmigkeitstheologie,1
llssyn,1
peninsula,1
durkin,1
rice,1
christmas,1
hispp,1
fre,1
irad,1
westtution,1
bazyler,1
helped,1
kearns,1
courtly,1
strategy,1
tory,1
nebraska,1
kailbourn,1
hours,1
royal,1
peruana,1
isabella,1
came,1
rivals,1
compress,1
staneditors,1
tycoon,1
societies,1
medicine,1
fry,1
hands,1
search,1
color,1
offit,1
octobre,1
baton,1
nineramet,1
missouri,1
economics,1
transformacloth,1
austin,1
vidino,1
hopkins,1
pioneer,1
astrology,1
fanebust,1
suoherst,1
ican,1
interpretations,1
struggles,1
im,1
markets,1
gorgas,1
big,1
antebellum,1
marie,1
fipaperback,1
handbook,1
akademie,1
sword,1
xxxiii,1
ann,1
ric,1
aux,1
transactions,1
photography,1
sammojsov,1
redles,1
recently,1
moore,1
podorsey,1
epismcmurtry,1
pfaff,1
promise,1
sovereignty,1
franco,1
urbaines,1
andre,1
sweeny,1
jewish,1
teresita,1
silicon,1
oh,1
wayne,1
heidrun,1
glos,1
memory,1
demia,1
acoceania,1
syria,1
militarized,1
ginia,1
reman,1
ladyland,1
borgolte,1
bc,1
amos,1
douglas,1
sezagorin,1
bubliki,1
reid,1
los,1
rudnick,1
ku,1
lords,1
reader,1
gordillo,1
su,1
zwecken,1
ufa,1
loch,1
villkor,1
secret,1
indigenous,1
gender,1
babu,1
roll,1
tale,1
island,1
grunden,1
jefferies,1
rand,1
reynolds,1
issues,1
calculating,1
munzert,1
jamesm,1
friend,1
nach,1
alin,1
music,1
swift,1
lectuals,1
personal,1
solinger,1
away,1
anglia,1
rex,1
oli,1
restigilded,1
alan,1
modguage,1
ethnicity,1
theorgan,1
convegno,1
holy,1
ali,1
hidden,1
creaphis,1
massacre,1
interracial,1
massacres,1
uaw,1
earth,1
eine,1
whitehead,1
daryl,1
sense,1
field,1
rafuse,1
tom,1
revolution,1
protest,1
lois,1
archaeology,1
mediterranean,1
vikki,1
spies,1
merlo,1
davis,1
havertown,1
reformpolitik,1
anarchy,1
volpp,1
berg,1
greenway,1
omaha,1
pregnancy,1
geburtstag,1
ordnung,1
leather,1
goodwin,1
editrice,1
thobeyan,1
chiadelphia,1
texas,1
boundaries,1
stadsgemenskapens,1
da,1
evanston,1
st,1
origini,1
lancollins,1
rowman,1
zapotec,1
roots,1
teo,1
heidegger,1
waiting,1
culpreparata,1
malford,1
grado,1
cody,1
corpse,1
nations,1
barbara,1
pearson,1
afterlife,1
unibaud,1
critical,1
rory,1
churchill,1
led,1
copalians,1
osmanische,1
rosanne,1
second,1
cuban,1
aronstein,1
matter,1
rome,1
religio,1
nicholl,1
littlefield,1
lynn,1
ans,1
short,1
pha,1
service,1
brian,1
garc,1
comparative,1
limited,1
curtis,1
benson,1
harris,1
islands,1
framing,1
nietzsche,1
albany,1
rodriguez,1
tilly,1
giovanni,1
mart,1
rodseth,1
fossil,1
judgment,1
kieli,1
litvin,1
bill,1
malkin,1
jihad,1
hanged,1
spraypaint,1
girolamo,1
newton,1
dle,1
southern,1
malaisen,1
religious,1
parker,1
oldham,1
papermissouri,1
demic,1
engineering,1
fighting,1
lisa,1
hollywood,1
marec,1
ume,1
pacific,1
hamm,1
edited,1
victor,1
museum,1
csa,1
security,1
salvation,1
devotion,1
barker,1
happened,1
theodor,1
neil,1
den,1
technology,1
under,1
god,1
dewey,1
historia,1
elephants,1
dowling,1
or,1
sky,1
cholera,1
dalle,1
politiques,1
railroad,1
vatican,1
light,1
islam,1
hearne,1
olsen,1
xviiie,1
al,1
reprint,1
narratives,1
gary,1
steve,1
two,1
toronto,1
oldenbourg,1
williams,1
scotland,1
stalin,1
knocking,1
krause,1
hosokawa,1
lucien,1
love,1
lee,1
oral,1
respubliki,1
uniandmemory,1
lubbock,1
marko,1
fell,1
thewoman,1
palm,1
mark,1
again,1
uniabroad,1
christ,1
sia,1
rhodes,1
missing,1
prometheus,1
herbert,1
efforts,1
paine,1
stabler,1
idea,1
unionism,1
minnesota,1
jours,1
instituto,1
wine,1
frost,1
reform,1
mulino,1
children,1
grave,1
enlightenment,1
casino,1
nepmanov,1
antonio,1
chixvii,1
omilla,1
polio,1
arthur,1
bruns,1
man,1
sirhodes,1
serfdom,1
klan,1
maurus,1
do,1
v,1
paris,1
alterman,1
centre,1
where,1
cans,1
dorothy,1
oregon,1
florence,1
nance,1
lion,1
strategies,1
linnanma,1
dukeuniversity,1
jahrhundert,1
judenmoon,1
minneapolis,1
japan,1
ta,1
charter,1
ception,1
woman,1
nigel,1
khaziev,1
belief,1
meta,1
hamilton,1
threats,1
free,1
mccormick,1
fonctions,1
miluniversity,1
fight,1
univerkenya,1
tennial,1
autobiography,1
local,1
original,1
connell,1
private,1
okinawa,1
collecting,1
divided,1
gleichende,1
rio,1
father,1
istoricheskii,1
resurser,1
robertson,1
yellowstone,1
thucydides,1
itary,1
craig,1
virgin,1
matthews,1
bacchus,1
communities,1
giles,1
bashar,1
ality,1
gether,1
keating,1
sixth,1
tank,1
profil,1
holt,1
hollis,1
leyte,1
identity,1
europeans,1
finland,1
holocaust,1
yannick,1
firearms,1
francis,1
pleasure,1
auf,1
icy,1
stay,1
munity,1
trust,1
were,1
nationalism,1
office,1
culwilensky,1
california,1
rouge,1
trade,1
plorazioni,1
significance,1
ki,1
urbana,1
comoutram,1
quataert,1
moral,1
josiah,1
authors,1
cunningham,1
tury,1
movies,1
rinaldeschi,1
ottoman,1
health,1
reantony,1
ireland,1
sande,1
ciety,1
christopher,1
keep,1
linhard,1
mcmath,1
attle,1
tribal,1
asu,1
bicen,1
lie,1
seungsook,1
after,1
conversation,1
dekalb,1
cutler,1
unilexington,1
faith,1
univerburnett,1
random,1
include,1
moderne,1
destinies,1
berndt,1
can,1
kordes,1
westbrook,1
electric,1
drinot,1
postwar,1
mcconnell,1
brust,1
yers,1
universita,1
jerry,1
finelli,1
workuniversity,1
louisiana,1
triay,1
ashe,1
immigration,1
vapauttamisesta,1
canterbury,1
grane,1
division,1
timmons,1
clogher,1
levy,1
bighorn,1
frontier,1
conjuring,1
neely,1
vaughn,1
islamic,1
aid,1
me,1
mmigkeit,1
charters,1
pancloth,1
independent,1
movements,1
kenneth,1
osiris,1
linda,1
foster,1
tech,1
meredith,1
leslie,1
ordinary,1
kielinationalismi,1
uitz,1
anbolgiani,1
dimensions,1
who,1
lost,1
army,1
nz,1
tive,1
dosteuropa,1
team,1
seventeenth,1
comworman,1
face,1
kistler,1
urofsky,1
antiquity,1
revallitt,1
suche,1
why,1
introductory,1
methods,1
analysis,1
norton,1
homan,1
photographers,1
fall,1
hope,1
presidents,1
entertainment,1
battleground,1
not,1
garofalo,1
creatures,1
citizens,1
imperialism,1
dent,1
canada,1
francisco,1
rider,1
interpretive,1
morrow,1
susan,1
photographs,1
cam,1
liebenberg,1
tomac,1
hearts,1
school,1
kouame,1
dorinda,1
victoria,1
shadow,1
then,1
enterprising,1
pragmatist,1
bean,1
terrible,1
greeks,1
univer,1
changing,1
reof,1
pulitzer,1
founded,1
athens,1
gunsmoke,1
yoder,1
bashgu,1
municixiiie,1
ries,1
detective,1
truman,1
historischen,1
rocky,1
phillips,1
calamity,1
here,1
command,1
rappaport,1
munich,1
godfrey,1
huntley,1
mis,1
civilians,1
continental,1
hyperbolic,1
spied,1
unihovey,1
deregulation,1
lfa,1
anthropology,1
anevening,1
backfire,1
stalinism,1
arbeiten,1
maakaupan,1
roman,1
adjudication,1
gone,1
capital,1
bologna,1
leaders,1
ahr,1
print,1
fearless,1
stiftungen,1
speech,1
mieli,1
jaroslav,1
foundation,1
dougherty,1
brinkley,1
americanwest,1
guy,1
cimprich,1
cauthen,1
philrailroad,1
kidd,1
jennifer,1
winkler,1
tex,1
rural,1
works,1
lxvii,1
elena,1
tionen,1
beginning,1
stites,1
lens,1
born,1
penn,1
jean,1
sue,1
francescanesimo,1
gudrun,1
deejay,1
kevin,1
rose,1
vjeran,1
bojana,1
abraham,1
cornerstones,1
thierry,1
textbook,1
plete,1
adrados,1
ies,1
theory,1
behdad,1
saddle,1
kauppiaskunta,1
thames,1
rating,1
divide,1
boys,1
constitutional,1
villes,1
imperial,1
property,1
pluto,1
urban,1
port,1
personto,1
janice,1
southhiller,1
lieber,1
paradise,1
ill,1
russwurm,1
beach,1
republic,1
november,1
duty,1
african,1
pohanka,1
fu,1
entrepreneur,1
orle,1
gang,1
adapted,1
atti,1
ihren,1
merchant,1
rusanderson,1
superpower,1
bradley,1
diocese,1
pol,1
writing,1
coming,1
budapest,1
childhood,1
our,1
cornish,1
eric,1
klux,1
indiana,1
brus,1
xxe,1
damascus,1
evensky,1
virferal,1
donald,1
quest,1
millionaire,1
knights,1
michiel,1
rdsstrategier,1
have,1
uniuniversity,1
abc,1
theologie,1
nixon,1
pamela,1
mode,1
tronzo,1
idiot,1
argentinean,1
armstrong,1
americas,1
fatal,1
cobble,1
green,1
intelversity,1
wiggins,1
mas,1
gen,1
france,1
you,1
off,1
olda,1
fated,1
kristie,1
captain,1
mack,1
chavez,1
dlia,1
chalmers,1
secolo,1
bipreneur,1
reformation,1
suomausdin,1
ruth,1
lawyork,1
attal,1
elvis,1
jefferson,1
rifles,1
biles,1
duffy,1
ische,1
teenth,1
therese,1
scholarship,1
johnson,1
reinkowski,1
chicago,1
gainesville,1
tallis,1
valley,1
overy,1
northwestern,1
little,1
unistanford,1
gulf,1
dominacio,1
stiftungsgeschichten,1
shugaar,1
ramage,1
operational,1
suomessa,1
gabler,1
asked,1
edcialism,1
hans,1
race,1
sen,1
gold,1
pellegrino,1
