WORDCOUNTS,WEIGHT
the,73
and,67
of,67
pp,58
by,35
press,34
university,31
in,25
editor,22
new,21
york,18
s,18
a,16
de,12
edited,11
history,10
volume,10
d,10
on,10
editors,10
foreword,9
american,9
with,9
from,9
paper,9
cloth,9
number,8
c,8
m,7
letters,6
foreign,6
oxford,6
studies,6
assisted,6
william,6
ed,6
america,6
osler,6
south,5
united,5
carolina,5
renaissance,5
translated,5
civil,5
relations,5
states,5
texts,5
medieval,4
edward,4
b,4
h,4
xi,4
women,4
critchlow,4
for,4
documents,4
war,4
xiv,4
books,4
u,4
virginia,4
freedom,4
office,4
cambridge,4
washington,4
david,4
la,4
columbia,4
early,4
l,3
santiago,3
translation,3
modern,3
susan,3
consejo,3
guerra,3
book,3
j,3
europe,3
printing,3
government,3
john,3
end,3
investigaciones,3
documentos,3
historical,3
brill,3
to,3
xvii,3
routledge,3
archivo,3
harshav,3
r,3
w,3
marfa,3
gomd,3
elizabeth,3
rochester,3
superior,3
et,3
pazos,3
madrid,3
jose,3
xxiii,3
g,3
bibliographies,3
start,3
an,3
barroso,3
northern,3
robert,3
society,3
barbara,2
knoxville,2
publishing,2
xxxvi,2
sibly,2
english,2
anthony,2
its,2
curtis,2
e,2
army,2
house,2
germany,2
agnieszka,2
benjamin,2
volumes,2
ix,2
life,2
white,2
guide,2
rs,2
library,2
victor,2
photographs,2
policy,2
river,2
n,2
series,2
friedrich,2
al,2
indian,2
cientificas,2
t,2
pandita,2
caroline,2
laurens,2
paul,2
set,2
der,2
ramabai,2
smith,2
december,2
company,2
xii,2
ahr,2
xiii,2
cady,2
xxii,2
works,2
state,2
henry,2
staff,2
german,2
proceedings,2
papers,2
pease,2
afterword,2
east,2
translators,2
italian,2
xx,2
trial,2
art,2
boston,2
richard,2
sanchezlafuente,2
izz,2
diaries,2
officers,2
central,2
della,2
london,2
ibn,2
chagall,2
national,2
review,2
xviii,2
stanford,2
president,2
years,2
since,2
donald,2
september,2
cold,2
revolution,2
stanton,2
holberton,2
carson,2
times,2
charles,2
ann,2
philip,2
parliament,2
james,2
y,2
documentary,2
world,2
north,2
lincoln,2
xxviii,2
tennessee,2
kurt,1
nachkriegsjahre,1
costa,1
alabama,1
chronological,1
miller,1
van,1
european,1
bernard,1
rights,1
gwendolyn,1
dale,1
churchill,1
conquerors,1
related,1
lviii,1
lala,1
ruggiero,1
studia,1
saljuq,1
essential,1
constable,1
road,1
delhi,1
melvin,1
epilog,1
littlefield,1
kenneth,1
treaties,1
rev,1
commentary,1
five,1
amherst,1
soviet,1
angeles,1
knight,1
liii,1
comparative,1
hill,1
fleury,1
trials,1
assassination,1
albigensian,1
rapids,1
jane,1
revolutionary,1
rinascimento,1
medii,1
peden,1
red,1
greenhill,1
scientifiche,1
osmar,1
galileo,1
clio,1
uber,1
introduction,1
marcus,1
xl,1
defenses,1
crossing,1
per,1
longo,1
teigen,1
langenfeld,1
ordinibus,1
vii,1
center,1
artist,1
christian,1
moss,1
dottrina,1
brutus,1
anthology,1
incorporated,1
k,1
jews,1
crusade,1
aecclesia,1
birns,1
dal,1
horton,1
congregazione,1
frank,1
von,1
archivio,1
chronicle,1
gulag,1
bahrdt,1
tibor,1
siemers,1
education,1
roma,1
ways,1
types,1
citizens,1
hugh,1
malebranche,1
cautio,1
wallace,1
canada,1
brunswick,1
battlefields,1
mit,1
federalist,1
erudite,1
thought,1
park,1
xxxi,1
drill,1
xlvi,1
fifth,1
protection,1
eavesdropping,1
index,1
dwight,1
ancient,1
jay,1
sunt,1
home,1
giannetti,1
railroad,1
malden,1
genteel,1
engblom,1
cornell,1
latin,1
biographical,1
gustavo,1
culture,1
gibson,1
guatemala,1
days,1
xxiv,1
tapes,1
sigerman,1
welfare,1
africa,1
shikar,1
memories,1
casas,1
reviewed,1
listed,1
reprint,1
faith,1
ville,1
grand,1
these,1
age,1
laura,1
two,1
kerby,1
rashdi,1
mich,1
first,1
rickie,1
vietnam,1
stephen,1
social,1
ramsey,1
victorius,1
inc,1
sources,1
paperback,1
lexington,1
pfau,1
long,1
revisited,1
beisner,1
carl,1
md,1
frankfurt,1
wreszin,1
jackson,1
wakeman,1
roman,1
weltkrieg,1
conspirators,1
french,1
rai,1
nivelon,1
colonialism,1
elie,1
workin,1
carolyn,1
ii,1
shanghai,1
hurley,1
or,1
mark,1
tory,1
berkeley,1
yours,1
reinhardt,1
academy,1
rubel,1
assault,1
qui,1
nebraska,1
intellectual,1
zande,1
kent,1
all,1
kshitija,1
england,1
krick,1
documenti,1
opening,1
asia,1
limits,1
steven,1
georgia,1
other,1
aftermath,1
stories,1
dearest,1
moderna,1
alexander,1
bartolomt,1
clarendon,1
indies,1
medicine,1
marion,1
gouwens,1
great,1
taschenbuch,1
sullivan,1
franklin,1
joy,1
boydell,1
richards,1
roland,1
viii,1
grossman,1
time,1
were,1
intellectuals,1
durr,1
mick,1
dietz,1
harriet,1
gray,1
mississippi,1
hopkins,1
contemporary,1
alisa,1
foster,1
pennsylvania,1
mink,1
las,1
muhammad,1
mass,1
edition,1
living,1
rhetoric,1
simonsohn,1
lawrence,1
men,1
hubbs,1
gidley,1
blackwell,1
einem,1
xxxiii,1
keefer,1
oklahoma,1
political,1
shlomo,1
regiment,1
witch,1
jean,1
discussing,1
greensboro,1
photography,1
guards,1
johns,1
marzo,1
hanson,1
calculus,1
burns,1
florence,1
advisers,1
recently,1
selected,1
michael,1
cannot,1
british,1
calif,1
iran,1
revere,1
baltimore,1
efros,1
hellyer,1
dialectic,1
abbreviated,1
myles,1
axis,1
fox,1
light,1
fi,1
holly,1
hamilton,1
jacobs,1
public,1
britannici,1
foundations,1
iv,1
enemies,1
annals,1
hitler,1
bibliographic,1
xix,1
lester,1
jack,1
sieg,1
account,1
discourses,1
sicily,1
die,1
marc,1
febrero,1
politics,1
hackett,1
literature,1
puylaurens,1
tugendhold,1
session,1
olschki,1
turkey,1
jansson,1
received,1
brune,1
los,1
goodman,1
canaan,1
writers,1
terence,1
reader,1
nanda,1
professionibus,1
peggy,1
patricia,1
part,1
memoir,1
x,1
including,1
taketani,1
dee,1
diplomacy,1
eta,1
athens,1
chesnutt,1
ken,1
irish,1
reminiscences,1
louis,1
interviews,1
xlii,1
winston,1
gheyn,1
kappler,1
expression,1
ball,1
ya,1
johan,1
frykenberg,1
francis,1
colonial,1
enero,1
witchcraft,1
budapest,1
lanham,1
andrew,1
frances,1
popular,1
aevi,1
antifederalists,1
eric,1
personal,1
solinger,1
grace,1
california,1
montreal,1
project,1
manohar,1
indianapolis,1
steers,1
diversis,1
charlottes,1
xv,1
libellus,1
memoirs,1
ali,1
three,1
laursen,1
wo,1
modem,1
conditions,1
selections,1
steam,1
abc,1
assignment,1
annotated,1
forbearance,1
essay,1
cientfficas,1
change,1
aquitaine,1
register,1
bernholz,1
belsey,1
eve,1
turks,1
spee,1
normally,1
land,1
caribbean,1
xxvi,1
revised,1
field,1
jr,1
ambassador,1
plant,1
alison,1
fischer,1
writer,1
tempe,1
collected,1
rkh,1
catholic,1
le,1
confession,1
epoch,1
dell,1
caron,1
rutgers,1
commons,1
ward,1
auctores,1
prados,1
sindh,1
madison,1
comedies,1
association,1
dean,1
rudiments,1
immigrants,1
clark,1
letterarie,1
pages,1
wiltenburg,1
quebec,1
schell,1
maija,1
pearl,1
june,1
santa,1
bullock,1
pir,1
subsidia,1
ithaca,1
herschler,1
sneider,1
chapel,1
corrispondenze,1
massachusetts,1
giles,1
egypt,1
left,1
lajpat,1
ivan,1
chicago,1
orville,1
jacob,1
zweite,1
be,1
xxvii,1
etsuko,1
guido,1
norman,1
behavior,1
piven,1
abbo,1
infantry,1
solomon,1
eerdmans,1
much,1
rowman,1
israelyan,1
luzac,1
taylor,1
destruction,1
gomes,1
kentucky,1
voices,1
conversations,1
macdonald,1
gordon,1
cvi,1
arizona,1
criminalis,1
translator,1
fede,1
