WORDCOUNTS,WEIGHT
the,1417
of,606
to,519
in,506
and,479
a,326
that,325
as,181
is,174
they,172
was,171
it,166
he,144
his,137
for,133
their,132
were,131
not,130
had,124
spanish,123
with,117
have,114
cortes,108
s,97
on,93
we,92
from,90
this,83
by,79
but,78
who,76
moctezuma,75
one,72
or,72
them,70
de,69
mexico,65
been,62
spaniards,62
be,62
at,60
conquest,60
when,56
would,56
an,53
people,52
gods,51
what,50
are,48
no,47
did,47
other,46
could,44
new,43
first,42
there,42
see,42
so,42
has,42
city,42
men,41
only,40
i,39
even,39
about,39
more,39
which,39
indians,39
all,37
then,36
if,35
indigenous,35
end,35
later,34
aztec,34
here,34
review,33
american,33
quetzalcoatl,32
made,32
him,32
start,31
lockhart,31
after,31
historical,31
aztecs,31
than,30
most,30
own,30
june,29
also,29
codex,29
world,28
nahuatl,28
some,27
florentine,27
god,27
our,26
word,25
history,25
duran,25
well,25
many,25
do,25
king,24
before,23
said,23
such,23
white,23
these,23
spain,23
diaz,23
book,22
great,22
letter,22
bernal,22
us,22
work,21
will,21
story,21
early,21
out,20
elliott,20
letters,20
indian,20
way,19
those,19
against,19
rather,19
tenochtitlan,19
any,19
however,18
because,18
time,18
europeans,18
must,18
now,17
though,17
second,17
wrote,17
yet,17
pagden,17
few,17
over,17
conquistadors,17
became,17
come,17
themselves,17
into,16
townsend,16
teotl,16
how,16
make,16
camilla,16
evidence,16
himself,15
may,15
without,15
certain,15
sense,15
ixtlilxochitl,15
newcomers,15
indeed,15
fact,15
years,15
mexica,15
burying,15
through,15
although,15
point,14
thus,14
came,14
used,14
example,14
iron,14
two,14
while,14
both,14
you,14
case,13
america,13
like,13
my,13
events,13
technology,13
historia,13
ed,13
another,13
nahua,13
use,13
saw,13
la,13
known,13
very,13
motolinia,13
given,13
true,12
sources,12
long,12
political,12
within,12
killed,12
say,12
learned,12
left,12
third,12
latin,12
arrived,12
warriors,12
year,12
horses,12
return,12
name,12
clear,12
three,12
text,12
know,12
between,12
sent,11
apparently,11
knew,11
same,11
guns,11
having,11
least,11
weapons,11
still,11
thought,11
indies,11
nothing,11
european,11
me,11
version,11
captain,11
much,11
being,10
taken,10
j,10
words,10
narrative,10
take,10
side,10
human,10
turn,10
old,10
communication,10
called,10
several,10
certainly,10
up,10
power,10
makes,10
aguilar,10
others,10
never,10
last,10
written,10
priests,10
why,10
arrest,10
accounts,10
went,10
question,10
until,10
ships,10
texts,10
among,10
technological,10
does,9
allies,9
might,9
signs,9
intelligence,9
right,9
century,9
back,9
understood,9
important,9
arrival,9
found,9
war,9
your,9
del,9
put,9
colonial,9
available,9
water,9
scholars,9
man,9
hassig,9
explanation,9
language,9
period,9
thomas,9
can,9
enemies,9
twelve,9
often,9
believe,9
speech,9
tapia,9
gold,9
told,8
every,8
account,8
divine,8
general,8
days,8
meant,8
appear,8
spaniard,8
los,8
part,8
mexicans,8
earth,8
good,8
heart,8
emperor,8
notes,8
towns,8
read,8
empire,8
less,8
perhaps,8
eds,8
notion,8
upon,8
kingdom,8
diamond,8
james,8
she,8
ever,8
set,8
particular,8
her,8
almost,8
close,8
needed,7
source,7
give,7
military,7
tradition,7
down,7
clendinnen,7
date,7
possible,7
initial,7
elements,7
responded,7
edition,7
conqueror,7
powerful,7
obras,7
away,7
next,7
order,7
coast,7
situation,7
says,7
hero,7
published,7
again,7
stories,7
together,7
where,7
accepted,7
woman,7
described,7
victory,7
claimed,7
lost,7
seen,7
life,7
believed,7
simply,7
quickly,7
seem,7
sea,7
land,7
off,7
francisco,7
truth,6
trans,6
spears,6
likely,6
mexican,6
narvaez,6
something,6
women,6
capital,6
able,6
incident,6
state,6
issue,6
historians,6
obvious,6
ship,6
along,6
includes,6
village,6
find,6
york,6
statements,6
english,6
leading,6
study,6
lose,6
vera,6
clearly,6
n,6
defeat,6
lords,6
based,6
attack,6
term,6
sacrifice,6
none,6
received,6
records,6
call,6
things,6
around,6
villages,6
codices,6
various,6
under,6
nahuas,6
ancient,6
lord,6
mentions,6
idea,6
children,6
john,6
enough,6
cruz,6
style,6
fight,6
looking,6
probably,6
full,6
students,6
someone,6
anyone,6
become,6
motecuhzoma,6
omens,6
reason,6
face,6
control,6
different,6
particularly,6
day,6
sahaguin,6
making,6
andres,6
writing,6
named,6
lands,6
aware,6
charles,6
immediately,6
o,5
done,5
metal,5
difficult,5
common,5
courtly,5
myths,5
speakers,5
group,5
ways,5
fray,5
h,5
uses,5
annals,5
locals,5
advantage,5
broken,5
course,5
east,5
natives,5
throughout,5
relatively,5
moment,5
destroyed,5
refer,5
young,5
recognized,5
reference,5
importance,5
distant,5
send,5
understand,5
wanted,5
indios,5
argued,5
greater,5
houses,5
speaker,5
equally,5
appears,5
information,5
knowledge,5
esp,5
its,5
place,5
actually,5
okla,5
personal,5
following,5
volume,5
fuentes,5
newly,5
tlaxcalan,5
bringing,5
indicates,5
religious,5
single,5
chronicle,5
happened,5
complete,5
culture,5
chose,5
ask,5
appeared,5
documents,5
took,5
vulnerable,5
nueva,5
belief,5
number,5
discussion,5
tlatelolco,5
messengers,5
rapidly,5
kept,5
latter,5
hand,5
armor,5
v,5
translator,5
hill,5
fall,5
kings,5
campaign,5
going,5
university,5
steel,5
alternative,5
familiar,5
each,5
best,5
las,5
better,5
person,5
according,5
calif,5
popular,5
malinche,5
mention,5
coming,5
numerous,5
need,5
posterity,5
norman,5
recent,5
should,5
meaning,4
groups,4
likewise,4
significant,4
myth,4
character,4
tribute,4
supposedly,4
utopia,4
topiltzin,4
diego,4
worked,4
seems,4
europe,4
heredia,4
hundred,4
court,4
help,4
irons,4
mortal,4
besides,4
translations,4
saying,4
vol,4
except,4
regarding,4
royal,4
que,4
immediate,4
since,4
carlos,4
extensively,4
cases,4
document,4
friar,4
gillespie,4
battles,4
conquerors,4
town,4
whose,4
destroy,4
developed,4
killing,4
heard,4
earlier,4
similar,4
b,4
alva,4
supposed,4
causeway,4
section,4
lances,4
house,4
too,4
commonly,4
legends,4
statement,4
position,4
fates,4
franciscans,4
societies,4
eat,4
captured,4
let,4
recently,4
chimalpahin,4
died,4
huemac,4
brought,4
gave,4
describe,4
during,4
messenger,4
describing,4
deity,4
quite,4
chichimeca,4
reported,4
using,4
seemed,4
battle,4
matter,4
april,4
once,4
added,4
begins,4
useful,4
business,4
passed,4
toward,4
efforts,4
powder,4
ceremonies,4
arthur,4
tell,4
por,4
native,4
books,4
explicitly,4
local,4
examples,4
rendered,4
food,4
returned,4
sails,4
soldiers,4
held,4
defense,4
spread,4
quick,4
reads,4
relation,4
christian,4
today,4
crucial,4
five,4
army,4
analysis,4
existed,4
itself,4
susan,4
earliest,4
thinking,4
surrender,4
argue,4
enemy,4
associated,4
elsewhere,4
unlikely,4
boat,4
whether,4
want,4
tlaxcalans,4
leaving,4
voice,4
huge,4
careful,4
peace,4
despite,4
todorov,4
accept,4
jared,4
offer,4
include,4
am,4
offered,4
potential,4
news,4
sahagun,4
rest,4
recounted,4
auguries,4
cook,4
texcoco,4
little,4
traditional,4
cuauhtemoc,4
famous,4
doing,4
catapult,4
lopez,3
deny,3
serpent,3
fled,3
burkhart,3
manuscript,3
just,3
center,3
large,3
mounted,3
envisioned,3
summaries,3
easily,3
studies,3
western,3
round,3
necessarily,3
tells,3
acquainted,3
turning,3
arms,3
uprising,3
either,3
marco,3
quoting,3
central,3
ourselves,3
potentially,3
sorcerers,3
studied,3
real,3
gifts,3
china,3
behind,3
context,3
el,3
recorded,3
fernando,3
task,3
chapter,3
sixteenth,3
move,3
cited,3
undoubtedly,3
ross,3
technically,3
interestingly,3
explained,3
facts,3
inner,3
reino,3
interest,3
supplies,3
dealings,3
times,3
perspective,3
concerning,3
six,3
forebears,3
island,3
details,3
generation,3
shall,3
handful,3
build,3
mufioz,3
hopes,3
testimony,3
remain,3
camargo,3
capture,3
legal,3
leave,3
pages,3
envision,3
matteo,3
feel,3
actions,3
t,3
intellectually,3
numbers,3
frequently,3
calendar,3
age,3
four,3
tried,3
beyond,3
generally,3
polo,3
attempting,3
narration,3
whom,3
histories,3
deal,3
austin,3
ricci,3
late,3
cultural,3
nobles,3
meet,3
wealth,3
record,3
explain,3
brooks,3
aspects,3
swords,3
line,3
y,3
decides,3
memory,3
writers,3
claim,3
reader,3
prominent,3
london,3
teul,3
comment,3
description,3
tlaxcala,3
surprise,3
whole,3
castillo,3
demon,3
recounting,3
surrounding,3
anything,3
rage,3
emissaries,3
else,3
approach,3
relaciones,3
social,3
working,3
allegiance,3
straight,3
politically,3
midst,3
settlement,3
research,3
began,3
usual,3
telling,3
tended,3
toltecs,3
fully,3
overlords,3
resistance,3
valuable,3
promising,3
south,3
short,3
service,3
limited,3
asking,3
reinforcements,3
nearly,3
loaded,3
permission,3
soon,3
columbus,3
perceived,3
tax,3
equipped,3
heirs,3
narratives,3
picture,3
inhabitants,3
leader,3
death,3
pointed,3
coincidence,3
treatment,3
temples,3
match,3
educated,3
larger,3
everything,3
devil,3
remarkable,3
begin,3
answer,3
necessary,3
gives,3
won,3
remained,3
triste,3
reed,3
farming,3
including,3
previously,3
warrior,3
elite,3
pizarro,3
open,3
subtle,3
faces,3
david,3
parts,3
keen,3
wish,3
tecuhtli,3
sight,3
anderson,3
effect,3
attention,3
separate,3
relationship,3
provide,3
sometimes,3
insist,3
festival,3
boats,3
gathered,3
considered,3
school,3
takes,3
rebelled,3
mentioned,3
sacred,3
equipment,3
berkeley,3
ordered,3
sure,3
worth,3
jorge,3
leaders,3
scenario,3
obviously,3
perfectly,3
audience,3
works,3
living,3
merely,3
franciscan,3
form,3
list,3
problem,3
christians,3
annual,3
don,3
hundreds,3
mats,3
art,3
peoples,3
paintings,3
intention,3
presented,3
espafia,3
ruled,3
met,3
strangers,3
role,3
giving,3
rendering,3
returning,3
step,3
germs,3
think,3
argument,3
arrows,3
dangerous,3
instead,3
americas,3
arrivals,3
speak,3
region,3
c,3
chicago,3
lake,3
era,3
dibble,3
paralyzing,3
vespucci,3
element,3
images,3
compendio,3
beings,3
asked,3
conversations,3
race,3
final,2
rate,2
struggle,2
page,2
fathers,2
jewels,2
stuart,2
sued,2
anthony,2
commentary,2
corruption,2
faced,2
teteu,2
go,2
represent,2
everyone,2
expedition,2
happen,2
presses,2
connection,2
e,2
feathered,2
miguel,2
view,2
sympathetic,2
church,2
mesoamerica,2
stone,2
formed,2
alive,2
modern,2
realities,2
presents,2
occurred,2
hence,2
exaggerated,2
address,2
advanced,2
diseases,2
nature,2
departure,2
definition,2
seamlessly,2
further,2
scientists,2
desire,2
differences,2
rule,2
chroniclers,2
cholula,2
personages,2
closer,2
begging,2
launched,2
room,2
inland,2
faithful,2
mind,2
interviewed,2
priest,2
raised,2
contrasting,2
reading,2
somewhat,2
legend,2
followers,2
fortune,2
proceed,2
apostles,2
forthcoming,2
sahagin,2
assertions,2
inca,2
arrive,2
primary,2
victims,2
coward,2
inga,2
installed,2
indirectly,2
opened,2
felt,2
politics,2
explorers,2
establishing,2
vassal,2
peacefully,2
interviews,2
ritual,2
vassals,2
accessible,2
hit,2
comments,2
madrid,2
development,2
points,2
run,2
quifiones,2
visited,2
wind,2
invaders,2
ability,2
decided,2
portray,2
participating,2
tucson,2
constellation,2
alphabet,2
treasure,2
learning,2
kind,2
decisions,2
casas,2
stokes,2
kinds,2
ear,2
serving,2
extraordinary,2
moving,2
clock,2
traditions,2
terror,2
key,2
bears,2
tlaltelolco,2
chaplain,2
promised,2
impossible,2
failed,2
wounds,2
authority,2
profoundly,2
philadelphia,2
essential,2
sumaria,2
try,2
bring,2
prince,2
aimed,2
furthermore,2
explicit,2
coastal,2
process,2
meanwhile,2
ce,2
always,2
parents,2
goes,2
arm,2
talk,2
sacrificed,2
direct,2
strange,2
benjamin,2
special,2
noche,2
lay,2
space,2
attached,2
gathering,2
nor,2
dominican,2
honored,2
servants,2
arrested,2
plural,2
possibly,2
organized,2
receiving,2
contemporaries,2
prevent,2
conquistador,2
putting,2
neither,2
blood,2
expulsion,2
willing,2
objects,2
m,2
opinion,2
shoot,2
motecuzoma,2
paragraph,2
invading,2
reflections,2
friends,2
pantheon,2
title,2
thousands,2
opposition,2
legalistic,2
appearance,2
hands,2
speeches,2
narrated,2
martyr,2
effort,2
seven,2
lived,2
sedentary,2
weren,2
teules,2
secretly,2
embedded,2
gomara,2
swear,2
receive,2
inserts,2
population,2
produced,2
persons,2
cannot,2
promise,2
otomi,2
otherwise,2
wide,2
near,2
scene,2
welcomed,2
silver,2
technical,2
basis,2
future,2
imagined,2
toribio,2
significantly,2
holbein,2
edn,2
anja,2
positions,2
ten,2
genuine,2
asserts,2
tzvetan,2
prisoner,2
forces,2
reflect,2
schwartz,2
riding,2
project,2
horsemen,2
count,2
annotated,2
tone,2
successful,2
field,2
anger,2
canoe,2
apocryphal,2
night,2
involved,2
family,2
accomplished,2
klor,2
highly,2
acts,2
master,2
invaluable,2
suddenly,2
ancestors,2
felipe,2
whatsoever,2
follows,2
barely,2
descendants,2
st,2
wife,2
describes,2
honorific,2
folk,2
provided,2
finds,2
moved,2
behalf,2
avoid,2
critical,2
led,2
interviewing,2
noteworthy,2
sons,2
chaos,2
contact,2
biologist,2
action,2
exile,2
dios,2
diirer,2
domingo,2
secretary,2
eloise,2
surviving,2
landed,2
translates,2
sending,2
interesting,2
eighty,2
fighting,2
pacific,2
relied,2
violence,2
observer,2
hugh,2
territories,2
alongside,2
joke,2
evil,2
seeing,2
protect,2
included,2
property,2
orders,2
light,2
keeping,2
lacked,2
floor,2
acknowledging,2
noted,2
speaking,2
awe,2
utgennant,2
prophecies,2
showing,2
successfully,2
shots,2
hartan,2
untrue,2
nicholson,2
approaching,2
deserves,2
printing,2
july,2
experienced,2
missing,2
wooden,2
shows,2
lives,2
fleeing,2
really,2
hear,2
coloquios,2
debates,2
convert,2
readers,2
greeted,2
sighting,2
learn,2
viceroy,2
ground,2
tales,2
manner,2
florence,2
relevant,2
renaissance,2
michael,2
spoke,2
conquer,2
inconsistency,2
stanford,2
heed,2
transparent,2
violent,2
interpreting,2
week,2
analyzed,2
mean,2
crossbows,2
writings,2
desperate,2
proved,2
noblemen,2
ruling,2
worship,2
head,2
seashore,2
assumption,2
francis,2
robinson,2
aside,2
ethnic,2
lifestyle,2
chosen,2
stayed,2
sound,2
versions,2
modem,2
discussed,2
kicza,2
definitely,2
essay,2
indicate,2
covering,2
housed,2
slippery,2
filled,2
accurate,2
lafaye,2
standard,2
imagination,2
repeated,2
spent,2
facing,2
schroeder,2
ann,2
capabilities,2
translate,2
present,2
looked,2
figures,2
staff,2
quarterly,2
conquista,2
motif,2
decision,2
implicitly,2
esta,2
flesh,2
aid,2
road,2
perspectives,2
note,2
spelling,2
continued,2
science,2
foreign,2
vision,2
impressive,2
fear,2
andean,2
lies,2
becomes,2
referred,2
translation,2
detailed,2
force,2
juan,2
recalled,2
guadalupe,2
montezuma,2
construction,2
kill,2
gorman,2
united,2
hope,2
surprising,2
crossbowmen,2
centuries,2
sympathy,2
gonzalez,2
tlatoani,2
problematic,2
fought,2
pay,2
poets,2
matters,2
addressed,2
proof,2
fifteen,2
beast,2
hernando,2
extensive,2
devout,2
constituted,2
sank,2
thousand,2
palace,2
seers,2
forty,2
marina,2
colonization,2
extant,2
fault,2
ariz,2
controversy,2
boone,2
impersonator,2
ahr,2
printed,2
daily,2
regard,2
report,2
eventually,2
collectors,2
traitor,2
useless,2
wood,2
tex,2
consciousness,2
atahualpa,2
turned,2
eurasia,2
beginning,2
defend,2
william,2
explanations,2
month,2
textbook,2
hoped,2
saint,2
map,2
mere,2
writes,2
listen,2
waters,2
malintzin,2
pursued,2
deer,2
agreed,2
die,2
universe,2
middle,2
welcome,2
dialogues,2
remember,2
whence,2
preserved,2
far,2
pain,2
thereby,2
show,2
press,2
subject,2
intended,2
struck,2
benavente,2
reconstruct,2
memories,2
maintained,2
hernan,2
difference,2
consult,2
write,2
translated,2
mignolo,2
d,2
states,2
acatl,2
piece,2
colleagues,2
tellingly,2
attempted,2
vanquish,2
xolotl,2
remains,2
untouched,2
sides,2
anonymous,2
morally,2
removed,2
passages,2
assumed,2
bernardino,2
views,2
valley,2
entire,2
corn,2
focus,2
strong,2
seek,2
drew,2
ruy,2
assume,2
workings,2
mistaken,2
tragic,2
glances,1
ammunition,1
residing,1
entities,1
impossibility,1
intricate,1
ending,1
defending,1
portuguese,1
explosion,1
mostly,1
revisionist,1
paralleled,1
owes,1
exhibit,1
personally,1
millennial,1
liminal,1
prefer,1
punch,1
imagining,1
querido,1
fertile,1
concerned,1
rev,1
ejected,1
cataclysm,1
names,1
narrator,1
canares,1
tricksters,1
expand,1
vienna,1
scornfully,1
created,1
trained,1
wonder,1
judging,1
culminated,1
parade,1
market,1
needing,1
outskirts,1
fiction,1
struggled,1
determine,1
cartas,1
consider,1
decipher,1
curved,1
ultimate,1
mountains,1
introduction,1
stands,1
served,1
contradicts,1
tienen,1
regrouping,1
forth,1
per,1
banished,1
connect,1
becoming,1
conducted,1
summarizing,1
hate,1
shoulders,1
seat,1
conveys,1
effective,1
confidence,1
sail,1
edmonson,1
essays,1
advised,1
songs,1
referring,1
mapmakers,1
wondrous,1
cherished,1
peas,1
asserted,1
helmets,1
sets,1
scout,1
chattering,1
sudden,1
jonathan,1
additionally,1
alone,1
air,1
originals,1
country,1
thunders,1
pornography,1
predating,1
resemble,1
boulder,1
nerve,1
wonderful,1
speaks,1
florentino,1
unnatural,1
tied,1
overlook,1
allow,1
ahora,1
orchestrating,1
comparisons,1
transcriptions,1
enticing,1
simultaneously,1
predicting,1
dies,1
incredible,1
amaranth,1
inequality,1
collision,1
total,1
communicating,1
accomplishments,1
somewhere,1
litigation,1
binds,1
mourned,1
arguing,1
descriptions,1
eye,1
sorcerer,1
nonetheless,1
princeton,1
chief,1
offering,1
terrifying,1
clanking,1
direr,1
materials,1
lieu,1
credence,1
leads,1
protecting,1
intentions,1
expenditures,1
brutal,1
metallic,1
contained,1
bolts,1
conglomeration,1
consistent,1
concepts,1
lame,1
forgive,1
ideas,1
gap,1
earning,1
handwriting,1
spiritually,1
preceding,1
complained,1
creation,1
roman,1
chronicles,1
interests,1
ellas,1
unimaginable,1
welter,1
shallow,1
implications,1
proud,1
drastic,1
pictoglyphic,1
worshiped,1
season,1
attempt,1
ears,1
heyden,1
undocumented,1
humans,1
anywhere,1
permanently,1
beautiful,1
accompany,1
gone,1
fragmentary,1
freely,1
neil,1
knowing,1
prestigious,1
dispatched,1
supplied,1
puebla,1
gary,1
friendly,1
musketeer,1
practicality,1
company,1
comparatively,1
immense,1
reach,1
andrew,1
copy,1
route,1
crops,1
compasses,1
twenty,1
paramount,1
foretells,1
governed,1
impede,1
simple,1
confusion,1
thank,1
portrayal,1
origin,1
rich,1
pretense,1
opposing,1
ethnopoetics,1
confront,1
fruits,1
geopolitical,1
proves,1
atlantic,1
concludes,1
pornographic,1
religion,1
torched,1
detail,1
immortal,1
previous,1
graham,1
atrocities,1
evangelization,1
introduces,1
devils,1
differential,1
intruders,1
lodge,1
blow,1
improved,1
resorting,1
lightnings,1
manipulating,1
trouble,1
stand,1
precisely,1
cortesian,1
oversimplification,1
brilliance,1
consulting,1
regularized,1
tezcoco,1
surely,1
ambiguous,1
governors,1
sermon,1
techniques,1
mills,1
jurisdiction,1
confused,1
motivated,1
abdomen,1
stopped,1
wait,1
warning,1
relieves,1
nomadic,1
cajamarca,1
system,1
akin,1
nowhere,1
employs,1
partners,1
occasional,1
deified,1
resemblances,1
fingers,1
existence,1
suspect,1
correlated,1
duree,1
promulgated,1
frequentlyreferred,1
courtesy,1
unlikelihood,1
dying,1
anthropologists,1
unconsciously,1
urton,1
beard,1
apt,1
sought,1
comparativist,1
u,1
sexual,1
retain,1
stereotype,1
mythology,1
lapsing,1
quantities,1
italian,1
disembarked,1
prior,1
capable,1
chest,1
logical,1
origen,1
authentic,1
captivity,1
pretend,1
burning,1
stave,1
wordiness,1
pity,1
etc,1
powers,1
taxation,1
xocoyotl,1
dinner,1
amazement,1
arenas,1
carpenters,1
dissuade,1
professor,1
occurring,1
mental,1
ready,1
disparities,1
intelligent,1
whites,1
conception,1
painfully,1
realpolitik,1
realistic,1
espafa,1
above,1
enter,1
marriage,1
explorer,1
transpiring,1
moral,1
accustomed,1
veracity,1
safely,1
stirring,1
ruwet,1
tzin,1
collection,1
barrera,1
behavior,1
soto,1
cyclically,1
macrohistory,1
wherever,1
narrow,1
exist,1
relies,1
bizarre,1
somehow,1
historiographies,1
preoccupied,1
calms,1
million,1
albrecht,1
squash,1
unfathomable,1
deserving,1
search,1
chiefs,1
married,1
manifest,1
purportedly,1
relationships,1
doris,1
blades,1
grijalva,1
weakened,1
huitzilopochtli,1
difficulties,1
representations,1
attest,1
inevitable,1
incas,1
bent,1
hackles,1
pursuit,1
dramatically,1
silent,1
machine,1
offended,1
author,1
bucklers,1
neighbors,1
phelan,1
ease,1
floating,1
gun,1
headway,1
panic,1
historias,1
excerpted,1
truest,1
afford,1
walter,1
maintaining,1
addressing,1
keber,1
insisted,1
militarily,1
doctrina,1
topic,1
masters,1
expected,1
sages,1
humorous,1
forced,1
totecuio,1
touched,1
determination,1
onslaughts,1
refuses,1
canoes,1
brother,1
territoriality,1
remembering,1
comets,1
resting,1
clay,1
individual,1
determinant,1
concrete,1
interim,1
retake,1
unwavering,1
simpson,1
cosas,1
convincing,1
profound,1
subjects,1
cambridge,1
differently,1
body,1
starved,1
baldwin,1
response,1
slave,1
channels,1
wont,1
pouring,1
dates,1
compared,1
cohen,1
libraries,1
twice,1
engineering,1
cups,1
detecting,1
avowal,1
warned,1
semantic,1
unequivocally,1
marvelous,1
reptile,1
brigantines,1
savvy,1
espada,1
drawn,1
dragon,1
label,1
sin,1
crumbling,1
undeniable,1
constructs,1
practically,1
atrocious,1
apotheosis,1
colleague,1
jabbing,1
forgiveness,1
sun,1
helping,1
messages,1
guard,1
occasion,1
pronounced,1
regain,1
builds,1
acknowledge,1
fierce,1
stanley,1
error,1
quaint,1
contributing,1
walls,1
grasp,1
edited,1
marques,1
vantage,1
alabama,1
delineated,1
tlacatecolotl,1
theorized,1
dish,1
steps,1
operation,1
opposed,1
poor,1
sixteen,1
weapon,1
r,1
springs,1
wilmington,1
adulation,1
olmos,1
german,1
whining,1
plotted,1
harquebusiers,1
privilege,1
frustration,1
horseman,1
observers,1
camp,1
main,1
superficial,1
across,1
generations,1
interpretation,1
watch,1
love,1
ascent,1
proper,1
fantasies,1
resident,1
levels,1
indirect,1
myself,1
pause,1
altar,1
munro,1
victors,1
grandsons,1
players,1
shortly,1
requisite,1
pressing,1
comply,1
granted,1
probability,1
associate,1
persistent,1
eight,1
thing,1
expelled,1
entre,1
fool,1
proffered,1
plots,1
mythmaking,1
enrique,1
desperately,1
dialogue,1
navigation,1
sanctuary,1
possess,1
cave,1
lacking,1
believing,1
prophecy,1
castile,1
arbor,1
verdadera,1
animals,1
imperialist,1
consequences,1
facile,1
chalco,1
reinterpretation,1
firing,1
fantasy,1
lesley,1
means,1
suspicious,1
privy,1
references,1
straits,1
tower,1
category,1
brunswick,1
suffered,1
escape,1
perceptions,1
win,1
monumental,1
ensure,1
assure,1
notwithstanding,1
anguish,1
tensions,1
vasquez,1
forget,1
ambrosius,1
locally,1
younger,1
respect,1
les,1
triumphant,1
entry,1
fast,1
plumed,1
sorts,1
river,1
colonialism,1
elaborate,1
spreading,1
languages,1
quote,1
louise,1
prepares,1
clefts,1
greenberg,1
wins,1
driven,1
presupposing,1
alluded,1
placed,1
gradually,1
mary,1
quoted,1
aprovechar,1
glorious,1
exploratory,1
egregious,1
fatalism,1
facsimile,1
quarters,1
threat,1
marketplace,1
stocked,1
xi,1
situations,1
proven,1
presumed,1
overawed,1
initiative,1
operate,1
superior,1
spence,1
antibodies,1
origins,1
ugly,1
albuquerque,1
fasted,1
follow,1
freed,1
policy,1
traitors,1
cotton,1
notions,1
bancroft,1
definite,1
hitched,1
monarch,1
ceremony,1
contrarias,1
bedford,1
problems,1
profaners,1
islanders,1
imprisonment,1
instance,1
memorized,1
visibly,1
answers,1
solve,1
yes,1
friars,1
odd,1
causing,1
instill,1
founding,1
plagiarizing,1
famed,1
helped,1
testify,1
contrary,1
strategy,1
suggested,1
providing,1
decades,1
tactfully,1
dynastic,1
deceived,1
numerical,1
goldwork,1
transgressor,1
disappeared,1
valiant,1
papas,1
whereas,1
painters,1
chalcan,1
rotter,1
result,1
closely,1
remembered,1
nape,1
christened,1
path,1
agenda,1
transmission,1
squeamish,1
purport,1
africans,1
medicine,1
carrying,1
method,1
entered,1
joy,1
access,1
p,1
byrd,1
pitchers,1
ambiguity,1
underneath,1
format,1
recitation,1
scenes,1
furious,1
international,1
rooms,1
alcheringia,1
mistakenly,1
agendas,1
overtures,1
noting,1
insisting,1
endeavor,1
luxury,1
commoners,1
stomach,1
approximation,1
flying,1
impervious,1
poetry,1
base,1
experts,1
arrogance,1
sends,1
big,1
acquiring,1
hispanic,1
infected,1
pure,1
neighboring,1
irony,1
teaching,1
urgent,1
informed,1
durham,1
imbalances,1
caves,1
pitch,1
embellished,1
unknowable,1
hall,1
desde,1
bore,1
province,1
singing,1
friendship,1
youths,1
versed,1
reinforce,1
alvarado,1
hurl,1
acquaintance,1
fish,1
outside,1
lets,1
anecdote,1
spiritual,1
perform,1
confirmation,1
approached,1
dwellers,1
taught,1
olivia,1
comprehension,1
eager,1
peaceably,1
laughing,1
wayne,1
directly,1
impression,1
scribe,1
briefly,1
eyewitness,1
undermined,1
representatives,1
possession,1
gained,1
coinciding,1
aging,1
feeding,1
participation,1
unequal,1
centaurs,1
imprisoned,1
relatives,1
crushed,1
episode,1
believable,1
relief,1
veritable,1
journals,1
gatherers,1
lure,1
rooftops,1
cuauhtitlan,1
douglas,1
shouldered,1
bullets,1
rocks,1
lads,1
already,1
circumstantial,1
tool,1
hey,1
carries,1
framed,1
repetition,1
clean,1
teule,1
concept,1
hoping,1
unless,1
horse,1
advancement,1
lengua,1
purpose,1
tributary,1
stir,1
dictionaries,1
calls,1
spoken,1
negative,1
whenever,1
anew,1
confirms,1
data,1
spicy,1
thoughts,1
experience,1
tip,1
apotheosized,1
repeating,1
insert,1
hybridity,1
xicmotlatlauhtilican,1
fluent,1
fit,1
older,1
unworthy,1
exceed,1
financial,1
cane,1
flight,1
handy,1
lysander,1
keep,1
comprehensible,1
hawai,1
thelma,1
mentioning,1
watching,1
participated,1
aubin,1
improvisation,1
mesoamericans,1
lawsuit,1
focuses,1
gear,1
accord,1
floors,1
appreciated,1
expect,1
participate,1
semiosis,1
border,1
awkwardness,1
decode,1
victimized,1
rulership,1
connections,1
hemdn,1
status,1
hostility,1
withstand,1
universally,1
wheat,1
throngs,1
memoirs,1
cologne,1
holy,1
landholder,1
oars,1
towards,1
teutl,1
macrohistories,1
massacre,1
mexicanos,1
seacoast,1
preceded,1
neck,1
stylized,1
accused,1
apparatus,1
esteem,1
renounced,1
painting,1
unfitting,1
correct,1
caused,1
fulfilled,1
andes,1
below,1
prostrating,1
wished,1
hiding,1
holes,1
protest,1
errand,1
behold,1
cries,1
villagers,1
contrast,1
theater,1
clothes,1
interacting,1
wrestling,1
timed,1
orient,1
specifically,1
sentence,1
small,1
dwell,1
crescent,1
sufficient,1
prisoners,1
separately,1
imagines,1
eleven,1
wider,1
dire,1
debatable,1
revealing,1
gape,1
temporary,1
elaborates,1
legitimator,1
presence,1
secrecy,1
essentially,1
platform,1
lewis,1
seeds,1
credible,1
wisely,1
clever,1
vein,1
managed,1
mythological,1
crux,1
families,1
visible,1
alfredo,1
universities,1
dependent,1
minor,1
concerted,1
zigzag,1
surrendered,1
interchange,1
vent,1
notice,1
inquiries,1
literacies,1
bananas,1
mouths,1
peppered,1
displaced,1
criminals,1
annex,1
pervasive,1
sinless,1
inform,1
waiting,1
xochimilco,1
incumbent,1
dictated,1
longue,1
caxtilteca,1
content,1
marveled,1
society,1
occasions,1
defeated,1
awards,1
subsequently,1
survived,1
settlers,1
hauled,1
temporarily,1
adeptness,1
eternal,1
embarked,1
vociferously,1
republican,1
originally,1
san,1
sovereign,1
inhabit,1
chains,1
demand,1
forever,1
ceremonial,1
frederick,1
blunderbuss,1
observations,1
variety,1
summarize,1
noble,1
harquebus,1
guarded,1
viviana,1
hyperbole,1
contingent,1
gather,1
indigenista,1
populations,1
identified,1
economic,1
concede,1
magnum,1
kenneth,1
calendric,1
shields,1
hide,1
grafton,1
relapsed,1
drama,1
overall,1
labeled,1
tempted,1
bunches,1
ancien,1
karttunen,1
successes,1
plans,1
chapultepec,1
classic,1
scars,1
brief,1
forward,1
harris,1
islands,1
female,1
dignitaries,1
exception,1
concern,1
sift,1
prove,1
restall,1
convince,1
impersonators,1
pictorial,1
sahlins,1
awestruck,1
sobre,1
starve,1
narrators,1
mystifying,1
intervention,1
avail,1
archivist,1
railed,1
sahagutn,1
tepoztli,1
basque,1
initially,1
traps,1
shipped,1
unquestioningly,1
tends,1
direction,1
positive,1
guzman,1
abhorred,1
resilient,1
powerfully,1
forecast,1
corpus,1
initiate,1
listed,1
communications,1
forts,1
depicted,1
foot,1
ineffective,1
inimitable,1
sort,1
zaragoza,1
sympathies,1
untold,1
justifying,1
wake,1
cambio,1
intense,1
represents,1
accident,1
requiring,1
begged,1
yourselves,1
array,1
continuity,1
declaration,1
combat,1
official,1
inconsistencies,1
disastrous,1
boundary,1
elizabeth,1
marshall,1
participants,1
home,1
planned,1
crossbow,1
raise,1
astrology,1
xomolco,1
cried,1
ambassadors,1
guatemala,1
sleep,1
faultless,1
baltimore,1
deliver,1
si,1
partly,1
reply,1
jamaica,1
lewd,1
contempt,1
watched,1
odds,1
petrified,1
gloss,1
forge,1
reports,1
lined,1
principal,1
mich,1
deities,1
spilt,1
situates,1
memorable,1
rise,1
inheritance,1
stones,1
sketch,1
highness,1
gotten,1
tezozomac,1
surround,1
filling,1
interlopers,1
fantasized,1
worst,1
members,1
oral,1
fire,1
visitor,1
sided,1
recall,1
plundered,1
seville,1
law,1
naivete,1
challenge,1
comparison,1
fell,1
anchored,1
shipbuilder,1
sighing,1
similarly,1
notables,1
intellect,1
tiny,1
lime,1
groping,1
sky,1
release,1
dehumanizing,1
artists,1
lengthy,1
retaliate,1
longer,1
stabler,1
subscribes,1
encompassed,1
explores,1
consideration,1
insatiable,1
overwhelming,1
florescano,1
underestimated,1
deficient,1
endless,1
relates,1
stevens,1
walked,1
caciques,1
copied,1
predominant,1
beliefs,1
witnesses,1
siglo,1
laurenziana,1
casualties,1
vencidos,1
prow,1
germans,1
angeles,1
classical,1
impressions,1
cingapacinga,1
antonio,1
circling,1
surfaces,1
demonstrating,1
fallen,1
proliferation,1
algonkians,1
stop,1
luciani,1
godly,1
outlines,1
seize,1
bound,1
crumbled,1
humming,1
venture,1
reckoned,1
earthly,1
minimize,1
warmly,1
orphans,1
agree,1
serious,1
coherently,1
sullivan,1
maker,1
ruler,1
forms,1
patterns,1
fits,1
interpretaciones,1
mestizo,1
consciously,1
accusations,1
allyn,1
vanquished,1
covered,1
gorges,1
fable,1
en,1
sahagzun,1
demonio,1
creature,1
cristianos,1
murrin,1
occupied,1
sister,1
capricious,1
mex,1
advisers,1
deceivers,1
bolt,1
eulalia,1
creole,1
slice,1
blind,1
material,1
conviction,1
relayed,1
cristiana,1
mundo,1
japan,1
malinchi,1
frightening,1
worshiping,1
preparation,1
greeting,1
ignoring,1
cosmos,1
distance,1
ordinary,1
ink,1
lono,1
shifts,1
stunning,1
remarkably,1
moot,1
custody,1
pictoglyph,1
wrapped,1
crossbowman,1
sir,1
original,1
discourses,1
slingstones,1
palaces,1
ejecting,1
crown,1
understanding,1
collecting,1
meaningful,1
sometime,1
aptly,1
finish,1
encounter,1
theirs,1
rejoiced,1
blunderbusses,1
father,1
disease,1
astray,1
survive,1
success,1
leddy,1
listening,1
informant,1
sacrifices,1
virgin,1
accompanying,1
bear,1
ecologically,1
preferring,1
limitations,1
critiqued,1
memoriales,1
trajectory,1
formal,1
totecuiovan,1
teosinte,1
patricia,1
woe,1
greet,1
conceivable,1
passes,1
sworn,1
distinctly,1
canals,1
top,1
omit,1
findings,1
wound,1
hunting,1
nobleman,1
weeks,1
affection,1
masterful,1
unfortunately,1
hasta,1
largely,1
operated,1
permanent,1
factor,1
encounters,1
variation,1
shortcomings,1
utmost,1
domination,1
pleasure,1
numbered,1
questions,1
bitter,1
exhibited,1
exchange,1
continue,1
frame,1
swearing,1
archive,1
raising,1
got,1
mexicanists,1
unawares,1
unbeatable,1
connected,1
autores,1
dating,1
doomed,1
dieron,1
roberts,1
plagiarized,1
kiss,1
trade,1
low,1
significance,1
explorations,1
substitutes,1
loosely,1
armas,1
alienating,1
archaeological,1
reality,1
awaited,1
suffice,1
frustrated,1
authors,1
narrations,1
trap,1
se,1
damage,1
dominated,1
peter,1
skipped,1
lancers,1
invincible,1
subtitle,1
cabafias,1
balsera,1
pride,1
intact,1
chipping,1
reviewers,1
caribbean,1
helpful,1
function,1
brussels,1
mount,1
division,1
nolan,1
honor,1
hearing,1
dry,1
inquiring,1
worldly,1
lie,1
bipartite,1
misunderstanding,1
black,1
santo,1
martin,1
construct,1
courtyard,1
jesuit,1
leg,1
class,1
colgate,1
agriculturalists,1
faith,1
medicean,1
favored,1
migrants,1
mufion,1
clothed,1
civilian,1
especially,1
arrayed,1
sentiment,1
bowls,1
flatter,1
article,1
trying,1
detained,1
leaves,1
miles,1
methods,1
feet,1
replicated,1
insists,1
confinement,1
commands,1
greatly,1
respectively,1
tactics,1
deceiving,1
xvi,1
exactly,1
seizing,1
proceeding,1
categorize,1
cano,1
laughable,1
innocent,1
structure,1
enthusiastically,1
claiming,1
seeking,1
primeros,1
assistants,1
somebody,1
preand,1
refrained,1
hostage,1
unsurprising,1
nails,1
save,1
invented,1
haven,1
tendency,1
govern,1
marshalling,1
isabel,1
positioning,1
adorno,1
conveyed,1
governor,1
sugar,1
ago,1
quarter,1
cede,1
outright,1
diana,1
musket,1
inferior,1
darker,1
arresting,1
greek,1
convincingly,1
concluded,1
gleaned,1
widely,1
adviser,1
species,1
justice,1
clusters,1
visit,1
tortured,1
increasing,1
compendium,1
clincher,1
anxious,1
fails,1
dogs,1
carried,1
tolteca,1
clattering,1
seized,1
mythologisation,1
unbeknownst,1
stage,1
arriving,1
suggestion,1
negotiations,1
committed,1
vicious,1
opus,1
anahuac,1
hurdle,1
circle,1
expeditionwould,1
belonged,1
prefix,1
reviewer,1
pans,1
mazatl,1
movements,1
conquered,1
chance,1
usually,1
battled,1
guests,1
willingly,1
outsiders,1
dreamed,1
replete,1
practical,1
missionaries,1
maps,1
americanist,1
pieces,1
reasonable,1
gananath,1
ironically,1
vague,1
refrain,1
alternate,1
foreword,1
huntergatherer,1
attitude,1
happening,1
arrogantly,1
widespread,1
male,1
hissing,1
bulletin,1
disagreements,1
multitude,1
cuba,1
colonizers,1
dike,1
collections,1
stupid,1
precedents,1
parcel,1
millennia,1
grinding,1
ramirez,1
kira,1
hundredweight,1
voluntarily,1
wilson,1
transformation,1
legitimacy,1
peril,1
iconographic,1
inadequate,1
smallpox,1
sheer,1
incredulity,1
deals,1
hated,1
nearing,1
bows,1
armed,1
fealty,1
owed,1
metaphors,1
file,1
literacy,1
inspired,1
responsible,1
phrase,1
sahagdn,1
extra,1
expectations,1
jesuits,1
spectacularly,1
restitution,1
causeways,1
expansionism,1
supporting,1
dissuaded,1
fields,1
perishing,1
months,1
exists,1
walking,1
get,1
event,1
repeat,1
rider,1
pleasurable,1
paying,1
hearer,1
colston,1
forest,1
tollan,1
diversidad,1
inventions,1
bernardo,1
legacies,1
durability,1
preached,1
stephen,1
lethally,1
hearts,1
burned,1
struggling,1
linguist,1
sections,1
cuirasses,1
hanke,1
cannon,1
environment,1
publicly,1
seriously,1
conversing,1
firings,1
ruses,1
flies,1
constant,1
girls,1
epistemologies,1
harness,1
continent,1
anales,1
aides,1
firsthand,1
counterintuitive,1
comes,1
series,1
incorporated,1
grand,1
throw,1
biography,1
pulitzer,1
founded,1
conflate,1
predictions,1
demonstrate,1
instructed,1
stepped,1
detect,1
forehead,1
continues,1
atahuallpa,1
symbolic,1
theme,1
inferiority,1
implied,1
discrepancy,1
accorded,1
kemp,1
satisfactory,1
bronze,1
rival,1
regime,1
ll,1
discrete,1
quotes,1
supported,1
impolite,1
terraciano,1
dismissively,1
patently,1
temple,1
dismantle,1
symbol,1
appealing,1
organizational,1
offers,1
portents,1
comparative,1
resonance,1
echoes,1
outcome,1
drowned,1
easy,1
nuremberg,1
natural,1
rushes,1
blair,1
intellectual,1
veracruzanos,1
introducing,1
image,1
katz,1
thwart,1
gale,1
possessors,1
paper,1
cultures,1
survivors,1
burnt,1
lying,1
attribute,1
descendant,1
inclined,1
prolific,1
confident,1
cautiously,1
albeit,1
attire,1
ivory,1
unknown,1
straightforward,1
print,1
enable,1
fired,1
constructions,1
mantle,1
designate,1
expeditions,1
loyalty,1
ladder,1
teteo,1
milk,1
brothers,1
losses,1
intro,1
exhibits,1
lancaster,1
matthew,1
carrasco,1
infer,1
goods,1
anguished,1
precarious,1
cultivation,1
cities,1
identities,1
chesapeake,1
placing,1
closest,1
accepts,1
innumerable,1
february,1
historian,1
elders,1
risky,1
table,1
musings,1
growing,1
purported,1
rolena,1
durdn,1
born,1
bbc,1
purchase,1
lessons,1
retroactively,1
answered,1
affirm,1
proceedings,1
reign,1
scuttled,1
combined,1
reactions,1
duplicity,1
kevin,1
rose,1
ones,1
rebellion,1
plants,1
independently,1
trope,1
monastery,1
nearby,1
males,1
agricultural,1
wending,1
attributes,1
greets,1
axis,1
theory,1
transactions,1
ceased,1
diary,1
ahuitzotzin,1
likes,1
extent,1
falsas,1
saddle,1
sleeping,1
thieves,1
translators,1
collector,1
colonists,1
precursor,1
divide,1
captains,1
proposing,1
minimal,1
missed,1
suggests,1
emphasis,1
kingly,1
verbatim,1
upper,1
library,1
ascertain,1
adorned,1
vessels,1
cosmology,1
gratitude,1
burden,1
wandering,1
bodies,1
boston,1
occasionally,1
son,1
awkwardly,1
apostle,1
ill,1
ambushed,1
compelling,1
glosses,1
introduced,1
beach,1
welcoming,1
joining,1
ashes,1
november,1
beloved,1
convinced,1
turns,1
obeyesekere,1
carrot,1
secondly,1
analyze,1
missionary,1
guile,1
contribute,1
contains,1
halberds,1
cleverly,1
grossberg,1
demanding,1
incorporate,1
preposterous,1
arguments,1
alternating,1
manufacturing,1
divided,1
ranks,1
paid,1
phenomenon,1
campaigns,1
allows,1
representation,1
ensuing,1
gain,1
chieftains,1
aspect,1
behaved,1
satisfying,1
teeth,1
varied,1
ibn,1
leap,1
cruelty,1
protesting,1
frances,1
additional,1
false,1
wild,1
tlaloc,1
enthusiasm,1
formation,1
song,1
priestly,1
chieftain,1
recording,1
implements,1
north,1
invasion,1
foreigners,1
argues,1
sailed,1
editor,1
depression,1
conn,1
twentieth,1
mortals,1
execrable,1
opens,1
jacques,1
national,1
finally,1
discursive,1
peru,1
mode,1
reversed,1
public,1
colo,1
contributed,1
pulling,1
grown,1
salt,1
judges,1
presumes,1
humor,1
recitations,1
consumption,1
range,1
dishonorable,1
masses,1
intellects,1
maritime,1
firewood,1
amerigo,1
meiji,1
countrymen,1
izcalli,1
quauhtemoctzin,1
inequalities,1
locate,1
subordinates,1
area,1
heads,1
transcending,1
majesty,1
viewers,1
shift,1
rout,1
definitive,1
plates,1
summary,1
traveling,1
servant,1
observation,1
specific,1
edmundo,1
hans,1
withdrew,1
ser,1
yahweh,1
shrank,1
espana,1
expertise,1
straw,1
sahagfin,1
elites,1
consisted,1
hills,1
grandson,1
joaquin,1
reached,1
venting,1
informants,1
cempoala,1
stream,1
foretellings,1
mix,1
documentary,1
tactic,1
participant,1
divergent,1
abandoned,1
sparkle,1
counts,1
ends,1
taylor,1
clapped,1
nation,1
demonstrated,1
epochs,1
clerics,1
building,1
daughter,1
showed,1
termed,1
stephanie,1
delayed,1
confrontations,1
striking,1
major,1
occur,1
battutah,1
ploy,1
thorough,1
