WORDCOUNTS,WEIGHT
the,871
of,466
and,363
in,311
to,278
red,196
a,172
indians,156
as,119
white,112
for,109
that,104
indian,83
people,82
s,73
with,70
were,64
from,61
they,60
was,60
english,56
or,55
by,55
their,54
but,53
on,53
american,52
cherokee,51
have,50
is,49
cherokees,46
be,46
this,43
had,42
ed,42
man,42
french,40
it,39
an,38
not,38
first,36
into,35
are,35
he,34
new,34
see,34
at,33
made,33
historical,32
color,31
them,31
which,30
themselves,30
history,29
how,29
one,28
his,28
men,28
race,28
when,27
other,27
d,27
also,26
europeans,26
who,26
called,25
origin,24
christian,23
black,22
story,22
c,22
mississippi,21
war,21
june,21
categories,21
clay,20
may,20
these,20
we,20
review,19
out,19
le,19
about,19
been,19
all,18
i,18
some,18
carolina,18
european,18
did,18
between,18
said,17
great,17
there,17
racial,17
century,17
natchez,17
council,17
another,17
what,17
southeastern,17
early,17
america,16
language,16
then,16
told,15
york,15
got,15
own,15
skin,15
stories,15
so,15
william,15
north,15
whites,14
nations,14
god,14
williams,14
more,14
identity,14
james,14
vols,13
de,13
nancy,13
could,13
used,13
same,13
social,13
john,13
iroquois,13
peace,13
our,13
among,13
h,12
du,12
shoemaker,12
colors,12
differences,12
account,12
linnaeus,12
n,12
origins,12
london,12
edn,12
good,12
southeast,12
native,12
diplomacy,12
louisiana,12
page,11
word,11
adair,11
journal,11
category,11
because,11
conjuror,11
south,11
paint,11
pratz,11
only,11
slaves,11
trader,11
trade,11
like,11
would,11
him,11
rpt,11
meant,11
peoples,11
must,11
different,11
difference,11
land,11
you,11
now,10
if,10
created,10
being,10
king,10
taensas,10
yellow,10
came,10
example,10
earth,10
several,10
world,10
treaty,10
two,10
documents,10
la,10
both,10
archives,9
later,9
second,9
chief,9
papers,9
described,9
such,9
languages,9
most,9
m,9
found,9
term,9
has,9
christians,9
us,9
franklin,9
after,9
longe,9
country,9
instead,9
johnson,9
northeast,8
missionaries,8
lower,8
iberville,8
j,8
human,8
thus,8
g,8
redskin,8
record,8
however,8
speaker,8
provincial,8
fogelson,8
call,8
dictionary,8
vaughan,8
thought,8
many,8
idea,8
father,8
washington,8
three,8
become,8
probably,8
why,8
translated,8
wodige,8
way,7
meaning,7
women,7
british,7
jr,7
choctaw,7
colour,7
no,7
b,7
travels,7
four,7
negroes,7
slave,7
speeches,7
cultural,7
appears,7
records,7
knowledge,7
society,7
will,7
wrote,7
others,7
pennsylvania,7
eighteenth,7
governor,7
brown,7
science,7
often,7
any,7
whether,7
agigage,7
through,7
western,6
before,6
contexts,6
take,6
system,6
east,6
since,6
response,6
than,6
derived,6
painted,6
barbados,6
explain,6
well,6
its,6
either,6
things,6
mooney,6
make,6
biological,6
journey,6
dominion,6
eds,6
original,6
ethnology,6
do,6
usually,6
hill,6
scenario,6
role,6
colonial,6
come,6
although,6
blacks,6
tribes,6
o,5
common,5
expedition,5
t,5
political,5
within,5
march,5
vol,5
october,5
richard,5
west,5
letter,5
chiefs,5
relations,5
nor,5
third,5
y,5
philadelphia,5
l,5
responded,5
rowland,5
cave,5
old,5
university,5
just,5
arrived,5
late,5
further,5
mcloughlin,5
having,5
r,5
hatak,5
symbolism,5
tenn,5
few,5
up,5
guide,5
yet,5
name,5
power,5
europe,5
time,5
upon,5
chickasaw,5
use,5
swanton,5
peter,5
councils,5
five,5
originated,5
mentioned,5
charles,5
report,5
very,5
making,5
while,5
became,5
years,5
samuel,5
evidence,5
valley,5
treaties,4
e,4
colden,4
speakers,4
diplomatic,4
jesuit,4
sources,4
might,4
words,4
narrative,4
hunting,4
alden,4
daniel,4
less,4
payne,4
politics,4
dutch,4
tawny,4
hierarchy,4
affairs,4
refer,4
body,4
find,4
even,4
sun,4
though,4
according,4
town,4
choctaws,4
benjamin,4
creek,4
raymond,4
wanted,4
quoted,4
northeastern,4
show,4
scalps,4
appear,4
my,4
howley,4
understood,4
symbols,4
public,4
near,4
warriors,4
work,4
already,4
blue,4
part,4
encounters,4
contrast,4
phrase,4
small,4
calling,4
city,4
florida,4
above,4
translates,4
put,4
year,4
label,4
mobilian,4
commissioners,4
fit,4
under,4
columbus,4
narratives,4
delaware,4
homma,4
lewis,4
maurepas,4
towns,4
beliefs,4
children,4
took,4
ground,4
road,4
seventeenth,4
colony,4
focusing,4
sir,4
examples,4
kalm,4
office,4
meanings,4
formulas,4
anderson,4
sacred,4
bureau,4
george,4
foreign,4
directions,4
canada,4
earliest,4
tribe,4
claims,4
temple,4
know,4
over,4
dunbar,4
alexander,4
api,4
terms,4
version,4
little,4
introduced,4
african,4
intended,4
adapted,4
conn,4
postscript,4
region,4
given,4
meeting,4
asked,4
deference,3
antoine,3
stuart,3
names,3
dria,3
trans,3
ways,3
modern,3
former,3
francis,3
rouges,3
nineteenth,3
every,3
swedish,3
jackson,3
give,3
taken,3
kent,3
england,3
seems,3
book,3
together,3
thank,3
henry,3
those,3
salle,3
context,3
vermillion,3
recorded,3
histoire,3
beothuks,3
curiosity,3
fine,3
say,3
uses,3
laws,3
collection,3
ranked,3
labor,3
explorers,3
minutes,3
adam,3
simpson,3
columbia,3
six,3
memoir,3
general,3
americans,3
categorizing,3
k,3
references,3
perceptions,3
river,3
linked,3
edition,3
mary,3
hereafter,3
advocated,3
naturae,3
based,3
whom,3
africans,3
p,3
baton,3
relating,3
seven,3
chickasaws,3
hazard,3
conser,3
ranking,3
shall,3
province,3
placed,3
your,3
gods,3
january,3
cushman,3
civil,3
interpreters,3
nation,3
island,3
older,3
project,3
miss,3
love,3
discourse,3
emerging,3
telling,3
always,3
resistance,3
am,3
ochre,3
f,3
led,3
situation,3
contact,3
indeed,3
gender,3
july,3
cole,3
petit,3
southern,3
reference,3
neither,3
ethnographic,3
toronto,3
rise,3
cuming,3
toward,3
slavery,3
complementary,3
shows,3
mcwilliams,3
anthropologist,3
accepted,3
spoke,3
encountered,3
simon,3
status,3
observable,3
alliance,3
explanation,3
corkran,3
questions,3
rouge,3
explorations,3
lakes,3
mead,3
august,3
held,3
times,3
divisions,3
spread,3
especially,3
written,3
chapel,3
goods,3
can,3
ethnohistory,3
blood,3
figures,3
saw,3
tennessee,3
metaphors,3
claimed,3
chicken,3
began,3
life,3
britain,3
construction,3
moieties,3
believed,3
colonists,3
too,3
physical,3
here,3
set,3
penicaut,3
natural,3
each,3
descriptions,3
connection,3
speech,3
brothers,3
u,3
living,3
places,3
person,3
winthrop,3
accounts,3
calif,3
particular,3
information,3
conference,3
boston,3
age,3
ohio,3
yow,3
giving,3
went,3
much,3
writing,3
think,3
until,3
negro,3
observation,3
era,3
muskogean,3
develop,3
gulf,3
images,3
should,3
systema,3
does,2
superiority,2
struggle,2
ordahl,2
rev,2
groups,2
till,2
designated,2
barbadoes,2
group,2
replaced,2
myth,2
essays,2
stone,2
chester,2
library,2
studies,2
carolinians,2
justified,2
source,2
vocabulary,2
anything,2
long,2
certainly,2
meaking,2
humans,2
sauvage,2
ordained,2
gearing,2
wodikehe,2
suggesting,2
houmas,2
sometime,2
closer,2
reveal,2
mereness,2
real,2
state,2
cartier,2
robert,2
governors,2
side,2
occasional,2
existence,2
dr,2
translations,2
logical,2
scancarelli,2
combination,2
sent,2
himself,2
ritual,2
steiner,2
benefit,2
karen,2
usage,2
natives,2
roger,2
medical,2
against,2
helen,2
bodily,2
divine,2
savages,2
raises,2
walter,2
rooted,2
ware,2
kind,2
turn,2
misconception,2
sanders,2
distinct,2
adopted,2
document,2
pierre,2
young,2
left,2
alliances,2
obscure,2
critique,2
crawford,2
van,2
fort,2
knoxville,2
necessaries,2
whose,2
without,2
moiety,2
district,2
edward,2
potherie,2
basic,2
mean,2
heard,2
talk,2
certain,2
tree,2
mesquakie,2
jargon,2
means,2
reason,2
understand,2
bad,2
servants,2
younger,2
appearing,2
emergence,2
wealth,2
days,2
spirit,2
observations,2
w,2
upper,2
potters,2
notions,2
transcripts,2
oumas,2
bourne,2
decades,2
myths,2
friends,2
kupperman,2
expressed,2
path,2
arrival,2
hands,2
lived,2
changed,2
ethnographer,2
embedded,2
handbook,2
equally,2
moore,2
cannot,2
colonies,2
positions,2
distinguish,2
revealed,2
brought,2
planter,2
related,2
place,2
actually,2
okla,2
bacqueville,2
catawba,2
league,2
memoirs,2
published,2
creating,2
sense,2
caused,2
working,2
revolution,2
louisiane,2
wing,2
settlement,2
claim,2
pouchot,2
family,2
sole,2
richter,2
soil,2
colours,2
philip,2
annual,2
st,2
correspondence,2
cloaths,2
naming,2
therefore,2
janine,2
likely,2
variety,2
various,2
schweinitz,2
limited,2
play,2
gaillard,2
brief,2
albany,2
veins,2
religious,2
loughridge,2
frank,2
once,2
chronicle,2
oxford,2
emerged,2
cleveland,2
read,2
compiled,2
richebourg,2
culture,2
colored,2
tassel,2
noted,2
innate,2
joumals,2
longhouse,2
challenge,2
frederick,2
sometimes,2
strike,2
similarly,2
water,2
newberry,2
lacked,2
outside,2
cartwright,2
head,2
scholars,2
axtell,2
sullivan,2
really,2
hear,2
end,2
debates,2
variation,2
descended,2
pattern,2
novels,2
forms,2
behind,2
fits,2
where,2
flesh,2
generic,2
woman,2
englishman,2
charleston,2
process,2
whiteness,2
discussion,2
treated,2
galloway,2
patricia,2
collections,2
warrior,2
louis,2
entirely,2
everything,2
illusion,2
moyne,2
assume,2
evolution,2
engaged,2
pagan,2
crawfish,2
rejected,2
biblical,2
grew,2
communicated,2
eve,2
verrie,2
algonquian,2
cadwallader,2
parts,2
responses,2
features,2
escaped,2
jau,2
collected,2
distinction,2
whiteman,2
klingberg,2
cabot,2
standard,2
thomas,2
dialogue,2
exchange,2
never,2
relation,2
stand,2
priests,2
seeking,2
rhetorical,2
conquest,2
looked,2
haven,2
positioning,2
quarterly,2
separate,2
me,2
today,2
louboey,2
abstractly,2
voyages,2
inhabitants,2
hommes,2
order,2
bulletin,2
referred,2
lost,2
lawrence,2
wou,2
face,2
anthropological,2
reddish,2
wars,2
talke,2
rarely,2
thinking,2
precedence,2
comes,2
changing,2
known,2
kay,2
sweden,2
creations,2
command,2
berkeley,2
mutually,2
control,2
anthropology,2
cultures,2
regard,2
visiting,2
allied,2
metaphorical,2
asserting,2
audience,2
build,2
associations,2
beginning,2
purchase,2
explanations,2
answered,2
ala,2
interpreter,2
passed,2
elsewhere,2
hopewell,2
scenarios,2
suggests,2
humors,2
persistently,2
attached,2
understanding,2
headmen,2
despite,2
transition,2
divided,2
using,2
harrisburg,2
southem,2
shawnees,2
named,2
brinton,2
hatchetmakers,2
powers,2
cambridge,2
donald,2
finding,2
grant,2
naturalist,2
gen,2
peacemakers,2
france,2
settling,2
philosophy,2
remains,2
shift,2
superintendent,2
offered,2
assumed,2
create,2
norman,2
views,2
abandoned,2
ga,2
conversations,2
customs,2
wolves,1
proposed,1
carved,1
difficult,1
hussey,1
go,1
requires,1
mostly,1
reddest,1
stain,1
doubts,1
obligations,1
bright,1
grate,1
humankind,1
appealed,1
symbolized,1
medieval,1
twightwee,1
quickly,1
hiroshi,1
ready,1
nutsawi,1
truth,1
migrated,1
peaceful,1
career,1
tuscaloosa,1
episodes,1
college,1
revolutionary,1
determine,1
apache,1
originating,1
proselytizing,1
mountains,1
notably,1
evans,1
distributed,1
berlin,1
linguistic,1
mouth,1
church,1
articulating,1
becoming,1
large,1
settlements,1
belts,1
lexicon,1
groped,1
jews,1
agency,1
elaborated,1
identify,1
mankind,1
cornelius,1
entries,1
ocre,1
formed,1
remind,1
live,1
regis,1
true,1
done,1
sudden,1
hemando,1
weiner,1
outpaced,1
largely,1
incidentally,1
roan,1
boulder,1
ms,1
ti,1
decade,1
hair,1
allow,1
endured,1
fixed,1
greate,1
equated,1
presents,1
pose,1
title,1
occurred,1
vermilion,1
campanium,1
observing,1
tells,1
meanly,1
noah,1
exceptions,1
something,1
plantations,1
contested,1
acquainted,1
helm,1
efficacy,1
dickason,1
experience,1
predominantly,1
round,1
member,1
olive,1
sickatower,1
gaylord,1
invention,1
baked,1
luys,1
creation,1
posed,1
regulating,1
exclusive,1
experimented,1
hamden,1
audrey,1
processes,1
address,1
streaked,1
attempt,1
charikees,1
assist,1
articulate,1
dissatisfied,1
worked,1
undeniably,1
toke,1
ourselves,1
taking,1
maringouin,1
nature,1
temkin,1
excellency,1
parties,1
georgia,1
incorporating,1
rhode,1
reach,1
shaped,1
height,1
available,1
inglish,1
tradition,1
explores,1
pinelog,1
room,1
desire,1
naeus,1
simple,1
confusion,1
marketable,1
pressed,1
fortye,1
clothe,1
studied,1
joking,1
government,1
incident,1
thanks,1
court,1
shelves,1
wore,1
survey,1
prevail,1
farmer,1
ochred,1
emblem,1
inadvertently,1
search,1
maurice,1
meantime,1
interviewed,1
replicated,1
solicited,1
emphasized,1
influences,1
keith,1
thwaites,1
china,1
alike,1
reading,1
somewhat,1
ambiguous,1
signs,1
cephas,1
onqwes,1
manipulate,1
confused,1
berkhofer,1
seminar,1
nashons,1
case,1
issue,1
est,1
lys,1
suspect,1
angie,1
roy,1
eastern,1
slaues,1
wordplay,1
historians,1
knowledgeable,1
primary,1
sought,1
mass,1
chigilee,1
killed,1
right,1
originates,1
fenimore,1
receptivity,1
neutralize,1
figments,1
custom,1
reminder,1
mythology,1
consigns,1
demands,1
marc,1
determined,1
sixteenth,1
predominant,1
burning,1
shame,1
tuyl,1
solely,1
holiness,1
magazine,1
jaenen,1
newfoundland,1
evoke,1
alone,1
enemy,1
stepan,1
byington,1
brent,1
invited,1
mental,1
prist,1
point,1
reflecting,1
colouring,1
anishinabeg,1
margaret,1
dwelt,1
pairs,1
fur,1
cumberland,1
still,1
chart,1
along,1
undoubtedly,1
suspecting,1
traiding,1
ross,1
abode,1
negroe,1
soto,1
diversity,1
hudson,1
exposed,1
exist,1
complained,1
overcome,1
burgeoned,1
advertisers,1
throughout,1
collapse,1
relationships,1
alignments,1
proceeded,1
reverse,1
explained,1
acquaintances,1
component,1
facts,1
muskokee,1
tex,1
constantly,1
visited,1
categorized,1
frenchmen,1
molded,1
instruct,1
author,1
agent,1
base,1
authoritative,1
ray,1
regarded,1
ability,1
juxtaposition,1
moment,1
ow,1
gendered,1
folklorist,1
highlighting,1
discerning,1
adams,1
nothings,1
cliver,1
expeditions,1
restore,1
mild,1
extensively,1
arena,1
joumal,1
unity,1
canoes,1
anachronistic,1
wendy,1
sauks,1
unclean,1
better,1
reluctance,1
curiously,1
evident,1
keep,1
concerning,1
beauchamps,1
bloody,1
instructions,1
differently,1
ithaca,1
syracuse,1
hatchet,1
boundary,1
houses,1
races,1
served,1
gauge,1
exercise,1
franqais,1
dates,1
compared,1
guardian,1
metaphorically,1
chaucer,1
truly,1
publications,1
compare,1
millwood,1
sanguine,1
explore,1
consequently,1
seal,1
communication,1
look,1
details,1
tawneys,1
lens,1
leadership,1
jones,1
born,1
savage,1
generation,1
utensil,1
influence,1
join,1
master,1
claude,1
carolinas,1
glen,1
unlikely,1
higher,1
catawbas,1
seventh,1
talks,1
behave,1
idols,1
authority,1
willmond,1
german,1
mexico,1
smedley,1
allegiances,1
exact,1
act,1
blew,1
rather,1
soe,1
evoking,1
brethren,1
essence,1
melancholic,1
negrows,1
hat,1
landscape,1
capture,1
munro,1
asseroenis,1
neatly,1
collinson,1
dealt,1
granted,1
risk,1
earlier,1
legal,1
ethnomusicology,1
lyttelton,1
strange,1
tangents,1
special,1
rank,1
matched,1
feel,1
arbor,1
animals,1
dismiss,1
organize,1
tow,1
moreover,1
supposed,1
eau,1
howe,1
addressing,1
ordeal,1
wash,1
modified,1
ludovick,1
mrs,1
generall,1
insistence,1
tho,1
circulated,1
latter,1
plural,1
evil,1
delegation,1
possibly,1
objects,1
organization,1
baptized,1
maners,1
colonialism,1
familiar,1
derogatory,1
illuminates,1
evolved,1
presumably,1
amid,1
alized,1
halbert,1
ffault,1
amerique,1
welfare,1
gradually,1
contemporaries,1
mistranslation,1
argued,1
cliff,1
situations,1
aubrey,1
commonly,1
initiative,1
ask,1
commented,1
beusekom,1
additional,1
ugly,1
ojibwa,1
follow,1
statement,1
bender,1
followed,1
generally,1
storytelling,1
definite,1
jurisdiction,1
consequence,1
amongst,1
hemandez,1
breathing,1
creeke,1
adolph,1
committee,1
redmen,1
care,1
nationality,1
david,1
important,1
strategy,1
view,1
totowa,1
vine,1
creeks,1
shurely,1
descriptive,1
gregory,1
result,1
closely,1
questioned,1
societies,1
appearance,1
method,1
moon,1
plot,1
richmond,1
ambitions,1
livingston,1
adaptability,1
objectives,1
bieder,1
mease,1
pehr,1
shared,1
destined,1
austin,1
hough,1
imagination,1
owen,1
kettles,1
insisting,1
bizarre,1
mcdowell,1
insulted,1
emerge,1
negre,1
initial,1
philosophical,1
efforts,1
companion,1
fourth,1
neighboring,1
oklahoma,1
equal,1
precursor,1
heaven,1
stock,1
injured,1
mediated,1
leonard,1
meet,1
beatest,1
acquaintance,1
otherwise,1
russell,1
beothucks,1
dialectic,1
xiv,1
anecdote,1
confirmation,1
andre,1
hodge,1
noticed,1
eager,1
hierarchies,1
negotiated,1
jewish,1
claire,1
governing,1
jokingly,1
impression,1
criteria,1
receive,1
aspects,1
garments,1
directly,1
harrangue,1
designating,1
expository,1
frontispiece,1
rocks,1
residents,1
glossary,1
hee,1
stiff,1
clean,1
lords,1
concept,1
nashun,1
occupants,1
purpose,1
discusses,1
explains,1
hubbard,1
meshor,1
whiter,1
esp,1
faithfully,1
unsaid,1
journals,1
knight,1
brutal,1
description,1
englishmen,1
dividing,1
lovely,1
authenticity,1
gave,1
describe,1
positing,1
during,1
dowd,1
extensive,1
reynolds,1
inherited,1
literally,1
partly,1
collective,1
beginnings,1
imitations,1
marietta,1
structures,1
perrot,1
friend,1
fixt,1
et,1
hither,1
personal,1
justification,1
away,1
schwartz,1
surrounding,1
complemented,1
anticipating,1
swartz,1
confession,1
stanford,1
fought,1
alan,1
interpreted,1
earths,1
assembly,1
genealogical,1
indexed,1
attributed,1
sprang,1
ludovic,1
eccentric,1
prists,1
annotated,1
regions,1
portraits,1
arkansas,1
signing,1
nother,1
sovaz,1
callaghan,1
discussing,1
petticoat,1
nephew,1
least,1
physician,1
indicator,1
correct,1
epithet,1
fulfilled,1
hard,1
manners,1
lowest,1
delivered,1
distances,1
recast,1
lee,1
wished,1
stage,1
waughaughy,1
trading,1
next,1
squakie,1
edmonton,1
primeval,1
acted,1
involved,1
nativeamerican,1
scarrooyady,1
spanish,1
knives,1
vorsey,1
spanards,1
hebrew,1
nishinnorbay,1
acts,1
invoke,1
presence,1
research,1
massachusetts,1
decline,1
distinguished,1
visitor,1
differing,1
tended,1
coast,1
jordan,1
evertson,1
dependent,1
guns,1
regardless,1
pa,1
colloquium,1
cycle,1
notes,1
chronicles,1
galen,1
ghost,1
lincoln,1
passive,1
inform,1
deboched,1
moravian,1
raleigh,1
activities,1
altering,1
asp,1
seemed,1
content,1
swedes,1
settlers,1
cite,1
lad,1
flourished,1
itt,1
critical,1
cle,1
adhering,1
indigenous,1
implications,1
hegemony,1
glittering,1
resides,1
muskogee,1
noble,1
bringing,1
fell,1
contingent,1
reminiscences,1
buy,1
folktales,1
short,1
happy,1
huddleston,1
tempted,1
tried,1
return,1
benson,1
purports,1
barrie,1
disagreement,1
prevailing,1
poor,1
object,1
april,1
positioned,1
prove,1
complexion,1
negeres,1
raguet,1
indicates,1
experiences,1
tregle,1
newton,1
simultaneously,1
unfamiliar,1
surveyed,1
hold,1
positive,1
promoting,1
apocalypse,1
sturtevant,1
depicted,1
lagged,1
meanwhile,1
worm,1
examined,1
makes,1
complication,1
soon,1
counterparts,1
den,1
seeing,1
technology,1
mobile,1
inspiration,1
challenged,1
termination,1
index,1
marle,1
prisoners,1
participants,1
tackle,1
adjusted,1
asia,1
assistance,1
complete,1
professor,1
purity,1
friendship,1
baltimore,1
demonstrates,1
al,1
nineteenthcentury,1
belonging,1
wisconsin,1
psyche,1
department,1
reports,1
significant,1
brahm,1
leanne,1
mich,1
increasingly,1
revenge,1
retired,1
chose,1
volume,1
calumet,1
recycled,1
thinn,1
party,1
diary,1
shawnanese,1
provide,1
misnomer,1
tour,1
contextuality,1
paul,1
suit,1
juxtaposing,1
greasy,1
bendyshe,1
death,1
punish,1
pointed,1
reporting,1
responsibilities,1
stripes,1
tailoring,1
smith,1
analytical,1
dehumanizing,1
communal,1
oneidas,1
washburn,1
debo,1
sylvester,1
temples,1
stevens,1
indies,1
minnesota,1
metuchen,1
walked,1
creative,1
owsei,1
replicates,1
predominated,1
eagle,1
remarked,1
compatible,1
macon,1
banks,1
evry,1
diron,1
personality,1
foe,1
debated,1
contemporary,1
prejudiced,1
mold,1
remark,1
greater,1
delawares,1
popularize,1
appeared,1
sebastian,1
molest,1
readers,1
hand,1
adjacent,1
monica,1
paris,1
present,1
choleric,1
saukieock,1
oversee,1
besmeared,1
beothuk,1
existing,1
flattered,1
unclear,1
missioniaries,1
answer,1
tell,1
fend,1
forth,1
betweene,1
dance,1
emma,1
negotiators,1
material,1
paired,1
deep,1
japan,1
belief,1
frequency,1
acquire,1
wood,1
unable,1
transparent,1
saunders,1
labaree,1
totems,1
fight,1
interpreting,1
yuwiya,1
meetings,1
credit,1
baskets,1
exploring,1
meaningful,1
situated,1
oil,1
vast,1
blanc,1
wilderness,1
dave,1
astray,1
excluding,1
background,1
discovery,1
neh,1
themthat,1
courtiers,1
bear,1
israel,1
writings,1
cavalier,1
elvas,1
duponceau,1
perier,1
including,1
fleur,1
previously,1
couler,1
maner,1
looking,1
langdon,1
foxes,1
microfilm,1
empirical,1
skeptical,1
expression,1
efron,1
unfortunately,1
mistake,1
refers,1
factor,1
worse,1
congress,1
emigrated,1
ideas,1
colbert,1
grater,1
rare,1
dirt,1
nothing,1
examination,1
trip,1
full,1
sic,1
relegated,1
dime,1
complicated,1
oceania,1
artaguette,1
ties,1
knew,1
significance,1
similar,1
indyenes,1
abounding,1
hurt,1
modem,1
emphasizing,1
doctors,1
publication,1
alicia,1
vagueness,1
dominated,1
correcting,1
mulattoes,1
worn,1
leave,1
counter,1
individual,1
compatriots,1
characterized,1
reviewers,1
caribbean,1
revised,1
geographically,1
derided,1
summer,1
tribal,1
played,1
apaches,1
geechee,1
paths,1
lieut,1
conversation,1
amonghts,1
chakchiumas,1
abundant,1
expressing,1
transcript,1
lose,1
timberlake,1
ligon,1
alive,1
spent,1
class,1
labels,1
article,1
possess,1
trying,1
beter,1
parallel,1
racialism,1
methods,1
constructing,1
unaccompanied,1
cowetaw,1
topp,1
interpretations,1
ann,1
exactly,1
galenism,1
cheves,1
structure,1
concepts,1
claiming,1
christyanes,1
implication,1
deloria,1
captivity,1
northern,1
acceded,1
workshop,1
versus,1
invented,1
tendency,1
connections,1
wagatsuma,1
sugar,1
ago,1
universality,1
nashville,1
greek,1
clans,1
concluded,1
justice,1
pequot,1
hunt,1
rarity,1
indentured,1
genesis,1
inventors,1
enough,1
worldview,1
depth,1
fifty,1
pictorial,1
merrell,1
negotiations,1
relationship,1
applications,1
pure,1
change,1
intratribal,1
perspectives,1
africa,1
kneaded,1
astonished,1
she,1
continued,1
clinton,1
movements,1
mother,1
assert,1
septentrionale,1
gathering,1
sports,1
guests,1
willingly,1
earthen,1
defenders,1
naturally,1
maps,1
suggestive,1
bound,1
wampum,1
menstrual,1
nott,1
begin,1
inside,1
logan,1
favour,1
felows,1
bags,1
prevent,1
independence,1
multitude,1
universals,1
seen,1
sattler,1
translation,1
strongly,1
establish,1
basso,1
sone,1
render,1
credited,1
lives,1
contribution,1
demeaning,1
procured,1
furnish,1
deals,1
plasticity,1
bows,1
owed,1
miami,1
inspired,1
responsible,1
adventure,1
united,1
hope,1
elderly,1
reds,1
education,1
naime,1
centuries,1
heathens,1
instances,1
get,1
articles,1
unusual,1
hatley,1
capt,1
figured,1
gathered,1
grounded,1
interspersed,1
susan,1
joseph,1
fowls,1
biology,1
considered,1
humma,1
tawnies,1
addressed,1
linguist,1
school,1
acquired,1
assistant,1
spun,1
suggestions,1
seriously,1
associated,1
historian,1
practice,1
teams,1
broke,1
complaining,1
series,1
conclusion,1
incorporated,1
townspeople,1
appropriating,1
extending,1
needs,1
holm,1
ied,1
simply,1
struck,1
constituted,1
ever,1
continues,1
characteristics,1
ark,1
delegates,1
implied,1
les,1
hearts,1
note,1
perhaps,1
besides,1
md,1
funding,1
wicked,1
dunn,1
phrasing,1
mesquakies,1
drake,1
cyrus,1
dualism,1
blair,1
leder,1
intellectual,1
colonization,1
introducing,1
books,1
commonplace,1
dare,1
paper,1
tongue,1
muskhogean,1
worth,1
lying,1
attribute,1
salvages,1
key,1
seem,1
board,1
believe,1
fabrication,1
best,1
ahr,1
variegated,1
roxbury,1
universal,1
foundation,1
ideological,1
milk,1
particularly,1
spaniards,1
softness,1
intro,1
aborigines,1
obviously,1
perfectly,1
southeastem,1
raphael,1
visits,1
examining,1
identities,1
explicitly,1
happiness,1
londa,1
schiebinger,1
phlegmatic,1
consciousness,1
february,1
possibility,1
plantation,1
pushing,1
hint,1
scholarship,1
ballgame,1
following,1
englanders,1
indulged,1
ouma,1
barbadians,1
linamericas,1
jean,1
defending,1
economy,1
jennings,1
proceedings,1
expropriating,1
tying,1
implausible,1
implicit,1
list,1
reuben,1
rebellion,1
bruce,1
abraham,1
independently,1
trinity,1
nascent,1
attitudes,1
juxtaposed,1
delegate,1
theory,1
peaux,1
novelty,1
leaving,1
extent,1
saukies,1
appropriated,1
incurred,1
divinely,1
rejoinder,1
incrased,1
institute,1
pepele,1
divide,1
cloth,1
indued,1
murders,1
resident,1
listed,1
telltale,1
emphasis,1
virginia,1
euroamerican,1
praying,1
permeated,1
engineer,1
middle,1
eagles,1
oath,1
howard,1
remember,1
naked,1
monticello,1
presented,1
trees,1
son,1
cullowhee,1
kewee,1
marked,1
biologically,1
met,1
kin,1
drla,1
musquakie,1
carolus,1
perpetuates,1
november,1
netherland,1
contextuamerican,1
assumptions,1
substance,1
missionary,1
commodities,1
duration,1
superior,1
copper,1
ffighting,1
ensuing,1
gain,1
voyage,1
biedma,1
varied,1
leap,1
pair,1
ambiguously,1
epithets,1
forthwith,1
question,1
fred,1
understandings,1
ultimately,1
spring,1
spirited,1
rubbed,1
score,1
editor,1
covenant,1
reveals,1
abbe,1
arrows,1
hakluyt,1
web,1
kees,1
jacques,1
national,1
catherine,1
finally,1
catch,1
pamela,1
aware,1
grievances,1
reversed,1
colo,1
americas,1
wadi,1
ethnocentrism,1
cooper,1
define,1
yemassee,1
speaking,1
constructed,1
product,1
states,1
glass,1
piece,1
prosperity,1
colleagues,1
approach,1
defined,1
attempted,1
off,1
tobacco,1
area,1
eldridge,1
darkly,1
walking,1
association,1
speak,1
recalled,1
rudiments,1
ishinawbah,1
servant,1
anonymous,1
respective,1
headman,1
moved,1
chippewa,1
imaginations,1
potential,1
gerar,1
avaugour,1
duffy,1
ensuring,1
interdisciplinary,1
mason,1
mystery,1
protege,1
headed,1
gettysburg,1
chicago,1
negotiate,1
lake,1
adheres,1
enterprise,1
brink,1
mett,1
canassatego,1
bargain,1
instance,1
northwestern,1
documentary,1
interaction,1
traditional,1
fellowship,1
listeners,1
trigger,1
strong,1
comparable,1
roullet,1
colonel,1
drew,1
observed,1
vulgar,1
beings,1
cross,1
saukie,1
cause,1
resembled,1
resources,1
conception,1
close,1
major,1
perception,1
increase,1
gold,1
