WORDCOUNTS,WEIGHT
the,1610
of,919
and,627
to,546
in,515
a,316
women,286
for,249
that,211
as,202
workers,181
war,166
were,158
on,157
african,145
by,138
south,137
at,129
their,117
work,114
mint,114
was,108
with,106
production,105
s,101
see,94
labor,93
africa,90
be,84
had,83
union,81
white,79
arb,76
from,76
industrial,75
they,73
government,72
engineering,70
industry,67
not,67
pay,61
female,60
would,60
secretary,59
an,58
than,56
jobs,56
com,55
unions,54
these,52
male,51
controller,50
october,49
this,49
pt,49
also,48
into,46
emergency,46
manpower,46
skilled,45
or,44
percent,44
wartime,43
such,42
during,42
all,41
historical,41
no,41
force,41
sc,40
africans,39
could,38
employed,38
labour,38
is,37
agreement,36
it,35
employers,35
but,35
political,34
paid,34
only,34
conditions,34
american,32
commission,32
wage,32
review,32
between,32
iv,30
rates,30
more,30
positions,29
new,29
use,29
men,29
who,29
may,28
after,28
rate,27
there,27
less,27
which,27
did,27
engela,27
those,26
employees,26
been,26
employment,26
apartheid,26
pretoria,25
operative,25
wages,25
most,25
well,25
years,25
if,24
j,24
trade,24
mining,24
them,24
her,24
while,24
some,22
its,22
under,22
same,22
males,22
world,22
have,22
one,21
operatives,21
memorandum,21
coloured,21
out,21
journeymen,21
job,21
director,21
introduction,20
munitions,20
has,20
when,20
are,20
november,20
factories,19
history,19
clark,19
industries,19
l,19
up,19
end,19
report,19
first,18
other,18
papers,18
september,18
without,18
nancy,18
bc,18
received,18
temporary,18
factory,18
uct,18
number,18
i,18
any,18
aeu,18
december,18
public,18
before,17
being,17
march,17
rather,17
ah,17
officials,17
order,17
about,17
gendering,17
made,17
wits,17
sdk,17
webster,17
through,17
nevertheless,16
vol,16
journeyman,16
glastonbury,16
rights,16
process,16
support,16
training,16
working,16
inspector,16
gender,16
still,16
many,16
three,16
mines,16
afrikaner,16
set,16
categories,16
service,15
lower,15
development,15
general,15
category,15
he,15
economic,15
august,15
postwar,15
considered,15
country,15
despite,15
although,15
race,15
racial,14
since,14
mrs,14
basis,14
june,14
provided,14
second,14
july,14
lewis,14
power,14
satlc,14
over,14
beginning,14
almost,14
manufacturing,14
cooper,14
ii,13
throughout,13
hereafter,13
april,13
time,13
she,13
steel,13
control,13
finance,13
colonial,13
should,13
much,13
per,12
minutes,12
worked,12
dd,12
machine,12
group,12
argued,12
further,12
january,12
used,12
skill,12
council,12
so,12
class,12
state,12
structure,12
grade,12
what,12
representation,12
archives,11
committee,11
machines,11
even,11
numbers,11
impact,11
found,11
however,11
example,11
hired,11
indeed,11
two,11
operators,11
held,11
began,11
terms,11
d,11
c,11
how,10
based,10
place,10
tes,10
largest,10
hour,10
engaged,10
office,10
change,10
period,10
plant,10
artisans,10
we,10
membership,10
february,10
meeting,10
h,9
cast,9
whites,9
unskilled,9
his,9
b,9
six,9
because,9
small,9
several,9
notice,9
situation,9
limited,9
sex,9
mould,9
noted,9
members,9
private,9
significant,9
processes,9
minister,9
craft,9
berger,9
hierarchy,9
very,9
iron,9
rural,9
plants,9
states,9
regular,9
concerned,8
solidarity,8
position,8
justified,8
normal,8
within,8
case,8
mass,8
workplace,8
elsewhere,8
n,8
organisation,8
worker,8
required,8
dependents,8
brought,8
civil,8
t,8
few,8
wewu,8
department,8
threads,8
where,8
low,8
allowed,8
latter,8
especially,8
provide,8
responsible,8
established,8
gazette,8
alexander,8
post,8
little,8
firms,8
single,8
doing,8
ammunition,7
done,7
studies,7
decade,7
total,7
long,7
complained,7
married,7
against,7
journal,7
higher,7
racism,7
operations,7
making,7
annexure,7
changes,7
source,7
females,7
entered,7
changed,7
equal,7
perform,7
r,7
policies,7
afrikaners,7
statistics,7
own,7
poor,7
official,7
management,7
longer,7
remained,7
described,7
individual,7
trades,7
kimberley,7
european,7
primarily,7
united,7
changing,7
down,7
regard,7
both,7
question,7
approximately,7
instead,7
need,7
rest,7
difficult,6
suggested,6
extend,6
e,6
large,6
military,6
words,6
skills,6
together,6
great,6
take,6
industrialisation,6
british,6
sought,6
opened,6
century,6
economy,6
freestone,6
earlier,6
similar,6
university,6
organization,6
organized,6
four,6
m,6
important,6
trained,6
dc,6
result,6
representative,6
late,6
left,6
population,6
colonies,6
already,6
part,6
london,6
got,6
monopoly,6
published,6
using,6
activities,6
will,6
threatened,6
yet,6
practice,6
woman,6
week,6
including,6
accounted,6
can,6
increasing,6
fifty,6
months,6
threaten,6
why,6
entry,6
johannesburg,6
each,6
half,6
whether,6
legislation,6
went,6
families,6
transvaal,6
average,6
defined,6
increased,6
worried,6
given,6
laborers,6
employer,6
explosion,5
way,5
federation,5
needed,5
med,5
ways,5
policy,5
fund,5
active,5
deemed,5
side,5
possible,5
politics,5
machinery,5
move,5
smuts,5
framework,5
cott,5
employing,5
cases,5
continuous,5
van,5
town,5
floor,5
act,5
colonialism,5
age,5
introduce,5
hands,5
demands,5
struggles,5
occupation,5
technical,5
tools,5
having,5
restructuring,5
engineer,5
structures,5
status,5
miss,5
protect,5
newly,5
establishments,5
massive,5
society,5
f,5
therefore,5
short,5
expanded,5
social,5
french,5
fact,5
areas,5
outside,5
took,5
do,5
another,5
demonstrated,5
mechanization,5
previously,5
increase,5
top,5
improved,5
cape,5
performing,5
negotiations,5
hostel,5
bulk,5
five,5
referred,5
detailed,5
believed,5
equipment,5
tinsdale,5
berkeley,5
board,5
argue,5
domestic,5
advisory,5
johnson,5
particular,5
statement,5
far,5
munition,5
tried,5
complaints,5
injured,5
national,5
include,5
manufacture,5
needs,5
themselves,5
immediately,5
metal,4
created,4
announced,4
view,4
likewise,4
prime,4
formed,4
continent,4
irrespective,4
hours,4
allies,4
strikes,4
different,4
file,4
shortage,4
expendable,4
reasons,4
recruit,4
subsequent,4
help,4
classified,4
majority,4
apprentice,4
dgs,4
issue,4
coloureds,4
powers,4
obvious,4
letter,4
conflict,4
thus,4
g,4
finally,4
gendered,4
turn,4
denied,4
allowing,4
compared,4
third,4
sister,4
laboring,4
whose,4
subjected,4
forced,4
legal,4
special,4
means,4
dilution,4
escape,4
benefits,4
clearly,4
section,4
permanent,4
opinion,4
faced,4
standards,4
my,4
came,4
whom,4
p,4
effort,4
census,4
opposition,4
receive,4
improve,4
formerly,4
instituted,4
future,4
ten,4
rand,4
people,4
earn,4
below,4
fired,4
attached,4
decolonization,4
value,4
divisional,4
moved,4
witwatersrand,4
demand,4
reduced,4
subject,4
intended,4
exception,4
make,4
competition,4
recognized,4
soon,4
restricted,4
times,4
earned,4
performed,4
indian,4
costs,4
reports,4
williams,4
sector,4
chose,4
available,4
put,4
addition,4
financial,4
lack,4
children,4
considerable,4
never,4
income,4
duties,4
eds,4
threats,4
day,4
local,4
grounds,4
classes,4
discussion,4
ruling,4
numerous,4
labourers,4
welding,4
recruitment,4
charge,4
soldiers,4
peter,4
collected,4
often,4
effect,4
enjoyed,4
figures,4
rhn,4
regimes,4
attention,4
milkman,4
separate,4
ranging,4
quo,4
apprentices,4
usually,4
transformation,4
try,4
life,4
analysis,4
continually,4
mother,4
output,4
compensation,4
quickly,4
connection,4
historians,4
then,4
just,4
stability,4
calif,4
precedent,4
recognition,4
ill,4
reported,4
introduced,4
became,4
role,4
techniques,4
our,4
argues,4
leverage,4
chemical,4
early,4
maximum,4
duration,4
among,4
daughter,4
close,4
go,3
now,3
o,3
later,3
resulted,3
operator,3
organizer,3
unlike,3
eager,3
du,3
cutting,3
estimated,3
either,3
hire,3
nature,3
despotic,3
stood,3
potentially,3
able,3
closer,3
nationalism,3
written,3
alike,3
system,3
right,3
prior,3
determined,3
memo,3
russo,3
taking,3
combination,3
supply,3
say,3
establishment,3
cited,3
bottom,3
enter,3
demanded,3
central,3
ends,3
accommodation,3
de,3
ability,3
mixed,3
decided,3
relations,3
manager,3
comprised,3
conciliation,3
overseers,3
uncontroversial,3
difficulty,3
served,3
mirrored,3
upkeep,3
word,3
poverty,3
stewarts,3
operation,3
york,3
growth,3
debated,3
comparable,3
represented,3
risk,3
proportion,3
greenwald,3
direct,3
shell,3
old,3
servants,3
improvement,3
threatening,3
gradually,3
downs,3
too,3
followed,3
undertaken,3
bombs,3
rule,3
called,3
international,3
constantly,3
supervisors,3
wsdb,3
circular,3
agreements,3
viewed,3
cannot,3
scale,3
placed,3
metals,3
explain,3
enough,3
participation,3
closed,3
claim,3
significantly,3
labourer,3
year,3
thereafter,3
institution,3
craftsmen,3
approach,3
solution,3
regardless,3
sufficient,3
dramatic,3
corporations,3
clothing,3
dependent,3
resistance,3
led,3
various,3
overall,3
nearly,3
community,3
southern,3
once,3
repression,3
cheap,3
relied,3
opportunities,3
reshaping,3
perceived,3
included,3
home,3
light,3
increasingly,3
rise,3
jon,3
administrators,3
shops,3
frederick,3
readjustment,3
again,3
chairman,3
added,3
water,3
efforts,3
fundamental,3
agree,3
pattern,3
v,3
proletariat,3
bonus,3
armed,3
lathes,3
necessary,3
perhaps,3
sec,3
shifts,3
railways,3
repetition,3
understanding,3
supplies,3
excluding,3
examples,3
treated,3
upon,3
formally,3
food,3
actual,3
real,3
dismissed,3
open,3
clear,3
eddie,3
certain,3
black,3
least,3
study,3
sight,3
statements,3
excluded,3
capitalism,3
lowest,3
christian,3
aid,3
me,3
continued,3
crucial,3
husband,3
ideology,3
naude,3
hill,3
independence,3
lost,3
transformed,3
chamber,3
citizens,3
itself,3
face,3
paying,3
meant,3
peacetime,3
eventually,3
growing,3
officially,3
economically,3
refused,3
worth,3
capital,3
alternatively,3
particularly,3
injuries,3
cities,3
works,3
better,3
justify,3
following,3
dismissal,3
suffering,3
according,3
purchase,3
nationalist,3
want,3
allowance,3
unemployed,3
getting,3
burawoy,3
emphasis,3
threat,3
circumstances,3
expected,3
iscor,3
divided,3
maintained,3
until,3
commercial,3
unable,3
difference,3
cambridge,3
disposal,3
initiated,3
beyond,3
manufacturers,3
evidence,3
shift,3
ladysmith,3
offered,3
supported,3
point,3
reached,3
cheaper,3
minors,3
exclusively,3
element,3
entire,3
draft,3
gold,3
does,2
complaint,2
dies,2
implemented,2
expand,2
profitability,2
thrown,2
told,2
becoming,2
ma,2
referring,2
likely,2
live,2
authority,2
english,2
walker,2
upheaval,2
favor,2
former,2
earnest,2
necessarily,2
nineteenth,2
arguing,2
variety,2
chief,2
turning,2
laura,2
brutal,2
common,2
earning,2
undermine,2
stabilization,2
sources,2
wrong,2
vos,2
certainly,2
might,2
assist,2
action,2
incorporating,2
company,2
immense,2
principles,2
securing,2
leading,2
desire,2
undertake,2
fully,2
expense,2
carnegie,2
resulting,2
achieved,2
bruised,2
course,2
capstan,2
staff,2
somewhat,2
molders,2
fingers,2
existence,2
carry,2
felt,2
compelling,2
condition,2
reply,2
schedule,2
adopting,2
election,2
medical,2
west,2
supervision,2
militance,2
sent,2
apply,2
mentally,2
minimum,2
aggression,2
segregation,2
sphere,2
million,2
gauges,2
accuracy,2
mine,2
stores,2
deserving,2
due,2
realized,2
relatively,2
consumer,2
taps,2
application,2
living,2
admitted,2
funds,2
plessis,2
shoulders,2
legally,2
keep,2
lavatories,2
uniformly,2
profound,2
amount,2
back,2
causing,2
highest,2
ithaca,2
serving,2
outnumbered,2
compare,2
y,2
drawn,2
botha,2
practically,2
details,2
apparently,2
facilitated,2
adult,2
though,2
restricting,2
compromise,2
gates,2
error,2
kept,2
deplorable,2
divergence,2
ever,2
simultaneously,2
colour,2
hopes,2
dilemma,2
bring,2
main,2
organizing,2
basic,2
ceased,2
revenues,2
lasting,2
parents,2
depot,2
importance,2
leave,2
electorate,2
parts,2
hearing,2
contributions,2
assuming,2
danger,2
form,2
undercut,2
consequences,2
moreover,2
supposed,2
actions,2
utterly,2
nor,2
applied,2
affect,2
amended,2
antiwar,2
physically,2
eyesight,2
proved,2
driven,2
house,2
frequently,2
w,2
prevent,2
umbrella,2
additional,2
powerful,2
generally,2
cost,2
problems,2
puts,2
helped,2
decades,2
cut,2
constitution,2
opponents,2
whereas,2
greater,2
expressed,2
closely,2
acting,2
hutments,2
begun,2
sd,2
attack,2
seven,2
radical,2
none,2
term,2
informed,2
psychologically,2
recently,2
produced,2
persons,2
sentence,2
ordnance,2
younger,2
otherwise,2
democratization,2
outlined,2
dwellers,2
negotiated,2
accelerated,2
expensive,2
representatives,2
volksmoeder,2
minimal,2
seeking,2
scope,2
nine,2
heavily,2
killingray,2
purpose,2
reduction,2
electrical,2
nation,2
aged,2
literature,2
discussions,2
issues,2
demonstrates,2
constitute,2
records,2
actually,2
documented,2
forces,2
nazi,2
justification,2
weekly,2
badges,2
teenagers,2
miniscule,2
won,2
thread,2
good,2
level,2
lee,2
suggest,2
durban,2
hostels,2
specifically,2
sole,2
iris,2
amounted,2
altered,2
concerns,2
highly,2
ls,2
eighth,2
leather,2
governments,2
core,2
always,2
subjects,2
correspondence,2
altogether,2
disturbing,2
seemed,2
unpatriotic,2
courses,2
critical,2
minor,2
nonetheless,2
elimination,2
godless,2
lesser,2
identified,2
operating,2
happy,2
comparative,2
expansion,2
corporation,2
motivated,2
brief,2
underpaid,2
lloyds,2
experiences,2
movement,2
hold,2
incipient,2
permission,2
repressive,2
recommendation,2
accident,2
marginal,2
thought,2
counterparts,2
repair,2
twenties,2
metallurgical,2
fifth,2
hertzog,2
us,2
thesis,2
saw,2
qualified,2
volunteers,2
bar,2
double,2
useful,2
party,2
enquiry,2
challenge,2
stated,2
strike,2
nationalists,2
toward,2
others,2
succeeded,2
missing,2
scholars,2
pressure,2
occupations,2
instability,2
loading,2
appeared,2
regulation,2
personal,2
remain,2
substantially,2
program,2
deskilling,2
utilize,2
success,2
forms,2
hand,2
likelihood,2
meara,2
formation,2
continuing,2
purposes,2
aa,2
accepted,2
michael,2
attitude,2
dictatorial,2
metropolitan,2
regarded,2
impoverished,2
original,2
technologies,2
extended,2
restrictions,2
completed,2
mothers,2
limitations,2
meals,2
enormous,2
sufficiently,2
supervisory,2
piecework,2
complexities,2
europeans,2
appalling,2
asian,2
survey,2
net,2
ethnic,2
services,2
field,2
full,2
prejudice,2
necessitated,2
dating,2
underwent,2
significance,2
divisions,2
started,2
collaboration,2
like,2
drilling,2
hiring,2
shortly,2
standard,2
martin,2
legacy,2
somehow,2
editors,2
deputy,2
exactly,2
accordingly,2
attendant,2
mr,2
patterson,2
slightly,2
looked,2
workshop,2
safema,2
division,2
decision,2
electric,2
twelve,2
experience,2
replied,2
sometimes,2
bonacich,2
begin,2
lines,2
edna,2
contrast,2
establish,2
returned,2
effectively,2
understand,2
thirteen,2
inadequate,2
area,2
executive,2
countries,2
methods,2
fall,2
wives,2
enforced,2
types,2
get,2
bestow,2
screwing,2
investigate,2
fought,2
addressed,2
detail,2
claims,2
family,2
school,2
laborer,2
seriously,2
exercised,2
heavy,2
fifteen,2
prohibited,2
manual,2
demonstrate,2
fitters,2
extension,2
shop,2
physical,2
sums,2
der,2
paper,2
beatty,2
depression,2
auxiliary,2
maurine,2
seidman,2
facility,2
loyalty,2
allied,2
provoke,2
goods,2
benefit,2
adler,2
hostilities,2
type,2
rathbone,2
id,2
automatically,2
investigation,2
month,2
combined,2
offering,2
rebellion,2
quote,2
series,2
hoped,2
unrest,2
blake,2
leaving,2
extent,2
consisting,2
repetitive,2
secure,2
grades,2
produce,2
agreed,2
incomes,2
urban,2
becklake,2
backbone,2
conference,2
overtime,2
presented,2
thereby,2
city,2
duty,2
concessions,2
step,2
generals,2
operate,2
arguments,2
treasury,2
appointed,2
indians,2
automatic,2
amalgamated,2
accorded,2
categorization,2
frances,2
devoted,2
differentiation,2
solely,2
conn,2
twentieth,2
piece,2
tobacco,2
objections,2
bozzoli,2
ruth,2
anonymous,2
comparison,2
mobilized,2
territories,2
stratified,2
artisan,2
best,2
assumed,2
archival,2
create,2
fears,2
civilian,2
focus,2
seek,2
grace,2
orpen,2
viviers,2
jigs,2
disparagingly,1
final,1
desirable,1
incited,1
directors,1
equipping,1
basing,1
struggle,1
child,1
edge,1
fineness,1
standardisation,1
declared,1
herself,1
protests,1
palatable,1
materiel,1
sojourners,1
differentials,1
designated,1
ready,1
praised,1
encouraged,1
separated,1
everyone,1
market,1
personnel,1
affected,1
civilians,1
struggled,1
determine,1
presses,1
inferior,1
hyslop,1
avoid,1
poorer,1
succinct,1
fragmented,1
appear,1
compensated,1
pushed,1
distributed,1
disc,1
mouth,1
sweating,1
clung,1
police,1
center,1
complex,1
miners,1
eaten,1
pondered,1
determinant,1
approved,1
drastically,1
instructions,1
saws,1
myth,1
fed,1
identify,1
sets,1
sander,1
crafting,1
ailment,1
carpenter,1
dreadfully,1
di,1
approaches,1
pressing,1
weiner,1
hirson,1
jonathan,1
easily,1
soap,1
largely,1
modern,1
satisfied,1
cement,1
feit,1
boulder,1
ore,1
install,1
endurance,1
station,1
fitter,1
kerry,1
protection,1
western,1
character,1
pose,1
title,1
refers,1
habits,1
holding,1
biographical,1
husbands,1
discriminatory,1
mahmood,1
something,1
zyl,1
volkskapitalisme,1
descriptions,1
alleged,1
princeton,1
permitted,1
dilutees,1
footing,1
scheme,1
chooses,1
deleted,1
anything,1
sit,1
else,1
permit,1
failing,1
diluted,1
barriers,1
invention,1
parliamentary,1
cleansed,1
reassurance,1
pennies,1
preceding,1
posed,1
victim,1
interests,1
reclassify,1
experimented,1
hamden,1
ammunitions,1
steady,1
contention,1
chaos,1
estate,1
yours,1
attempt,1
forcibly,1
anywhere,1
allow,1
absurd,1
emerged,1
stretch,1
joke,1
neil,1
drivers,1
departure,1
bloomington,1
tear,1
fantasizing,1
definition,1
confirmed,1
dramatically,1
presser,1
killed,1
europe,1
copy,1
capitalist,1
continue,1
laundry,1
ahr,1
contingencies,1
exceptionally,1
antagonize,1
differences,1
coming,1
enrolled,1
clothe,1
inherent,1
incident,1
atlantic,1
hundred,1
room,1
religion,1
labeled,1
anyway,1
volunteered,1
scheduled,1
angling,1
antipathy,1
efficiently,1
differential,1
integrate,1
embrace,1
basins,1
mimeo,1
last,1
improving,1
holidays,1
influences,1
remainder,1
concepts,1
raised,1
reserved,1
robert,1
advantages,1
scrape,1
reading,1
readiness,1
committed,1
wagner,1
sheet,1
deserve,1
return,1
deteriorated,1
livelihood,1
luis,1
worldwide,1
context,1
rethinking,1
weighing,1
empty,1
standstill,1
proceed,1
dissembling,1
ltd,1
shaken,1
payne,1
owing,1
koelbloedig,1
riveting,1
belinda,1
ungrateful,1
unaware,1
money,1
capacity,1
motion,1
nose,1
encouraging,1
varnishing,1
firm,1
encourage,1
discontent,1
sexual,1
discuss,1
disseminated,1
retain,1
deal,1
installed,1
chapter,1
replacement,1
capable,1
fitting,1
logical,1
upward,1
cooperation,1
activity,1
messrs,1
cared,1
vaguely,1
drive,1
etc,1
lodging,1
functions,1
illegitimate,1
richard,1
pts,1
disadvantage,1
mental,1
discovered,1
desired,1
armature,1
treating,1
ignores,1
conception,1
laws,1
mistakenly,1
liberal,1
chart,1
sachs,1
above,1
anticipated,1
dirty,1
considerably,1
praising,1
unhappy,1
withhold,1
luxe,1
engage,1
flocked,1
deftness,1
overstating,1
emphasizing,1
split,1
attract,1
phenomenal,1
controlled,1
tons,1
ranked,1
pensionitis,1
exist,1
winning,1
divide,1
bijl,1
natives,1
key,1
divorced,1
phase,1
collapse,1
dependence,1
sweeping,1
historically,1
influx,1
sympathetic,1
nn,1
facts,1
difficulties,1
immediate,1
apprenticeship,1
proportionate,1
dynamics,1
reject,1
bare,1
run,1
alarm,1
past,1
baruch,1
objective,1
visited,1
contentions,1
targeted,1
categorized,1
assumes,1
unpublished,1
author,1
unionized,1
apartness,1
caliguire,1
gaining,1
agreeing,1
ease,1
futures,1
sickly,1
moment,1
brother,1
polly,1
afford,1
paupers,1
swart,1
insisted,1
admission,1
assured,1
privilege,1
objected,1
learning,1
affairs,1
exhausted,1
aligned,1
screwdriver,1
factoty,1
defense,1
distinct,1
expedite,1
constitutions,1
urbanization,1
sibling,1
places,1
document,1
farming,1
averaging,1
depend,1
refer,1
interchangeable,1
bread,1
differently,1
slave,1
milling,1
inclusion,1
young,1
races,1
homelands,1
suitable,1
honour,1
consulted,1
misleading,1
insistent,1
estimate,1
mechanical,1
kommunis,1
profit,1
compel,1
hemson,1
aim,1
vincent,1
consequently,1
slightest,1
rivetting,1
cordite,1
curfews,1
bill,1
citizen,1
forestall,1
william,1
repudiated,1
discovering,1
hygienic,1
hardly,1
deceased,1
weakness,1
function,1
capstans,1
quiet,1
stanley,1
parlance,1
implementation,1
poorly,1
react,1
solly,1
aristocracy,1
unlikely,1
employ,1
opposed,1
oxford,1
sixteen,1
starving,1
objectionable,1
dressmakers,1
essential,1
agitation,1
air,1
lt,1
unravel,1
frustration,1
exact,1
blew,1
observers,1
devastating,1
portrayed,1
performance,1
disgracefully,1
highlands,1
developed,1
bb,1
arena,1
edward,1
organise,1
sort,1
halt,1
unit,1
conflation,1
provocation,1
lenz,1
reference,1
mnw,1
capture,1
defuse,1
notion,1
remunerated,1
treat,1
politicians,1
signaled,1
opportunity,1
mortar,1
foundries,1
supplement,1
eight,1
adjustments,1
ongoing,1
institutionalized,1
complication,1
awareness,1
misses,1
augmented,1
dismiss,1
factors,1
nancyl,1
caps,1
psychological,1
wash,1
qualify,1
rising,1
lives,1
injury,1
presently,1
conformed,1
cemented,1
proving,1
bad,1
weatherproofing,1
plus,1
freeze,1
wanted,1
consider,1
aan,1
signed,1
cad,1
louise,1
cough,1
emergence,1
sick,1
greenberg,1
consciousness,1
receiving,1
record,1
shaking,1
welfare,1
quoted,1
frozen,1
situations,1
presumed,1
earnestly,1
democratic,1
stabilized,1
wire,1
origins,1
harmed,1
officer,1
afrikanerdom,1
requested,1
efficient,1
indonesia,1
consequence,1
stark,1
putting,1
toolmakers,1
preferably,1
transgress,1
reinvigorate,1
oppression,1
answers,1
plight,1
shifted,1
guidance,1
internal,1
hit,1
froze,1
approval,1
senegal,1
strategy,1
preference,1
providing,1
drawing,1
qn,1
numerical,1
hot,1
kenya,1
graduates,1
reclassified,1
clements,1
crompton,1
raw,1
opening,1
moving,1
subsets,1
path,1
migrant,1
inequality,1
societies,1
portable,1
migrancy,1
medicine,1
train,1
viewpoint,1
search,1
color,1
strength,1
mamdani,1
joy,1
access,1
beveling,1
combinations,1
inspectors,1
lived,1
bomb,1
nerves,1
rebuttal,1
pass,1
events,1
requirements,1
impaired,1
portsmouth,1
employee,1
productionamerican,1
markets,1
germiston,1
classification,1
big,1
fourth,1
lose,1
prompt,1
furthermore,1
supporters,1
eased,1
pointing,1
focused,1
acquaint,1
rent,1
irc,1
bilious,1
metalworking,1
reservation,1
separateness,1
appears,1
youths,1
dropsy,1
join,1
promise,1
suffered,1
unruly,1
energy,1
troops,1
safe,1
nothing,1
absolute,1
instrumental,1
facilities,1
ears,1
find,1
fledgling,1
devaluing,1
wide,1
method,1
temptations,1
seventies,1
possibility,1
worthless,1
paramount,1
witz,1
undermined,1
failure,1
banded,1
aspirins,1
products,1
directly,1
advisor,1
keeping,1
claiming,1
relatives,1
relief,1
revealed,1
liable,1
deputation,1
planning,1
properties,1
bullets,1
residents,1
hadbeen,1
mobilization,1
start,1
rail,1
disputed,1
overturn,1
simplification,1
unless,1
favourable,1
advancement,1
discusses,1
juveniles,1
knowledge,1
edn,1
esp,1
related,1
grow,1
arming,1
feared,1
description,1
neutrality,1
honors,1
whole,1
citrus,1
gave,1
begins,1
describe,1
older,1
intermediate,1
ghana,1
overtly,1
objecting,1
officers,1
boardroom,1
phokeng,1
repairs,1
vociferous,1
winter,1
call,1
poll,1
garden,1
emma,1
legalizing,1
wet,1
reflect,1
shouldered,1
accord,1
newspaper,1
floors,1
sfema,1
illegible,1
placate,1
predominance,1
showing,1
president,1
contriving,1
conform,1
muller,1
strongest,1
markedly,1
natal,1
relentless,1
washing,1
unmarried,1
ambiguities,1
impasse,1
hungary,1
bought,1
tool,1
buy,1
momentous,1
running,1
legitimating,1
commerce,1
normally,1
sense,1
upheavals,1
caused,1
idiom,1
responsibility,1
vote,1
zambianization,1
buildings,1
submitted,1
socialist,1
volume,1
ld,1
grew,1
reconditioning,1
protest,1
box,1
politically,1
screw,1
deborah,1
modest,1
verkoop,1
discourse,1
disposed,1
phrase,1
quite,1
allowances,1
night,1
atmosphere,1
event,1
headaches,1
around,1
outbreak,1
calling,1
hair,1
leaves,1
separately,1
accomplished,1
disposition,1
ship,1
sisters,1
components,1
routine,1
transfer,1
county,1
supposedly,1
presence,1
cash,1
manchester,1
polytechnic,1
met,1
decline,1
blunt,1
distinguished,1
ancestors,1
usual,1
urgently,1
weapons,1
gambled,1
coast,1
casings,1
whatsoever,1
remitted,1
moulders,1
couple,1
progress,1
finishing,1
lacuna,1
cherryl,1
wife,1
equation,1
fuses,1
ellen,1
structured,1
utilise,1
diminished,1
appropriate,1
foreign,1
novices,1
annexe,1
latest,1
regressive,1
gavin,1
reducing,1
behalf,1
expendablewhite,1
winding,1
vehicles,1
periods,1
appeal,1
repatriation,1
inspection,1
tea,1
dalton,1
counteract,1
san,1
transform,1
arrangement,1
communist,1
advocate,1
daria,1
matter,1
materials,1
entitled,1
godlose,1
fell,1
cessation,1
britain,1
paralyzed,1
alphabetical,1
ire,1
wrote,1
williamson,1
resisted,1
subversive,1
racialized,1
appreciate,1
scandalous,1
fruit,1
veterans,1
waitresses,1
contemporaty,1
concern,1
prove,1
housework,1
boss,1
cheng,1
wadc,1
avail,1
comments,1
transgressing,1
standing,1
boy,1
wilmot,1
initially,1
petit,1
lb,1
replies,1
seemingly,1
backed,1
religious,1
structural,1
sexually,1
permanently,1
illuminating,1
applications,1
rubbing,1
communities,1
ineffective,1
springs,1
selling,1
lifting,1
reclassification,1
fair,1
citation,1
wake,1
security,1
pp,1
rules,1
happened,1
residence,1
serve,1
lump,1
challenged,1
hourly,1
wrest,1
puzzle,1
processing,1
tax,1
participants,1
initiation,1
planned,1
assistance,1
complete,1
professor,1
dan,1
naval,1
barely,1
gay,1
coins,1
toronto,1
resented,1
disagreed,1
compensationitis,1
exploit,1
demobilization,1
enterprises,1
fairly,1
fill,1
initial,1
worst,1
laid,1
organizations,1
name,1
california,1
ind,1
purified,1
zebediela,1
book,1
alleviated,1
curfew,1
purely,1
sells,1
ended,1
cable,1
flowers,1
printing,1
patriotic,1
overthrown,1
underestimated,1
ban,1
averages,1
shows,1
twenty,1
marker,1
unaccustomed,1
unionism,1
consideration,1
limit,1
forming,1
turner,1
treatment,1
preserve,1
overwhelming,1
conduct,1
head,1
deficient,1
abilities,1
bourgeoisie,1
materialist,1
unprepared,1
plan,1
expenses,1
ought,1
trainees,1
machining,1
choice,1
superiors,1
rebuffed,1
enable,1
governed,1
break,1
larger,1
upgrading,1
john,1
demonstrating,1
proliferation,1
emphatic,1
prospects,1
everything,1
contemporary,1
contends,1
acetylene,1
jump,1
cartridge,1
discussed,1
flyer,1
serious,1
removal,1
simple,1
exploiting,1
planners,1
bargaining,1
patterns,1
fits,1
hairdressers,1
present,1
enamellers,1
risked,1
handing,1
increases,1
topped,1
model,1
manner,1
road,1
thirties,1
zambia,1
rpt,1
requiring,1
annotations,1
strategies,1
ports,1
respondent,1
ahead,1
agencies,1
volatile,1
intensify,1
dressed,1
tiny,1
native,1
remarked,1
tails,1
amounting,1
streets,1
acquire,1
entrepreneurial,1
going,1
free,1
encountered,1
volksmoeders,1
recommend,1
convenient,1
posel,1
ibid,1
docked,1
civilized,1
responded,1
autobiography,1
compose,1
boilermaker,1
fundamentally,1
lucie,1
stabilize,1
oqganisation,1
spray,1
displace,1
analyzed,1
greatest,1
worger,1
rulers,1
father,1
obispo,1
survive,1
upsetting,1
disappear,1
goitre,1
range,1
eighteenth,1
prohibition,1
disposals,1
renders,1
denounced,1
refining,1
underprivileged,1
servant,1
discrimination,1
formal,1
drills,1
affinity,1
arose,1
desperate,1
manufactured,1
identity,1
louis,1
endeavour,1
needing,1
entirely,1
expression,1
unfortunately,1
ziman,1
intermittent,1
unfair,1
horst,1
afrikaans,1
prospective,1
privileges,1
factor,1
affects,1
bonuses,1
congress,1
cupping,1
aside,1
tripled,1
pleasure,1
acquiesced,1
individuals,1
examination,1
raising,1
acn,1
lucrative,1
fashion,1
moodie,1
sacrificing,1
platform,1
rejected,1
maelstrom,1
notations,1
urbana,1
reality,1
increment,1
eldest,1
peripheral,1
dominated,1
maintenance,1
aberrant,1
amounts,1
deals,1
noncontroversial,1
david,1
chair,1
grundlingh,1
unpub,1
cullinan,1
summer,1
hammer,1
him,1
parallels,1
depiction,1
housed,1
played,1
distinction,1
filled,1
keen,1
amorphous,1
pension,1
abundant,1
expressing,1
segment,1
stoppages,1
permitting,1
instruction,1
curtailing,1
exchange,1
promotion,1
communists,1
favored,1
sentiment,1
comparing,1
promote,1
qualities,1
accusing,1
parallel,1
painting,1
molding,1
exaggeration,1
glenn,1
become,1
tradesman,1
welder,1
confidently,1
respectively,1
tactics,1
mainly,1
footnotes,1
millers,1
construction,1
james,1
downturn,1
translate,1
unqualified,1
story,1
contracts,1
dividing,1
forefront,1
occupied,1
haven,1
industrialization,1
corps,1
ago,1
outright,1
incoming,1
immigration,1
concluded,1
widely,1
examines,1
cake,1
summary,1
entertainment,1
carried,1
profitable,1
eck,1
ambiguous,1
relying,1
depressed,1
valuable,1
disappearance,1
assigned,1
relationship,1
conscripted,1
locked,1
foreseen,1
swinging,1
dreadful,1
peers,1
today,1
initials,1
transformations,1
cheapness,1
enumerated,1
lot,1
independent,1
involving,1
movements,1
figure,1
chance,1
blatantly,1
holiday,1
consent,1
testing,1
claimed,1
foster,1
pieces,1
reasonable,1
vague,1
booths,1
disenfranchised,1
hoist,1
deteriorating,1
leslie,1
homemakers,1
exceptional,1
reason,1
army,1
clothes,1
accommodating,1
grinding,1
confine,1
relevant,1
kitchen,1
rapidly,1
whereby,1
similarities,1
thinning,1
intend,1
applicants,1
insistence,1
accusation,1
exclude,1
lowered,1
lever,1
existed,1
tapped,1
hope,1
frontier,1
aspirations,1
dgws,1
sheila,1
centuries,1
instances,1
emerging,1
mashinini,1
examine,1
tapping,1
administering,1
mirror,1
inducing,1
outcast,1
stipulation,1
stable,1
door,1
matters,1
ensure,1
meal,1
operates,1
assistant,1
jobbing,1
heat,1
authorities,1
sexes,1
youn,1
associated,1
gaugers,1
gauging,1
breach,1
requesting,1
broke,1
repaired,1
elaborate,1
garment,1
severely,1
erode,1
negotiating,1
incantatory,1
punishments,1
nervous,1
must,1
proficient,1
pretext,1
extending,1
mackenzie,1
instructed,1
struck,1
constituted,1
coldbloodedly,1
inferiority,1
thousand,1
gradations,1
symbol,1
overseas,1
drew,1
sustained,1
weaken,1
qver,1
overtook,1
forty,1
machinations,1
ran,1
disgruntled,1
complicated,1
alleviate,1
principle,1
darkest,1
introducing,1
sure,1
readily,1
guaranteed,1
devalued,1
specialized,1
par,1
india,1
dunbar,1
confident,1
exigencies,1
believe,1
gone,1
ivory,1
leaders,1
cochran,1
jigsaw,1
daily,1
wall,1
berry,1
dosed,1
intersected,1
checker,1
branch,1
feed,1
signposted,1
brothers,1
deem,1
obviously,1
brazil,1
impossible,1
grievances,1
privileged,1
longstanding,1
precarious,1
aerial,1
conscription,1
associations,1
examining,1
differed,1
explicitly,1
paralysed,1
happiness,1
placing,1
expel,1
meager,1
invocation,1
necessitating,1
niekerk,1
fellow,1
emerges,1
vegetables,1
paradoxically,1
merely,1
evident,1
person,1
positionscategories,1
stamps,1
polling,1
renegotiated,1
widowed,1
knows,1
helping,1
trying,1
orphaned,1
ethnically,1
inmates,1
ruins,1
enjoyment,1
catastrophic,1
phokenig,1
seamstresses,1
motivating,1
negotiate,1
discharge,1
rose,1
migratory,1
widower,1
chickens,1
sociology,1
violent,1
agricultural,1
forcefully,1
mere,1
doubled,1
unnecessary,1
problem,1
ons,1
catered,1
mentioned,1
bitterly,1
recounted,1
mechanisation,1
imperial,1
property,1
huge,1
u,1
listed,1
missed,1
die,1
phenomena,1
marriages,1
hundreds,1
freedom,1
millions,1
travel,1
middle,1
ivan,1
deaf,1
bodies,1
tent,1
necessity,1
andrea,1
pain,1
uniform,1
managers,1
hirings,1
press,1
regulate,1
awarded,1
predecessors,1
fumes,1
administration,1
reserves,1
controls,1
assistants,1
measure,1
penny,1
molder,1
demanding,1
copper,1
ranks,1
allows,1
goals,1
think,1
slight,1
varied,1
jan,1
dominant,1
extensive,1
apprenticeships,1
deft,1
streamline,1
compulsion,1
ultimately,1
breaks,1
argument,1
kruger,1
revert,1
finding,1
contract,1
ailments,1
foundryman,1
stratification,1
accept,1
aware,1
typescript,1
depressing,1
colo,1
mobilizing,1
bricklayer,1
typically,1
devaluation,1
davies,1
regime,1
grimy,1
dilute,1
rheumatism,1
bear,1
connor,1
turners,1
disruption,1
ferreira,1
integration,1
stellenbosch,1
col,1
willingness,1
effects,1
settling,1
prosperity,1
exclusions,1
attempted,1
terribly,1
endeavouring,1
socialism,1
slaves,1
exceeded,1
extremely,1
remains,1
association,1
speak,1
untouched,1
campaign,1
ranged,1
shunter,1
davenport,1
am,1
specific,1
blacks,1
potential,1
removed,1
doxey,1
industrialists,1
seventeenth,1
contravention,1
ensuring,1
liberalism,1
robbed,1
nimble,1
supervise,1
consisted,1
sectors,1
kuzwayo,1
chicago,1
youngsters,1
fervor,1
debate,1
reconsideration,1
documentary,1
develop,1
divergent,1
censuses,1
re,1
testified,1
strong,1
technological,1
willing,1
taylor,1
here,1
building,1
broader,1
successive,1
asked,1
built,1
sixth,1
termed,1
dorman,1
major,1
grease,1
retention,1
looking,1
irma,1
