WORDCOUNTS,WEIGHT
the,910
of,462
and,329
in,321
to,311
a,128
that,106
s,103
for,97
licensed,96
prostitution,94
prostitutes,89
women,84
japanese,76
as,68
their,65
by,55
state,53
no,53
was,52
from,52
tokyo,51
with,46
on,46
japan,41
not,41
or,40
social,40
they,39
police,39
had,39
abolitionists,38
were,37
nihon,37
american,33
society,31
it,30
other,30
world,30
brothel,30
system,29
but,29
who,29
home,28
would,27
many,26
fujin,25
government,25
review,24
ministry,24
between,24
june,23
also,23
percent,23
be,23
at,22
an,22
one,21
kusama,21
customers,20
during,20
moral,20
historical,20
her,20
prostitute,19
have,19
modern,18
young,18
new,18
is,18
sexuality,18
early,18
quarters,17
war,17
public,17
officials,17
several,17
did,17
than,16
brothels,16
more,16
trade,16
reformers,16
regulation,15
garon,15
sheldon,15
authorities,15
groups,14
most,14
its,14
about,14
purity,14
see,14
been,14
haisho,14
if,13
mondai,13
western,13
into,13
i,13
cafes,13
kakusei,13
abolitionist,13
this,13
family,13
debate,13
those,12
sexual,12
men,12
keepers,12
because,12
movement,12
only,12
all,12
wctu,12
oldest,12
abolition,11
before,11
prefectural,11
regulating,11
could,11
civil,11
he,11
onna,11
number,11
morals,11
years,11
although,11
venereal,10
against,10
relations,10
century,10
may,10
societies,10
houses,10
out,10
tomoshibi,10
yamamoto,10
wife,10
nations,10
these,10
time,10
unlicensed,10
geisha,10
which,10
so,10
christian,10
bureaucrats,10
ito,10
undo,10
imperial,10
became,10
waitresses,10
states,10
kirisutokyo,9
yoshiwara,9
first,9
some,9
such,9
progressive,9
marriage,9
even,9
parents,9
part,9
corbin,9
rules,9
official,9
metropolitan,9
made,9
after,9
united,9
control,9
koshoshi,8
hire,8
diseases,8
reasons,8
crusade,8
advance,8
however,8
gender,8
league,8
yet,8
ed,8
toward,8
similarly,8
areas,8
another,8
morality,8
three,8
european,8
when,8
ni,8
leaders,8
while,8
both,8
regulated,8
ii,7
vols,7
money,7
march,7
daughters,7
liberal,7
whereas,7
kyofiukai,7
outside,7
work,7
edn,7
rise,7
own,7
few,7
up,7
registered,7
kanojo,7
halls,7
two,7
hyakunenshi,7
reform,7
children,7
dance,7
practice,7
woman,7
bureau,7
husband,7
wives,7
over,7
terms,7
regulationists,7
national,7
themselves,7
policy,6
takemura,6
chief,6
j,6
europe,6
survey,6
there,6
political,6
committed,6
owners,6
kyofukai,6
higher,6
his,6
earlier,6
kindai,6
yamamuro,6
organization,6
management,6
found,6
further,6
poverty,6
debts,6
various,6
britain,6
salvation,6
evil,6
protestants,6
liberties,6
members,6
organizations,6
mark,6
yasoo,6
continued,6
male,6
army,6
education,6
simply,6
are,6
cities,6
girls,6
them,6
problem,6
concubines,6
freedom,6
families,6
until,6
france,6
association,6
surveys,6
roles,6
repay,5
personally,5
names,5
protestant,5
large,5
cafe,5
history,5
husbands,5
lower,5
worked,5
alike,5
within,5
less,5
suppress,5
temperance,5
medical,5
gumpei,5
relationships,5
de,5
relatively,5
quit,5
vice,5
educators,5
rescue,5
moreover,5
n,5
house,5
clandestine,5
ichikawa,5
victorian,5
called,5
late,5
well,5
barmaids,5
president,5
cessation,5
concern,5
make,5
bill,5
under,5
kotoka,5
law,5
fact,5
kubushiro,5
free,5
remained,5
campaigns,5
elite,5
august,5
contracts,5
adultery,5
she,5
criminal,5
began,5
life,5
considered,5
following,5
report,5
what,5
numbers,5
code,5
question,5
twentieth,5
politicians,5
campaign,5
among,5
observed,5
difficult,4
interests,4
per,4
mounted,4
managing,4
studies,4
baisho,4
nineteenth,4
nonetheless,4
labor,4
leading,4
great,4
ochimi,4
gibson,4
british,4
mass,4
powers,4
central,4
throughout,4
arrested,4
cases,4
defense,4
six,4
compared,4
left,4
journal,4
beiho,4
suasion,4
recognized,4
without,4
repeal,4
servants,4
shakai,4
emergence,4
just,4
commonly,4
decades,4
placed,4
required,4
ozaki,4
r,4
london,4
policies,4
people,4
newspaper,4
status,4
abolish,4
reformist,4
working,4
contrast,4
baishofu,4
governments,4
protect,4
parliament,4
generally,4
marry,4
f,4
economic,4
indeed,4
july,4
intervention,4
takashima,4
year,4
included,4
same,4
already,4
french,4
addition,4
never,4
v,4
day,4
thousands,4
grounds,4
disease,4
including,4
pleasure,4
clear,4
nakamura,4
class,4
become,4
ujihara,4
italy,4
attracted,4
we,4
hidekichi,4
bars,4
foreign,4
ordinary,4
often,4
cease,4
itself,4
any,4
commission,4
has,4
half,4
associations,4
february,4
regulations,4
kaso,4
according,4
argued,4
local,4
shimbun,4
age,4
through,4
programs,4
students,4
youth,4
average,4
register,4
area,4
major,4
o,3
struggle,3
later,3
rev,3
encouraged,3
alone,3
federation,3
prime,3
formed,3
asserted,3
necessarily,3
chastity,3
permitted,3
december,3
hygiene,3
emerged,3
extramarital,3
million,3
words,3
daily,3
court,3
last,3
filial,3
china,3
governors,3
yukichi,3
case,3
eradicate,3
attacked,3
explained,3
east,3
sought,3
right,3
shared,3
october,3
laws,3
cited,3
liberals,3
demanded,3
kokumin,3
expanded,3
monogamy,3
asahi,3
since,3
mores,3
human,3
september,3
g,3
needed,3
kagawa,3
insisted,3
nor,3
back,3
critique,3
influence,3
poor,3
whose,3
ka,3
rather,3
devastating,3
traffic,3
represented,3
yukio,3
legal,3
similar,3
b,3
study,3
lawyer,3
support,3
eighteen,3
hasegawa,3
suppression,3
soon,3
marriages,3
calif,3
edition,3
days,3
frequently,3
w,3
walkowitz,3
kyoffikai,3
union,3
reprinted,3
international,3
equally,3
okeru,3
population,3
otherwise,3
improve,3
directly,3
unless,3
prominent,3
brought,3
nation,3
older,3
away,3
fukuzawa,3
good,3
change,3
wished,3
order,3
sharp,3
close,3
industry,3
acts,3
codes,3
annual,3
majority,3
newly,3
will,3
evening,3
equality,3
variety,3
nearly,3
female,3
diet,3
april,3
community,3
above,3
abe,3
religious,3
thought,3
england,3
sex,3
culture,3
efforts,3
ramseyer,3
noted,3
increasingly,3
name,3
death,3
registration,3
longer,3
divorce,3
forces,3
come,3
took,3
paris,3
jobs,3
widespread,3
junketsu,3
greatest,3
shimpo,3
significant,3
full,3
harimise,3
virtues,3
essay,3
evils,3
workers,3
individual,3
like,3
spread,3
illicit,3
january,3
quarter,3
decision,3
relationship,3
enquiry,3
movements,3
program,3
returned,3
recalled,3
rapidly,3
inspired,3
enforce,3
pressures,3
prohibited,3
constituted,3
nishimura,3
country,3
proponents,3
repaid,3
particularly,3
reflected,3
quoted,3
form,3
list,3
desires,3
males,3
christians,3
boys,3
u,3
prevent,3
urban,3
policemen,3
purification,3
must,3
reported,3
press,3
november,3
assumptions,3
confronted,3
phenomenon,3
yoshimi,3
cambridge,3
joined,3
actively,3
approximately,3
typically,3
d,3
socially,3
isoo,3
increased,3
kirisutokyofujin,3
removed,3
c,3
standards,3
obligation,3
traditional,3
much,3
customs,3
household,3
lust,2
done,2
estimated,2
way,2
declared,2
commitment,2
nationwide,2
trans,2
announced,2
e,2
associated,2
village,2
likewise,2
becoming,2
miriam,2
authority,2
english,2
shy,2
strictly,2
bullough,2
shakaishi,2
former,2
position,2
committee,2
occurred,2
total,2
siblings,2
practices,2
kansuru,2
file,2
came,2
seikatsu,2
either,2
permit,2
confident,2
pervasive,2
military,2
might,2
assist,2
kenkyui,2
freely,2
nature,2
parties,2
leda,2
down,2
desire,2
farmers,2
transferred,2
live,2
religion,2
debt,2
help,2
undoshi,2
barred,2
context,2
speech,2
ernest,2
issue,2
governmental,2
autonomous,2
historians,2
iv,2
discuss,2
toyohiko,2
vol,2
determined,2
politics,2
ordinances,2
enforcement,2
whom,2
drive,2
contractual,2
vital,2
west,2
supply,2
immoral,2
familial,2
minimum,2
silverberg,2
hiratsuka,2
attract,2
singled,2
victim,2
chiefs,2
married,2
kojo,2
development,2
offended,2
group,2
regarded,2
districts,2
convention,2
sample,2
given,2
reluctance,2
frequented,2
subjects,2
body,2
guarantor,2
completing,2
formulate,2
y,2
kiyoko,2
seikatsushi,2
hardly,2
restricting,2
employ,2
failed,2
offices,2
inspections,2
sue,2
americans,2
subordination,2
helped,2
bring,2
l,2
portrayed,2
aimed,2
district,2
how,2
stop,2
thrift,2
sizable,2
levels,2
responded,2
conceptions,2
granted,2
propagate,2
pivar,2
interwar,2
leave,2
dancers,2
strange,2
offering,2
reforms,2
consequences,2
periodic,2
infidelities,2
proclaimed,2
rising,2
lives,2
changes,2
maintaining,2
university,2
established,2
oyobi,2
welfare,2
anuary,2
maintain,2
looser,2
democratic,2
exploited,2
painted,2
m,2
important,2
bureaucracy,2
opponents,2
hours,2
opening,2
expressed,2
leaving,2
based,2
rivals,2
sakichi,2
blamed,2
sono,2
objectives,2
deal,2
near,2
denigration,2
miharu,2
experts,2
term,2
big,2
occupation,2
furthermore,2
supporters,2
philandering,2
though,2
horitsu,2
rectification,2
yasushi,2
seishin,2
employers,2
osaka,2
representatives,2
guarantee,2
eliminate,2
shape,2
keeping,2
basis,2
used,2
responding,2
example,2
confined,2
related,2
aged,2
wagakuni,2
literature,2
realm,2
gave,2
place,2
officers,2
participated,2
popular,2
employed,2
endorsed,2
manage,2
josephine,2
strict,2
successful,2
policeman,2
flexner,2
love,2
individualism,2
yae,2
settlement,2
long,2
around,2
reporter,2
small,2
research,2
petition,2
instructed,2
telling,2
fully,2
managed,2
condemned,2
murakami,2
crime,2
moved,2
actions,2
championed,2
liberation,2
led,2
statism,2
second,2
comparative,2
gaining,2
thinkers,2
conceived,2
antiprostitution,2
repression,2
permission,2
unregistered,2
windows,2
assemblies,2
neither,2
light,2
naval,2
rape,2
double,2
party,2
leader,2
power,2
factory,2
nagahara,2
put,2
headquarters,2
lacked,2
koi,2
treatment,2
scholars,2
beliefs,2
murphy,2
kaiho,2
rebuilding,2
becker,2
fallen,2
end,2
contemporary,2
minister,2
forms,2
patterns,2
ages,2
hand,2
drinking,2
do,2
manner,2
establish,2
council,2
ahead,2
norms,2
degree,2
remove,2
demonstrated,2
wakita,2
restrictions,2
suicides,2
easier,2
range,2
incidents,2
proved,2
load,2
sold,2
station,2
engaged,2
continue,2
naka,2
recruitment,2
theories,2
mura,2
countersign,2
modernization,2
soldiers,2
health,2
maintenance,2
urge,2
held,2
concubine,2
general,2
high,2
lobbied,2
administrative,2
immorality,2
eliminating,2
keeper,2
managerial,2
municipal,2
spent,2
educational,2
behind,2
employees,2
can,2
enjoyed,2
looked,2
save,2
institution,2
postpone,2
la,2
concluded,2
attended,2
indentured,2
where,2
assemblymen,2
replied,2
independent,2
science,2
hayashi,2
five,2
kataoka,2
defenders,2
bound,2
rpt,2
deaths,2
primarily,2
effectively,2
fervent,2
amusement,2
responsible,2
types,2
months,2
atmosphere,2
toshi,2
commenting,2
school,2
kosho,2
raicho,2
sexes,2
then,2
fifteen,2
thinking,2
minshui,2
arrest,2
circumstances,2
needs,2
visits,2
dissent,2
regime,2
consensus,2
poorest,2
butler,2
berkeley,2
refused,2
different,2
organized,2
sell,2
universal,2
regard,2
branch,2
asserting,2
matsumura,2
examining,2
rural,2
works,2
feminist,2
believed,2
augustine,2
consorting,2
rose,2
stability,2
cause,2
ronsha,2
eroticism,2
mere,2
ceased,2
baishun,2
entice,2
bureaucratic,2
raa,2
suye,2
emphasis,2
kaisetsu,2
threat,2
translated,2
shogi,2
conference,2
directive,2
owner,2
commissioner,2
peace,2
little,2
introduced,2
city,2
content,2
preached,2
went,2
missionary,2
alain,2
focus,2
writing,2
fine,2
our,2
examinations,2
suffrage,2
sukezo,2
models,2
solely,2
charge,2
completed,2
evidence,2
values,2
meiji,2
attempted,2
mobilized,2
offered,2
chicago,2
era,2
unregulated,2
seisaku,2
strong,2
deeper,2
north,2
should,2
summed,1
proposed,1
resolve,1
yokohama,1
go,1
does,1
demeaned,1
reiko,1
rate,1
deny,1
obligations,1
sumiko,1
fathers,1
connelly,1
limits,1
stamp,1
nijuroku,1
protests,1
concerned,1
estate,1
bonding,1
keisatsu,1
stood,1
scornfully,1
designated,1
created,1
shoichi,1
ready,1
praised,1
separated,1
funada,1
represent,1
modernize,1
culminated,1
career,1
personnel,1
affected,1
resulted,1
struggled,1
legitimate,1
girl,1
northeast,1
mire,1
swiftly,1
erotica,1
eliminated,1
ultimate,1
considerably,1
marginalized,1
stands,1
germany,1
sympathetic,1
interrelationships,1
elementary,1
dotoku,1
regulatory,1
graphic,1
denied,1
shikkoho,1
fate,1
diplomatic,1
allegedly,1
designed,1
picked,1
terminated,1
stone,1
precede,1
referring,1
villages,1
surnames,1
schools,1
confines,1
true,1
injuries,1
approaches,1
westernization,1
thoroughfares,1
easily,1
specified,1
conscious,1
notwithstanding,1
unnatural,1
missionaries,1
child,1
socialists,1
flogged,1
recreation,1
character,1
allies,1
harsh,1
burn,1
politiciansnotably,1
habits,1
reformulating,1
physicians,1
tells,1
developed,1
assisted,1
criticizing,1
slasaki,1
migration,1
eye,1
uplifting,1
princeton,1
agitated,1
intimidate,1
invalidated,1
laura,1
intentions,1
experience,1
predominantly,1
peaked,1
gail,1
transmitting,1
statist,1
member,1
implemented,1
inhibited,1
else,1
toughs,1
australia,1
shuhen,1
problems,1
modest,1
submit,1
every,1
jitsujo,1
parliamentarians,1
creation,1
posed,1
ways,1
distinguishing,1
uemura,1
unimaginable,1
attempts,1
taken,1
restoration,1
feeling,1
jimmei,1
rapid,1
conflict,1
opted,1
abandoning,1
beautiful,1
externally,1
goal,1
asakusa,1
supplied,1
thus,1
penalized,1
giji,1
kyuaseigun,1
principles,1
height,1
flowers,1
tradition,1
secondary,1
contagious,1
uneasy,1
succeeds,1
generalize,1
momentum,1
wn,1
thank,1
spokesman,1
differences,1
cues,1
outbreak,1
accumulated,1
potentially,1
pressed,1
assembled,1
aesthetic,1
abolishing,1
closer,1
brian,1
onto,1
broadest,1
room,1
cohesion,1
kazuko,1
real,1
subsequent,1
efficiently,1
soaring,1
conjugal,1
blow,1
genjo,1
traditionally,1
relocation,1
abusing,1
seitei,1
mavericks,1
mind,1
improving,1
fukko,1
freshly,1
concepts,1
ratified,1
staff,1
robert,1
melee,1
educate,1
outstripped,1
segregated,1
racial,1
papers,1
hindering,1
similarities,1
amria,1
partners,1
side,1
habitual,1
targeting,1
existence,1
indebtedness,1
resembles,1
fernando,1
chronicled,1
capacity,1
immerse,1
popularized,1
bases,1
hysteria,1
gorgeous,1
draw,1
ventures,1
changed,1
retain,1
jazz,1
knife,1
red,1
italian,1
opened,1
occupying,1
prior,1
possible,1
marked,1
compelling,1
cooperation,1
concentrating,1
shisetsu,1
kyoka,1
entrepreneurs,1
cater,1
establishing,1
consciousness,1
obscenities,1
move,1
kekkon,1
investigator,1
run,1
countered,1
taking,1
desired,1
far,1
ignores,1
shuigiin,1
politician,1
patrolmen,1
along,1
constrained,1
intolerance,1
enter,1
fujinkai,1
vowed,1
overthrow,1
inexpensive,1
letter,1
engage,1
urging,1
internationally,1
lights,1
dennosuke,1
sign,1
behavior,1
shut,1
tsunesaburo,1
notably,1
funded,1
succeed,1
hazier,1
complained,1
masahisa,1
dispatched,1
domination,1
andrew,1
centralized,1
upheld,1
lover,1
hazards,1
disorder,1
merchants,1
influx,1
proceeded,1
redeemed,1
mine,1
quality,1
inevitable,1
eating,1
tamio,1
calculated,1
pursuit,1
endangering,1
yukakugyosha,1
author,1
cooperate,1
interest,1
finally,1
ability,1
brother,1
vigilance,1
kenkyfi,1
issued,1
kokusan,1
application,1
conducted,1
employing,1
pay,1
westport,1
z,1
affairs,1
attracting,1
senryoka,1
turn,1
buddhism,1
items,1
adopted,1
chakrabarty,1
better,1
displays,1
kensetsu,1
taxpayers,1
memorandum,1
woo,1
profound,1
disproportionately,1
compulsory,1
vern,1
bemoaned,1
difficulty,1
consulted,1
served,1
provisions,1
repress,1
allowing,1
stipulated,1
forbid,1
arranged,1
cohen,1
avidly,1
effective,1
chap,1
witnessed,1
kobe,1
truly,1
publications,1
moga,1
alliances,1
gyokuseki,1
compare,1
networks,1
locales,1
sfisaki,1
died,1
warned,1
historicat,1
committing,1
beat,1
preserving,1
ital,1
resolutions,1
apparently,1
citizen,1
sun,1
clientele,1
traditions,1
william,1
hstrca,1
gikai,1
leadership,1
adult,1
urgent,1
coal,1
extremely,1
stigma,1
wiswell,1
businessmen,1
kowka,1
asjapan,1
erotic,1
focused,1
honored,1
tsutsushimite,1
subversive,1
unlikely,1
seventh,1
rights,1
sixteen,1
underlay,1
aiyo,1
depiction,1
geneva,1
thinker,1
alleged,1
wishes,1
york,1
dangerously,1
jiten,1
expected,1
act,1
managers,1
pledged,1
observers,1
growth,1
abolished,1
unabated,1
absent,1
across,1
communicate,1
essence,1
ella,1
activists,1
remain,1
nonsense,1
commentators,1
smoking,1
forced,1
protections,1
en,1
matsumiya,1
lofty,1
shuisei,1
analyzes,1
shigehiko,1
suffer,1
catholics,1
opportunity,1
phrases,1
coffee,1
importance,1
pervade,1
mobo,1
derived,1
sacrificed,1
eie,1
contributions,1
emergency,1
echoed,1
lay,1
yuzkwaku,1
animals,1
sally,1
danshi,1
reinterpretation,1
gratings,1
means,1
reason,1
category,1
brunswick,1
readmitted,1
precipitant,1
nationalistic,1
romantic,1
evangelical,1
bad,1
old,1
vastly,1
wages,1
wanted,1
females,1
consider,1
gendaijosei,1
familiar,1
retained,1
literary,1
hostess,1
india,1
indenture,1
sick,1
why,1
reformer,1
troops,1
mariusjansen,1
imitation,1
impact,1
kyoikushi,1
shelters,1
indebtness,1
gazing,1
mary,1
perspective,1
likened,1
northeastern,1
instrument,1
weak,1
westerners,1
gunpei,1
listed,1
ville,1
rescued,1
tempered,1
nagoya,1
sareta,1
valued,1
hirobumi,1
piety,1
spirit,1
passed,1
officer,1
beyond,1
rental,1
efficient,1
isolation,1
followed,1
comprising,1
buffalo,1
unhindered,1
wartime,1
exploitation,1
eradication,1
willing,1
danjo,1
loathe,1
detested,1
ryuizo,1
care,1
famed,1
respected,1
dantai,1
inheriting,1
discouraging,1
symbolized,1
opinion,1
screened,1
hedonistic,1
yusaku,1
trained,1
strengthen,1
italics,1
appear,1
exits,1
shun,1
cultivating,1
friends,1
companionate,1
contention,1
skewed,1
result,1
closely,1
montclair,1
lieu,1
kaizo,1
laziness,1
lead,1
encourage,1
affiliated,1
prefecture,1
modernity,1
publicists,1
future,1
holds,1
train,1
flocking,1
conservative,1
entered,1
strength,1
typical,1
effort,1
embracing,1
centers,1
economics,1
demands,1
jn,1
adolescent,1
rooms,1
monitoring,1
centrally,1
zegen,1
insisting,1
misdeeds,1
eat,1
illness,1
philosophical,1
expelling,1
respects,1
unthinkable,1
lent,1
unions,1
fourth,1
healthy,1
causes,1
equal,1
hinkon,1
institute,1
profited,1
mushroomed,1
block,1
decker,1
province,1
viewed,1
produced,1
boundaries,1
applied,1
furosha,1
privately,1
teach,1
excellent,1
wealth,1
safe,1
procedures,1
tsurukichi,1
laxness,1
explain,1
approached,1
availability,1
meicho,1
rounding,1
negotiated,1
james,1
contagion,1
property,1
governing,1
patriarchal,1
influenced,1
sokkiroku,1
outstanding,1
commitments,1
christianity,1
legislate,1
having,1
participation,1
carte,1
newspapermen,1
trial,1
relatives,1
invisible,1
line,1
relief,1
revealed,1
liable,1
upstanding,1
katayama,1
abroad,1
implement,1
asexual,1
received,1
organize,1
continence,1
start,1
vote,1
preferred,1
embarrass,1
voted,1
naikaku,1
protected,1
significantly,1
bolder,1
yami,1
tetsu,1
sharon,1
explains,1
training,1
knowledge,1
proprietor,1
chino,1
comment,1
supreme,1
feared,1
injosei,1
criticized,1
migrated,1
reasoned,1
consistently,1
domestically,1
discussions,1
miuri,1
meil,1
constitute,1
beginnings,1
concentrate,1
shiso,1
mentioning,1
anxieties,1
earn,1
whims,1
licit,1
rallying,1
winter,1
tanaka,1
doors,1
polygamy,1
weekly,1
canberra,1
surrounding,1
lazy,1
complemented,1
nihonjoseishi,1
participate,1
achieving,1
nagai,1
capacities,1
missions,1
project,1
stanford,1
savings,1
ichi,1
conform,1
my,1
crack,1
jinkaku,1
minshu,1
markedly,1
bail,1
t,1
sfmmm,1
unmarried,1
annotated,1
sic,1
flirting,1
monetary,1
retrospect,1
preceded,1
responses,1
strove,1
construct,1
sense,1
grafted,1
viable,1
responsibility,1
carry,1
unexpected,1
lee,1
things,1
socialist,1
protest,1
level,1
haruko,1
catholic,1
militant,1
pimp,1
ministries,1
rushed,1
discourse,1
sixty,1
emerging,1
openly,1
dwell,1
fukumi,1
autonomy,1
parliamentary,1
replace,1
choose,1
revealing,1
prompted,1
transfer,1
hitosuji,1
patriotic,1
rates,1
dramatic,1
borton,1
decline,1
disharmony,1
whereabouts,1
forjapan,1
potent,1
degradation,1
credible,1
core,1
incurred,1
struck,1
shiryo,1
st,1
bureaucrat,1
applauded,1
proper,1
paid,1
pik,1
roots,1
filles,1
relic,1
yahei,1
saishite,1
criminals,1
novices,1
passive,1
establishments,1
gordon,1
geographical,1
activities,1
bolstered,1
luxuries,1
wield,1
subsequently,1
periods,1
conceal,1
reregistered,1
barbara,1
tea,1
threatened,1
battle,1
thirtvy,1
obayashi,1
iwate,1
business,1
indigenous,1
fascist,1
reduced,1
glittering,1
provide,1
positions,1
matter,1
ensign,1
shimada,1
rome,1
protecting,1
rested,1
contingent,1
authoritarianism,1
licensing,1
freedoms,1
short,1
service,1
located,1
overall,1
blessed,1
techniques,1
limited,1
shakaiuhi,1
schemes,1
return,1
released,1
classic,1
edges,1
reinforcements,1
coleman,1
mingling,1
okuma,1
attempt,1
eiichi,1
emulated,1
tadasu,1
suppressing,1
comments,1
sponsored,1
standing,1
reforming,1
recreating,1
modernizing,1
seemingly,1
surveyed,1
innovation,1
authoritarian,1
adage,1
conventional,1
single,1
kakuseikai,1
fighting,1
undergo,1
invaded,1
ginza,1
glossy,1
criticism,1
relied,1
pressuring,1
urged,1
ryoin,1
hugh,1
ethnographers,1
examined,1
opportunities,1
jiyui,1
security,1
democrats,1
repressive,1
happened,1
serve,1
mission,1
message,1
discerned,1
fear,1
restricted,1
challenged,1
disastrous,1
us,1
seigenho,1
recruited,1
flower,1
ancient,1
perspectives,1
complete,1
kyoshitsu,1
giichi,1
dan,1
si,1
brocade,1
savants,1
lewd,1
costs,1
insights,1
department,1
foolishness,1
reliance,1
ph,1
crackdown,1
bar,1
penalties,1
innate,1
gentlemen,1
prefectures,1
maintained,1
strata,1
sector,1
raids,1
picture,1
cage,1
declining,1
useful,1
masutomi,1
chose,1
definitions,1
comprehend,1
complaining,1
detectives,1
fire,1
successfully,1
buddhists,1
latrine,1
morass,1
challenge,1
request,1
stated,1
sometimes,1
fell,1
purely,1
tamanoi,1
others,1
despised,1
punish,1
restaurants,1
drink,1
ffikyo,1
slavery,1
domains,1
lowering,1
added,1
temperaments,1
smith,1
lobby,1
unsuccessful,1
persuasion,1
averages,1
concubinage,1
deviance,1
preserve,1
fundamental,1
conduct,1
head,1
response,1
breakwater,1
pressure,1
striking,1
departments,1
sleep,1
proposal,1
plan,1
centered,1
appeared,1
match,1
consent,1
crop,1
choice,1
lusts,1
educated,1
together,1
angry,1
larger,1
named,1
reacted,1
warning,1
understandable,1
john,1
cages,1
selections,1
debates,1
navy,1
venture,1
considerable,1
charges,1
man,1
seldom,1
gyosei,1
katsuo,1
cooperated,1
enactment,1
entertainers,1
readers,1
enough,1
adjacent,1
present,1
journalists,1
crush,1
ron,1
fro,1
haigyo,1
decried,1
covered,1
seigan,1
respiratory,1
road,1
banned,1
orderly,1
sompai,1
validity,1
capricious,1
joseishi,1
accepted,1
orthodoxy,1
queer,1
portrayal,1
akira,1
surveillance,1
forth,1
ports,1
duties,1
necessary,1
spoke,1
tens,1
deep,1
resigned,1
frightening,1
domei,1
perhaps,1
remarked,1
eds,1
silenced,1
compelled,1
lid,1
impoverished,1
laced,1
threats,1
insecure,1
henriques,1
streets,1
explicitly,1
touch,1
runaway,1
polities,1
violent,1
articulating,1
sodoin,1
examine,1
omnipotent,1
emanating,1
classes,1
recruit,1
understanding,1
strengthened,1
casual,1
sumio,1
extended,1
lury,1
secured,1
averaged,1
shisho,1
considering,1
effectiveness,1
contending,1
upon,1
mothers,1
unquestionably,1
prohibition,1
maneuvers,1
playthings,1
endowment,1
restrained,1
region,1
patricia,1
desperate,1
enormous,1
clerical,1
retains,1
delinquent,1
increase,1
hollis,1
vexing,1
judge,1
ruling,1
services,1
disavowed,1
birds,1
complexities,1
europeans,1
top,1
findings,1
sherrill,1
fronting,1
asian,1
food,1
succumbed,1
largely,1
camps,1
fusae,1
oppose,1
unprofitable,1
sekai,1
feminists,1
risk,1
engaging,1
resulting,1
tips,1
fails,1
nothing,1
pronatalist,1
obstruct,1
check,1
ryuataro,1
embark,1
reinforcing,1
eight,1
dismissed,1
necessitated,1
agitate,1
nightless,1
continuities,1
saburo,1
vigilant,1
rejected,1
ties,1
jokyut,1
discovered,1
provoked,1
reverted,1
reality,1
directed,1
doctors,1
grew,1
welcomed,1
affiliations,1
comprehensive,1
foulness,1
language,1
brass,1
logic,1
try,1
failures,1
homes,1
blend,1
someone,1
revised,1
senshi,1
period,1
federal,1
function,1
summer,1
features,1
played,1
petty,1
counted,1
nurses,1
kept,1
sebald,1
segment,1
lose,1
thomas,1
permitting,1
sonsho,1
meantime,1
kishu,1
exchange,1
davidj,1
unambiguous,1
eugenic,1
favored,1
uly,1
especially,1
annually,1
labels,1
internal,1
article,1
applicants,1
satisfy,1
detained,1
eyes,1
salt,1
chapel,1
onnatachi,1
rectify,1
greeted,1
kaneko,1
sight,1
teito,1
hastings,1
ann,1
ruffians,1
attendant,1
tanabe,1
trades,1
seeking,1
probably,1
greece,1
story,1
dividing,1
figures,1
nazi,1
grating,1
tendency,1
relative,1
attend,1
quarterly,1
professional,1
accounts,1
imported,1
dresses,1
uttau,1
venturing,1
sole,1
wink,1
masasuke,1
widely,1
hejudged,1
saka,1
unwittingly,1
carried,1
kyofut,1
liberalism,1
replies,1
forsakes,1
backward,1
elvin,1
violation,1
lovers,1
mmina,1
humanities,1
integration,1
nishi,1
humanitarian,1
figure,1
excepting,1
chance,1
usually,1
baiin,1
impressive,1
ideology,1
suspected,1
decadence,1
hill,1
employment,1
inside,1
lines,1
modernism,1
forthright,1
worldwide,1
lost,1
concluding,1
seen,1
strongly,1
festival,1
lawrence,1
contribution,1
remaining,1
recognize,1
whereby,1
anxious,1
countries,1
branded,1
jigyoshi,1
standpoint,1
zadankai,1
displaying,1
helpful,1
reconsider,1
dipesh,1
dans,1
lowered,1
blood,1
kompon,1
existed,1
fall,1
yonekura,1
hakare,1
surprising,1
populace,1
dead,1
endure,1
mother,1
muted,1
beauties,1
night,1
centuries,1
humiliation,1
get,1
mihalopolous,1
crowded,1
safeguarding,1
fought,1
regularly,1
stable,1
joseph,1
hihansu,1
claims,1
jinko,1
dissertation,1
shaw,1
contemplated,1
seriously,1
let,1
punished,1
ordered,1
tirelessly,1
protracted,1
littleton,1
inculcate,1
series,1
conclusion,1
version,1
humane,1
taxable,1
reformulation,1
ve,1
founded,1
carnal,1
simplify,1
zoo,1
extensive,1
scarcely,1
rigidly,1
profits,1
reinforced,1
symbolic,1
carriers,1
known,1
confucianism,1
subsidized,1
convicts,1
mikiyo,1
favors,1
arbitrary,1
recruits,1
entry,1
narrowly,1
bernstein,1
dehumanization,1
kodo,1
endeavors,1
othersocieties,1
symbol,1
organizational,1
offers,1
command,1
set,1
shui,1
der,1
engelstein,1
quickly,1
divert,1
know,1
defining,1
respecting,1
takao,1
branches,1
continental,1
surrender,1
partner,1
principle,1
tendencies,1
monthly,1
sure,1
readily,1
halt,1
tokugawa,1
guaranteed,1
ktka,1
libidinous,1
tuberculosis,1
expanding,1
portraying,1
victorious,1
key,1
innovations,1
believe,1
illnesses,1
boshi,1
capital,1
ample,1
best,1
munetsugu,1
ahr,1
buddhist,1
sent,1
comfort,1
mockingly,1
constructions,1
knowledgeable,1
rearing,1
domestic,1
allied,1
hyoron,1
bowing,1
expiration,1
concurrently,1
bedfellows,1
giri,1
entering,1
boasted,1
job,1
skirmish,1
sustaining,1
ihan,1
very,1
indispensable,1
sievers,1
bonnie,1
shin,1
conscription,1
distinctive,1
nightly,1
yamazaki,1
sequester,1
thompson,1
senzenhen,1
options,1
advances,1
paradoxically,1
merely,1
destroyed,1
turned,1
charged,1
beginning,1
ladies,1
specter,1
hobson,1
vehement,1
realize,1
defending,1
purchase,1
economy,1
condemning,1
stney,1
strained,1
kiyooka,1
investigation,1
whether,1
regulates,1
selected,1
concerning,1
making,1
informants,1
pact,1
abraham,1
want,1
particular,1
involvement,1
hogaku,1
thirty,1
attitudes,1
hoped,1
wending,1
saikin,1
statement,1
daishin,1
yukue,1
tightly,1
censorship,1
surveying,1
discreetly,1
ofjapan,1
bitterly,1
clique,1
divide,1
murders,1
huge,1
resident,1
too,1
agreed,1
yoichi,1
suggests,1
hundreds,1
ascertain,1
discussion,1
josei,1
categories,1
travel,1
posits,1
repaying,1
socioeconomic,1
gawkers,1
abundantly,1
intention,1
presented,1
recognition,1
private,1
facto,1
hen,1
maruyama,1
sea,1
preferable,1
despite,1
teikoku,1
shijo,1
eleanor,1
role,1
contractually,1
regulate,1
easy,1
tennosei,1
convinced,1
aikoku,1
die,1
subject,1
sitting,1
rationale,1
absolute,1
impulses,1
koron,1
twenties,1
sinking,1
manufacturing,1
clothing,1
appointed,1
officially,1
clients,1
representation,1
harrison,1
behaved,1
accorded,1
kyokai,1
pair,1
prepared,1
denominational,1
suppressed,1
proceeds,1
energies,1
buying,1
false,1
sanctioned,1
promoted,1
formation,1
jiji,1
statute,1
ultimately,1
spring,1
obinata,1
commercial,1
cosmopolitan,1
deceptively,1
difference,1
biennial,1
reveals,1
notes,1
bartholomew,1
conn,1
intensified,1
smoked,1
numerous,1
marginalize,1
liaisons,1
koshi,1
samuel,1
washington,1
accept,1
imperative,1
taisei,1
crisis,1
dangerous,1
housemaids,1
colo,1
contributed,1
diligence,1
instead,1
womenlascivious,1
repressing,1
grown,1
include,1
promiscuous,1
crimes,1
need,1
physical,1
unified,1
notions,1
glass,1
prosperity,1
contamination,1
defined,1
inducement,1
off,1
hisa,1
agitating,1
measured,1
remains,1
shift,1
untouched,1
roughly,1
sides,1
worried,1
anonymous,1
respective,1
harada,1
dodulation,1
specific,1
supported,1
conceptualizing,1
drift,1
news,1
besides,1
deciding,1
shogunate,1
parlors,1
valuable,1
chambers,1
attending,1
kameido,1
petitioned,1
radicals,1
ryozoku,1
adulterous,1
consisted,1
point,1
transitory,1
beseeched,1
cheaper,1
create,1
fears,1
shakufu,1
kara,1
import,1
recur,1
element,1
severely,1
persuaded,1
interaction,1
abandoned,1
bulwark,1
immediately,1
seek,1
prison,1
coordinating,1
looseness,1
laborers,1
bespeaks,1
virtue,1
building,1
asked,1
doing,1
daughter,1
kisses,1
clashed,1
race,1
portrait,1
masturbation,1
hospitalization,1
gold,1
grants,1
