WORDCOUNTS,WEIGHT
the,699
of,466
and,279
in,275
to,146
a,144
history,117
russian,115
on,109
russia,82
was,69
as,62
american,58
s,56
that,55
by,53
historical,53
soviet,50
for,48
with,47
ahr,45
at,38
is,35
new,34
been,34
from,32
or,29
i,28
has,28
this,28
an,28
war,27
first,26
his,26
have,26
it,25
studies,25
had,25
social,25
be,25
which,24
one,21
review,21
october,19
coolidge,19
revolution,18
years,18
other,17
no,17
study,17
union,17
two,17
were,17
golder,16
york,16
its,16
he,16
period,16
world,16
between,16
early,16
now,15
there,15
political,15
expansion,15
recent,15
modern,14
only,14
more,14
europe,14
harvard,14
articles,14
historiography,13
work,13
few,13
european,13
who,13
very,13
scholarship,13
before,12
relations,12
their,12
also,12
foreign,12
not,12
are,12
writing,12
course,12
states,12
since,11
pages,11
most,11
about,11
state,11
after,11
united,11
then,11
historians,11
terms,11
ii,10
than,10
article,10
literature,10
research,10
under,10
many,10
modernization,10
works,10
into,9
some,9
terence,9
development,9
interest,9
century,9
late,9
well,9
progress,9
april,9
all,9
published,9
volume,9
emmons,9
students,9
we,9
imperial,9
until,9
great,8
politics,8
journal,8
part,8
during,8
universities,8
slavic,8
but,8
these,8
appeared,8
can,8
attention,8
intellectual,8
beginning,8
much,8
archives,7
if,7
nineteenth,7
robert,7
petersburg,7
affairs,7
whose,7
l,7
earlier,7
international,7
least,7
f,7
wrote,7
karpovich,7
treatment,7
end,7
see,7
time,7
number,7
jameson,7
country,7
phd,7
beazley,7
both,7
went,7
byrnes,7
later,6
essays,6
h,6
j,6
those,6
eastern,6
such,6
look,6
preoccupation,6
beyond,6
could,6
out,6
recently,6
london,6
society,6
will,6
defended,6
july,6
inception,6
culture,6
stalin,6
members,6
dissertations,6
scholars,6
made,6
would,6
story,6
yale,6
them,6
almost,6
role,6
devoted,6
among,6
they,5
former,5
western,5
causes,5
seems,5
last,5
richard,5
labor,5
lectures,5
items,5
influence,5
n,5
origins,5
p,5
january,5
example,5
issues,5
stanford,5
good,5
poland,5
economic,5
bolshevik,5
guide,5
department,5
book,5
toward,5
where,5
remained,5
awakening,5
today,5
george,5
institutions,5
analysis,5
education,5
dissertation,5
historian,5
berkeley,5
became,5
editor,5
twentieth,5
area,5
association,5
schuyler,4
e,4
long,4
asia,4
reasons,4
government,4
henry,4
daniel,4
questionnaire,4
issue,4
america,4
moscow,4
professor,4
g,4
turn,4
even,4
general,4
german,4
aaass,4
active,4
contributions,4
peasant,4
haimson,4
backwardness,4
result,4
academic,4
focused,4
appears,4
already,4
whole,4
place,4
several,4
up,4
st,4
provided,4
matter,4
still,4
dossick,4
thought,4
thesis,4
principal,4
kennan,4
fact,4
contemporary,4
do,4
geography,4
michael,4
books,4
diplomacy,4
three,4
essay,4
especially,4
topics,4
postwar,4
northern,4
alaska,4
began,4
countries,4
here,4
current,4
section,4
what,4
calif,4
theory,4
while,4
north,4
although,4
d,4
piece,4
colleagues,4
c,4
archival,4
mostly,3
way,3
scholar,3
wortman,3
nationalities,3
manuscript,3
group,3
true,3
policy,3
total,3
pipes,3
absence,3
being,3
lubimenko,3
modest,3
production,3
taken,3
definition,3
take,3
context,3
system,3
british,3
sophisticated,3
east,3
u,3
march,3
phds,3
bibliography,3
taking,3
cited,3
himself,3
thus,3
collapse,3
immediate,3
developments,3
times,3
subjects,3
columbia,3
publications,3
student,3
apparently,3
leopold,3
may,3
edited,3
impetus,3
communism,3
totalitarianism,3
established,3
appear,3
came,3
rule,3
found,3
mainly,3
aspects,3
r,3
scope,3
received,3
future,3
brought,3
advancement,3
civil,3
alliance,3
trends,3
approach,3
working,3
field,3
things,3
contrast,3
involved,3
small,3
june,3
tended,3
correspondence,3
notes,3
chronological,3
situation,3
territorial,3
letters,3
doctoral,3
forward,3
intervention,3
movement,3
frank,3
same,3
teaching,3
french,3
paul,3
power,3
our,3
john,3
prerevolutionary,3
v,3
examples,3
discovery,3
kerner,3
survey,3
questions,3
peter,3
workers,3
spent,3
catherine,3
james,3
proletariat,3
bulk,3
ministry,3
gleason,3
class,3
centuries,3
any,3
following,3
biography,3
plea,3
sweden,3
mass,3
over,3
stalinism,3
did,3
alexander,3
printed,3
particularly,3
intelligentsia,3
elsewhere,3
february,3
character,3
penetration,3
kliuchevskii,3
through,3
paradigm,3
washington,3
regime,3
effects,3
shift,3
debate,3
documentary,3
focus,3
major,3
scandinavian,2
nicholas,2
abbot,2
done,2
limits,2
mentalites,2
stuart,2
determine,2
berlin,2
linguistic,2
large,2
myth,2
likely,2
lengthening,2
prince,2
approaches,2
title,2
laid,2
occurred,2
instance,2
ussr,2
source,2
princeton,2
du,2
women,2
laura,2
experience,2
vyp,2
member,2
t,2
sources,2
stalinist,2
ways,2
interests,2
central,2
colleges,2
nature,2
paramount,2
narrative,2
studied,2
scandinavians,2
hannah,2
called,2
mind,2
precisely,2
somewhat,2
case,2
cue,2
task,2
talmon,2
chapter,2
vol,2
marc,2
marked,2
powers,2
diplomat,2
suny,2
west,2
far,2
kazemzadeh,2
collection,2
interestingly,2
human,2
preoccupied,2
cherniavsky,2
andrew,2
ronald,2
totalitarian,2
aha,2
expected,2
kind,2
exercise,2
big,2
perspective,2
amount,2
young,2
left,2
cohen,2
single,2
compare,2
boom,2
hardly,2
oxford,2
without,2
rather,2
hughes,2
titled,2
perkins,2
dialogue,2
special,2
raymond,2
means,2
krieger,2
directory,2
raeff,2
statistical,2
languages,2
lowell,2
linked,2
sum,2
northeastern,2
tsar,2
too,2
ministers,2
boundary,2
problems,2
allongement,2
m,2
important,2
opening,2
closely,2
whom,2
appearance,2
search,2
malia,2
traditionally,2
archibald,2
deal,2
though,2
leonard,2
produced,2
appearing,2
however,2
ford,2
snekvik,2
periodization,2
impression,2
keeping,2
having,2
basis,2
y,2
inna,2
edn,2
related,2
elizabeth,2
policies,2
structures,2
forces,2
rise,2
haven,2
graduate,2
change,2
closing,2
cold,2
socialist,2
discourse,2
fsu,2
veyne,2
specifically,2
around,2
party,2
essentially,2
cary,2
results,2
peculiar,2
monarchy,2
periods,2
flourished,2
orlovsky,2
second,2
eclectic,2
critics,2
materials,2
overall,2
comparative,2
description,2
classic,2
listings,2
exception,2
billington,2
reception,2
rambaud,2
chap,2
interpretation,2
arendt,2
shipman,2
forays,2
editorial,2
ed,2
conn,2
law,2
faculty,2
death,2
academy,2
principally,2
addition,2
firuz,2
lack,2
idea,2
consideration,2
head,2
cumulative,2
documents,2
reform,2
choice,2
understandable,2
fallen,2
doubt,2
istoriia,2
considerable,2
serfdom,2
enough,2
paris,2
empire,2
less,2
strategies,2
kaiser,2
perhaps,2
woman,2
eds,2
khrushchev,2
degree,2
local,2
understanding,2
currents,2
catholicism,2
including,2
significant,2
largely,2
virtually,2
robinson,2
ideas,2
ethnic,2
franklin,2
publication,2
urge,2
individual,2
david,2
so,2
appointment,2
features,2
black,2
latter,2
why,2
sentiment,2
outside,2
relation,2
respectively,2
teach,2
probably,2
institution,2
ago,2
widely,2
attended,2
dealing,2
discipline,2
me,2
lot,2
voyages,2
involving,2
science,2
sometimes,2
stream,2
lecturer,2
contribution,2
transformation,2
legitimacy,2
respect,2
siberia,2
navigator,2
considered,2
school,2
terrible,2
russians,2
ever,2
presniakov,2
funding,2
takeoff,2
sciences,2
affords,2
engelstein,2
outcome,2
sure,2
embassy,2
goriainov,2
different,2
board,2
half,2
inquiry,2
visits,2
geschichte,2
thompson,2
consciousness,2
elites,2
better,2
turned,2
according,2
scholarly,2
economy,2
chicago,2
victims,2
list,2
problem,2
extent,2
annual,2
middle,2
boston,2
presented,2
liubimenko,2
must,2
modernizing,2
conclude,2
sea,2
courses,2
subject,2
lies,2
measure,2
programs,2
coming,2
ambassadors,2
question,2
lists,2
cambridge,2
copies,2
national,2
write,2
lord,2
newsletter,2
crisis,2
contributed,2
slavs,2
evidence,2
offered,2
charles,2
exclusively,2
given,2
comparable,2
drew,2
cross,2
should,2
martin,2
tuyll,1
proposed,1
democracy,1
entities,1
does,1
superlative,1
gabor,1
zemskov,1
currently,1
rate,1
revisionist,1
struggle,1
triple,1
page,1
convergence,1
concerned,1
medieval,1
estate,1
groups,1
cues,1
arctic,1
designated,1
kivelson,1
sergei,1
judging,1
affected,1
introductions,1
college,1
revolutionary,1
records,1
signpost,1
diane,1
alone,1
introduction,1
constitution,1
philadelphia,1
sphere,1
church,1
likewise,1
valerie,1
conducted,1
complex,1
shoulders,1
properly,1
birmingham,1
reassessment,1
prime,1
advised,1
join,1
picking,1
english,1
nikolai,1
federal,1
favor,1
incidentally,1
reasonably,1
anthropology,1
semester,1
position,1
perestroika,1
fixed,1
committee,1
angliei,1
eastward,1
paper,1
cornell,1
demythologized,1
interpretative,1
bend,1
thematic,1
acquainted,1
revision,1
bolsheviks,1
strikes,1
pioneers,1
dissipate,1
academia,1
impracticable,1
treadgold,1
fluctuations,1
predominantly,1
peaked,1
accumulation,1
said,1
notre,1
anything,1
picturesque,1
based,1
overcoming,1
jesse,1
titles,1
every,1
constituting,1
preceding,1
creation,1
chronicles,1
eklof,1
give,1
military,1
feeling,1
vols,1
might,1
hoselitz,1
secretary,1
sjourneys,1
progression,1
glimpsed,1
retreat,1
stratification,1
editions,1
laue,1
aforementioned,1
containing,1
shaped,1
principles,1
available,1
worthington,1
scientists,1
tradition,1
radkey,1
twenty,1
agrarian,1
broadly,1
together,1
desire,1
ben,1
boer,1
analyses,1
wynn,1
able,1
incident,1
despotism,1
archive,1
getty,1
hundred,1
launched,1
religion,1
carnegie,1
resulting,1
volunteered,1
exile,1
nationalism,1
harvey,1
bering,1
resorting,1
written,1
dispatches,1
bismarck,1
staff,1
tsarist,1
letting,1
theodore,1
behind,1
johns,1
calculus,1
tragedy,1
contents,1
speech,1
otdeleniia,1
inclusive,1
proceed,1
corresponded,1
existence,1
suspect,1
alfred,1
vernadsky,1
fulsome,1
preoccupations,1
portugal,1
key,1
advice,1
histoire,1
consultingjesse,1
sought,1
politicized,1
iv,1
demography,1
discuss,1
representations,1
struggling,1
account,1
commencement,1
leo,1
activity,1
fad,1
reaction,1
magazine,1
disadvantage,1
except,1
conceptual,1
resources,1
along,1
interviews,1
inventory,1
kremlinologists,1
corresponding,1
instituta,1
repeatedly,1
muscovy,1
conflict,1
historically,1
happiness,1
voluntaristic,1
dynamics,1
inner,1
due,1
objective,1
against,1
author,1
police,1
center,1
dozen,1
regarded,1
decided,1
walter,1
coexistence,1
sputnik,1
encyclopedia,1
litt,1
sample,1
marxism,1
arena,1
unity,1
distinct,1
elements,1
old,1
gorbachev,1
curiously,1
refer,1
concerning,1
newsnet,1
contrary,1
differently,1
editing,1
ithaca,1
modernity,1
leningradskogo,1
third,1
twice,1
europeanization,1
dame,1
centrist,1
find,1
died,1
explore,1
identify,1
communication,1
newtonville,1
trudy,1
traditions,1
guard,1
professionally,1
adult,1
jones,1
pronounced,1
invites,1
generation,1
impressions,1
conceptually,1
virtual,1
higher,1
lesser,1
abiding,1
incentives,1
civilization,1
hero,1
betrays,1
fleet,1
risen,1
reflects,1
polarization,1
air,1
partition,1
purely,1
existent,1
managing,1
main,1
developed,1
how,1
ohsol,1
sort,1
organizing,1
basic,1
riasanovsky,1
fair,1
preparing,1
doctrine,1
snoshenii,1
dow,1
process,1
bucknell,1
consternation,1
knew,1
gaddis,1
granted,1
risk,1
supplement,1
teacher,1
eight,1
whether,1
similar,1
importance,1
institutionalization,1
certain,1
travels,1
karamzin,1
emigre,1
reforms,1
discoveries,1
practicing,1
von,1
something,1
extremes,1
moreover,1
suffice,1
anatole,1
realizable,1
soon,1
affect,1
freeze,1
shelton,1
cause,1
university,1
underdeveloped,1
modernizer,1
reinforcement,1
scale,1
familiar,1
samoderzhavie,1
peasants,1
emergence,1
byzantine,1
just,1
edition,1
days,1
elevated,1
numbers,1
reviewed,1
w,1
periodically,1
xi,1
age,1
show,1
initiative,1
autocrats,1
democratic,1
confuse,1
follow,1
drought,1
officer,1
robertj,1
followed,1
generally,1
ceremony,1
reorientation,1
mix,1
crimean,1
shifted,1
founding,1
strategy,1
suggested,1
decades,1
drawing,1
myths,1
conflicts,1
bureaucracy,1
conquest,1
yielding,1
ovo,1
gregory,1
buzzword,1
advance,1
my,1
aleksandr,1
cyril,1
torgovykh,1
concentration,1
arrival,1
agenda,1
histories,1
train,1
begun,1
serge,1
access,1
temptation,1
seven,1
centers,1
tucker,1
intellectuals,1
ocean,1
events,1
worker,1
noting,1
grigor,1
respects,1
evaluate,1
affair,1
outset,1
generalists,1
occupation,1
traced,1
founder,1
understood,1
informed,1
cultural,1
impeded,1
afforded,1
cannot,1
tsars,1
enlightened,1
groundwork,1
acquaintance,1
lamprecht,1
otherwise,1
safe,1
approached,1
awarded,1
triumph,1
surmised,1
hopkins,1
information,1
memory,1
biographies,1
because,1
christianity,1
colonies,1
participation,1
designation,1
competent,1
byj,1
journals,1
honors,1
autocracy,1
priesthood,1
mysli,1
commitment,1
reader,1
simplification,1
prominent,1
significantly,1
heavily,1
characterization,1
training,1
proportions,1
apparent,1
comment,1
tenure,1
gender,1
ten,1
lectured,1
year,1
byjameson,1
kindly,1
jahrbuicherfir,1
surrogate,1
discussions,1
literally,1
icon,1
osteuropas,1
people,1
johann,1
actually,1
falling,1
gerschenkron,1
nach,1
winter,1
lanham,1
uprising,1
et,1
call,1
proliferation,1
reflect,1
shouldered,1
employed,1
folklore,1
couple,1
talented,1
project,1
president,1
breakdown,1
muller,1
monroe,1
nj,1
sprang,1
foci,1
citing,1
bibliographies,1
solution,1
protestantism,1
commerce,1
hard,1
uninterrupted,1
ambassador,1
subjective,1
protest,1
deadlock,1
catholic,1
order,1
theater,1
phrase,1
quite,1
barriers,1
pleiad,1
spanish,1
ignore,1
concerns,1
republics,1
highly,1
debatable,1
valk,1
legation,1
stanley,1
dramatic,1
massachusetts,1
latest,1
boundaries,1
methodological,1
fedorovich,1
barely,1
when,1
aside,1
relegates,1
milestones,1
introduced,1
using,1
siberian,1
grateful,1
noticed,1
finds,1
passive,1
am,1
bartlett,1
rest,1
seemed,1
avoid,1
stephens,1
lend,1
reigns,1
survived,1
south,1
varangians,1
sidney,1
hosts,1
lenin,1
gustav,1
ransel,1
graduation,1
hegemony,1
ventured,1
variety,1
various,1
policythan,1
interference,1
ethnopolitics,1
short,1
lag,1
positions,1
spearheaded,1
wait,1
fruit,1
polemic,1
spades,1
fixture,1
narrowing,1
converted,1
community,1
above,1
harry,1
bakhmetev,1
realizing,1
garden,1
sponsored,1
boy,1
unprecedented,1
put,1
family,1
once,1
rubbing,1
chronicle,1
communications,1
envoys,1
bonnell,1
advent,1
yet,1
swept,1
permission,1
opportunities,1
underdevelopment,1
etat,1
towards,1
read,1
marginal,1
serve,1
mission,1
sex,1
array,1
continuity,1
seeing,1
restricted,1
official,1
us,1
neither,1
smith,1
prisoners,1
dictates,1
earned,1
acting,1
included,1
summing,1
subset,1
perspectives,1
complete,1
shifting,1
choices,1
reformable,1
enthusiast,1
demonstrates,1
subdivisions,1
words,1
largest,1
appeals,1
wisconsin,1
touching,1
congresses,1
noted,1
friend,1
regional,1
ev,1
fairly,1
present,1
viktor,1
catalog,1
outbreak,1
constituency,1
name,1
amateurs,1
precocious,1
ind,1
factory,1
again,1
slav,1
astonishment,1
rossii,1
czars,1
slavery,1
added,1
demographic,1
deutsche,1
efforts,1
causality,1
expose,1
rewarding,1
fundamental,1
stimulus,1
xii,1
areas,1
striking,1
departments,1
advantage,1
predominant,1
milestone,1
godunov,1
children,1
educated,1
pacific,1
demonstrating,1
hazzard,1
focuses,1
istorii,1
arthur,1
mold,1
russianists,1
sebastian,1
germanic,1
foreseeable,1
devil,1
ages,1
hand,1
piqued,1
remarkable,1
begin,1
unheeded,1
model,1
keys,1
systematic,1
road,1
historiographic,1
accepted,1
receives,1
orthodoxy,1
jobs,1
mutual,1
bohemia,1
forth,1
recount,1
material,1
ahead,1
focusing,1
wartime,1
bakhmetieff,1
clendenning,1
chronologically,1
literatures,1
shifts,1
cohort,1
day,1
historiographical,1
multidisciplinary,1
reginald,1
civilized,1
interpreting,1
another,1
original,1
arch,1
vast,1
father,1
coherent,1
patenaude,1
considering,1
background,1
genres,1
forgo,1
range,1
eighteenth,1
instructor,1
formal,1
region,1
unsigned,1
arose,1
previously,1
moeurs,1
looking,1
manifestations,1
discrediting,1
blum,1
identity,1
burgeon,1
societal,1
entirely,1
expression,1
downplayed,1
jessej,1
prevailed,1
jerome,1
congress,1
catalyst,1
evolution,1
trend,1
discontinuity,1
nothing,1
continue,1
examination,1
trip,1
california,1
described,1
charge,1
rejected,1
trade,1
isaiah,1
significance,1
clear,1
discovered,1
osten,1
provoked,1
historic,1
derelict,1
directed,1
b,1
welcomed,1
scandinavia,1
profession,1
definitely,1
logic,1
amounts,1
ecrit,1
defensive,1
like,1
function,1
him,1
diversity,1
played,1
discernible,1
collected,1
poletica,1
obshchestvennoi,1
obtained,1
foucauldian,1
cabot,1
provides,1
lose,1
instruction,1
uly,1
queen,1
internal,1
nationality,1
elaborate,1
eyes,1
evolutionary,1
methods,1
interpretations,1
overcome,1
britain,1
effect,1
detente,1
axe,1
aaas,1
structure,1
enthusiastically,1
rhetorical,1
slightly,1
napoleon,1
figures,1
forefront,1
intertwining,1
occupied,1
tendency,1
industrialization,1
professional,1
pupils,1
arresting,1
gleaned,1
applies,1
visit,1
increasing,1
dexter,1
fifty,1
dawn,1
twelve,1
periodic,1
assigned,1
hurdle,1
backward,1
raison,1
peers,1
publishing,1
charters,1
she,1
provide,1
movements,1
renewed,1
within,1
convened,1
vision,1
naturally,1
impressive,1
ideology,1
program,1
acls,1
pieces,1
select,1
wiener,1
primarily,1
dimensions,1
lost,1
reason,1
army,1
merton,1
detailed,1
eighteen,1
parcel,1
semiotic,1
proposition,1
deals,1
indicate,1
paradigmatic,1
volumes,1
proletarian,1
life,1
reconsider,1
often,1
construction,1
fall,1
perceptions,1
hope,1
gulag,1
bypass,1
itself,1
examine,1
canada,1
problematic,1
eugene,1
gathered,1
occupies,1
boris,1
matters,1
addressed,1
stephen,1
quantitative,1
campaign,1
sections,1
revolutionized,1
pogroms,1
suggestions,1
victoria,1
thinking,1
broke,1
series,1
governmental,1
mentioned,1
version,1
changing,1
comparison,1
peoples,1
circumstances,1
founded,1
simply,1
geographic,1
rogger,1
continues,1
implied,1
physical,1
supported,1
md,1
earle,1
emperors,1
cover,1
know,1
defining,1
aron,1
mutually,1
scrupulously,1
ministerial,1
each,1
frequency,1
bertrand,1
literary,1
bukharin,1
aberration,1
worth,1
nobility,1
december,1
global,1
connection,1
interested,1
seem,1
best,1
unknown,1
down,1
argue,1
explicated,1
universal,1
regard,1
curtiss,1
report,1
eventually,1
foundation,1
job,1
benefit,1
purview,1
comparativist,1
guinea,1
thaw,1
past,1
placing,1
oliver,1
pushing,1
kirchner,1
stint,1
ideologies,1
activism,1
william,1
born,1
elmer,1
purchase,1
imitation,1
investigation,1
combined,1
aleut,1
interwar,1
stability,1
selected,1
making,1
involvement,1
thirty,1
austrian,1
contemporaries,1
passed,1
ruin,1
novelty,1
apropos,1
supplemented,1
her,1
foundations,1
institute,1
studying,1
mechanistic,1
constitutional,1
yield,1
servicing,1
influenced,1
coutumes,1
psychology,1
scenarios,1
urban,1
ascertain,1
categories,1
freedom,1
art,1
travel,1
ivan,1
fedor,1
conference,1
triumphal,1
radically,1
occasionally,1
retrodictive,1
renascence,1
logical,1
peace,1
little,1
emperor,1
city,1
altogether,1
joining,1
adolf,1
content,1
statecraft,1
convinced,1
transition,1
reappraisal,1
mythic,1
stole,1
officially,1
qualitative,1
mention,1
geroid,1
zelnik,1
voyage,1
neglect,1
leap,1
remarks,1
centennial,1
ab,1
instructive,1
argument,1
mendel,1
thucydides,1
iur,1
disappear,1
repositories,1
donald,1
deepening,1
samuel,1
discursive,1
hecht,1
koenker,1
retiring,1
corrective,1
approximately,1
instead,1
include,1
rittersporn,1
drang,1
socially,1
need,1
barnes,1
regular,1
gentry,1
defined,1
nep,1
off,1
philosophy,1
socialism,1
presenting,1
soslovie,1
transcending,1
ivanovich,1
monas,1
increased,1
untouched,1
rosenberg,1
territories,1
workings,1
removed,1
passages,1
compounded,1
supervise,1
rejection,1
morse,1
reached,1
era,1
enterprise,1
create,1
views,1
predictable,1
leninism,1
northwestern,1
abandoned,1
traditional,1
immediately,1
glance,1
ssrc,1
observed,1
famous,1
broader,1
meeting,1
petrograd,1
doing,1
penal,1
built,1
showed,1
hans,1
inventories,1
evidently,1
retrospect,1
