WORDCOUNTS,WEIGHT
the,196
and,165
of,109
in,106
a,35
s,34
de,29
e,26
to,21
pp,17
la,17
for,16
c,16
david,15
from,15
movement,14
und,14
elizabeth,13
black,13
editors,13
women,12
politics,12
der,12
state,11
america,11
military,11
as,11
african,11
i,10
british,10
en,10
history,10
del,10
empire,10
w,10
d,10
american,9
modern,9
slave,9
russian,9
university,9
r,9
trade,9
historical,9
press,9
models,9
suger,9
century,8
people,8
et,8
lincoln,8
new,8
imperial,8
eric,8
essays,7
h,7
princely,7
social,7
john,7
number,7
peoples,7
temple,7
early,7
des,7
on,7
struggle,6
y,6
york,6
l,6
k,6
m,6
james,6
reform,6
v,6
religion,6
finnish,6
paper,6
mary,6
cloth,6
property,6
russia,6
consilium,6
at,5
di,5
studies,5
robert,5
el,5
b,5
medicine,5
das,5
start,5
dictatorship,5
end,5
michael,5
health,5
peter,5
an,5
collected,5
thomas,5
freedom,5
die,5
hyderabad,5
independencia,4
myth,4
experience,4
ii,4
england,4
j,4
europe,4
review,4
g,4
pommern,4
von,4
peasant,4
den,4
bruce,4
perspective,4
age,4
im,4
los,4
nella,4
menning,4
healing,4
f,4
morgan,4
culture,4
toronto,4
science,4
paul,4
slavery,4
strategies,4
twentieth,4
movements,4
not,4
microhistory,4
alternative,4
december,4
richardson,4
och,4
editor,4
washington,4
democracy,3
archives,3
anthony,3
introduction,3
soraya,3
nineteenth,3
long,3
political,3
case,3
west,3
fur,3
della,3
reforming,3
nick,3
jr,3
jones,3
johnston,3
oye,3
xi,3
queen,3
chadarevian,3
war,3
revolution,3
hopwood,3
philip,3
resistance,3
mysore,3
female,3
oxford,3
jens,3
schimmelpennick,3
french,3
consigli,3
homeopathy,3
bonapartism,3
eighteenth,3
alapuro,3
sawyer,3
margaret,3
risto,3
il,3
africa,3
army,3
van,3
caesarism,3
espafiol,3
iii,3
legacy,3
theory,3
states,3
deception,2
modelling,2
melvin,2
heroic,2
medieval,2
estate,2
church,2
center,2
anfange,2
library,2
english,2
consilii,2
spirit,2
clandestine,2
western,2
freeman,2
cultura,2
hayward,2
du,2
baker,2
reddy,2
t,2
consigliare,2
all,2
sean,2
chiara,2
great,2
vecchio,2
government,2
xiii,2
atlantic,2
hannah,2
court,2
heiko,2
baehr,2
zu,2
henry,2
staff,2
intelligence,2
rolf,2
teologia,2
av,2
italian,2
xv,2
fraud,2
medical,2
asmus,2
x,2
bonapartes,2
conflict,2
consilio,2
buck,2
professor,2
against,2
dei,2
relations,2
mamiya,2
pollard,2
tidigmoderna,2
adam,2
epoca,2
markku,2
carlos,2
caribbean,2
kashmir,2
vaikuntham,2
communities,2
german,2
precetti,2
una,2
castren,2
turn,2
their,2
principe,2
casagrande,2
moore,2
hawkins,2
totalitarianism,2
bremen,2
les,2
n,2
palgrave,2
back,2
fruhen,2
care,2
magia,2
friends,2
cancer,2
problem,2
nancy,2
tra,2
patrick,2
late,2
academic,2
cultural,2
poverty,2
publications,2
participation,2
literature,2
london,2
schwedischen,2
nach,2
pinn,2
bishop,2
stanford,2
eine,2
crisciani,2
le,2
medievale,2
richter,2
consilia,2
da,2
dem,2
woodrow,2
world,2
games,2
south,2
gustav,2
power,2
letters,2
sobre,2
religious,2
sylviane,2
wright,2
by,2
two,2
williams,2
transatlantic,2
love,2
law,2
challenge,2
frederick,2
mark,2
smith,2
herbert,2
droste,2
als,2
debates,2
ivo,2
spirituale,2
do,2
model,2
road,2
florence,2
renaissance,2
this,2
background,2
salamanca,2
identity,2
finland,2
olesen,2
rebecca,2
general,2
christopher,2
defensive,2
anne,2
deceits,2
after,2
martin,2
systems,2
schweden,2
britain,2
macmillan,2
viii,2
andreas,2
alton,2
seasons,2
para,2
carla,2
ideology,2
plastic,2
dimensions,2
context,2
juan,2
lawrence,2
wilson,2
gonzalez,2
silvana,2
responsible,2
is,2
canada,2
susan,2
cam,2
wars,2
neuzeit,2
series,2
carl,2
kumar,2
know,2
over,2
schwedischer,2
dennis,2
geschichte,2
lonkila,2
consciousness,2
feminist,2
william,2
travancore,2
making,2
sociology,2
institute,2
matti,2
peltonen,2
information,2
doran,2
popular,2
ohio,2
diouf,2
measure,2
ein,2
cambridge,2
grant,2
land,2
prudenza,2
sur,2
you,2
steven,2
telangana,2
secolo,2
am,2
charles,2
blacks,2
taylor,2
north,2
malcolm,2
race,2
fulke,1
bernard,1
it,1
does,1
huntington,1
decentralized,1
inikori,1
fohrer,1
o,1
freimaurerei,1
surreptitious,1
ett,1
coordinada,1
lovejoy,1
prostitution,1
if,1
adopt,1
rev,1
names,1
speculum,1
educazione,1
greville,1
monsters,1
bah,1
francoeur,1
scholar,1
forschung,1
vogtherr,1
renata,1
truth,1
judging,1
fiction,1
bawa,1
ninteenth,1
evans,1
vorpommerschen,1
ismail,1
germany,1
zentrum,1
criolla,1
engendering,1
one,1
nuria,1
illegal,1
effective,1
algunas,1
rogers,1
complexe,1
surnames,1
carpenter,1
walker,1
jonathan,1
marcus,1
masina,1
benedictine,1
clifford,1
considerations,1
patristica,1
motive,1
policy,1
protection,1
liberty,1
barclay,1
eckstein,1
consistory,1
relisant,1
relecture,1
besitzungen,1
limits,1
zwischen,1
garnison,1
beispiel,1
martyrs,1
khan,1
source,1
claire,1
whilchel,1
wolff,1
societal,1
dansk,1
schollermountebank,1
domsmakten,1
properties,1
my,1
turning,1
laura,1
wollstande,1
townsend,1
nagra,1
schaffer,1
rani,1
gossip,1
personnage,1
programmes,1
geiste,1
marco,1
problems,1
promissory,1
hahnemannians,1
invention,1
revisited,1
virtu,1
esthetique,1
bushkovitch,1
voices,1
erhalten,1
slutet,1
clairvaux,1
implications,1
discretio,1
usher,1
motor,1
spencer,1
hagen,1
ascheri,1
refusal,1
utilization,1
xxi,1
asia,1
bloomington,1
liibecker,1
parties,1
gueye,1
georgia,1
divinity,1
cultism,1
displacement,1
fracaso,1
book,1
tradition,1
nickerson,1
agrarian,1
christoph,1
faktors,1
nationlist,1
lepel,1
wade,1
rich,1
colonialismo,1
rorande,1
manosquin,1
molecular,1
till,1
professione,1
providence,1
nationalism,1
titus,1
there,1
cubana,1
fairie,1
rafael,1
milmon,1
prescription,1
murray,1
industrialisation,1
kenny,1
que,1
moltke,1
signs,1
widowhood,1
daniel,1
teorie,1
scams,1
pommerschen,1
designs,1
tragedy,1
contents,1
mccaskie,1
nagel,1
muglichsten,1
odom,1
queene,1
crystal,1
gretchen,1
axel,1
alfred,1
olaudah,1
historica,1
otniel,1
historians,1
konjunktur,1
advice,1
matthew,1
iv,1
patrilineage,1
francoise,1
silber,1
reformateurs,1
miliutin,1
herzogtumern,1
wasulu,1
jack,1
modeer,1
account,1
laurent,1
showalter,1
howard,1
navajo,1
nicolaus,1
ludmilla,1
nordic,1
cooperation,1
sixteenth,1
cantaron,1
bix,1
powers,1
diplomat,1
julian,1
richard,1
embryology,1
arenas,1
petersburg,1
renato,1
community,1
jordanova,1
taking,1
mental,1
regards,1
bidrag,1
timothy,1
household,1
representing,1
economies,1
aubenbeziehungen,1
tate,1
gardner,1
verwaltung,1
cuartero,1
sanchez,1
whelchel,1
manuscript,1
human,1
central,1
lundkvist,1
andrew,1
liberalismo,1
virginity,1
deux,1
simonetta,1
linguistic,1
negros,1
oleg,1
doris,1
konventen,1
development,1
whore,1
since,1
gustavs,1
pursuit,1
machine,1
hinterpommern,1
divine,1
lectures,1
cristiani,1
viewing,1
dia,1
salisbury,1
contra,1
excavations,1
walter,1
price,1
media,1
rcentes,1
sample,1
calabar,1
ferguson,1
arena,1
wissenschaft,1
kind,1
speer,1
biewer,1
cases,1
adama,1
senderos,1
occupancy,1
reimagining,1
bleiben,1
spirituum,1
displays,1
baumann,1
balls,1
porada,1
subjects,1
marriage,1
concezione,1
ha,1
kjell,1
africans,1
beginn,1
descolonizaaio,1
immigration,1
nocolas,1
svenska,1
bicentenario,1
find,1
alltag,1
spectre,1
zarri,1
roni,1
brescia,1
conterfeiters,1
critique,1
jorgen,1
propuesta,1
traditions,1
leadership,1
lubeck,1
willson,1
marx,1
chan,1
artifoni,1
compromise,1
gomez,1
error,1
claude,1
jean,1
holism,1
hawthorne,1
authority,1
chartres,1
forerunners,1
secoli,1
flake,1
dresmi,1
graphics,1
dobado,1
heroism,1
without,1
insegnamento,1
bonapartist,1
allyson,1
walsham,1
testimony,1
dilemma,1
growth,1
stralsund,1
impetus,1
werner,1
deceiver,1
how,1
progenitor,1
underclass,1
na,1
lamentable,1
coastal,1
johannes,1
christine,1
cult,1
mouctar,1
goes,1
populism,1
retour,1
meinel,1
queenship,1
sarah,1
michel,1
entre,1
brett,1
consensual,1
europa,1
steinberg,1
ix,1
liber,1
emergency,1
whitehaven,1
white,1
individuo,1
ludwig,1
devotion,1
barthelemy,1
adels,1
shell,1
bagliani,1
terrell,1
fantasy,1
jammu,1
reason,1
soul,1
recherches,1
mrs,1
empires,1
hinrick,1
helsinki,1
bad,1
old,1
grosse,1
croquet,1
organization,1
was,1
natasha,1
emergence,1
tropology,1
latin,1
artificial,1
buchholz,1
shipton,1
kipp,1
medievali,1
griesemer,1
impact,1
orissa,1
weinstein,1
excitement,1
dodson,1
sudhir,1
tsar,1
principis,1
hakkinen,1
caesarist,1
listed,1
wrangels,1
maren,1
reinberger,1
mohd,1
inhuman,1
most,1
max,1
repfblica,1
prussian,1
banaganapalle,1
beyond,1
olivier,1
universidad,1
testament,1
cordell,1
monarch,1
putting,1
langer,1
buffalo,1
micrologus,1
carlo,1
mottoni,1
internal,1
sapientia,1
opinion,1
therapies,1
deceived,1
justiz,1
bakgrund,1
reflections,1
clergywomen,1
redeeming,1
lunatic,1
ilkka,1
seventeethcentury,1
isabella,1
geoffrey,1
betrayal,1
identifying,1
elisee,1
future,1
wilder,1
histories,1
rule,1
conservative,1
p,1
jonestown,1
molecules,1
guilherme,1
wismarer,1
dispute,1
gasparri,1
nummedal,1
brooks,1
philosophical,1
morelle,1
marchena,1
kanzler,1
companion,1
impersonated,1
pure,1
oder,1
nobles,1
spiegel,1
nel,1
silence,1
reviews,1
direzione,1
jacob,1
heuman,1
temkina,1
recently,1
guyotjeannin,1
comme,1
camden,1
fish,1
verhaltnis,1
xvii,1
katharina,1
rogues,1
spiritual,1
carolingia,1
avatars,1
nils,1
opposition,1
jewish,1
bewubtsein,1
reduktion,1
randolph,1
precurseurs,1
strikes,1
servizio,1
currey,1
jim,1
xix,1
artois,1
conservatives,1
trial,1
dilemmas,1
maurizio,1
crane,1
work,1
simone,1
kits,1
hydraulic,1
wills,1
received,1
augsburg,1
maesta,1
dimitrii,1
piqueras,1
heart,1
bey,1
concept,1
teoria,1
julia,1
rioplatense,1
bois,1
civil,1
dover,1
inevitability,1
conceptualizations,1
studia,1
knight,1
cittadino,1
authenticity,1
dal,1
medico,1
tale,1
politica,1
losman,1
during,1
place,1
convivencia,1
gemeinsame,1
collective,1
epistolary,1
eighteenthcentury,1
statistics,1
historische,1
internacional,1
arne,1
dieu,1
mathematical,1
contentious,1
ackerman,1
ishao,1
cone,1
michelle,1
railroads,1
constructeursquelques,1
preparation,1
resort,1
vorund,1
alan,1
donum,1
wolley,1
lepola,1
ceasarism,1
hidden,1
segal,1
encounters,1
messages,1
xie,1
portraits,1
ruptura,1
probleme,1
good,1
seines,1
anatomies,1
computer,1
pedagogy,1
hard,1
working,1
izaskun,1
ego,1
liars,1
administrator,1
aquilafuente,1
picascia,1
protest,1
independiente,1
mani,1
paravicini,1
diana,1
lindy,1
betteridge,1
deborah,1
gestation,1
archie,1
kirschmann,1
textual,1
family,1
casasnovas,1
influence,1
winter,1
gramsci,1
coutours,1
luisa,1
munich,1
biomedical,1
nationbuilding,1
betraktelser,1
breaking,1
boundaries,1
villages,1
igboland,1
blessings,1
hirschmann,1
letteratura,1
xxvii,1
grobe,1
lindau,1
st,1
liikanen,1
implementation,1
delores,1
mutat,1
hayden,1
mayank,1
lorenz,1
langenbach,1
hermann,1
censor,1
nordische,1
pauli,1
fiocchi,1
society,1
lend,1
pariser,1
erik,1
micro,1
barbara,1
liberation,1
pradhan,1
consideraciones,1
therefore,1
giuristi,1
film,1
he,1
san,1
responsi,1
second,1
nation,1
creasman,1
parsone,1
oleinikov,1
chains,1
lit,1
propery,1
rome,1
nadav,1
muslims,1
action,1
schneirov,1
jeater,1
lynn,1
indeed,1
drama,1
service,1
comparative,1
kontaktzone,1
velana,1
bis,1
militar,1
harris,1
ignacio,1
tilly,1
giovanni,1
rois,1
chandrashekar,1
bill,1
americana,1
antislavery,1
komsomol,1
experiences,1
whorton,1
studien,1
study,1
coste,1
rebellions,1
brunius,1
strategic,1
reception,1
innovation,1
parker,1
wieck,1
competitiveness,1
cartulair,1
fighting,1
lisa,1
corpus,1
faussaire,1
sister,1
frank,1
rs,1
springs,1
dess,1
julio,1
untenable,1
interpretation,1
housing,1
fringe,1
arendt,1
ganzte,1
revisiting,1
lloyd,1
deus,1
waterman,1
undt,1
perrone,1
sex,1
tradizione,1
threat,1
friedensvertrag,1
historia,1
tremaugon,1
us,1
longo,1
iberoamerica,1
guerra,1
ancient,1
mazzolini,1
sulla,1
nuns,1
home,1
une,1
perspectives,1
skizze,1
islam,1
aux,1
choices,1
consulenti,1
friendship,1
skin,1
um,1
al,1
mould,1
these,1
appeals,1
rape,1
oldenbourg,1
bild,1
regional,1
sententiam,1
fiedler,1
ambiguities,1
ramakrishna,1
jon,1
double,1
sven,1
tribunal,1
leader,1
ebraica,1
also,1
kagan,1
dono,1
technique,1
business,1
fell,1
konkurrenten,1
death,1
chancen,1
gribaudi,1
desai,1
dirk,1
printing,1
effektivisering,1
intellect,1
clausen,1
water,1
bisogno,1
secretorum,1
artists,1
volksfrommigkeit,1
nostrorum,1
publikationen,1
creativity,1
idea,1
enrico,1
xii,1
indies,1
floyd,1
arcadia,1
leales,1
monastica,1
geschichtsschreibung,1
appiah,1
foods,1
claudio,1
teachers,1
time,1
hogsta,1
wie,1
statsapparaten,1
envisioning,1
fernandez,1
arthur,1
contemporary,1
latina,1
golden,1
reilly,1
munster,1
bevolkerungswachstum,1
muhammad,1
revisiones,1
andronicus,1
honor,1
consiglio,1
henrik,1
organisations,1
henning,1
drinking,1
contemporains,1
juwer,1
napoleon,1
geography,1
spearing,1
centre,1
stalking,1
secrets,1
hazareesingh,1
secular,1
rabbinici,1
non,1
karl,1
consolationis,1
coloquio,1
creole,1
fundacional,1
castration,1
mitos,1
jahrhundert,1
material,1
alchemy,1
frissche,1
paix,1
routledge,1
gnade,1
raiders,1
casting,1
mccormick,1
imperio,1
nacion,1
habitat,1
fight,1
archeologiques,1
simon,1
helmstedt,1
crown,1
kettunen,1
hess,1
stockholmer,1
blanc,1
wolfart,1
churches,1
rulers,1
father,1
vivian,1
indiana,1
staging,1
balbuceos,1
shipboard,1
values,1
potemkin,1
collinson,1
gad,1
slaves,1
jualynne,1
refuges,1
patricia,1
shevlin,1
kusuman,1
looking,1
hollis,1
polio,1
briefe,1
elite,1
worship,1
louis,1
preindependiente,1
voodoo,1
nicolet,1
herzogtiumer,1
horst,1
isser,1
factor,1
jerome,1
krone,1
maria,1
duchess,1
reslow,1
cerutti,1
auf,1
einblicke,1
franklin,1
wyss,1
dealer,1
legal,1
office,1
simona,1
haik,1
benin,1
manohar,1
gilkes,1
lotsenhafen,1
negotiating,1
bednarski,1
isaiah,1
ewart,1
georgina,1
meanings,1
cichon,1
diplomacy,1
tis,1
lacustrine,1
jose,1
doctors,1
language,1
proverbia,1
modernization,1
avantgarde,1
festungsbau,1
dominique,1
workers,1
bustums,1
baol,1
duessa,1
academica,1
ellis,1
into,1
problemzone,1
period,1
airapetov,1
furstlig,1
chartes,1
thierno,1
mexico,1
chad,1
daddy,1
lie,1
landesherrschaft,1
davidovitch,1
last,1
preservation,1
sally,1
blanning,1
leves,1
clow,1
hadfield,1
invincibility,1
northrup,1
antti,1
comparing,1
litigants,1
caesar,1
drums,1
ecrits,1
primogeniture,1
orginaria,1
goteborg,1
notund,1
ann,1
xvi,1
nobody,1
spenser,1
can,1
og,1
fiscali,1
dror,1
silvia,1
offensive,1
postwar,1
primeros,1
ava,1
analyze,1
contracts,1
present,1
versus,1
pietschman,1
responsibility,1
ago,1
satire,1
tanya,1
pastor,1
brown,1
kroger,1
offerle,1
alaska,1
caucasus,1
titular,1
tapaninen,1
meus,1
andreae,1
liberalism,1
christian,1
peenestrom,1
gaullist,1
me,1
publishing,1
delhi,1
muhammed,1
persson,1
korda,1
revolts,1
george,1
vicissitudes,1
americanas,1
fontana,1
criminal,1
tocqueville,1
centuries,1
pratica,1
benedetto,1
monuments,1
asa,1
corte,1
borgratter,1
visual,1
parsons,1
joachim,1
teologica,1
bekannte,1
transformation,1
abbes,1
paradoxical,1
hilliard,1
volumes,1
mota,1
life,1
class,1
poetics,1
secretum,1
quiet,1
methods,1
brygalina,1
construction,1
analysis,1
ruhe,1
united,1
hope,1
wheeler,1
teresa,1
frontier,1
confronts,1
education,1
with,1
mother,1
orisha,1
croises,1
nulage,1
outi,1
esaias,1
dana,1
middlesex,1
oxenstiernaverket,1
joseph,1
vasas,1
stratagem,1
biology,1
consulate,1
legacies,1
claims,1
immigrant,1
spatmittelalterlichen,1
seine,1
hertig,1
kwame,1
shadow,1
giese,1
feldberg,1
politicos,1
mcdonald,1
misinformation,1
practice,1
prohibited,1
naples,1
demographics,1
pratiche,1
biography,1
must,1
mario,1
athens,1
conservirt,1
moge,1
tod,1
sita,1
bonaparte,1
summit,1
marcel,1
harington,1
beitrag,1
filosofo,1
xiie,1
masses,1
palace,1
ralph,1
levi,1
davis,1
jamuna,1
patients,1
command,1
wider,1
garavaglia,1
dimension,1
natural,1
compagni,1
alvarez,1
each,1
readily,1
tara,1
zuviel,1
mehrtens,1
oriji,1
cultures,1
are,1
agostino,1
methodist,1
vorderstadte,1
setting,1
plenitudo,1
pareri,1
boumans,1
canovan,1
ahr,1
print,1
rechtsnorm,1
allardt,1
universal,1
papa,1
unter,1
ayurveda,1
any,1
theology,1
forgers,1
pufendorf,1
very,1
cambrai,1
membrum,1
rashid,1
jennifer,1
schnalke,1
identities,1
guinea,1
las,1
weamen,1
pour,1
weber,1
interactive,1
geczik,1
woloch,1
frauds,1
nilgiri,1
oxenstierna,1
defending,1
papaute,1
sue,1
faes,1
economy,1
gudrun,1
vendetta,1
processrattsutvecklingen,1
ander,1
rebellion,1
coast,1
democratisation,1
scouting,1
formyndarrifst,1
administratione,1
salzman,1
brumaire,1
manuscripts,1
reeves,1
gwalior,1
marta,1
distribution,1
wiseman,1
foundations,1
gabriella,1
shakespeare,1
werbung,1
constitutional,1
enslavement,1
pommernpolitik,1
anna,1
chernyshev,1
siecles,1
marriages,1
schleinert,1
upper,1
nyhart,1
art,1
temps,1
stenius,1
consulti,1
foundlings,1
habito,1
aragon,1
rao,1
providential,1
peregrinatio,1
whence,1
lillian,1
sismel,1
through,1
dissections,1
schwedisches,1
adolf,1
eleanor,1
alternatives,1
role,1
singlewomen,1
famille,1
giving,1
albertano,1
lies,1
foxe,1
song,1
maddaiah,1
connaissance,1
alla,1
bohmbach,1
magisches,1
challenges,1
oxinden,1
au,1
writing,1
harrison,1
independencias,1
vittoria,1
jan,1
hangloo,1
garnisonswesens,1
centralisering,1
niebur,1
cheryl,1
nahum,1
false,1
question,1
potestatis,1
carver,1
multiethnic,1
responsa,1
geld,1
ranga,1
abbe,1
deutschland,1
kenyatta,1
ostersjoprovinserna,1
conditions,1
zum,1
national,1
aristocratic,1
bickfordsmith,1
naomi,1
crisis,1
jacobean,1
secord,1
sua,1
utrikeshandel,1
cooper,1
magazine,1
mutations,1
faux,1
davies,1
conseil,1
unified,1
temporal,1
glass,1
regular,1
biographische,1
onnerfors,1
off,1
zoll,1
profezia,1
fratrum,1
bhanumathi,1
ca,1
francisco,1
burdens,1
ships,1
familie,1
reformation,1
dissent,1
slavers,1
visiones,1
between,1
babara,1
terttu,1
passages,1
hoffker,1
klein,1
third,1
cayor,1
alexandra,1
themselves,1
elites,1
scholarship,1
johnson,1
turunen,1
lake,1
rasiwell,1
era,1
lemmings,1
psychoanlysis,1
jason,1
amy,1
texts,1
soumonni,1
dufour,1
sudha,1
afos,1
winston,1
images,1
equiano,1
among,1
famous,1
apport,1
marsellesa,1
rosenthal,1
building,1
recht,1
familienbeziegungen,1
mock,1
conception,1
portrait,1
stefano,1
mutaciones,1
lehrstuhls,1
willis,1
schmitt,1
ploy,1
cordelia,1
