WORDCOUNTS,WEIGHT
the,931
of,557
and,472
in,327
american,259
to,206
a,191
indian,186
native,171
as,109
their,106
that,105
s,93
history,91
have,85
by,81
new,80
on,80
or,69
were,68
for,65
americans,61
tribal,61
indians,61
they,56
historians,54
these,50
an,49
people,49
at,48
has,48
but,48
also,46
this,45
with,45
many,44
was,42
during,42
historical,41
communities,40
see,38
from,37
who,36
is,36
such,34
century,34
societies,34
women,32
tribes,31
other,29
more,29
been,29
it,28
review,28
white,28
scholars,28
had,27
are,26
june,25
european,25
ahr,25
into,24
york,24
most,24
society,23
not,23
past,23
be,22
america,21
since,21
population,21
r,21
both,21
some,20
its,20
which,20
essay,20
studies,19
war,19
used,19
david,19
twentieth,19
members,18
period,18
frontier,18
edmunds,18
although,18
c,18
norman,18
federal,17
political,17
within,17
west,17
n,17
identity,17
while,17
first,16
perspective,16
his,16
cultural,16
own,16
lincoln,16
europeans,16
early,16
much,16
policy,15
university,15
decades,15
published,15
two,15
axtell,15
written,15
often,15
united,15
land,15
between,15
among,15
e,14
one,14
cherokee,14
oklahoma,14
public,14
james,14
examined,14
ethnohistory,14
states,14
essays,13
voices,13
economic,13
southern,13
culture,13
john,13
would,13
volumes,13
william,13
role,13
world,13
neb,13
scholarship,13
all,12
great,12
academic,12
man,12
removal,12
years,12
george,12
okla,12
accounts,12
urban,12
colonial,12
north,12
experience,11
british,11
interest,11
jr,11
even,11
m,11
part,11
foreman,11
change,11
research,11
yet,11
ed,11
social,11
textbooks,11
continued,11
life,11
when,11
over,11
cultures,11
leaders,11
them,11
d,11
traditional,11
nineteenth,10
still,10
recently,10
excellent,10
example,10
least,10
french,10
debo,10
how,10
after,10
cherokees,10
plains,10
almost,10
middle,10
politics,10
emerged,9
served,9
journal,9
than,9
no,9
study,9
argued,9
w,9
documents,9
considerable,9
patterns,9
can,9
five,9
institutions,9
what,9
recent,9
center,8
modern,8
military,8
survey,8
those,8
eastern,8
relatively,8
affairs,8
played,8
moreover,8
age,8
found,8
out,8
late,8
reservation,8
voice,8
several,8
oral,8
provided,8
f,8
about,8
present,8
region,8
school,8
different,8
her,8
through,8
donald,8
october,8
include,8
themselves,8
group,7
rogers,7
h,7
western,7
if,7
j,7
state,7
daniel,7
sioux,7
richard,7
community,7
vestal,7
development,7
mixed,7
clark,7
like,7
creek,7
methodology,7
histories,7
fraser,7
policies,7
contrast,7
ohio,7
frederick,7
l,7
ground,7
road,7
michael,7
eds,7
civilized,7
use,7
academics,7
lakes,7
peter,7
mississippian,7
individual,7
general,7
blood,7
iroquois,7
began,7
lives,7
reservations,7
analysis,7
series,7
changing,7
peoples,7
country,7
did,7
scholarly,7
chicago,7
attempted,7
membership,7
charles,7
broader,7
now,6
later,6
schools,6
grinde,6
definition,6
anthropologists,6
relations,6
perdue,6
subjects,6
choctaw,6
leadership,6
failed,6
trail,6
portrayed,6
choctaws,6
earlier,6
support,6
numbers,6
impact,6
four,6
important,6
conquest,6
events,6
term,6
focused,6
tecumseh,6
loss,6
records,6
t,6
good,6
st,6
materials,6
limited,6
movement,6
boarding,6
only,6
government,6
individuals,6
publication,6
methods,6
chapel,6
figures,6
perspectives,6
bureau,6
hill,6
articles,6
historian,6
interested,6
number,6
growing,6
conn,6
valley,6
focus,6
images,6
way,5
red,5
decade,5
sources,5
gibson,5
students,5
hoxie,5
along,5
author,5
young,5
lineage,5
traditions,5
influence,5
civilization,5
morrison,5
established,5
acculturated,5
problems,5
could,5
issue,5
though,5
produced,5
influenced,5
because,5
story,5
parameters,5
markedly,5
few,5
resistance,5
seemed,5
lakota,5
april,5
experiences,5
meanwhile,5
columbus,5
metis,5
structures,5
ewers,5
toward,5
efforts,5
turner,5
appeared,5
end,5
clan,5
men,5
accepted,5
less,5
focusing,5
perhaps,5
books,5
children,5
reflected,5
indiana,5
discovery,5
holocaust,5
francis,5
trade,5
historic,5
theda,5
january,5
attracted,5
we,5
haven,5
education,5
centuries,5
environment,5
agents,5
continues,5
half,5
obviously,5
identities,5
february,5
jennings,5
particular,5
cahokia,5
popular,5
recognition,5
press,5
programs,5
dawes,5
national,5
adopted,5
should,5
roles,5
does,4
knee,4
currently,4
struggle,4
common,4
indicated,4
complex,4
designed,4
english,4
acceptance,4
before,4
shoemaker,4
either,4
lexington,4
ii,4
address,4
nature,4
tradition,4
neal,4
disappearance,4
mississippi,4
quantum,4
last,4
alfred,4
account,4
vol,4
g,4
salisbury,4
conducted,4
estimates,4
old,4
response,4
mcnickle,4
fowler,4
wounded,4
stanley,4
opposed,4
oxford,4
acculturation,4
knoxville,4
whose,4
act,4
rather,4
growth,4
forced,4
worlds,4
changes,4
residency,4
position,4
creeks,4
shared,4
census,4
however,4
sandoz,4
colonies,4
line,4
edn,4
place,4
participated,4
focuses,4
earth,4
officials,4
field,4
things,4
tenn,4
long,4
highly,4
usner,4
annual,4
activities,4
south,4
critical,4
he,4
initially,4
religious,4
edited,4
under,4
boundary,4
teaching,4
insights,4
rise,4
ind,4
paul,4
renewed,4
pointed,4
addition,4
confederacy,4
shown,4
remained,4
demonstrated,4
kansas,4
investigated,4
eighteenth,4
approach,4
evolution,4
held,4
so,4
educational,4
article,4
contact,4
attention,4
widely,4
telephone,4
refused,4
then,4
any,4
farrand,4
md,4
inquiry,4
works,4
beginning,4
prior,4
transplanted,4
african,4
territory,4
extended,4
survival,4
illinois,4
washington,4
accept,4
green,4
increased,4
major,4
settlers,3
difficult,3
treaties,3
groups,3
created,3
engendered,3
mccoy,3
evans,3
envisioned,3
diplomatic,3
formed,3
missionaries,3
presents,3
princeton,3
being,3
commission,3
subscribed,3
concentrated,3
encouraged,3
england,3
populous,3
bloomington,3
seneca,3
continue,3
secondary,3
careers,3
analyses,3
vanishing,3
i,3
robert,3
ambiguous,3
existence,3
angie,3
hurtado,3
u,3
far,3
interviews,3
marginalized,3
warfare,3
wallace,3
regarding,3
conflict,3
million,3
throughout,3
relocation,3
run,3
de,3
savages,3
forgotten,3
westport,3
inclusion,3
left,3
y,3
consequently,3
tragically,3
observers,3
across,3
developed,3
knew,3
opportunity,3
similar,3
shawnee,3
strange,3
intertribal,3
pages,3
thornton,3
objects,3
river,3
emergence,3
boyer,3
dobyns,3
too,3
upper,3
commonly,3
prairie,3
instance,3
dependency,3
gregory,3
based,3
arrival,3
nancy,3
called,3
chickasaws,3
initial,3
featured,3
promise,3
sovereignty,3
younger,3
mcloughlin,3
record,3
failure,3
well,3
literature,3
work,3
received,3
sculpture,3
future,3
brought,3
nation,3
dowd,3
northwest,3
issues,3
sheehan,3
winter,3
reflect,3
institution,3
employed,3
encounters,3
sense,3
regardless,3
enrollment,3
emerging,3
family,3
spanish,3
governments,3
generally,3
using,3
roots,3
ghost,3
champion,3
nations,3
flourished,3
led,3
republic,3
curricula,3
ceremonial,3
wrote,3
indeed,3
expansion,3
classic,3
mainstream,3
merrell,3
southeast,3
roll,3
counterparts,3
reflects,3
included,3
light,3
pioneered,3
potawatomis,3
wisconsin,3
bolton,3
fire,3
power,3
others,3
enroll,3
agree,3
contemporary,3
pattern,3
discussed,3
audiences,3
do,3
empire,3
mex,3
interview,3
council,3
dance,3
spring,3
analyzed,3
discussion,3
cambridge,3
made,3
chickasaw,3
mari,3
cohesion,3
crosby,3
questions,3
josephy,3
ethnic,3
dismissed,3
california,3
described,3
three,3
points,3
mexico,3
standard,3
provides,3
martin,3
thomas,3
latter,3
wood,3
miami,3
k,3
viewpoint,3
become,3
interpretations,3
enjoyed,3
horse,3
quarterly,3
professional,3
brown,3
stereotypes,3
provide,3
movements,3
ironically,3
primarily,3
lomawaima,3
fall,3
canada,3
joseph,3
considered,3
rarely,3
potawatomi,3
isaac,3
woman,3
dispossession,3
earle,3
offers,3
control,3
each,3
share,3
key,3
gone,3
report,3
very,3
oblivion,3
enlarged,3
mass,3
allotment,3
economy,3
calif,3
waters,3
require,3
information,3
art,3
boston,3
little,3
elias,3
ill,3
courses,3
became,3
publishers,3
subject,3
definitions,3
writing,3
our,3
argues,3
lands,3
quest,3
numerous,3
noble,3
disagree,3
smaller,3
madison,3
campaign,3
boudinot,3
cheyenne,3
era,3
debate,3
abandoned,3
carver,3
race,3
admirably,2
miller,2
democracy,2
archives,2
formulated,2
possessed,2
anthony,2
generated,2
szasz,2
scholar,2
suggested,2
career,2
market,2
affected,2
resulted,2
northeast,2
apache,2
large,2
needed,2
mounted,2
myth,2
identify,2
library,2
pontiac,2
theamerican,2
jonathan,2
cowboys,2
topeka,2
unlike,2
vestiges,2
revision,2
credence,2
negative,2
band,2
archaeologists,2
familiarity,2
jackson,2
culturally,2
vols,2
attempt,2
secretary,2
gary,2
shaped,2
europe,2
leading,2
journals,2
origin,2
rich,2
narrative,2
onto,2
there,2
ancestry,2
sacred,2
concepts,2
investigations,2
discipline,2
somewhat,2
everyone,2
welsh,2
yamasee,2
similarities,2
gretchen,2
sophisticated,2
roy,2
subsequent,2
formulation,2
primary,2
hall,2
march,2
chapter,2
demands,2
howard,2
possible,2
tracing,2
pawnees,2
jacksonian,2
narcissus,2
obvious,2
point,2
surrounded,2
whites,2
resources,2
fur,2
kan,2
interior,2
audience,2
soto,2
hudson,2
labor,2
lottinville,2
chilocco,2
chiefs,2
language,2
merchants,2
roger,2
professor,2
illustrates,2
helen,2
september,2
downes,2
neighbors,2
welge,2
iverson,2
meyer,2
seaboard,2
kind,2
kersey,2
turn,2
defense,2
distinct,2
destroyed,2
immigrants,2
illuminates,2
times,2
thinned,2
profound,2
miamis,2
spanned,2
syracuse,2
ample,2
grandparents,2
overwhelmed,2
peckham,2
implementation,2
mechanism,2
mohawk,2
may,2
interesting,2
authority,2
bull,2
jeffersonian,2
bannon,2
farms,2
erminie,2
ways,2
slavery,2
remain,2
basic,2
reference,2
subsistence,2
parents,2
travels,2
contributions,2
verner,2
symbols,2
danger,2
distant,2
lanham,2
amenican,2
raymond,2
ordeal,2
means,2
albert,2
perceptions,2
mission,2
cause,2
civilizations,2
mourning,2
familiar,2
languages,2
louise,2
section,2
just,2
placed,2
mary,2
epidemics,2
preconceived,2
advancing,2
acclaimed,2
max,2
powerful,2
albuquerque,2
beyond,2
defeat,2
followed,2
pierre,2
providing,2
trained,2
view,2
constitution,2
melissa,2
assessments,2
closely,2
my,2
leach,2
fortunes,2
medicine,2
centers,2
recognize,2
changed,2
format,2
intellectuals,2
rebirth,2
agendas,2
carolina,2
eliot,2
disruptive,2
kinship,2
michigan,2
otherwise,2
russell,2
bataille,2
fox,2
opposition,2
heavily,2
gayton,2
randolph,2
warriors,2
shape,2
kinsmen,2
participation,2
basis,2
data,2
hagan,2
douglas,2
scope,2
heart,2
concept,2
prominent,2
purpose,2
crane,2
civil,2
knowledge,2
dove,2
caught,2
minority,2
criticized,2
ten,2
gave,2
older,2
discussions,2
broad,2
documented,2
surrounding,2
novels,2
missions,2
tears,2
stanford,2
allotments,2
horizon,2
ethnicity,2
viable,2
describing,2
adherents,2
volume,2
order,2
navajos,2
small,2
richter,2
workshops,2
allotted,2
industry,2
plunged,2
telling,2
crazy,2
proper,2
joel,2
natchez,2
championed,2
periods,2
rafert,2
second,2
attempts,2
devon,2
letters,2
littlefield,2
populations,2
descending,2
gender,2
motivated,2
brief,2
edges,2
vaughan,2
surveyed,2
year,2
biological,2
chronicle,2
interpretation,2
swept,2
trafzer,2
opportunities,2
serve,2
soon,2
technology,2
us,2
thesis,2
assimilation,2
same,2
skin,2
ethnographic,2
baltimore,2
al,2
responsive,2
reports,2
noted,2
assimilated,2
happening,2
testimony,2
successfully,2
heritage,2
stated,2
mark,2
oglalas,2
academy,2
madonna,2
warpath,2
towns,2
added,2
newberry,2
herbert,2
alvin,2
longer,2
valid,2
murphy,2
teachers,2
larger,2
redskin,2
diverse,2
serious,2
anne,2
success,2
rhetoric,2
anthropologist,2
papers,2
fame,2
chain,2
kellogg,2
where,2
strategies,2
negotiators,2
material,2
enrolled,2
preparation,2
cowboy,2
encountered,2
unrau,2
invasion,2
cronon,2
process,2
another,2
local,2
private,2
understanding,2
kathleen,2
disease,2
mothers,2
unquestionably,2
slaves,2
writings,2
ethnology,2
previously,2
warrior,2
entirely,2
significant,2
unfortunately,2
succumbed,2
largely,2
mississippians,2
services,2
baptiste,2
comanche,2
tribespeople,2
ties,2
making,2
urbana,2
margaret,2
diplomacy,2
archaeological,2
reality,2
authors,2
b,2
inadequate,2
profession,2
dominated,2
indicate,2
seminoles,2
collected,2
sands,2
trek,2
contributed,2
presidential,2
exchange,2
loretta,2
faith,2
queen,2
anderson,2
henry,2
probably,2
prucha,2
analyze,2
fell,2
instances,2
occupied,2
student,2
attended,2
hunt,2
separate,2
kaskaskia,2
discussing,2
today,2
science,2
ridden,2
usually,2
you,2
mihesuah,2
program,2
employment,2
male,2
lost,2
army,2
transformed,2
seventeenth,2
arapaho,2
unclear,2
surprising,2
fields,2
get,2
imperialism,2
investigate,2
fought,2
tribe,2
founders,2
claims,2
sections,2
wars,2
magnitude,2
associated,2
practice,2
following,2
bicultural,2
ethnological,2
colonists,2
savagism,2
regime,2
maintain,2
colorado,2
swan,2
know,2
berkeley,2
colonization,2
clifford,2
controversy,2
assimilate,2
expanding,2
confident,2
jacobs,2
argue,2
cities,2
going,2
alden,2
living,2
better,2
eurasia,2
jean,2
attain,2
investigation,2
unique,2
whether,2
terms,2
form,2
coast,2
arrell,2
add,2
attitudes,2
manuscripts,2
dream,2
dark,2
produce,2
hyde,2
virginia,2
blackfeet,2
conference,2
entrance,2
reported,2
daughters,2
taxed,2
dee,2
content,2
confirm,2
administration,2
sitting,2
histoiy,2
adapted,2
entrepreneurs,2
demanding,2
inventions,2
anishinaabeg,2
maintained,2
vietnamese,2
question,2
until,2
monographic,2
wilbur,2
spirited,2
editor,2
covenant,2
ignored,2
frontiers,2
novick,2
wis,2
write,2
samuel,2
grant,2
parallels,2
extensive,2
offer,2
joined,2
actively,2
instead,2
americas,2
integrated,2
define,2
need,2
evidence,2
constructed,2
autumn,2
defined,2
remains,2
association,2
ruth,2
needs,2
barry,2
tsianina,2
removed,2
petitioned,2
capitulation,2
rejection,2
campuses,2
savoie,2
bourne,2
interaction,2
develop,2
meeting,2
braddock,2
doing,2
bury,2
arizona,2
death,2
merge,1
final,1
countryside,1
residing,1
bernard,1
genetic,1
mcgerr,1
ending,1
undergraduate,1
complaint,1
bedraggled,1
gerald,1
doubts,1
obligations,1
fathers,1
prefer,1
edge,1
imagining,1
implemented,1
conflicting,1
stuart,1
afrontierexchangeeconomy,1
fortified,1
quapaw,1
rev,1
sitkoff,1
seminary,1
insensitivity,1
pittsburgh,1
opponent,1
emerson,1
degraded,1
separated,1
providence,1
college,1
legitimate,1
worthy,1
presses,1
dissolution,1
outlaws,1
resided,1
elections,1
combine,1
considerably,1
eby,1
introduction,1
epidemic,1
abner,1
langlade,1
former,1
incomprehensible,1
village,1
clung,1
settlements,1
minneapolisst,1
replaced,1
partially,1
denied,1
combining,1
offerings,1
agency,1
enhance,1
entries,1
merged,1
join,1
overdue,1
continent,1
holland,1
remnants,1
completely,1
bias,1
easily,1
faculties,1
peripherally,1
juggernauts,1
conscious,1
ominous,1
champions,1
anthropology,1
carondelet,1
liberty,1
character,1
allies,1
encourage,1
proponents,1
observing,1
faded,1
scots,1
tells,1
sr,1
melt,1
enumeration,1
assume,1
plantations,1
contested,1
govenment,1
englewood,1
descriptions,1
adena,1
eager,1
diversity,1
annals,1
pioneers,1
discounting,1
conjecture,1
permitted,1
carmen,1
subscription,1
prosperous,1
journalism,1
fires,1
pictographic,1
said,1
uprising,1
came,1
member,1
cast,1
defeated,1
else,1
seminole,1
attorney,1
wrong,1
davis,1
summaries,1
every,1
certainly,1
preceding,1
outcasts,1
disagreement,1
regeneration,1
nonexistent,1
ancestries,1
interests,1
setting,1
barnaby,1
originally,1
implications,1
give,1
adopt,1
slumps,1
estate,1
lumber,1
degree,1
diseases,1
indicative,1
asia,1
ranching,1
historiography,1
words,1
confirmed,1
allan,1
exemplar,1
height,1
reexamined,1
crops,1
down,1
governed,1
rebuilt,1
enduring,1
conditions,1
portrayal,1
anishinaabe,1
fruits,1
recruit,1
atlantic,1
thanks,1
scheme,1
tightrope,1
antiquarianism,1
lucy,1
religion,1
homelands,1
fascinated,1
harvey,1
endeavored,1
reinterpret,1
intercepted,1
fresh,1
spectacular,1
julie,1
hybridized,1
mind,1
interviewed,1
manipulating,1
emphasized,1
precisely,1
stayed,1
waselkov,1
classified,1
committed,1
hostile,1
pawns,1
corporation,1
curtis,1
berkhofer,1
context,1
rethinking,1
capstone,1
accused,1
legend,1
contents,1
explosive,1
marketed,1
system,1
magazines,1
employs,1
evaluation,1
side,1
baird,1
devens,1
suspect,1
classifying,1
dr,1
prospered,1
recorded,1
gaps,1
pokagon,1
assertions,1
king,1
chronicled,1
immerse,1
motion,1
guidelines,1
arikaras,1
incorporate,1
agriculture,1
bandwagon,1
retain,1
intermediaries,1
sensitivities,1
coocoochee,1
porter,1
quantities,1
installment,1
soldier,1
chest,1
methodologies,1
determined,1
logical,1
lifetime,1
activity,1
vulnerable,1
shawnees,1
sale,1
plague,1
evan,1
assure,1
solely,1
fraud,1
insight,1
occupy,1
flank,1
unsuccessfully,1
transcend,1
taking,1
except,1
vietcong,1
rmntis,1
economies,1
moral,1
plenty,1
undergone,1
prevented,1
engage,1
kiowa,1
collection,1
attract,1
controlled,1
framework,1
expanded,1
optimism,1
exist,1
repeatedly,1
complained,1
human,1
central,1
natives,1
pen,1
retaining,1
chapters,1
includes,1
examining,1
athens,1
married,1
affiliation,1
sponsored,1
nash,1
tesser,1
reclaim,1
mallory,1
component,1
spectrum,1
campbell,1
kidwell,1
dynamics,1
quality,1
extinguished,1
inevitable,1
wahpeton,1
aha,1
converged,1
pursuit,1
offended,1
armitage,1
agent,1
cooperate,1
exiled,1
base,1
ray,1
interchangeably,1
draped,1
santa,1
buhle,1
representative,1
walter,1
participating,1
kirk,1
vanguard,1
restore,1
janet,1
media,1
assured,1
emigration,1
extensively,1
awl,1
admitted,1
vanished,1
repatriation,1
exercise,1
progressive,1
unity,1
wendy,1
union,1
maintaining,1
speculative,1
postindian,1
commercialization,1
burgeoning,1
refer,1
concerning,1
fond,1
back,1
ithaca,1
assumes,1
textual,1
handmaidens,1
columbia,1
cant,1
utley,1
third,1
woloch,1
estimate,1
publications,1
alliances,1
drawn,1
ramadhyani,1
memoir,1
look,1
tucson,1
assert,1
looms,1
sun,1
jones,1
delivered,1
misadministration,1
disgraceful,1
dickensian,1
acknowledge,1
adjust,1
nomenclature,1
manner,1
oricai,1
error,1
react,1
contracting,1
readable,1
immunities,1
alison,1
catawbas,1
rights,1
champagne,1
surprisingly,1
offices,1
wealthiest,1
callously,1
envision,1
profoundly,1
sue,1
alleged,1
journeyed,1
without,1
identification,1
vizenor,1
unified,1
curator,1
troubled,1
impetus,1
communicate,1
generations,1
angeles,1
activists,1
faults,1
salishan,1
dilemma,1
chippewas,1
influential,1
en,1
communally,1
keepers,1
centralization,1
headfirst,1
midwest,1
responded,1
loomed,1
memories,1
analyzes,1
allot,1
anyone,1
device,1
legal,1
captives,1
sarah,1
grew,1
alaska,1
pressured,1
direct,1
dialogue,1
columbian,1
possess,1
lacking,1
enabled,1
fixico,1
oren,1
flintlock,1
mesquakie,1
consequences,1
scattered,1
factors,1
jargon,1
paper,1
howe,1
addressing,1
woefully,1
involvement,1
understand,1
downward,1
pokagons,1
empires,1
freedmen,1
anza,1
facilitated,1
ensure,1
female,1
marks,1
biased,1
renascence,1
image,1
descent,1
subterfuge,1
cessions,1
cecil,1
wealth,1
diffuse,1
objectivity,1
traces,1
welfare,1
bruce,1
ariz,1
plaster,1
northeastern,1
ignoble,1
anuary,1
nascent,1
periodically,1
solid,1
situations,1
proven,1
show,1
stewart,1
additional,1
origins,1
vietnam,1
passed,1
notions,1
modeled,1
chaves,1
creole,1
inflicting,1
willing,1
guarantee,1
shifted,1
debarring,1
redmen,1
founding,1
mo,1
believed,1
respected,1
antecedents,1
strategy,1
andjames,1
sandlin,1
protestant,1
retirement,1
cholera,1
regulatory,1
nebraska,1
katit,1
commanded,1
holdings,1
opening,1
result,1
confederation,1
whom,1
ga,1
walk,1
questioned,1
declined,1
downstream,1
method,1
conservative,1
entered,1
begun,1
plot,1
color,1
access,1
p,1
carol,1
lived,1
adaptability,1
stereotype,1
rebuttal,1
facilitate,1
biographical,1
bizarre,1
emerge,1
mandans,1
complete,1
ethnohistorical,1
garrick,1
extracting,1
further,1
pony,1
traced,1
arapahoe,1
fellowships,1
rejected,1
agreements,1
devoid,1
boundaries,1
biases,1
applied,1
happier,1
pawnee,1
extrapolation,1
atomization,1
amassed,1
refuge,1
lyons,1
absolute,1
approached,1
conferences,1
find,1
onondaga,1
wide,1
directorship,1
manitou,1
affair,1
biographies,1
kathryn,1
exert,1
representatives,1
watershed,1
nichols,1
sphere,1
differ,1
network,1
imprisoned,1
spheres,1
closed,1
artifacts,1
formerly,1
nucleus,1
implement,1
deliverance,1
paraphrase,1
already,1
collette,1
parman,1
hemispheres,1
los,1
exodus,1
nine,1
prompted,1
attacked,1
hereditary,1
discusses,1
confined,1
related,1
homeland,1
irish,1
positions,1
woodland,1
englishmen,1
dozens,1
authenticity,1
misinterpreted,1
overview,1
realm,1
consistently,1
crossblood,1
beginnings,1
officers,1
jo,1
czitrom,1
route,1
sedan,1
midwestern,1
et,1
forces,1
personal,1
publish,1
away,1
disregarding,1
legislation,1
participate,1
achieving,1
project,1
indianapolis,1
dakota,1
cornwall,1
status,1
strengthened,1
miss,1
memoirs,1
relative,1
hidden,1
hornbeck,1
manifestation,1
regions,1
massacre,1
ratified,1
arkansas,1
depicting,1
gateway,1
creating,1
statutory,1
ducoigne,1
mesopotamia,1
caused,1
quarter,1
hopewellian,1
vote,1
fostered,1
aggrandizement,1
simpler,1
guardians,1
next,1
catholic,1
exclusionary,1
militant,1
rushed,1
cultivating,1
sixty,1
melted,1
claim,1
arbitrary,1
initiating,1
consensus,1
concerns,1
smithsonian,1
descendant,1
gamber,1
sylvia,1
biologically,1
grow,1
depression,1
mantle,1
tassin,1
shadows,1
met,1
essentially,1
latest,1
hist,1
albers,1
seeds,1
impossible,1
foremost,1
philip,1
fashions,1
occasions,1
condemned,1
struck,1
progress,1
universities,1
cattle,1
dependent,1
pa,1
correspondence,1
deepened,1
structured,1
reappraised,1
appropriate,1
newly,1
folk,1
preliminary,1
finger,1
humanistic,1
valuable,1
trennert,1
menominees,1
appeal,1
barbara,1
advertised,1
temporarily,1
renounce,1
will,1
threatened,1
veneer,1
battle,1
newer,1
defended,1
transcended,1
centralize,1
seejanet,1
sons,1
indigenous,1
ventured,1
saw,1
matter,1
van,1
misrepresent,1
nativism,1
muno,1
gabriel,1
strictures,1
action,1
affiliations,1
braund,1
short,1
drama,1
prognosis,1
comparative,1
resisted,1
alliance,1
essayists,1
cloud,1
dressed,1
revolt,1
forward,1
coleman,1
andjournal,1
exception,1
brings,1
prove,1
whatever,1
allen,1
july,1
consolidating,1
reconstruction,1
harry,1
prophet,1
make,1
civility,1
surviving,1
indicates,1
landed,1
house,1
chieftainship,1
comments,1
wind,1
stedman,1
renew,1
confronted,1
phelps,1
lantzy,1
chap,1
resilient,1
frank,1
once,1
listed,1
collect,1
depicted,1
criticism,1
bridged,1
relied,1
floods,1
incipient,1
colleges,1
treaty,1
coverage,1
read,1
federalist,1
marginal,1
emigrants,1
heaviest,1
hegemonic,1
precolumbian,1
east,1
evolved,1
abrash,1
exposure,1
remnant,1
selective,1
termination,1
favorable,1
classroom,1
index,1
revitalization,1
denounced,1
management,1
compiled,1
mcintosh,1
rode,1
jay,1
sociological,1
extinction,1
supplied,1
assistance,1
ewing,1
callous,1
shifting,1
lacked,1
ofjacksonian,1
injuly,1
wright,1
lament,1
accelerated,1
cooke,1
frightened,1
industrial,1
tanner,1
illustrated,1
faragher,1
contains,1
forge,1
phoenix,1
celebrates,1
increasingly,1
williams,1
assimilating,1
pargellis,1
functioned,1
enterprises,1
picture,1
useful,1
administrators,1
fellow,1
outbreak,1
constituency,1
leader,1
lewis,1
name,1
westward,1
jeffrey,1
longhouse,1
kiowas,1
technique,1
journey,1
baptist,1
sac,1
pbs,1
nevada,1
adherence,1
theocracy,1
populists,1
mooney,1
lack,1
forming,1
conduct,1
head,1
riverine,1
chord,1
reputed,1
areas,1
stevens,1
minnesota,1
departments,1
omahas,1
ucla,1
meteors,1
exclusion,1
reform,1
philanthropy,1
pestilential,1
choice,1
richardville,1
time,1
reasoning,1
enable,1
ottawa,1
really,1
oneself,1
classical,1
connell,1
plagued,1
dislike,1
fallen,1
proliferation,1
tribally,1
inherently,1
formulating,1
claimed,1
golden,1
foster,1
drayton,1
beliefs,1
channel,1
behind,1
descendancy,1
monographs,1
paris,1
alton,1
model,1
pandemics,1
discuss,1
blackfoot,1
establish,1
hinterlands,1
smallpox,1
tell,1
models,1
coincided,1
forth,1
syncretic,1
talented,1
belief,1
miner,1
mcdonnell,1
ignoring,1
patriarchal,1
educated,1
ethnohistorians,1
free,1
remarkably,1
league,1
perseverance,1
day,1
outgrowth,1
valleys,1
thoroughly,1
alan,1
anticipate,1
scant,1
interpreting,1
autobiography,1
imagine,1
instructional,1
spector,1
historicai,1
greatest,1
teachings,1
exploring,1
encounter,1
father,1
precluded,1
excluding,1
examples,1
craig,1
disappear,1
upon,1
range,1
limitations,1
taylor,1
formal,1
marginality,1
lake,1
collections,1
enhanced,1
raiders,1
clause,1
clustered,1
manifestations,1
elite,1
louis,1
oklahomans,1
hosted,1
masterful,1
persisted,1
fourteenth,1
emphasize,1
sorkin,1
return,1
juan,1
factor,1
causes,1
congress,1
gros,1
harvard,1
leitch,1
numbered,1
bitter,1
acquiesced,1
dedicated,1
full,1
ceremonies,1
previous,1
literate,1
traders,1
office,1
dime,1
theories,1
optimistic,1
initiatives,1
clifton,1
jumped,1
passim,1
significance,1
maelstrom,1
crises,1
meanings,1
discovered,1
directed,1
emphasizing,1
welcomed,1
comprehensive,1
divisions,1
evening,1
external,1
supplying,1
threw,1
helpful,1
revised,1
summer,1
parts,1
him,1
pearce,1
course,1
practiced,1
foucauldian,1
ecology,1
improved,1
siggenauk,1
black,1
adequately,1
duane,1
instruction,1
spent,1
uly,1
especially,1
incapable,1
editors,1
racist,1
tactics,1
examine,1
andjay,1
effect,1
structure,1
seeking,1
mcconnell,1
spain,1
northern,1
morris,1
invented,1
destruction,1
connections,1
beam,1
governor,1
adaptive,1
rallied,1
cliffs,1
tenuous,1
louisiana,1
batista,1
opposite,1
stannard,1
justice,1
examines,1
reluctant,1
decision,1
calvin,1
berthrong,1
appraisals,1
farm,1
admire,1
rachel,1
lance,1
suggestion,1
twelve,1
topography,1
christian,1
caretakers,1
note,1
africa,1
fivefold,1
she,1
stars,1
epitomize,1
crucial,1
foreign,1
outsiders,1
vision,1
demographers,1
prose,1
category,1
rpt,1
parent,1
archaeology,1
leslie,1
slow,1
becomes,1
eldersveld,1
referred,1
exceptional,1
directions,1
seen,1
strongly,1
merchandise,1
force,1
lawrence,1
contribution,1
legitimacy,1
rapidly,1
area,1
try,1
ottawas,1
countries,1
traveled,1
why,1
chairs,1
introductory,1
responsible,1
infuse,1
fe,1
spotlight,1
inferior,1
chippewa,1
table,1
stratified,1
supporting,1
sympathy,1
hatley,1
mounds,1
case,1
monumental,1
susan,1
documenting,1
meant,1
acquired,1
springfield,1
anthropological,1
stereotyped,1
suggestions,1
exercised,1
fifteen,1
mcdonald,1
hanging,1
cheyennes,1
biography,1
circumstances,1
founded,1
predictions,1
hernando,1
demonstrate,1
poised,1
officially,1
pace,1
symbolic,1
forthcoming,1
known,1
exposition,1
gaming,1
offered,1
skillful,1
ignore,1
minn,1
ralph,1
supported,1
easten,1
bernstein,1
drew,1
sustained,1
hawk,1
colonialism,1
overdrawn,1
republics,1
muskogees,1
hospitality,1
nvot,1
defining,1
natural,1
demallie,1
halt,1
literary,1
glendale,1
perceptive,1
havoc,1
kansa,1
ancestor,1
busily,1
frederickjackson,1
openings,1
best,1
alexander,1
tomahawk,1
slowly,1
appalachians,1
ph,1
printed,1
championing,1
clara,1
current,1
returns,1
arcy,1
mullen,1
iii,1
particularly,1
losses,1
job,1
clearly,1
mailed,1
lancaster,1
countering,1
rely,1
privileged,1
goods,1
powhatan,1
winkler,1
differed,1
climate,1
assessment,1
dehumanized,1
ideally,1
turned,1
feminist,1
charged,1
romanticized,1
dismissal,1
according,1
catastrophic,1
proceedings,1
victims,1
decimated,1
combined,1
enrollments,1
wheelock,1
meticulous,1
worthwhile,1
andjacksonianjustice,1
want,1
comanches,1
imposed,1
males,1
coerced,1
pathogens,1
fictitious,1
opportunistic,1
mere,1
johansen,1
unrest,1
classrooms,1
kett,1
ravage,1
leaving,1
problem,1
surveying,1
insightful,1
prehistory,1
facilitator,1
differs,1
hesitate,1
version,1
shower,1
constitutional,1
awarded,1
property,1
minimal,1
don,1
arival,1
emphasis,1
marriages,1
hundreds,1
permeated,1
categories,1
freedom,1
millions,1
rosebuds,1
usurpation,1
martha,1
socioeconomic,1
remember,1
doctrines,1
creatively,1
careful,1
unsophisticated,1
altered,1
given,1
affecting,1
slopes,1
city,1
despite,1
nadir,1
november,1
focal,1
step,1
assumptions,1
ignorant,1
fellowship,1
measure,1
commodities,1
beatrice,1
tender,1
arguments,1
duration,1
clothing,1
ranks,1
families,1
paucity,1
mention,1
isolated,1
ventre,1
gain,1
think,1
plunge,1
formation,1
centennial,1
devoted,1
ultimately,1
commercial,1
unable,1
lists,1
gasp,1
friendships,1
oglala,1
muscogulge,1
entire,1
camps,1
defence,1
broker,1
newsletter,1
crisis,1
register,1
fauna,1
alienated,1
pictographs,1
socially,1
opinions,1
classes,1
exceeding,1
crossed,1
willingness,1
earthen,1
prosperity,1
photograph,1
reviving,1
backwater,1
captain,1
mack,1
blunders,1
pearls,1
speak,1
worried,1
comparison,1
flora,1
dissent,1
thousand,1
potential,1
trader,1
actions,1
duffy,1
johnson,1
vary,1
mcgillivray,1
patricia,1
reached,1
informants,1
buckskin,1
irrelevant,1
enterprise,1
brink,1
partial,1
uncertainty,1
spokesmen,1
pratt,1
kara,1
lowermississippi,1
northwestern,1
documentary,1
mediators,1
surveys,1
calendars,1
corn,1
re,1
counts,1
seek,1
zones,1
tripled,1
premature,1
southeastern,1
devastated,1
tragic,1
pakutu,1
confrontations,1
dictum,1
retention,1
retrospect,1
gold,1
witless,1
