WORDCOUNTS,WEIGHT
the,912
of,591
and,439
to,327
in,318
history,268
a,239
that,181
political,179
american,131
as,130
s,106
for,102
historians,91
on,86
new,84
historical,80
it,78
by,77
this,75
is,73
with,61
social,55
have,49
from,47
they,46
was,46
or,46
their,45
an,45
more,42
are,42
be,42
which,41
politics,40
not,40
its,39
public,38
at,37
review,37
had,37
standards,37
one,35
but,35
were,33
than,32
ahr,32
other,31
has,31
what,31
most,30
june,30
state,29
profession,29
such,28
women,27
can,27
america,26
who,26
even,24
national,24
been,23
u,23
journal,22
some,21
many,21
past,21
groups,20
them,20
so,19
science,19
consensus,18
see,18
professional,18
h,17
all,17
york,17
over,17
both,17
through,17
into,16
policy,16
could,16
he,16
these,16
only,16
while,16
role,16
between,16
if,15
those,15
development,15
welfare,15
deal,15
critical,15
may,15
attention,15
very,14
century,14
leff,14
study,14
no,14
also,14
values,14
would,14
we,14
itself,14
any,14
states,14
themselves,14
his,13
too,13
war,13
revisioning,13
culture,13
mark,13
story,13
class,13
recent,13
how,12
view,12
part,12
nation,12
united,12
historian,12
current,12
world,12
much,12
might,11
critics,11
process,11
january,11
work,11
enola,11
people,11
about,11
gay,11
questions,11
life,11
school,11
william,11
evidence,11
now,10
common,10
i,10
sloane,10
against,10
influence,10
certain,10
liberal,10
w,10
order,10
when,10
economic,10
interpretation,10
museum,10
museums,10
reform,10
foner,10
especially,10
february,10
democracy,9
revisionist,9
corporate,9
labor,9
thus,9
old,9
rather,9
congressional,9
impact,9
beyond,9
however,9
because,9
alan,9
smithsonian,9
society,9
community,9
movement,9
toward,9
others,9
time,9
john,9
audiences,9
controversy,9
understanding,9
exhibit,9
perspectives,9
institutions,9
often,9
analysis,9
interpretive,9
brinkley,9
our,9
eric,9
cambridge,9
crisis,9
scholarship,9
traditional,9
sphere,8
just,8
group,8
modern,8
taken,8
mass,8
vital,8
left,8
democratic,8
record,8
emphasis,8
example,8
resolution,8
power,8
less,8
today,8
december,8
seem,8
popular,8
years,8
twentieth,8
broader,8
approach,8
should,8
way,7
schools,7
studies,7
something,7
experience,7
great,7
government,7
there,7
within,7
system,7
document,7
origins,7
path,7
out,7
politically,7
april,7
us,7
two,7
contemporary,7
another,7
workers,7
after,7
outside,7
article,7
liberalism,7
education,7
proposed,7
senate,7
terms,7
particular,7
almost,7
freedom,7
programs,7
editor,7
d,7
debate,7
commitment,6
narrative,6
report,6
task,6
g,6
nor,6
david,6
general,6
whose,6
found,6
shared,6
well,6
future,6
gender,6
republican,6
higham,6
yet,6
j,6
ed,6
party,6
challenge,6
efforts,6
fact,6
serious,6
do,6
michael,6
eds,6
jameson,6
characterized,6
structure,6
force,6
himmelfarb,6
here,6
did,6
particularly,6
far,6
making,6
assumptions,6
goals,6
come,6
question,6
instead,6
achievements,5
assumption,5
nineteenth,5
contested,5
themes,5
being,5
first,5
interests,5
parties,5
scientists,5
leading,5
real,5
behind,5
context,5
case,5
issue,5
richard,5
point,5
ross,5
aha,5
adams,5
quantitative,5
kind,5
young,5
oah,5
correctness,5
skocpol,5
essential,5
without,5
linenthal,5
levine,5
opportunity,5
university,5
kammen,5
loyalists,5
quoted,5
argued,5
founding,5
important,5
histories,5
conservative,5
mothers,5
her,5
late,5
cannot,5
memory,5
already,5
civil,5
calls,5
sense,5
field,5
revolution,5
concerns,5
depression,5
civic,5
scott,5
provided,5
local,5
will,5
battle,5
return,5
once,5
americans,5
thought,5
industrial,5
areas,5
man,5
patterns,5
model,5
practice,5
moral,5
directed,5
individual,5
provides,5
textbooks,5
become,5
interpretations,5
she,5
provide,5
usually,5
inside,5
lawrence,5
lives,5
version,5
ever,5
set,5
gertrude,5
voice,5
urban,5
went,5
writing,5
think,5
newsletter,5
association,5
potential,5
actions,5
enterprise,5
early,5
focus,5
race,5
worthy,4
center,4
essays,4
before,4
baker,4
came,4
cast,4
gap,4
failing,4
embraced,4
implications,4
retreat,4
official,4
seems,4
principles,4
failures,4
precisely,4
governmental,4
draw,4
march,4
october,4
say,4
letter,4
mainstream,4
includes,4
learning,4
underlying,4
back,4
y,4
air,4
edward,4
earlier,4
space,4
down,4
tyler,4
based,4
treatments,4
effort,4
reviews,4
recently,4
balance,4
network,4
used,4
cheney,4
brought,4
issues,4
broad,4
reflect,4
own,4
good,4
legacy,4
hawley,4
research,4
up,4
progress,4
gordon,4
reconstruction,4
interactions,4
morgan,4
included,4
same,4
gary,4
increasingly,4
organizations,4
resistance,4
critiques,4
paul,4
book,4
attacks,4
scholars,4
beliefs,4
children,4
debates,4
where,4
orthodoxy,4
assault,4
historicai,4
private,4
neh,4
sides,4
kousser,4
franklin,4
points,4
methods,4
summer,4
high,4
correct,4
learn,4
decision,4
wisdom,4
movements,4
vision,4
fall,4
simply,4
lynne,4
intellectual,4
celebratory,4
best,4
leaders,4
audience,4
institutionalism,4
better,4
conventional,4
ignored,4
prosperity,4
voluntary,4
interdisciplinary,4
c,4
elites,4
given,4
courts,3
maternalist,3
identity,3
ready,3
e,3
large,3
larry,3
tend,3
favor,3
former,3
western,3
member,3
long,3
rational,3
words,3
definition,3
confirmed,3
incorporating,3
shaped,3
confront,3
reveal,3
take,3
histo,3
raised,3
robert,3
voting,3
suspect,3
politicized,3
right,3
methodologies,3
leo,3
exhibits,3
liberals,3
along,3
behavioralism,3
learned,3
explained,3
since,3
soldiers,3
september,3
interest,3
assured,3
forced,3
immigrants,3
perspective,3
allowing,3
cohen,3
ellis,3
decline,3
leadership,3
van,3
rights,3
civilization,3
recognized,3
bring,3
main,3
developed,3
influenced,3
goes,3
granted,3
b,3
derived,3
direct,3
contributions,3
white,3
feel,3
consequences,3
developments,3
biased,3
histoty,3
days,3
n,3
rothberg,3
contemporaries,3
multicultural,3
surface,3
followed,3
helped,3
opinion,3
uses,3
attack,3
events,3
base,3
academic,3
informed,3
cultural,3
viewed,3
produced,3
aspects,3
line,3
reid,3
claim,3
heavily,3
hostile,3
play,3
describe,3
place,3
actually,3
presentations,3
t,3
change,3
vote,3
ethnocultural,3
suggest,3
family,3
climate,3
core,3
always,3
visible,3
commemorative,3
notion,3
f,3
second,3
underground,3
protecting,3
various,3
noble,3
indeed,3
service,3
labeled,3
limited,3
anniversary,3
female,3
converted,3
still,3
make,3
coherence,3
criticism,3
makes,3
mission,3
evil,3
message,3
times,3
kelley,3
participants,3
railroad,3
ideology,3
department,3
tassel,3
fragmentation,3
patriotic,3
herbert,3
fundamental,3
pressure,3
appeared,3
teachers,3
educated,3
diverse,3
end,3
charges,3
men,3
readers,3
enough,3
everyday,3
present,3
shown,3
purposes,3
dorothy,3
non,3
celebrated,3
institutionalist,3
perhaps,3
style,3
free,3
argues,3
recognizing,3
expanded,3
robertson,3
novick,3
made,3
upon,3
range,3
including,3
enhanced,3
barney,3
elite,3
concern,3
entirely,3
use,3
largely,3
virtually,3
began,3
ethnic,3
partisan,3
theories,3
like,3
period,3
kramer,3
standard,3
thomas,3
presidential,3
least,3
educational,3
promote,3
influences,3
capitalism,3
agenda,3
moreover,3
humanities,3
linda,3
ordinary,3
male,3
privileges,3
legitimacy,3
achieve,3
considered,3
then,3
must,3
continues,3
organization,3
inescapable,3
alternative,3
control,3
argue,3
wall,3
domestic,3
inquiry,3
works,3
living,3
according,3
scholarly,3
conservatism,3
combined,3
form,3
textbook,3
mere,3
theory,3
critchlow,3
leaving,3
problem,3
leuchtenburg,3
little,3
became,3
morey,3
memories,3
paula,3
donald,3
numerous,3
institutional,3
oestreicher,3
course,3
offer,3
need,3
defined,3
burdens,3
moved,3
news,3
chicago,3
termed,3
major,3
difficult,2
go,2
superiority,2
o,2
fathers,2
declared,2
later,2
created,2
represent,2
sklar,2
extend,2
congressman,2
legitimate,2
introduction,2
told,2
becoming,2
approved,2
agency,2
designed,2
likely,2
motto,2
true,2
approaches,2
coalition,2
park,2
considerations,2
ideals,2
committee,2
distaste,2
equated,2
dignified,2
total,2
accomplishments,2
induced,2
either,2
decidedly,2
lightly,2
wrong,2
certainly,2
sonya,2
greatness,2
handle,2
give,2
contrasted,2
secretary,2
script,2
promoting,2
pluralist,2
liberty,2
historiography,2
europe,2
capitalist,2
tradition,2
secondary,2
conditions,2
hundred,2
chilling,2
deemed,2
search,2
independent,2
greatly,2
sacred,2
access,2
discipline,2
reading,2
somewhat,2
synthetic,2
motivated,2
daniel,2
sophisticated,2
alfred,2
key,2
formulation,2
capacity,2
guidelines,2
active,2
encouraging,2
chafe,2
lends,2
reaching,2
assure,2
illegitimate,2
professionals,2
radicals,2
disparities,2
establishment,2
conception,2
cited,2
apply,2
himself,2
fitzgerald,2
data,2
dignity,2
engage,2
pursuing,2
diversity,2
framework,2
repeatedly,2
conflict,2
central,2
centralized,2
denying,2
heyman,2
nash,2
relationships,2
historically,2
reject,2
inevitable,2
pursue,2
author,2
peter,2
struggles,2
faces,2
viewing,2
gendered,2
media,2
overly,2
arena,2
attracting,2
progressive,2
turn,2
unity,2
decisions,2
mystic,2
profound,2
subjects,2
encompass,2
response,2
racial,2
animating,2
ideal,2
employers,2
enlightened,2
alliances,2
find,2
warned,2
weight,2
critique,2
robin,2
acknowledge,2
let,2
higher,2
voters,2
heroes,2
growth,2
federal,2
declaring,2
ironic,2
joan,2
basic,2
influential,2
levels,2
politicians,2
populism,2
legal,2
humanity,2
importance,2
domestication,2
black,2
update,2
proclaimed,2
understand,2
changes,2
escape,2
theorists,2
statistical,2
established,2
dawley,2
branch,2
greenberg,2
mary,2
weak,2
benefited,2
covers,2
age,2
commonly,2
superior,2
gerstle,2
passed,2
notions,2
m,2
cut,2
edmund,2
constitution,2
hope,2
constructive,2
greater,2
character,2
result,2
legislative,2
advance,2
my,2
acceptable,2
lead,2
hands,2
skowronek,2
homogeneous,2
bomb,2
bombing,2
emerge,2
term,2
understood,2
though,2
focused,2
appears,2
population,2
seth,2
bogue,2
burgess,2
opposition,2
wide,2
sacrifice,2
hopkins,2
improve,2
kathryn,2
shape,2
abuse,2
directly,2
commemorations,2
revealed,2
douglas,2
scope,2
ku,2
virtues,2
training,2
knowledge,2
actors,2
comment,2
realm,2
practically,2
older,2
collective,2
unmistakable,2
director,2
emancipation,2
forces,2
personal,2
statesmen,2
away,2
legislation,2
anything,2
butterfield,2
project,2
president,2
connections,2
trends,2
boston,2
p,2
organized,2
schroeder,2
working,2
cold,2
panel,2
sources,2
dangerous,2
emerging,2
involved,2
around,2
components,2
differing,2
tended,2
methodological,2
condemned,2
orthodox,2
chords,2
displaced,2
am,2
humanistic,2
rest,2
questioning,2
eileen,2
reducing,2
roediger,2
seemed,2
happen,2
curricula,2
equality,2
positions,2
matter,2
scientific,2
bunker,2
action,2
expansion,2
classic,2
veterans,2
allan,2
constraints,2
oppressed,2
koven,2
comments,2
religious,2
guide,2
chronicle,2
depicted,2
represents,2
rules,2
marginal,2
advanced,2
serve,2
under,2
neither,2
factual,2
thesis,2
commitments,2
light,2
complete,2
teaching,2
baltimore,2
colonial,2
visitors,2
noted,2
assimilated,2
rise,2
frameworks,2
quantifiable,2
street,2
name,2
successfully,2
recall,2
displacement,2
law,2
academy,2
similarly,2
ask,2
slavery,2
performance,2
muncy,2
unifying,2
conduct,2
lebsock,2
larger,2
atomic,2
klux,2
discussed,2
observes,2
took,2
klan,2
hand,2
dominion,2
organizing,2
ground,2
imperatives,2
continuing,2
amnesia,2
establish,2
jobs,2
answer,2
council,2
agencies,2
belief,2
reflected,2
chair,2
remove,2
demonstrated,2
week,2
greatest,2
exploring,2
discussion,2
campaigns,2
skepticism,2
gara,2
endowment,2
formal,2
unpredictable,2
louis,2
budget,2
hypotheses,2
revising,2
francis,2
academics,2
embodying,2
ideas,2
processes,2
actual,2
business,2
individuals,2
full,2
dismissed,2
initiatives,2
students,2
described,2
distortion,2
low,2
open,2
significance,2
clear,2
historic,2
authors,2
michel,2
modernization,2
victory,2
logic,2
spawned,2
leave,2
keep,2
played,2
distinction,2
preservation,2
never,2
internal,2
systems,2
publics,2
theda,2
topics,2
shallow,2
effect,2
excluded,2
james,2
dominance,2
decay,2
paranoid,2
separate,2
european,2
dominate,2
imply,2
cleansing,2
moses,2
note,2
else,2
hofstadter,2
sometimes,2
johns,2
testing,2
program,2
hill,2
ironically,2
reinterpretation,2
lines,2
months,2
populist,2
primarily,2
success,2
transformation,2
robyn,2
evolution,2
combines,2
expectations,2
surprising,2
fields,2
citizens,2
face,2
served,2
articles,2
problematic,2
grounded,2
meant,2
matters,2
stephen,2
claims,2
subfields,2
share,2
takes,2
associated,2
elections,2
citizenry,2
conclusion,2
changing,2
struck,2
constructed,2
unappreciated,2
bernstein,2
md,2
sciences,2
defining,2
structures,2
principle,2
each,2
country,2
cultures,2
different,2
inclined,2
board,2
foundation,2
job,2
clearly,2
mcdonald,2
embodiment,2
overspecialization,2
written,2
proved,2
number,2
associations,2
identities,2
assessment,2
places,2
turned,2
feminist,2
jacksonian,2
animal,2
ideologies,2
denouncing,2
whether,2
nationalist,2
list,2
ones,2
accounts,2
want,2
calif,2
attitudes,2
alice,2
dream,2
hewitt,2
fully,2
secure,2
grades,2
patriotism,2
bunk,2
conference,2
recognition,2
ill,2
despite,2
bureaucracy,2
prospect,2
courses,2
november,2
coatsworth,2
african,2
subject,2
transition,2
target,2
kish,2
arguments,2
families,2
challenges,2
indians,2
frances,2
suffrage,2
formation,2
ultimately,2
invasion,2
notes,2
finding,2
quest,2
commemoration,2
illinois,2
washington,2
coit,2
joined,2
include,2
integration,2
you,2
colleagues,2
off,2
appleby,2
shift,2
campaign,2
specific,2
charles,2
privileging,2
bi,2
capitulation,2
rejection,2
create,2
texts,2
views,2
entire,2
interaction,2
develop,2
strong,2
among,2
famous,2
loyalties,2
asked,2
roles,2
lizabeth,2
florence,1
frequent,1
miller,1
administrators,1
remarginalize,1
does,1
battlefield,1
undergraduate,1
complaint,1
inward,1
possessed,1
thwarted,1
respected,1
unobtainable,1
paralleled,1
validation,1
child,1
deny,1
page,1
oriented,1
limits,1
constrained,1
convergence,1
castigated,1
alley,1
ethics,1
implemented,1
conflicting,1
heroic,1
avoiding,1
protests,1
concerned,1
inaccurate,1
anthony,1
meaning,1
cent,1
seminary,1
shawn,1
destabilizes,1
prize,1
faced,1
fled,1
europeans,1
separated,1
truth,1
career,1
everyone,1
deserve,1
widening,1
resulted,1
defend,1
dimension,1
thrown,1
overstated,1
girl,1
eliteoriented,1
portrayals,1
dissolution,1
alone,1
afroamerican,1
clio,1
adoption,1
ultimate,1
vilify,1
succinct,1
fragmented,1
evans,1
venturesome,1
germany,1
passing,1
sympathetic,1
needed,1
hot,1
complex,1
replaced,1
industry,1
saved,1
denied,1
systematically,1
diplomatic,1
socialist,1
nostalgia,1
identify,1
prime,1
join,1
krugler,1
authority,1
asserted,1
constitutes,1
english,1
ways,1
bias,1
inconsistent,1
propagandists,1
steve,1
romanticizes,1
univocal,1
ms,1
acceptance,1
consequential,1
position,1
throwing,1
necessarily,1
driven,1
harsh,1
unlike,1
amply,1
freeman,1
scientist,1
shrunken,1
slap,1
synthetically,1
arrived,1
redirect,1
arguing,1
lenses,1
localized,1
revision,1
uplifting,1
eager,1
hearts,1
princeton,1
chief,1
meaningless,1
underplayed,1
institutes,1
qualification,1
contexts,1
rehearsed,1
intentions,1
negative,1
test,1
highlight,1
congress,1
ethnoreligious,1
band,1
uprising,1
consistent,1
deserved,1
synonymous,1
formisano,1
explaining,1
undermine,1
cries,1
electoral,1
lexington,1
barriers,1
invention,1
every,1
nostalgic,1
trouble,1
whom,1
tribute,1
chasm,1
relies,1
progressed,1
utopia,1
symposiums,1
convert,1
originally,1
ii,1
memorizable,1
attempts,1
military,1
hire,1
exhibition,1
suspicions,1
attempt,1
encouraged,1
terrain,1
believe,1
anywhere,1
degree,1
marginalization,1
challengers,1
england,1
prestigious,1
nature,1
fortunately,1
wonderful,1
sustainable,1
genteel,1
bloomington,1
sean,1
tion,1
dramatically,1
possibilities,1
immense,1
reach,1
beckon,1
interrogating,1
attractive,1
skills,1
professions,1
agrarian,1
assess,1
belong,1
broadly,1
together,1
poverty,1
reasons,1
hooded,1
aio,1
centering,1
potentially,1
analyses,1
blind,1
rich,1
fullest,1
pretense,1
scholar,1
revisions,1
studied,1
inherent,1
able,1
lumped,1
revival,1
thanks,1
pitied,1
court,1
room,1
handler,1
illegitimacy,1
nationalism,1
mandate,1
help,1
embrace,1
foolish,1
degraded,1
ambition,1
mind,1
date,1
stupid,1
emphasized,1
henry,1
tv,1
principal,1
professionthe,1
publicize,1
debats,1
committed,1
suspicion,1
extreme,1
rethinking,1
forums,1
legend,1
seminar,1
ad,1
friends,1
tribune,1
nowhere,1
disdained,1
side,1
revolt,1
doris,1
inclusive,1
proceed,1
forum,1
narrower,1
advocates,1
brief,1
existence,1
lynching,1
downhill,1
attacked,1
assertions,1
money,1
ennoble,1
contends,1
conditioned,1
holdout,1
discontent,1
addresses,1
rush,1
sensitivities,1
account,1
restoring,1
opened,1
soldier,1
possible,1
determined,1
marked,1
enforcement,1
realize,1
reply,1
riccio,1
election,1
powers,1
lodging,1
mutual,1
alter,1
consciousness,1
siebert,1
move,1
exaggerate,1
flourishes,1
obvious,1
enemy,1
fine,1
ruefully,1
barry,1
reconsidering,1
normative,1
zainaldin,1
combination,1
combine,1
reflecting,1
associational,1
hiroshima,1
whites,1
dynamic,1
smoother,1
dethronement,1
establishes,1
mccullough,1
royalty,1
unchecked,1
reveals,1
recapture,1
demanded,1
interviews,1
irrational,1
chronic,1
accustomed,1
tributes,1
worker,1
urging,1
joyce,1
holland,1
tied,1
behavior,1
attract,1
presidentjohn,1
colonized,1
wherever,1
exposed,1
karen,1
optimism,1
expertise,1
swamped,1
human,1
punishing,1
mistake,1
goal,1
accommodate,1
imprisoning,1
amendment,1
regularly,1
per,1
collapse,1
ronald,1
totalitarian,1
surely,1
shiftless,1
reclaim,1
dying,1
facts,1
immediate,1
medical,1
objective,1
initially,1
unsubtle,1
stakes,1
molded,1
forbearance,1
yawning,1
corner,1
lectures,1
reportage,1
ability,1
juxtaposition,1
decided,1
relations,1
honest,1
afford,1
uniformity,1
reformers,1
jr,1
districts,1
funded,1
realization,1
type,1
legislators,1
rooted,1
sample,1
admitted,1
unwilling,1
funds,1
propitious,1
exponent,1
clearinghouses,1
weaknesses,1
moment,1
rejecting,1
shrugged,1
lending,1
elements,1
valueless,1
survivors,1
truism,1
pathbreaking,1
evident,1
transcends,1
stabilized,1
refer,1
statesmanship,1
ithaca,1
serving,1
columbia,1
modernity,1
flawed,1
radio,1
compared,1
misleading,1
dismissing,1
publications,1
objectively,1
overarching,1
compel,1
quell,1
drawn,1
student,1
mankind,1
look,1
bennett,1
skirmishes,1
reasoned,1
apparently,1
unenlightened,1
emphasize,1
gingrich,1
traditions,1
helping,1
educators,1
guard,1
chimera,1
inviting,1
hardly,1
talent,1
intellecamerican,1
annulling,1
semiliterate,1
competitive,1
master,1
parlance,1
businessmen,1
contributing,1
alarm,1
incentive,1
overinclusive,1
perfect,1
newer,1
vantage,1
finances,1
nationwide,1
employ,1
insofar,1
failed,1
opposed,1
objectionable,1
underfunded,1
weapon,1
sector,1
enhancing,1
philadelphia,1
pivotal,1
simplified,1
entrenching,1
subordination,1
floor,1
allegiances,1
bridged,1
predicted,1
frustration,1
jettison,1
act,1
statements,1
assuage,1
centerpiece,1
devastating,1
links,1
mattered,1
l,1
portrayed,1
destroy,1
across,1
centered,1
generations,1
untold,1
activists,1
remain,1
nonsense,1
skalnik,1
possession,1
crash,1
prison,1
appreciation,1
johnston,1
patronage,1
fuselage,1
capture,1
hold,1
myself,1
responded,1
communism,1
luck,1
broaden,1
highlighted,1
represented,1
adopted,1
allot,1
probable,1
deprecated,1
risk,1
pointedly,1
rigor,1
justice,1
inculcating,1
thing,1
similar,1
lamented,1
renewal,1
magnet,1
dissenting,1
parts,1
documentaries,1
hearing,1
ix,1
dialogue,1
special,1
enacted,1
stability,1
lacking,1
lay,1
reforms,1
discoveries,1
practicing,1
essentials,1
xxx,1
commentaries,1
front,1
disgorging,1
biographer,1
moves,1
unprecedentedly,1
support,1
afterthoughts,1
ordeal,1
exceptional,1
reason,1
involvement,1
enliven,1
branded,1
relating,1
discernible,1
presidents,1
bad,1
vastly,1
adopt,1
postmodern,1
lyndon,1
consider,1
blame,1
reverberates,1
retained,1
specialization,1
talk,1
neutral,1
wages,1
antiseptic,1
workplace,1
irreversible,1
gable,1
intersecting,1
badger,1
endow,1
elevated,1
numbers,1
objectivity,1
house,1
periodizations,1
weinstein,1
nurturant,1
haunt,1
vitality,1
prevent,1
solid,1
show,1
pedagogical,1
grandfathers,1
atom,1
commented,1
textile,1
confuse,1
robbing,1
readings,1
bender,1
brash,1
lifelong,1
linkage,1
isolation,1
definite,1
urged,1
historicopolitical,1
whiggish,1
terming,1
lobby,1
relinquish,1
asks,1
saving,1
answers,1
entrant,1
shifted,1
destructive,1
writes,1
event,1
kearns,1
films,1
fed,1
suggested,1
trained,1
decades,1
counsel,1
drawing,1
myths,1
stupidity,1
perceive,1
assessments,1
reflections,1
denigrating,1
veil,1
interdisciplinaryjournal,1
disempowered,1
yielding,1
troubling,1
formidable,1
miss,1
treating,1
urgency,1
unpatriotic,1
kennedy,1
unanimous,1
questioned,1
nancy,1
societies,1
encumbers,1
appearance,1
carrying,1
method,1
marion,1
entered,1
preaching,1
luster,1
superfluous,1
speeches,1
called,1
planned,1
anthropomorphised,1
banishes,1
inappropriate,1
speaker,1
carol,1
politicization,1
lived,1
objectives,1
changed,1
scotland,1
curiosity,1
kolko,1
criticisms,1
agendas,1
near,1
braeman,1
initial,1
inaugural,1
galambos,1
markets,1
acquiring,1
embedded,1
unions,1
monochromatic,1
pure,1
reinstatement,1
occupation,1
traced,1
durham,1
institute,1
profited,1
cuts,1
dropped,1
stock,1
arrogate,1
activist,1
unsympathetic,1
bore,1
persons,1
jim,1
boundaries,1
sentiments,1
meet,1
promise,1
younger,1
otherwise,1
representatives,1
feminists,1
tension,1
depriving,1
entitles,1
dwelling,1
whiteness,1
triumph,1
hackney,1
expressions,1
erodes,1
sanctifying,1
biographies,1
wallach,1
repugnance,1
sites,1
emotion,1
christianity,1
lost,1
tempt,1
voter,1
participation,1
basis,1
dilemmas,1
distinguish,1
retreating,1
modesty,1
makers,1
artifacts,1
alcohol,1
ira,1
implement,1
strengths,1
benevolence,1
misrepresented,1
tool,1
fraser,1
los,1
nostalgically,1
assaults,1
writers,1
preferred,1
framed,1
r,1
concept,1
provocative,1
prominent,1
distinctively,1
stake,1
tens,1
london,1
hereditary,1
breeding,1
salvage,1
disconnection,1
overlay,1
confined,1
related,1
journals,1
thoughts,1
excessive,1
minority,1
lecturing,1
restructuring,1
got,1
resisters,1
whole,1
literature,1
editorialized,1
gave,1
island,1
intermediate,1
during,1
subtleties,1
policies,1
overtly,1
flight,1
constitute,1
diffuse,1
reportedly,1
dense,1
underscored,1
participated,1
winter,1
versus,1
belmont,1
call,1
warns,1
battering,1
justification,1
illustrative,1
disregarding,1
haven,1
historiographic,1
participate,1
persuasively,1
capacities,1
computing,1
status,1
conform,1
visions,1
ethnicity,1
grassroots,1
hidden,1
sink,1
towards,1
tolerance,1
shortcomings,1
muse,1
traders,1
heartless,1
subtle,1
depicting,1
unremarkable,1
tone,1
creating,1
solution,1
legitimating,1
brush,1
viable,1
hard,1
below,1
constituent,1
responsibility,1
reinforces,1
straight,1
subjective,1
tested,1
senator,1
storm,1
next,1
terrence,1
television,1
contrast,1
destiny,1
hallowed,1
ennobling,1
discourse,1
quite,1
slash,1
anarchy,1
trivial,1
profes,1
inextricably,1
quantification,1
encompasses,1
incarnation,1
worst,1
unrelentingly,1
calling,1
unarticulated,1
several,1
highereducation,1
iris,1
autonomy,1
errantly,1
proximate,1
feeling,1
handholds,1
few,1
wider,1
highly,1
untroubled,1
jamil,1
oral,1
goodwin,1
governments,1
cong,1
disaster,1
acts,1
primary,1
hearten,1
compromise,1
dramatic,1
invaluable,1
feelings,1
daedalus,1
texas,1
usual,1
gage,1
motherhood,1
enrollments,1
yielded,1
philip,1
repetitively,1
classrooms,1
xxvii,1
offending,1
st,1
universities,1
necessity,1
dependent,1
results,1
proper,1
pa,1
using,1
organs,1
notice,1
subgroups,1
altogether,1
plausible,1
structured,1
value,1
alienated,1
grateful,1
rodgers,1
pervasive,1
disturbing,1
activities,1
bolstered,1
unfinished,1
objected,1
content,1
bureaucratized,1
periods,1
prescribed,1
replacing,1
chronological,1
south,1
portion,1
uncommon,1
bedrock,1
tasks,1
imprint,1
suspects,1
individualist,1
ramifications,1
demand,1
reduced,1
minor,1
condemnation,1
absence,1
cottage,1
entitled,1
nonpartisan,1
certified,1
gabriel,1
survive,1
populations,1
tedious,1
affiliations,1
distorted,1
short,1
synthesis,1
drama,1
brian,1
overall,1
unbridled,1
tempted,1
serene,1
released,1
appreciate,1
forward,1
merits,1
imperialistically,1
mediating,1
exception,1
diegmueller,1
prove,1
inhibiting,1
july,1
harry,1
testable,1
entree,1
particularized,1
bill,1
surviving,1
indicates,1
domination,1
showcasing,1
sponsored,1
explored,1
mcdonagh,1
targeted,1
logical,1
insulting,1
echo,1
put,1
adamant,1
direction,1
adapted,1
acquisitive,1
positive,1
structural,1
bourke,1
preliterate,1
single,1
impugns,1
label,1
inconvenient,1
comforting,1
toilet,1
communications,1
outlets,1
opportunists,1
sort,1
turmoil,1
unintended,1
antiquarian,1
victor,1
curators,1
fair,1
colleges,1
opportunities,1
security,1
lloyd,1
intense,1
coverage,1
elitist,1
added,1
beachheads,1
sex,1
technology,1
assailed,1
exceptionalism,1
supplementary,1
rebounded,1
challenged,1
classroom,1
clarified,1
ancient,1
workmanship,1
enshrined,1
earned,1
victories,1
extravagant,1
mildly,1
baxter,1
crow,1
informal,1
raise,1
abandon,1
shifting,1
choices,1
ky,1
purity,1
allows,1
unbalanced,1
popularized,1
lament,1
sales,1
sludge,1
indian,1
joins,1
nineteenthcentury,1
costs,1
maladjusted,1
insights,1
preeminent,1
alien,1
reliance,1
hundredth,1
celebrates,1
institutionalists,1
gentlemen,1
impenetrable,1
latent,1
bordering,1
perceptively,1
suzanne,1
meets,1
picture,1
disciplinary,1
gotten,1
chose,1
volume,1
limbaugh,1
gentleman,1
balancing,1
starting,1
uncontested,1
leader,1
reliant,1
insidious,1
ind,1
unreliable,1
omission,1
blinders,1
prompting,1
factory,1
fell,1
again,1
admirable,1
stating,1
crucial,1
pointed,1
preferences,1
available,1
cable,1
deserves,1
safety,1
schoolbooks,1
goodwyn,1
tremendous,1
experienced,1
projects,1
toll,1
smith,1
unexpected,1
usefulness,1
cultivated,1
communal,1
populists,1
twenty,1
admit,1
airbrushed,1
marker,1
valid,1
consideration,1
limit,1
treatment,1
polityits,1
renascent,1
temples,1
occupations,1
malign,1
departments,1
creative,1
worthwile,1
documents,1
exclusion,1
wilentz,1
disserving,1
sections,1
really,1
angeles,1
isolate,1
hear,1
throbbing,1
forging,1
omitted,1
everything,1
overwhelmingly,1
elasticity,1
celebrations,1
administrations,1
considerable,1
fashion,1
arguably,1
chatauquas,1
display,1
grotesquely,1
rebuke,1
embattled,1
honor,1
channel,1
forms,1
genealogy,1
ages,1
heart,1
v,1
tales,1
corps,1
interrogate,1
hijackers,1
threads,1
edison,1
road,1
deceptive,1
mobilizable,1
developing,1
orderly,1
existing,1
celebration,1
muster,1
relevant,1
vulnerable,1
tell,1
models,1
reminders,1
malcontents,1
sprawling,1
conviction,1
minneapolis,1
above,1
invitation,1
bartonj,1
ryan,1
streetjournal,1
progressivism,1
books,1
threats,1
admittedly,1
encountered,1
regionally,1
linked,1
day,1
convenient,1
barrett,1
infrapolitics,1
stance,1
remained,1
solicitude,1
monkkonen,1
turf,1
reordering,1
thousands,1
smallscale,1
enfeebled,1
original,1
compose,1
historynot,1
credit,1
mean,1
enhances,1
lap,1
warning,1
extended,1
encounter,1
link,1
mccarthyism,1
invested,1
pall,1
effectiveness,1
becker,1
easier,1
craig,1
conn,1
discovery,1
totalizing,1
eighteenth,1
implicated,1
bear,1
locate,1
slaves,1
writings,1
decent,1
region,1
bucket,1
glowering,1
distinctly,1
previously,1
looking,1
clubs,1
vexing,1
worship,1
complexities,1
expand,1
findings,1
host,1
wis,1
pendent,1
unfortunately,1
overtones,1
transcendent,1
credulous,1
assume,1
prolongs,1
shopping,1
engaging,1
vocabulary,1
selfworth,1
trend,1
hoc,1
tual,1
stay,1
exerted,1
aesthetic,1
triumphs,1
office,1
california,1
necessitated,1
optimistic,1
pennsylvania,1
underwent,1
charge,1
masquerading,1
rejected,1
ties,1
explorations,1
meanings,1
quotation,1
urbana,1
diplomacy,1
reality,1
compartmentalization,1
adding,1
comprehensive,1
triumphed,1
language,1
agreement,1
passe,1
sustain,1
essay,1
supportive,1
ireland,1
urge,1
recipient,1
evils,1
understandings,1
advocacy,1
held,1
resultant,1
professionalization,1
controversies,1
pride,1
renderings,1
organism,1
allowed,1
someone,1
perverse,1
collaboration,1
revised,1
mcmath,1
belongs,1
fellow,1
derided,1
premium,1
static,1
attaches,1
paths,1
administrative,1
practiced,1
crevecoeur,1
anyone,1
conversation,1
interacted,1
enriched,1
broke,1
abundant,1
repelled,1
lose,1
imagination,1
compromises,1
furthering,1
decide,1
faith,1
favored,1
kazin,1
facing,1
labels,1
sentiment,1
somehow,1
construct,1
elaborate,1
eyes,1
rectify,1
editors,1
relation,1
successful,1
narrow,1
sight,1
insularity,1
assessing,1
mainly,1
anderson,1
scapegoats,1
teach,1
offensive,1
postwar,1
implication,1
directs,1
analyze,1
oversimplified,1
hostage,1
overwrought,1
equivalent,1
interpenetrate,1
delightful,1
assesses,1
grain,1
throat,1
saw,1
institution,1
amateur,1
anchored,1
joint,1
quarterly,1
crumble,1
sandra,1
councils,1
propose,1
delimited,1
immigration,1
applies,1
deplored,1
goodling,1
fails,1
populace,1
carried,1
contradicting,1
molly,1
asking,1
indication,1
noisy,1
aspirations,1
americanism,1
broadens,1
empathic,1
signs,1
autumn,1
aid,1
me,1
backward,1
bonnie,1
lot,1
fairly,1
continued,1
reenactments,1
bureaucrats,1
assert,1
figure,1
producer,1
minorities,1
extinguish,1
criminal,1
dreamed,1
plays,1
naturally,1
practical,1
reassertion,1
claimed,1
vague,1
activate,1
contraction,1
misconstrued,1
sway,1
revisionism,1
hogan,1
means,1
dimensions,1
directing,1
health,1
seen,1
affinity,1
indiscriminate,1
detailed,1
regents,1
ordering,1
accommodating,1
effectively,1
renown,1
entreaty,1
enlist,1
peril,1
furnish,1
rapidly,1
deals,1
expert,1
indicate,1
countries,1
activated,1
minimalist,1
pertinence,1
inspired,1
spotlight,1
underscores,1
amalgamation,1
lion,1
littered,1
dead,1
respect,1
dutiful,1
supporting,1
types,1
resurgent,1
exists,1
instances,1
get,1
questionnaires,1
orient,1
sheldon,1
sess,1
pressures,1
rigorous,1
joseph,1
sara,1
concord,1
goldberg,1
photographs,1
seriously,1
wars,1
authorities,1
small,1
openly,1
thinking,1
thoughtfulness,1
judgments,1
material,1
growing,1
reshaped,1
hierarchy,1
abandonment,1
faddish,1
comes,1
series,1
complexity,1
mentioned,1
rep,1
tempting,1
peoples,1
exhibitions,1
ve,1
extending,1
athens,1
scarcely,1
beside,1
theme,1
known,1
implied,1
dissident,1
modernist,1
shop,1
named,1
supported,1
numeracy,1
kesslerharris,1
decontaminated,1
appealing,1
organizational,1
sustained,1
affirmative,1
staked,1
affords,1
integrative,1
why,1
legislature,1
revealingly,1
patriot,1
notesjohn,1
boris,1
revealing,1
katznelson,1
glowing,1
spearhead,1
stuffy,1
commonplace,1
prizewinning,1
perceptive,1
damning,1
officials,1
ancestor,1
multiculturalism,1
neglected,1
blazed,1
setting,1
ncc,1
gone,1
partisans,1
whitfield,1
contextual,1
recontextualize,1
prominence,1
villain,1
intrusive,1
printed,1
bush,1
entrenched,1
republicanism,1
propaganda,1
surprised,1
universal,1
draws,1
sellers,1
travesty,1
ideological,1
loyalist,1
expresses,1
entitlement,1
leeway,1
impossible,1
grievances,1
rely,1
privileged,1
cautious,1
workingmen,1
amid,1
heterodoxy,1
cultivation,1
eyeing,1
build,1
cities,1
pictures,1
workingman,1
closest,1
prospects,1
enlarged,1
gerber,1
caricature,1
instant,1
risky,1
merely,1
subordinate,1
jacqueline,1
beginning,1
outlook,1
abolishment,1
activism,1
befitting,1
consultants,1
patrician,1
dubiously,1
fuller,1
economy,1
recession,1
notable,1
stinging,1
victims,1
investigation,1
reign,1
circles,1
habermas,1
implicit,1
professorial,1
professors,1
imposed,1
eulogy,1
counseled,1
statement,1
plane,1
condemn,1
ruin,1
grief,1
jeremiads,1
dedicated,1
centrality,1
agrees,1
likes,1
extent,1
familiarly,1
woodward,1
mandated,1
vehicle,1
complain,1
brilliant,1
marginalizing,1
premised,1
constitutional,1
calhoun,1
produce,1
imperial,1
rationality,1
information,1
missed,1
suggests,1
reintegrative,1
virginia,1
dedication,1
threat,1
hundreds,1
reprinted,1
millions,1
incoherence,1
middle,1
unseen,1
souls,1
epithet,1
occasionally,1
uncontrolled,1
circumstances,1
unsophisticated,1
classes,1
modernizing,1
multiple,1
peace,1
met,1
excesses,1
decisive,1
introduced,1
sea,1
city,1
bemusement,1
toothless,1
prevalent,1
alternatives,1
confirm,1
ingrained,1
constricted,1
rampant,1
ram,1
meaningful,1
respectable,1
administration,1
returning,1
agents,1
rationale,1
etherington,1
vast,1
putnam,1
screen,1
protestants,1
divided,1
inventions,1
citations,1
officially,1
mention,1
hartz,1
exploit,1
isolated,1
definitions,1
ensuing,1
aspect,1
accorded,1
subtlety,1
sanctified,1
refutation,1
unrecognizable,1
pieties,1
minimizing,1
susceptible,1
superseded,1
shores,1
memoranda,1
berkowitz,1
kleppner,1
establishing,1
devoted,1
moderate,1
until,1
powerful,1
examples,1
radicalism,1
wilbur,1
commercial,1
instructive,1
argument,1
touch,1
negro,1
difference,1
slighting,1
vann,1
average,1
initiated,1
shima,1
stotsky,1
feller,1
clamor,1
backhanded,1
marginalize,1
opens,1
write,1
recovering,1
grant,1
finally,1
defender,1
flushed,1
tactical,1
miscited,1
wish,1
foundered,1
insight,1
consumers,1
clout,1
leveled,1
sional,1
newt,1
approves,1
building,1
mandates,1
boring,1
canadian,1
regime,1
preserve,1
clearest,1
dilute,1
goggin,1
illiteracy,1
thoughtful,1
involving,1
minn,1
france,1
piece,1
forming,1
philosophy,1
terribly,1
membership,1
area,1
pluralistic,1
objections,1
presenting,1
transcending,1
madison,1
blunders,1
speak,1
increased,1
dispose,1
canons,1
showed,1
dissent,1
offered,1
blacks,1
contextually,1
hitlerism,1
distinctions,1
certainty,1
tragic,1
judson,1
mccarthy,1
desired,1
straw,1
johnson,1
standpoints,1
era,1
irrelevant,1
reversing,1
pratt,1
substantial,1
rein,1
abroad,1
fellowship,1
benchmark,1
avoid,1
technological,1
willing,1
grace,1
taylor,1
observed,1
beholden,1
tricky,1
ga,1
draft,1
preconceptions,1
nourishes,1
customarily,1
dictum,1
tabular,1
deeper,1
increase,1
grants,1
