WORDCOUNTS,WEIGHT
the,1212
of,754
in,503
and,495
to,458
a,225
was,218
s,200
that,193
as,160
rukhmabai,160
for,155
her,139
indian,138
india,114
it,110
marriage,92
times,90
not,90
women,89
on,88
by,87
with,87
had,74
from,74
case,73
this,72
an,69
law,68
child,65
at,64
see,63
be,63
were,60
but,58
review,57
he,56
hindu,56
she,56
english,55
colonial,52
which,51
their,49
britain,49
british,48
his,47
its,46
is,44
public,42
trial,42
who,42
age,40
about,39
letter,38
they,37
or,37
hindoo,36
reform,36
lady,36
october,35
bombay,35
one,34
also,34
woman,33
government,30
when,29
dadaji,28
historical,28
against,27
well,27
been,27
american,26
no,26
london,26
social,26
did,26
act,25
education,25
editor,25
if,24
burton,24
such,24
consent,24
what,24
have,24
has,23
even,23
new,23
so,23
state,22
political,22
muller,22
these,22
more,22
are,22
between,22
court,21
i,21
sexual,21
march,21
only,21
bride,20
all,20
than,20
victorian,20
female,20
metropolitan,20
antoinette,20
imperial,20
press,20
early,20
september,19
april,19
empire,19
national,19
after,19
over,19
like,18
because,18
own,18
home,18
men,18
into,17
those,17
rule,17
part,17
where,17
would,17
gazette,17
history,16
up,16
august,16
both,16
before,15
first,15
century,15
could,15
gender,15
will,15
under,15
malabari,15
nineteenth,14
might,14
some,14
legal,14
sinha,14
opinion,14
letters,14
made,14
reformers,14
here,14
correspondent,14
november,14
debate,14
being,13
conjugal,13
journal,13
may,13
rights,13
out,13
other,13
fact,13
readers,13
herself,13
we,13
husband,13
february,13
through,13
much,13
among,13
j,12
issue,12
thus,12
mall,12
just,12
most,12
january,12
wife,12
again,12
native,12
pall,12
claims,12
although,12
should,12
nationalism,11
n,11
max,11
my,11
example,11
knowledge,11
heart,11
society,11
girl,11
sarkar,11
july,11
culture,11
eds,11
pinhey,11
him,11
december,11
very,11
according,11
system,10
restitution,10
whose,10
how,10
nia,10
work,10
status,10
appeal,10
wrote,10
power,10
ramabai,10
many,10
never,10
judge,10
kosambi,10
essay,10
especially,10
marriages,10
years,10
you,10
customs,10
live,9
carpenter,9
studies,9
western,9
either,9
england,9
there,9
chandra,9
custom,9
magazine,9
laws,9
medical,9
rather,9
them,9
important,9
during,9
several,9
nation,9
intervention,9
same,9
ed,9
debates,9
discussion,9
queen,9
newspapers,9
can,9
delhi,9
order,9
girls,9
while,9
our,9
question,9
judges,9
association,9
words,8
widowhood,8
relations,8
kind,8
body,8
nor,8
colonialism,8
helped,8
used,8
ten,8
legislation,8
indeed,8
suit,8
daily,8
john,8
contemporary,8
englishwoman,8
male,8
life,8
became,8
respectable,8
bengal,7
raised,7
right,7
condition,7
author,7
influence,7
tanika,7
support,7
cause,7
argued,7
followed,7
mrinalini,7
publicity,7
called,7
late,7
cultural,7
r,7
y,7
farran,7
change,7
family,7
make,7
widows,7
coverage,7
death,7
appeared,7
end,7
man,7
do,7
including,7
calcutta,7
period,7
high,7
story,7
attention,7
decision,7
months,7
domestic,7
nationalist,7
infant,7
must,7
arguments,7
latham,7
d,7
sexuality,7
themselves,7
courts,6
later,6
widow,6
respectability,6
position,6
great,6
context,6
papers,6
politics,6
scandal,6
doctor,6
since,6
cases,6
old,6
six,6
meera,6
impact,6
too,6
manning,6
grounds,6
indigenous,6
issues,6
conjugality,6
good,6
published,6
least,6
research,6
notes,6
provided,6
spectacle,6
chap,6
wake,6
critiques,6
time,6
took,6
congress,6
pathetic,6
justice,6
relationship,6
me,6
referred,6
ranade,6
paper,6
making,6
reported,6
given,6
daughters,6
until,6
argument,6
little,6
virtue,6
go,5
way,5
told,5
variety,5
common,5
asia,5
book,5
feminism,5
take,5
help,5
influences,5
muiller,5
regard,5
account,5
married,5
progressive,5
fate,5
marital,5
traditions,5
via,5
process,5
earlier,5
danger,5
sudhir,5
imprisonment,5
plight,5
view,5
though,5
voice,5
masculinity,5
esp,5
year,5
protest,5
june,5
chakravarti,5
scott,5
prakash,5
resistance,5
world,5
action,5
religious,5
oxford,5
observer,5
happened,5
sex,5
others,5
pointed,5
put,5
children,5
rhetoric,5
present,5
covered,5
israel,5
three,5
effect,5
continued,5
crucial,5
claimed,5
class,5
often,5
hope,5
respect,5
itself,5
news,5
best,5
leaders,5
coolie,5
then,5
quoted,5
problem,5
sir,5
property,5
almost,5
city,5
ignorant,5
went,5
need,5
pandita,5
c,5
now,4
prostitution,4
concerned,4
suggested,4
alone,4
use,4
jubilee,4
monthly,4
princeton,4
behramji,4
cast,4
divorce,4
reading,4
vol,4
subaltern,4
except,4
tribute,4
throughout,4
facts,4
civilizing,4
insisted,4
determination,4
young,4
critique,4
site,4
poor,4
engels,4
masselos,4
cannot,4
accounts,4
university,4
maiden,4
histoty,4
improvement,4
reformer,4
mary,4
communities,4
fawcett,4
englishwomen,4
whom,4
reply,4
events,4
representative,4
let,4
kali,4
jim,4
received,4
significantly,4
competing,4
civil,4
whole,4
people,4
contentious,4
weekly,4
minds,4
t,4
solution,4
inc,4
mani,4
discourse,4
settlement,4
eleven,4
progress,4
correspondence,4
south,4
f,4
tilak,4
second,4
matter,4
practices,4
interference,4
economic,4
limited,4
tried,4
trials,4
still,4
millicent,4
sending,4
movement,4
yet,4
violence,4
mission,4
neither,4
noted,4
hammerton,4
gentleman,4
nationalists,4
leading,4
idea,4
audiences,4
practice,4
compelled,4
controversy,4
poona,4
meetings,4
nonetheless,4
writings,4
bengali,4
clear,4
sati,4
summer,4
gyan,4
looked,4
saw,4
twelve,4
precedents,4
mother,4
macgregor,4
sympathy,4
considered,4
theme,4
set,4
speech,4
person,4
whether,4
calif,4
particular,4
information,4
periodicals,4
role,4
subject,4
whatever,4
indians,4
come,4
patriarchy,4
contract,4
kipling,4
forbes,4
evidence,4
offered,4
charles,4
ser,4
garrett,4
prison,4
doing,4
race,4
done,3
appealed,3
protests,3
generated,3
e,3
introduction,3
sphere,3
intellectual,3
myth,3
essays,3
h,3
modern,3
feminists,3
husbands,3
eye,3
chief,3
lal,3
reprinted,3
explaining,3
wrong,3
hence,3
connection,3
interests,3
fund,3
address,3
agenda,3
worked,3
emerged,3
available,3
baxi,3
indifferent,3
narrative,3
able,3
vices,3
histo,3
last,3
emphasized,3
precisely,3
within,3
less,3
capacity,3
campbell,3
hall,3
felt,3
capable,3
say,3
representations,3
due,3
visited,3
morality,3
moment,3
decided,3
admitted,3
back,3
subjects,3
modernity,3
left,3
compel,3
details,3
supporters,3
occasion,3
general,3
shall,3
mentioned,3
failed,3
york,3
defendant,3
costs,3
unwilling,3
across,3
represented,3
bhikaji,3
turn,3
b,3
study,3
moreover,3
thomas,3
utterly,3
emergence,3
ideologies,3
house,3
w,3
walkowitz,3
m,3
counsel,3
metropole,3
result,3
vedic,3
histories,3
found,3
circulation,3
equally,3
understood,3
produced,3
boys,3
your,3
marry,3
possibility,3
directly,3
failure,3
narratives,3
claim,3
imagined,3
prominent,3
brought,3
related,3
reminded,3
discussions,3
bishop,3
newspaper,3
stead,3
sense,3
quite,3
event,3
highly,3
brides,3
lawyers,3
protect,3
prompted,3
boundaries,3
am,3
gordon,3
behalf,3
barbara,3
domesticity,3
defended,3
therefore,3
confined,3
cobbe,3
led,3
stuidies,3
return,3
object,3
community,3
above,3
judgment,3
controls,3
bill,3
madras,3
once,3
read,3
thought,3
official,3
us,3
included,3
liberties,3
without,3
already,3
rape,3
two,3
speaking,3
gentlemen,3
rise,3
love,3
organizations,3
french,3
l,3
efforts,3
stories,3
pressure,3
britons,3
frances,3
choice,3
educated,3
practical,3
forms,3
enough,3
remarkable,3
purposes,3
conviction,3
number,3
going,3
disease,3
chiefly,3
concern,3
asian,3
expression,3
questions,3
full,3
dismissed,3
doctors,3
health,3
evils,3
emissary,3
defense,3
spread,3
played,3
written,3
appellate,3
juncture,3
become,3
james,3
figures,3
connections,3
dilke,3
model,3
africa,3
lot,3
chance,3
criminal,3
ideology,3
bound,3
fully,3
hill,3
rpt,3
means,3
force,3
began,3
contributor,3
fall,3
wives,3
enforced,3
meant,3
matters,3
heimsath,3
school,3
troubles,3
seriously,3
material,3
known,3
exposition,3
few,3
why,3
know,3
berkeley,3
each,3
books,3
organized,3
capital,3
rudyard,3
sensational,3
report,3
ideological,3
particularly,3
carlisle,3
outrage,3
passage,3
better,3
turned,3
proceedings,3
month,3
terms,3
westminster,3
suggests,3
freedom,3
bodies,3
geraldine,3
code,3
thereby,3
duty,3
histoiy,3
measure,3
childhood,3
cruelty,3
formation,3
spring,3
cambridge,3
follow,3
uma,3
publicized,3
crisis,3
opinions,3
orientalism,3
campaign,3
specific,3
recent,3
penal,3
final,2
bernard,2
donations,2
agitations,2
guardian,2
created,2
worthy,2
prostitutes,2
per,2
sympathetic,2
becoming,2
illegal,2
agency,2
columns,2
join,2
authority,2
favor,2
former,2
soulth,2
decade,2
originality,2
occurred,2
something,2
golden,2
fearful,2
experience,2
pundits,2
educating,2
said,2
member,2
decidedly,2
submit,2
padma,2
creation,2
production,2
victim,2
give,2
chivalrous,2
advanced,2
dasi,2
interrogating,2
tradition,2
pledge,2
mahadev,2
suggesting,2
hindoos,2
babylon,2
display,2
origin,2
incident,2
religion,2
resulting,2
kingdom,2
touching,2
mind,2
venereal,2
rethinking,2
devi,2
dr,2
arise,2
recorded,2
eastern,2
courtesy,2
unaware,2
money,2
draw,2
provisions,2
melodrama,2
characterize,2
move,2
professor,2
taking,2
mental,2
point,2
far,2
sent,2
cited,2
anticipated,2
vaid,2
himself,2
dagmar,2
urging,2
collection,2
repeatedly,2
human,2
natives,2
resonated,2
constitutive,2
development,2
mores,2
recasting,2
interest,2
tinmes,2
relatively,2
caird,2
gendered,2
excerpted,2
pay,2
agitation,2
learning,2
affairs,2
thing,2
legally,2
intercourse,2
highest,2
stipulated,2
honour,2
continuous,2
mistress,2
find,2
seal,2
plaintiff,2
spite,2
apparently,2
sister,2
hardly,2
civilization,2
opposed,2
competition,2
colin,2
subjected,2
basic,2
biggest,2
notion,2
levine,2
opportunity,2
heard,2
locations,2
certain,2
leave,2
direct,2
crusade,2
distant,2
practicing,2
space,2
update,2
remarriage,2
send,2
understand,2
brunswick,2
settled,2
circulated,2
bad,2
wanted,2
consider,2
linked,2
days,2
presumptions,2
four,2
puberty,2
show,2
filed,2
rassundari,2
beyond,2
traitors,2
philippa,2
noninterference,2
instance,2
required,2
pity,2
appear,2
whereas,2
contention,2
repute,2
legislative,2
came,2
based,2
questioned,2
medicine,2
train,2
begun,2
hands,2
appropriated,2
deal,2
pass,2
delight,2
constantly,2
suits,2
term,2
abomination,2
war,2
intolerable,2
recently,2
hailed,2
contesting,2
however,2
helly,2
opposition,2
impression,2
provincial,2
keeping,2
hybrid,2
participation,2
effeminate,2
conscience,2
writers,2
future,2
unless,2
stake,2
purpose,2
training,2
calls,2
feared,2
loss,2
gave,2
refined,2
inspire,2
chatterjee,2
long,2
aberdeen,2
vociferous,2
call,2
matrimonial,2
justification,2
away,2
romance,2
project,2
maneuvers,2
patriots,2
graduate,2
wolpert,2
sic,2
contests,2
p,2
caused,2
working,2
below,2
campaigns,2
shaping,2
wished,2
phrase,2
specifically,2
sentence,2
small,2
calling,2
sisters,2
comfort,2
modalities,2
manchester,2
petition,2
tended,2
orthodox,2
se,2
championed,2
seemed,2
threatened,2
battle,2
critical,2
edith,2
advocate,2
various,2
noble,2
contended,2
identified,2
drama,2
schemes,2
onward,2
metcalf,2
vinay,2
mainstream,2
sensation,2
echo,2
hold,2
colonialist,2
frank,2
alleged,2
edited,2
relied,2
meanwhile,2
penny,2
vs,2
rakhmabai,2
makes,2
gokhale,2
parsi,2
god,2
participants,2
raise,2
shifting,2
dialectical,2
pseudonym,2
upendra,2
magazines,2
heterosexual,2
functioned,2
picture,2
stepfather,2
name,2
mona,2
joshee,2
sangari,2
courageous,2
omission,2
think,2
purely,2
locating,2
chaps,2
added,2
signified,2
cultivated,2
admit,2
conduct,2
disinterestedness,2
doubt,2
bradford,2
enactment,2
ages,2
begin,2
dorothy,2
shared,2
heavily,2
council,2
judith,2
duties,2
strathern,2
perhaps,2
remarked,2
free,2
another,2
autobiography,2
local,2
discourses,2
private,2
lata,2
anzd,2
encounter,2
rendered,2
mothers,2
values,2
uplift,2
maharashtra,2
depended,2
recover,2
identity,2
host,2
ramusack,2
pleasure,2
rare,2
ameliorate,2
described,2
ties,2
discursive,2
urbana,2
emphasizing,2
language,2
nora,2
reputation,2
supportive,2
fresh,2
started,2
characterized,2
hindus,2
black,2
standard,2
procuring,2
educational,2
raj,2
chapel,2
exaggeration,2
hand,2
ann,2
learn,2
primitive,2
wish,2
rhetorical,2
cruel,2
workshop,2
reformist,2
gleaned,2
european,2
things,2
marilyn,2
aid,2
seclusion,2
movements,2
zenana,2
inside,2
statutes,2
directions,2
establish,2
contribution,2
legitimacy,2
recognize,2
try,2
jolrnal,2
traveled,2
analysis,2
united,2
caste,2
idioms,2
face,2
telegraph,2
comaroff,2
faculties,2
sastri,2
proof,2
suggestions,2
victoria,2
eventually,2
fifteen,2
any,2
ordered,2
rukhmibhaio,2
weldon,2
hinduism,2
version,2
simply,2
constituted,2
continues,2
implied,2
cohn,2
established,2
pandit,2
sivanath,2
cover,2
natural,2
revealing,2
refused,2
secured,2
country,2
henry,2
interested,2
seem,2
acts,2
explicitly,2
disputes,2
feminist,2
following,2
beginning,2
ladies,2
helping,2
partha,2
explanations,2
carefully,2
bristol,2
anil,2
implicit,2
stability,2
sociology,2
character,2
maintain,2
reiterated,2
mere,2
leaving,2
managed,2
agreed,2
emphasis,2
millions,2
fourteen,2
introduced,2
despite,2
bourgeois,2
administration,2
persona,2
missionary,2
evidenced,2
writing,2
gain,2
postcolonial,2
reaching,2
named,2
seek,2
shown,2
models,2
difference,2
unwelcome,2
scrutiny,2
institutional,2
defence,2
aware,2
dangerous,2
offer,2
unfit,2
hunter,2
anandibai,2
defined,2
off,2
burdens,2
speak,2
pioneering,2
removed,2
mahratta,2
charged,2
chicago,2
reached,2
burden,2
persuaded,2
strong,2
observed,2
meeting,2
learned,2
occur,2
nicholas,1
cabling,1
difficult,1
laura,1
jayawardena,1
jeopardized,1
impossibility,1
does,1
fleming,1
archives,1
transportation,1
weighed,1
currently,1
rate,1
deference,1
o,1
struggle,1
refinement,1
autobiographers,1
flow,1
companionship,1
limits,1
phallic,1
mascuilinity,1
butler,1
stamp,1
stuart,1
declared,1
elite,1
sued,1
quickly,1
names,1
italy,1
generous,1
amin,1
commitment,1
headlines,1
truth,1
cradle,1
everyone,1
reconsidered,1
revived,1
debi,1
admiration,1
enjoins,1
jane,1
abettings,1
ran,1
happen,1
misery,1
resisting,1
affirming,1
radha,1
resided,1
murdered,1
ultimate,1
chuinder,1
educationlights,1
fragmented,1
originate,1
plainly,1
forth,1
surat,1
gallagher,1
forcing,1
suitor,1
church,1
alluded,1
articulating,1
police,1
jeewa,1
large,1
needed,1
reis,1
complex,1
plenty,1
judged,1
approved,1
cogs,1
gidumal,1
designed,1
picked,1
advised,1
compete,1
linkages,1
formed,1
likely,1
angle,1
jail,1
true,1
derivative,1
ways,1
murder,1
oracle,1
pressing,1
easily,1
innocently,1
decrees,1
proud,1
ordained,1
considerations,1
sutbalternl,1
unnatural,1
personally,1
underage,1
earnest,1
policy,1
devices,1
justified,1
fixed,1
committee,1
distaste,1
equated,1
supposing,1
simultaneously,1
necessarily,1
unlike,1
charitable,1
carroll,1
title,1
exciting,1
habits,1
incensed,1
subjection,1
ambitious,1
elaborating,1
subcontinent,1
uberoi,1
feels,1
suffered,1
siblings,1
induced,1
interfering,1
contested,1
track,1
acquainted,1
nice,1
precursors,1
hindut,1
updated,1
forcible,1
baker,1
canvassed,1
mascutliniity,1
porous,1
negative,1
editorializing,1
recourse,1
deleted,1
evaluations,1
exposed,1
anything,1
rani,1
ideas,1
discretion,1
else,1
provision,1
australia,1
sympathizers,1
intended,1
failing,1
sources,1
revisited,1
monash,1
certainly,1
consumptive,1
localities,1
ay,1
belies,1
setting,1
entailed,1
ii,1
attempts,1
taken,1
debating,1
feeling,1
regimen,1
lamenting,1
season,1
attempt,1
secretary,1
encouraged,1
refusal,1
admonition,1
script,1
articulate,1
beautiful,1
diseases,1
majesty,1
dayaram,1
switzerland,1
incapacity,1
declares,1
historiography,1
gary,1
containing,1
mati,1
company,1
possibilities,1
shaped,1
principles,1
exemplar,1
height,1
thraldom,1
administer,1
advantage,1
together,1
estimation,1
reasons,1
rees,1
thank,1
spokesman,1
babington,1
boer,1
testimonies,1
hanlon,1
rich,1
nineteen,1
carrying,1
confront,1
geopolitical,1
indicating,1
thanks,1
scheme,1
reveal,1
plead,1
championing,1
labeled,1
anyway,1
jouirnal,1
illegitimacy,1
tracked,1
evolving,1
atrocities,1
alignment,1
genlder,1
search,1
differential,1
degraded,1
shirks,1
course,1
meantime,1
revelations,1
infinitely,1
greatly,1
mr,1
reserved,1
staff,1
robert,1
arjun,1
revivalist,1
alike,1
somewhat,1
readiness,1
signs,1
intelligence,1
hostility,1
dissolved,1
motivated,1
livelihood,1
intersection,1
bulrdens,1
widowed,1
extend,1
helplessness,1
proceed,1
preventing,1
nationalassociation,1
existence,1
alfred,1
barbarity,1
abbreviated,1
sabha,1
supplant,1
historians,1
king,1
cultur,1
motion,1
hackneyed,1
notoriety,1
sought,1
politicized,1
remarriages,1
posture,1
libel,1
literciy,1
inl,1
exception,1
solace,1
stepped,1
updates,1
codifications,1
announced,1
kaleidoscope,1
determined,1
marked,1
activity,1
open,1
itpublished,1
international,1
explorations,1
eversley,1
joulrnal,1
beverly,1
election,1
mm,1
assure,1
gauri,1
alter,1
regenerated,1
occupy,1
exaggerate,1
vital,1
obvious,1
unsuccessfully,1
resolutionsign,1
looped,1
susie,1
vanity,1
lutzker,1
tyranny,1
supervision,1
x,1
recalcitrant,1
carlyle,1
establishment,1
exchanges,1
unconquered,1
reconstruction,1
along,1
defenceless,1
representing,1
prised,1
impassioned,1
entreat,1
unhappy,1
stable,1
prevented,1
treatise,1
sign,1
misrepresentation,1
evaluating,1
attract,1
eamon,1
insisting,1
apartments,1
haynes,1
succeed,1
exist,1
labor,1
sarvajanik,1
conflict,1
central,1
pen,1
andrew,1
amendment,1
lover,1
infirmities,1
rulkhmabai,1
collapse,1
generalisations,1
violences,1
intrudes,1
dreadfuil,1
misfortune,1
historically,1
draught,1
explained,1
pledging,1
mine,1
difficulties,1
abominable,1
reject,1
points,1
inevitable,1
pursue,1
bare,1
conzquiest,1
dominated,1
mahommedan,1
demanded,1
worldwide,1
pursuit,1
unready,1
unpublished,1
molded,1
de,1
g,1
animosity,1
invocation,1
divine,1
edythe,1
center,1
regarded,1
ability,1
sickly,1
hawaii,1
consummated,1
justifications,1
sympathized,1
club,1
price,1
humbler,1
addressing,1
workers,1
telang,1
dubbed,1
unhealthy,1
topic,1
barrier,1
extensively,1
westport,1
keshulb,1
marxism,1
toe,1
exhausted,1
touched,1
priority,1
occasioned,1
shahid,1
refuses,1
nelson,1
legitimising,1
alwis,1
jourinal,1
chakrabarty,1
symposium,1
reluctance,1
keep,1
perspective,1
robb,1
violently,1
wonmen,1
kinds,1
disproportionately,1
characterizations,1
ithaca,1
compulsory,1
ranacde,1
difficulty,1
flawed,1
races,1
consulted,1
served,1
poem,1
forbid,1
third,1
single,1
ecclesiastical,1
coloniial,1
cardinal,1
compare,1
unequivocally,1
hari,1
coinciding,1
kelly,1
drawn,1
obscure,1
consequently,1
echelons,1
look,1
corrected,1
indissoluble,1
brahmanical,1
deeply,1
conceive,1
shastric,1
imperially,1
sunk,1
climates,1
fierce,1
stanley,1
unfortunate,1
ment,1
rosalind,1
sanskrit,1
wronged,1
jean,1
phases,1
sincerity,1
higher,1
insofar,1
mechanisms,1
cameron,1
offices,1
sixteen,1
fanatical,1
lala,1
shelly,1
disparaged,1
wishes,1
urged,1
assured,1
promoters,1
bull,1
essential,1
german,1
fuller,1
predicted,1
expected,1
transformations,1
exact,1
centerpiece,1
bring,1
lucy,1
performance,1
abolished,1
aimed,1
main,1
absent,1
sentences,1
declaring,1
slavery,1
excerpts,1
praising,1
tribunals,1
square,1
fantasies,1
thakkur,1
reference,1
preparing,1
patronage,1
hansen,1
obituary,1
companioniship,1
altar,1
mean,1
permission,1
knew,1
ce,1
parents,1
arm,1
shanley,1
associate,1
contagious,1
govintd,1
developments,1
humanity,1
talk,1
viewed,1
reprinting,1
dwarfed,1
proffered,1
parts,1
immolation,1
losing,1
doubted,1
ix,1
contributions,1
pathologies,1
special,1
nos,1
aiding,1
gratefully,1
enabled,1
sensationalize,1
white,1
lay,1
lawyer,1
reforms,1
von,1
chakravorty,1
karen,1
pleasures,1
wash,1
antagonism,1
qualify,1
eighteen,1
pernicious,1
empires,1
paragraphs,1
finer,1
canvass,1
instigations,1
affect,1
ensure,1
stand,1
civilizations,1
barbarous,1
shivani,1
sorts,1
physically,1
benefits,1
image,1
ceylon,1
peasant,1
branch,1
presumably,1
vindicated,1
disgrace,1
section,1
elsewhere,1
welfare,1
articulated,1
honourable,1
tranberg,1
geraldiine,1
frequently,1
decide,1
quarters,1
benefited,1
presumed,1
outspoken,1
commonly,1
vixiinw,1
hoped,1
superior,1
powerful,1
readings,1
gandhi,1
requested,1
procedures,1
linkage,1
generally,1
circulating,1
consequence,1
putting,1
punishable,1
intentional,1
problems,1
backwardness,1
aryavarta,1
raising,1
crucially,1
care,1
octobir,1
hetero,1
contrary,1
appeals,1
madhavi,1
providing,1
trained,1
decades,1
promote,1
paragraph,1
qualities,1
disappeared,1
boisterous,1
contempt,1
talking,1
opening,1
penetration,1
expressed,1
moving,1
visweswaran,1
advance,1
applause,1
sooner,1
allow,1
bearing,1
blamed,1
societies,1
harder,1
critic,1
conservative,1
entered,1
manoa,1
boycotted,1
traumas,1
critically,1
access,1
discrete,1
preoccupy,1
ripon,1
mahatma,1
coloured,1
insightful,1
inspectors,1
centwly,1
gayatri,1
foreground,1
lived,1
changed,1
sakharam,1
census,1
radical,1
agendas,1
micropolitics,1
excite,1
suitable,1
phulmonee,1
graduates,1
nurturing,1
dicta,1
twenty,1
evening,1
cart,1
greater,1
unchallenged,1
base,1
briton,1
lent,1
punishment,1
big,1
extracting,1
wonder,1
muslim,1
degrading,1
outbursts,1
further,1
mcclintock,1
topics,1
suffragist,1
standardized,1
hut,1
codification,1
gyanendra,1
damsel,1
performed,1
reviews,1
rectification,1
uncultivated,1
bore,1
province,1
afforded,1
resurrected,1
population,1
anonymity,1
persons,1
companies,1
hindiuism,1
sovereignty,1
philanthropists,1
enlightened,1
dirks,1
scale,1
appearing,1
placed,1
outside,1
commitments,1
revision,1
popularized,1
perform,1
judicial,1
absolute,1
instrumental,1
reluctantly,1
rukhrnabai,1
overpopulation,1
wide,1
advise,1
victorians,1
threaded,1
foregrounded,1
scene,1
huge,1
preparations,1
shape,1
sites,1
idle,1
weight,1
colonies,1
centutry,1
sounded,1
cohabit,1
mobilization,1
line,1
kailashbashini,1
urgency,1
closed,1
revealed,1
liable,1
internalization,1
unworthy,1
criticize,1
formerly,1
douglas,1
contexts,1
quintessentially,1
sanction,1
conjured,1
start,1
ideal,1
carry,1
preferred,1
remedy,1
repetition,1
coping,1
concept,1
inapplicable,1
occluded,1
attacked,1
apparent,1
edn,1
transcended,1
actors,1
comment,1
macaulay,1
supreme,1
journals,1
thoughts,1
brutal,1
description,1
restructuring,1
reliance,1
editorialized,1
realm,1
kindly,1
idiomatic,1
consistently,1
place,1
dear,1
editorial,1
koss,1
borthwick,1
demonstrates,1
partly,1
aggravated,1
enforce,1
actually,1
earn,1
statistics,1
friend,1
tharu,1
thereafter,1
eyre,1
binding,1
et,1
partiality,1
documented,1
dadajee,1
weeklies,1
speeches,1
cry,1
disciplined,1
regional,1
sacrament,1
appreciated,1
girlhood,1
endorsed,1
participate,1
sirmur,1
astute,1
terly,1
capacities,1
philosophically,1
smallest,1
meddling,1
shapiro,1
sightline,1
kale,1
dispensary,1
gracious,1
historian,1
relative,1
client,1
lips,1
correction,1
weeks,1
relentless,1
josephine,1
spouses,1
misplaced,1
violated,1
particulars,1
oriental,1
aided,1
remake,1
signing,1
staple,1
wholesale,1
governor,1
responses,1
broadcast,1
officials,1
physician,1
giant,1
correct,1
declining,1
schoolboy,1
hard,1
elect,1
constituent,1
responsibility,1
questionable,1
recapped,1
puppets,1
recast,1
revolution,1
remand,1
reliable,1
lacked,1
oxfori,1
politically,1
applicability,1
mildest,1
exhorted,1
gorst,1
destiny,1
militant,1
granddaughter,1
presumptive,1
rushed,1
sixty,1
repeated,1
veteran,1
inextricably,1
orientalist,1
heartiest,1
enslaved,1
modernizing,1
jailed,1
initiating,1
sufficient,1
coolieand,1
modernz,1
inidia,1
extracts,1
legitimize,1
compatibility,1
leather,1
folk,1
impressions,1
eclipse,1
invaluable,1
met,1
distinguished,1
carrier,1
foremost,1
malathi,1
sided,1
satirical,1
parliament,1
always,1
customary,1
condemned,1
fossilization,1
offending,1
visible,1
st,1
necessity,1
clearinghouse,1
goat,1
peculiarly,1
maintainablefirst,1
lonidon,1
proper,1
enormously,1
beauty,1
performing,1
velocity,1
remanded,1
alienated,1
grateful,1
simple,1
passive,1
hypocrisy,1
prejudicially,1
actions,1
miserable,1
suggest,1
enjoy,1
activities,1
telegraphed,1
objected,1
outcasted,1
nations,1
advertised,1
transforming,1
pertaining,1
approximate,1
sons,1
situation,1
business,1
impartial,1
forever,1
frederick,1
hegemony,1
tread,1
onset,1
positions,1
contest,1
absence,1
dreadfll,1
quar,1
functioning,1
bringing,1
hyperbole,1
contingent,1
transnational,1
separation,1
short,1
infamous,1
synthesis,1
service,1
comparative,1
resisted,1
constrnction,1
play,1
revolt,1
brief,1
forward,1
scotsman,1
contemporaty,1
appearance,1
englishmen,1
harry,1
echoing,1
rigid,1
relying,1
manifest,1
wheels,1
initially,1
reforming,1
replies,1
hero,1
reception,1
agonized,1
direction,1
vasudha,1
structural,1
sexually,1
spectacular,1
reclaimed,1
fighting,1
biological,1
legality,1
corrupting,1
guide,1
ladyi,1
contributing,1
criticism,1
misapprehension,1
sympathies,1
interpretation,1
hugh,1
opportunities,1
lyndon,1
east,1
fail,1
morgan,1
exposure,1
mitigate,1
signaling,1
relinquish,1
salutary,1
prisoners,1
constant,1
sudesh,1
liberty,1
shored,1
lord,1
purity,1
died,1
locality,1
friedrich,1
lament,1
accelerated,1
al,1
jalloo,1
illustrated,1
department,1
qualified,1
reports,1
emotional,1
increasingly,1
centu,1
journalist,1
longer,1
double,1
fix,1
administrators,1
persuasive,1
angel,1
party,1
iniquities,1
leader,1
precis,1
ameliorating,1
precocious,1
pledged,1
comparison,1
observers,1
upset,1
mediation,1
fell,1
mark,1
coincidence,1
toward,1
stating,1
conceived,1
verse,1
responsibilities,1
stripes,1
projects,1
financial,1
boor,1
stietencrom,1
sardonic,1
ban,1
lengthy,1
spader,1
lack,1
valid,1
hollow,1
head,1
response,1
regions,1
striking,1
beliefs,1
enact,1
enlcoluniters,1
regulation,1
demonstrations,1
teachers,1
factor,1
maneuver,1
suppressed,1
contradict,1
really,1
larger,1
foreigner,1
linchpin,1
diverse,1
uncle,1
energies,1
fallen,1
rigidification,1
aggravation,1
restrained,1
celebrations,1
viswanathan,1
resolved,1
reckoned,1
considerable,1
charges,1
joumrnal,1
convert,1
krishnamurty,1
publicizers,1
fragments,1
inquired,1
honor,1
procurement,1
stuff,1
shinde,1
v,1
everyday,1
performances,1
viceroy,1
ground,1
journalists,1
centre,1
decried,1
tinzes,1
manner,1
resistant,1
wearisome,1
flooded,1
consummation,1
gentlemanliness,1
philanthropy,1
developing,1
spivak,1
seventeenth,1
unclear,1
celebrated,1
verbatim,1
renaissance,1
real,1
discounted,1
competed,1
confrontation,1
coincided,1
countenanced,1
technology,1
necessary,1
favorable,1
imaperical,1
colony,1
extolling,1
norms,1
favour,1
lalita,1
manu,1
belief,1
tribulations,1
investigative,1
mort,1
bankimchandra,1
jiban,1
gives,1
pundit,1
staunchly,1
mill,1
imputed,1
day,1
historiographical,1
degree,1
remained,1
civilized,1
irish,1
raped,1
argues,1
minded,1
original,1
demonstrated,1
selfish,1
week,1
smiley,1
excerpt,1
analyzed,1
interrelated,1
collier,1
balance,1
distress,1
investment,1
parvate,1
extended,1
wifely,1
lishmen,1
kamala,1
invested,1
elocutionas,1
background,1
subjectivity,1
dufferin,1
twe,1
upon,1
prohibition,1
active,1
critiqued,1
insist,1
region,1
patricia,1
incompatibility,1
alas,1
unattached,1
delicate,1
enormous,1
revert,1
sixth,1
grandmothers,1
reside,1
genial,1
attributed,1
tenets,1
lecture,1
entirely,1
significant,1
skeptical,1
doug,1
confidence,1
pro,1
linking,1
unfortunately,1
count,1
mistake,1
repugnant,1
kept,1
virtually,1
affording,1
privileges,1
equity,1
causes,1
radicalizing,1
aside,1
prominently,1
bed,1
chastising,1
numbered,1
exhibited,1
prostituttion,1
stoler,1
grip,1
nothing,1
continue,1
examination,1
stay,1
englishwomnan,1
trip,1
heinrich,1
previous,1
option,1
delay,1
rukmibai,1
eight,1
galvanized,1
sound,1
requests,1
students,1
mahomedan,1
publish,1
vii,1
finally,1
versions,1
sentimentalization,1
shrewd,1
rejected,1
helpless,1
patna,1
fiji,1
georgina,1
corrupted,1
maharashtrian,1
headlining,1
moral,1
directed,1
worrying,1
cunningham,1
accredit,1
publication,1
virtues,1
horse,1
ricai,1
sunless,1
held,1
tampered,1
architectural,1
anne,1
allowed,1
someone,1
collaboration,1
gujerati,1
remark,1
inadequacies,1
variance,1
stages,1
ended,1
counted,1
stludies,1
shortly,1
retrieving,1
improved,1
preservation,1
remedies,1
exhortation,1
latter,1
imagination,1
exchange,1
payment,1
indubitably,1
graphic,1
facing,1
sentiment,1
jozrnal,1
cogent,1
article,1
enacted,1
trying,1
incapable,1
k,1
eyes,1
catherine,1
spokesperson,1
cultutral,1
relation,1
bahadur,1
sight,1
solidify,1
acquire,1
cooper,1
sacred,1
masculine,1
prefatory,1
hardy,1
beneficent,1
fame,1
dian,1
advertisement,1
unmistakably,1
displacements,1
travelers,1
arisen,1
nails,1
parameters,1
institution,1
tendency,1
clinched,1
attend,1
concluding,1
deigned,1
tenuous,1
embodied,1
anomaly,1
amar,1
outright,1
vain,1
hopeless,1
imperialist,1
cary,1
gifted,1
ours,1
dyas,1
culmination,1
heap,1
militancy,1
implicitly,1
carried,1
asking,1
miscellaneous,1
aspirations,1
extracted,1
christian,1
committed,1
assigned,1
monstrous,1
fueled,1
reyyet,1
emancipating,1
peers,1
violation,1
supposed,1
perspectives,1
note,1
irredeemably,1
masculinities,1
butrdens,1
ostensible,1
george,1
provide,1
mixture,1
hostile,1
broadened,1
domains,1
erase,1
foreign,1
tensionis,1
selections,1
suggestive,1
plans,1
imperatives,1
vague,1
meredith,1
stultified,1
lines,1
theist,1
deteriorated,1
urges,1
manly,1
widespread,1
resumed,1
instances,1
dragged,1
outburst,1
twain,1
success,1
reason,1
streetwalkers,1
privy,1
deathblow,1
detailed,1
barrister,1
returned,1
hers,1
lawrence,1
recalled,1
thirteen,1
subscribers,1
relevant,1
remaining,1
souith,1
govind,1
executive,1
indicate,1
discredit,1
length,1
changes,1
file,1
dipesh,1
nonintervention,1
unusual,1
construction,1
groan,1
continually,1
kumkum,1
dailies,1
impeded,1
staged,1
clarisse,1
creatures,1
countercolonial,1
edifying,1
uneducated,1
examine,1
arts,1
bolt,1
memorialized,1
legitimately,1
fought,1
blurred,1
pathologize,1
door,1
jussa,1
addressed,1
detail,1
stephen,1
enforcer,1
unrulythat,1
sections,1
unmask,1
presidency,1
quilter,1
rarely,1
thinking,1
occasional,1
aspiring,1
believed,1
prohibited,1
citizenry,1
antecedent,1
comes,1
series,1
conclusion,1
agitators,1
bootlumps,1
females,1
khartoum,1
culled,1
utterance,1
humane,1
focusing,1
circumstances,1
examiner,1
founded,1
purdah,1
needs,1
aspersions,1
demonstrate,1
extensive,1
possibly,1
ever,1
feminiismn,1
word,1
extension,1
delegates,1
totality,1
prefaced,1
baijnath,1
britaiin,1
organization,1
supported,1
borrow,1
kumar,1
text,1
wicked,1
sciences,1
appealing,1
organizational,1
blindness,1
consented,1
originated,1
starr,1
prosecution,1
resonance,1
commutnalising,1
drafting,1
crowds,1
dimension,1
toto,1
banished,1
mutually,1
uproarious,1
naturalized,1
anthropological,1
radford,1
control,1
governance,1
vidyasagar,1
anthropology,1
guaranteed,1
narrating,1
worth,1
novel,1
bless,1
save,1
temporary,1
key,1
dyer,1
banerjee,1
unknown,1
down,1
sumit,1
print,1
exercised,1
printed,1
caine,1
presence,1
bowing,1
expiration,1
dalmia,1
foundation,1
sudan,1
kumari,1
ntuy,1
hinted,1
guarantee,1
clearly,1
contradictory,1
sustaining,1
rely,1
privileged,1
embodiment,1
enforcing,1
heroine,1
visits,1
jennifer,1
purview,1
differed,1
chilcd,1
past,1
tingles,1
goddess,1
lifr,1
living,1
absolutely,1
pending,1
glory,1
justify,1
gratify,1
rukhmibai,1
breach,1
defending,1
heads,1
nominal,1
periodical,1
impulse,1
circles,1
unique,1
pandey,1
form,1
list,1
namely,1
prescriptions,1
degradation,1
sardonically,1
want,1
brahmo,1
passed,1
clamour,1
sexuialities,1
writes,1
transactions,1
ceased,1
repulsive,1
englishwonan,1
interpreting,1
listen,1
immersed,1
bridegroom,1
injunction,1
prepare,1
getting,1
sleeping,1
periphery,1
valenced,1
disavowal,1
studying,1
require,1
secure,1
amy,1
mechanistic,1
constitutional,1
annual,1
produce,1
shah,1
orthography,1
emblematic,1
observations,1
effete,1
wrongs,1
sexuial,1
urban,1
contain,1
travel,1
unnoticed,1
football,1
spaces,1
derived,1
conference,1
unseen,1
socioeconomic,1
marking,1
outline,1
transplanted,1
presented,1
emergent,1
occasionally,1
scoble,1
careful,1
eloquently,1
altered,1
ruled,1
ill,1
protected,1
cl,1
scramble,1
countrywoman,1
recapping,1
confirm,1
regulate,1
beloved,1
convinced,1
colonized,1
giving,1
step,1
rupees,1
contribute,1
possessions,1
bhadralok,1
grossberg,1
centwtty,1
indebted,1
conversely,1
appointed,1
families,1
phenomenon,1
challenges,1
mention,1
rutherford,1
representation,1
shame,1
sale,1
prepared,1
dalughters,1
sensationalizing,1
afflicted,1
suffrage,1
discriminated,1
patita,1
wild,1
survival,1
englishman,1
mps,1
presumptively,1
unable,1
reveals,1
ameirican,1
generate,1
conn,1
sexlacility,1
resist,1
genders,1
illinois,1
twentieth,1
conditions,1
frame,1
appropriate,1
grant,1
aristocratic,1
naomi,1
publishing,1
sufferings,1
structuring,1
warmed,1
insight,1
applicable,1
brute,1
unsuitable,1
enlightenment,1
proceeding,1
accompanying,1
consumption,1
green,1
gross,1
sacrificial,1
screams,1
geois,1
writer,1
thoughtful,1
twovolume,1
involving,1
willingness,1
france,1
effects,1
piece,1
prosperity,1
countrywomen,1
defiance,1
relegate,1
attempted,1
tarabai,1
organ,1
explicating,1
presenting,1
chastised,1
saturday,1
remains,1
repeat,1
increased,1
brunt,1
showed,1
reprints,1
usha,1
respective,1
moved,1
mobilized,1
evoked,1
modeling,1
plea,1
redeemable,1
emancipationist,1
certainty,1
clarify,1
shrivelled,1
revolting,1
petitioned,1
elites,1
hills,1
johnson,1
upbringing,1
consisted,1
era,1
enterprise,1
recognized,1
views,1
maximum,1
exclusively,1
solicitous,1
characters,1
entire,1
conjuncture,1
lingered,1
abandoned,1
traditional,1
images,1
glance,1
grace,1
wickedness,1
answers,1
magistrate,1
vulgar,1
infancy,1
beings,1
premature,1
darling,1
daughter,1
frankly,1
workings,1
sen,1
tragic,1
interrogated,1
