WORDCOUNTS,WEIGHT
the,1010
of,565
in,379
and,354
to,329
a,303
s,196
that,162
british,156
as,152
was,131
american,121
for,114
on,96
by,93
black,83
he,74
their,73
from,73
it,69
with,68
an,67
his,66
slaves,64
were,58
this,57
at,56
they,54
americans,54
canada,54
had,53
is,51
have,51
slave,49
britain,45
african,45
slavery,44
see,43
england,41
states,41
douglass,39
new,39
english,37
but,37
are,36
walker,35
its,35
no,34
free,34
which,34
october,33
or,32
be,32
war,31
united,31
history,30
after,29
historical,29
friends,28
who,28
not,28
review,27
our,27
could,26
all,26
has,25
revolution,25
power,25
brown,25
william,25
york,24
how,24
nation,24
people,24
when,24
negro,24
i,23
america,23
would,23
men,23
political,22
u,22
one,21
into,21
there,21
ibid,21
world,21
such,20
most,20
been,20
while,20
became,20
abolitionists,19
white,19
john,19
we,19
lion,19
freedom,19
liberty,18
government,18
state,18
those,18
may,18
london,18
man,18
him,18
wise,18
over,18
what,18
did,17
however,17
any,17
between,17
van,16
gosse,16
n,16
civil,16
south,16
upon,16
blacks,16
politics,16
canadian,16
north,16
first,15
against,15
david,15
appeal,15
them,15
before,14
great,14
emancipation,14
will,14
about,14
colored,14
more,14
frederick,14
many,14
empire,14
moral,14
where,14
west,14
c,14
abolition,13
if,13
diplomatic,13
other,13
atlantic,13
delany,13
since,13
than,13
out,13
somerset,13
ed,13
these,13
national,13
speech,13
her,13
early,13
during,12
republic,12
southern,12
us,12
including,12
so,12
james,12
quoted,12
imperial,12
through,12
years,12
themselves,12
even,11
m,11
own,11
good,11
two,11
finally,11
trade,11
like,11
can,11
then,11
among,11
should,11
later,10
solidarity,10
colonies,10
r,10
abolitionist,10
governor,10
ward,10
april,10
antislavery,10
under,10
also,10
paul,10
law,10
thomas,10
anderson,10
must,10
why,10
capital,10
virginia,10
given,10
former,9
within,9
letter,9
journal,9
found,9
public,9
massachusetts,9
july,9
yet,9
j,9
fugitive,9
made,9
she,9
citizens,9
december,9
very,9
go,8
now,8
e,8
back,8
hardly,8
organized,8
my,8
lord,8
pybus,8
because,8
blackett,8
both,8
home,8
only,8
party,8
toward,8
put,8
larger,8
crown,8
august,8
chapel,8
henry,8
itself,8
known,8
fugitives,8
boston,8
colonial,8
washington,8
jefferson,8
era,8
much,8
prince,7
federal,7
said,7
long,7
every,7
taken,7
case,7
september,7
relations,7
convention,7
freed,7
rights,7
via,7
age,7
color,7
late,7
wilberforce,7
society,7
second,7
indeed,7
same,7
spoke,7
irish,7
three,7
martin,7
queen,7
northern,7
aid,7
acs,7
hill,7
support,7
life,7
following,7
abolitionism,7
refugees,7
although,7
you,7
reached,7
policy,6
allies,6
antebellum,6
du,6
military,6
hundred,6
side,6
some,6
century,6
forced,6
subjects,6
left,6
general,6
influence,6
earlier,6
stewart,6
applause,6
understood,6
well,6
seeking,6
bois,6
ontario,6
brougham,6
texas,6
indian,6
published,6
efforts,6
indies,6
end,6
minister,6
do,6
winks,6
sir,6
thousands,6
border,6
vast,6
decision,6
force,6
claims,6
authorities,6
willingness,6
here,6
country,6
best,6
wall,6
despite,6
thousand,6
third,6
building,6
final,5
told,5
asserted,5
nineteenth,5
address,5
emancipations,5
laughter,5
leading,5
down,5
narrative,5
racial,5
king,5
mass,5
right,5
account,5
central,5
response,5
master,5
recognized,5
block,5
university,5
mane,5
just,5
w,5
bender,5
protection,5
decades,5
p,5
coloured,5
effort,5
carolina,5
let,5
troops,5
january,5
brought,5
part,5
used,5
officers,5
officials,5
protest,5
several,5
reverend,5
nations,5
battle,5
republican,5
led,5
still,5
treaty,5
read,5
god,5
culture,5
nova,5
l,5
eagle,5
reasons,5
never,5
eds,5
remained,5
began,5
ireland,5
times,5
creole,5
especially,5
enough,5
become,5
scotia,5
justice,5
visit,5
relationship,5
recognize,5
publicly,5
wars,5
know,5
global,5
leaders,5
masters,5
extradition,5
economy,5
march,5
particular,5
dallas,5
parliament,5
almost,5
popular,5
schama,5
little,5
ohio,5
role,5
tried,5
come,5
samuel,5
d,5
campaign,5
ships,5
famous,5
race,5
major,5
done,4
way,4
liberating,4
h,4
candidate,4
paper,4
something,4
chief,4
being,4
came,4
secretary,4
majesty,4
advantage,4
together,4
harriet,4
martineau,4
citizenship,4
historians,4
sought,4
welcome,4
richard,4
whites,4
thus,4
paw,4
immediate,4
development,4
de,4
insisted,4
emigration,4
insult,4
old,4
simpson,4
version,4
six,4
ringgold,4
act,4
rather,4
developed,4
opportunity,4
legal,4
b,4
benjamin,4
slaveholders,4
form,4
republicans,4
loyalists,4
edition,4
four,4
powerful,4
slaveholding,4
opinion,4
suggested,4
rule,4
speeches,4
scotland,4
your,4
provincial,4
none,4
received,4
clarkson,4
voted,4
claim,4
journeys,4
crossings,4
newspaper,4
class,4
earth,4
sense,4
soil,4
few,4
reported,4
always,4
up,4
proper,4
lincoln,4
am,4
wrote,4
garrison,4
community,4
movement,4
escaping,4
birney,4
jay,4
friendship,4
transatlantic,4
fact,4
pressure,4
time,4
navy,4
fladeland,4
road,4
armed,4
perhaps,4
runaway,4
demonstrated,4
understanding,4
identity,4
sold,4
congress,4
epic,4
dunmore,4
monkey,4
peter,4
held,4
hinks,4
escaped,4
last,4
standard,4
article,4
wells,4
versus,4
y,4
george,4
liberators,4
rough,4
independence,4
army,4
articles,4
deep,4
offers,4
refused,4
connection,4
international,4
ideological,4
audience,4
evident,4
rebellion,4
anglophobia,4
cincinnati,4
calhoun,4
millions,4
tubman,4
city,4
numerous,4
exerted,4
isles,4
offer,4
land,4
charles,4
strong,4
meeting,4
courts,3
revolutionary,3
considerably,3
church,3
center,3
large,3
settlements,3
star,3
agency,3
colonization,3
referring,3
freeman,3
eye,3
proclamation,3
different,3
common,3
else,3
davis,3
might,3
refusal,3
repr,3
official,3
words,3
gary,3
georgia,3
reach,3
newby,3
broken,3
differences,3
court,3
real,3
embrace,3
papers,3
less,3
documenting,3
vol,3
porter,3
condition,3
powers,3
obvious,3
point,3
sent,3
along,3
promises,3
himself,3
human,3
conflict,3
million,3
andrew,3
nash,3
prominent,3
explained,3
g,3
interest,3
forgotten,3
pay,3
thank,3
hawaii,3
perspective,3
rest,3
leadership,3
shall,3
promised,3
without,3
mattered,3
abolished,3
patronage,3
pressing,3
arm,3
granted,3
thing,3
direct,3
sanctuary,3
ferry,3
reason,3
send,3
suppression,3
escape,3
provinces,3
partnership,3
day,3
signed,3
clearly,3
numbers,3
mary,3
shore,3
prevent,3
democratic,3
defeat,3
generally,3
permanent,3
union,3
remembered,3
reprinted,3
based,3
called,3
richmond,3
missouri,3
shared,3
radical,3
base,3
representative,3
further,3
equal,3
produced,3
cannot,3
safe,3
refuge,3
oh,3
line,3
reader,3
annexation,3
actors,3
arming,3
loss,3
fit,3
forces,3
personal,3
away,3
shelter,3
president,3
polity,3
hard,3
politically,3
sharp,3
manchester,3
visible,3
resistance,3
peculiar,3
notes,3
newly,3
behalf,3
seemed,3
local,3
various,3
economic,3
others,3
make,3
standing,3
sensation,3
fighting,3
robin,3
frank,3
racism,3
interpretation,3
liberator,3
fifth,3
editions,3
jamaica,3
narratives,3
parties,3
rise,3
months,3
harper,3
resolution,3
fundamental,3
scholars,3
lieutenant,3
walked,3
southerners,3
children,3
angry,3
pennsylvania,3
fear,3
rhetoric,3
ripley,3
accepted,3
celebrated,3
tell,3
confrontation,3
royal,3
regarded,3
going,3
fled,3
fight,3
greatest,3
divided,3
lost,3
explanation,3
enormous,3
significant,3
use,3
largely,3
franklin,3
full,3
granville,3
historic,3
christopher,3
lobbied,3
latter,3
sojourn,3
sight,3
figures,3
fehrenbacher,3
saw,3
humanitarianism,3
christian,3
declaration,3
figure,3
foreign,3
sympathy,3
blood,3
centuries,3
instances,3
get,3
face,3
judge,3
returned,3
founded,3
demonstrate,3
constituted,3
ever,3
compensation,3
asylum,3
each,3
expatriate,3
raid,3
gone,3
money,3
loyalty,3
eventually,3
brothers,3
remond,3
seeley,3
number,3
proclaiming,3
passage,3
merely,3
proceedings,3
terms,3
making,3
character,3
statement,3
problem,3
property,3
suggests,3
level,3
november,3
charge,3
mansfield,3
think,3
leap,3
question,3
fred,3
until,3
englishman,3
argument,3
freehling,3
finding,3
instead,3
off,3
madison,3
summary,3
adopted,3
negrophobia,3
focus,3
recent,3
observed,3
stateless,2
ending,2
o,2
deny,2
declared,2
debunk,2
pittsburgh,2
opponent,2
guaranteeing,2
created,2
commitment,2
college,2
math,2
brion,2
spurred,2
pushed,2
expect,2
becoming,2
needed,2
complex,2
prime,2
horton,2
word,2
songs,2
likely,2
massa,2
true,2
bondage,2
modern,2
park,2
notwithstanding,2
ideals,2
committee,2
metropole,2
behavior,2
sappeal,2
anglophile,2
turning,2
australia,2
sources,2
certainly,2
nassau,2
pervasive,2
fund,2
attempt,2
tolerated,2
refugee,2
suggesting,2
tours,2
blind,2
onto,2
search,2
exiles,2
loose,2
mr,2
raised,2
robert,2
daniel,2
context,2
rethinking,2
tremendous,2
system,2
baton,2
nowhere,2
mortal,2
eastern,2
assertions,2
blackburn,2
draw,2
habeas,2
lionized,2
chapter,2
announced,2
prior,2
determined,2
reaching,2
lenox,2
intensively,2
vital,2
diss,2
mounting,2
taking,2
ready,2
combination,2
posture,2
benefactors,2
owners,2
laws,2
facto,2
liberated,2
exposed,2
repeatedly,2
regarding,2
jaws,2
facts,2
ethical,2
killed,2
author,2
agent,2
characteristic,2
canadians,2
reproduced,2
moment,2
brother,2
adams,2
naval,2
february,2
funds,2
cases,2
clay,2
venerable,2
bay,2
bloody,2
body,2
ithaca,2
served,2
caught,2
honour,2
effective,2
twice,2
truly,2
find,2
millwood,2
details,2
jail,2
denominations,2
commanders,2
wales,2
focused,2
subversive,2
aristocracy,2
divergence,2
loyal,2
drescher,2
poor,2
schadenfreude,2
high,2
eternal,2
bull,2
destroy,2
aimed,2
brethren,2
main,2
sympathies,2
across,2
generations,2
edward,2
levels,2
knew,2
catholics,2
titled,2
rescue,2
heard,2
certain,2
hearing,2
easily,2
pages,2
feel,2
consequences,2
means,2
settled,2
mission,2
consider,2
delegation,2
key,2
established,2
seas,2
revolutionaries,2
emergence,2
cheers,2
windfall,2
argued,2
benefited,2
colonizationists,2
cuba,2
cotton,2
rice,2
requires,2
oppression,2
servile,2
repented,2
footnote,2
constitution,2
herald,2
whom,2
example,2
premise,2
conservative,2
entering,2
bostonians,2
lived,2
patrick,2
crowd,2
demands,2
events,2
carleton,2
runaways,2
arsenal,2
term,2
fourth,2
pro,2
bag,2
silence,2
toured,2
lundy,2
applied,2
grounds,2
spiritual,2
judicial,2
explain,2
receive,2
failure,2
having,2
sphere,2
emancipated,2
disunion,2
mobilization,2
respatialization,2
protected,2
purpose,2
comment,2
englishmen,2
whole,2
year,2
gave,2
policies,2
demonstrates,2
actually,2
weekly,2
cast,2
endorsed,2
essays,2
briefly,2
shunning,2
evoking,2
sic,2
stowe,2
describing,2
cruel,2
anger,2
responsibility,2
cold,2
tom,2
crawford,2
poet,2
contrast,2
sixty,2
lords,2
emerging,2
around,2
enslaved,2
ship,2
civic,2
suddenly,2
gage,2
potent,2
lordship,2
crisscrossing,2
pa,2
paid,2
using,2
ellen,2
provided,2
settle,2
cresson,2
settlers,2
seems,2
liberation,2
threatened,2
uncommon,2
demand,2
equality,2
noble,2
bringing,2
plenitude,2
exile,2
return,2
dread,2
reconstruction,2
says,2
domination,2
sending,2
indignation,2
sheerly,2
decisions,2
direction,2
parker,2
spectacular,2
chap,2
corpus,2
once,2
repression,2
joshua,2
relied,2
selling,2
violence,2
security,2
lloyd,2
albert,2
financial,2
whose,2
birch,2
included,2
cass,2
planned,2
complete,2
note,2
memories,2
largest,2
noted,2
friend,2
vienna,2
rakish,2
raids,2
gentleman,2
wiecek,2
leader,2
successfully,2
french,2
challenge,2
stated,2
insurrections,2
mighty,2
again,2
postcolonial,2
addition,2
towards,2
tiny,2
water,2
smith,2
ban,2
shows,2
conduct,2
benevolent,2
appeared,2
lindsay,2
extradite,2
pamphlet,2
warning,2
emphatic,2
statesmen,2
considerable,2
took,2
v,2
ground,2
formation,2
reform,2
longstreet,2
pease,2
ports,2
practice,2
colony,2
wartime,2
logan,2
thoroughly,2
notion,2
another,2
imagine,2
fundamentally,2
status,2
uncle,2
treated,2
unwelcome,2
maritime,2
sides,2
loud,2
writings,2
shadd,2
prussia,2
lecture,2
nigger,2
mythos,2
refers,2
nothing,2
nationalism,2
office,2
rouge,2
versions,2
low,2
open,2
transformation,2
points,2
soldiers,2
external,2
summer,2
brewer,2
course,2
anyone,2
presidential,2
exchange,2
craft,2
narrow,2
stand,2
effect,2
claiming,2
probably,2
capitalism,2
present,2
overthrow,2
haven,2
quarterly,2
remarkable,2
la,2
widely,2
cary,2
european,2
carried,2
oxford,2
negotiations,2
experience,2
rebel,2
africa,2
window,2
clinton,2
opportunism,2
institutions,2
patriotic,2
guests,2
consent,2
inside,2
lines,2
dragged,2
undivided,2
privileges,2
worse,2
understand,2
gorsuch,2
bermuda,2
often,2
kill,2
fall,2
hope,2
respect,2
hutchinson,2
liberia,2
premier,2
fought,2
militia,2
meant,2
selectivity,2
alone,2
bench,2
victoria,2
rarely,2
preamble,2
historian,2
redemption,2
arrest,2
matters,2
extension,2
inferiority,2
offered,2
physical,2
guerrilla,2
consensus,2
set,2
mitchel,2
crowds,2
berkeley,2
ran,2
image,2
faulty,2
setting,2
seem,2
board,2
alexander,2
supremacy,2
tandem,2
ph,2
half,2
domestic,2
newman,2
guy,2
chesapeake,2
survivors,2
concrete,2
turned,2
defend,2
knows,2
born,2
waldstreicher,2
circles,2
whether,2
aiding,2
rising,2
calif,2
trope,2
steamer,2
guilty,2
debate,2
admiral,2
periphery,2
engagements,2
autobiography,2
freedpeople,2
agreed,2
constitutionalism,2
bargain,2
threat,2
felt,2
intense,2
apparatus,2
owner,2
careful,2
multiple,2
ill,2
met,2
attached,2
decisive,2
introduced,2
renounce,2
duty,2
giving,2
subject,2
simply,2
went,2
extended,2
generals,2
missionary,2
arguments,2
describes,2
mention,2
ultimately,2
presence,2
cambridge,2
conn,2
copies,2
grant,2
betty,2
motives,2
cassandra,2
judges,2
followed,2
colebrook,2
chattel,2
politicians,2
france,2
effects,2
cheering,2
consequence,2
shift,2
moved,2
mobilized,2
vessel,2
struggles,2
emancipationist,2
loyalist,2
avowed,2
irrelevant,2
entire,2
riddell,2
fellowship,2
immediately,2
conventions,2
seek,2
built,2
napoleonic,1
dynamic,1
miller,1
melioration,1
democracy,1
does,1
alake,1
superiority,1
philadelphian,1
battlefield,1
heloise,1
sharpe,1
customers,1
jaunty,1
barbara,1
lorimer,1
jury,1
possessed,1
helped,1
firmest,1
apply,1
produces,1
morgan,1
struggle,1
paralleled,1
dissipated,1
unflinching,1
phallic,1
punch,1
edge,1
ethics,1
imagining,1
conflicting,1
stamp,1
herself,1
sued,1
curtailed,1
lectureship,1
treaties,1
slaveowners,1
seminary,1
faced,1
till,1
providing,1
breathren,1
hermetically,1
harlow,1
britishness,1
breathe,1
truth,1
represent,1
tory,1
credibility,1
widening,1
elliot,1
extend,1
burlesque,1
protestant,1
interventions,1
episodes,1
jane,1
fault,1
highminded,1
join,1
outlaws,1
wholehearted,1
jure,1
epidemic,1
transfixed,1
deceived,1
legendary,1
succession,1
introduction,1
ostentatiously,1
distributed,1
berlin,1
crossing,1
counterposed,1
cochrane,1
sympathetic,1
speakers,1
measurable,1
enduring,1
dignity,1
denied,1
henson,1
systematically,1
instructions,1
eke,1
apologists,1
fate,1
interviewing,1
certificates,1
birmingham,1
principle,1
privation,1
formed,1
rogers,1
organic,1
darkest,1
schools,1
authority,1
units,1
murder,1
strictly,1
crummell,1
completely,1
coalition,1
sudden,1
convict,1
inconsistent,1
theamerican,1
earthly,1
bryan,1
seward,1
beman,1
encirclement,1
genius,1
conscious,1
peroration,1
odyssey,1
nerve,1
beleaguered,1
trace,1
ruins,1
courthouse,1
position,1
servitude,1
justified,1
western,1
barest,1
equated,1
necessarily,1
encourage,1
andanalysis,1
guyana,1
niggers,1
sr,1
whigs,1
discriminatory,1
uses,1
haskell,1
interpretative,1
induced,1
contested,1
alleged,1
weeks,1
hearts,1
princeton,1
amongst,1
pioneers,1
reich,1
precursors,1
missive,1
intimidate,1
women,1
duchess,1
efficacy,1
intentions,1
fiercest,1
myriad,1
brutal,1
joe,1
peaked,1
lower,1
island,1
invoking,1
railroads,1
discretion,1
either,1
explaining,1
stressed,1
tappan,1
screaming,1
promissory,1
fulcrum,1
embraced,1
parliamentary,1
jackson,1
infringe,1
roman,1
utopia,1
pursuits,1
victim,1
bassette,1
finger,1
exaggerated,1
contingent,1
ii,1
implications,1
give,1
flouted,1
rested,1
feeling,1
vols,1
investments,1
actual,1
degree,1
confederation,1
garrisonian,1
ourselves,1
patronized,1
freely,1
diseases,1
shadrach,1
departure,1
unification,1
experiments,1
bloomington,1
slashing,1
friendly,1
dangling,1
futile,1
unjust,1
heels,1
possibilities,1
rhode,1
principles,1
height,1
defections,1
tucked,1
brazilians,1
cartoon,1
assertion,1
prop,1
borders,1
highland,1
poverty,1
harder,1
momentum,1
pettinger,1
solace,1
throughout,1
timing,1
wave,1
analyses,1
validated,1
fully,1
nineteen,1
elgin,1
confront,1
fruits,1
studied,1
absentmindedness,1
able,1
recruit,1
roused,1
thanks,1
procedure,1
secessionists,1
scheme,1
volunteered,1
graham,1
listing,1
phobia,1
subsequent,1
jervey,1
help,1
lodge,1
voided,1
foolish,1
toleration,1
chancellor,1
tangible,1
mind,1
infinitely,1
virthe,1
alert,1
airing,1
greatly,1
precisely,1
sacred,1
marine,1
worked,1
pitt,1
slavish,1
link,1
reading,1
signs,1
governors,1
hostility,1
barred,1
motivated,1
minimized,1
robeson,1
calculus,1
legend,1
producing,1
overpowered,1
courage,1
partners,1
issue,1
acknowledged,1
influx,1
jurors,1
paws,1
ascribed,1
eminent,1
existence,1
resulted,1
theatrics,1
treason,1
portugal,1
seven,1
unifying,1
formulation,1
bird,1
mei,1
task,1
captures,1
motion,1
contretemps,1
effaces,1
matthew,1
encouraging,1
bases,1
backer,1
saying,1
sexual,1
hall,1
emigrant,1
thick,1
labours,1
undercut,1
preordained,1
abhor,1
suppress,1
boasted,1
opened,1
capable,1
possible,1
marked,1
watched,1
machinery,1
cooperation,1
enforcement,1
ballads,1
captivity,1
cowards,1
reply,1
sumter,1
afterward,1
furor,1
election,1
assure,1
functions,1
wellarmed,1
pronouncements,1
move,1
occupy,1
cadre,1
rid,1
apocalyptic,1
professor,1
ruefully,1
indigent,1
whatever,1
apart,1
radicals,1
europe,1
except,1
mum,1
jove,1
treating,1
ignores,1
intelligent,1
reminding,1
advocating,1
climax,1
anglophilia,1
desirable,1
chart,1
mountains,1
representing,1
enter,1
financed,1
novascotia,1
brew,1
expeditionary,1
beneath,1
forged,1
tate,1
masonic,1
personalization,1
stirring,1
flocked,1
benefit,1
rapine,1
apologies,1
collection,1
intervention,1
belly,1
evaluating,1
harold,1
inciting,1
vindication,1
wherever,1
exist,1
labor,1
learned,1
cornwallis,1
bluster,1
otherwise,1
wonderfully,1
haitians,1
amendment,1
complied,1
apex,1
assaying,1
machine,1
zanesville,1
subhuman,1
southampton,1
southwestern,1
historically,1
numberspoliticized,1
montreal,1
pursuer,1
nn,1
commending,1
invisibility,1
scornful,1
reject,1
inevitable,1
run,1
medical,1
bent,1
farfetched,1
conductor,1
sustain,1
visited,1
victory,1
stakes,1
silent,1
neighbors,1
toasts,1
sierra,1
lectures,1
reflection,1
relatively,1
singularly,1
vigilance,1
speaking,1
marshals,1
enjoying,1
condescension,1
inhumane,1
reformers,1
jr,1
paphr,1
passports,1
advertiser,1
ofamerica,1
noting,1
dubbed,1
ability,1
topic,1
expected,1
options,1
farewell,1
vanished,1
senate,1
beloved,1
cholmondeley,1
taste,1
exercise,1
turn,1
estimates,1
quarles,1
nelson,1
inserted,1
arc,1
wander,1
developments,1
blame,1
deeds,1
illuminates,1
haunted,1
places,1
person,1
blank,1
veto,1
moralistic,1
depend,1
disparity,1
illogic,1
profound,1
amount,1
contrary,1
postmodern,1
blend,1
syracuse,1
monarchical,1
extraordinary,1
inclusion,1
young,1
ample,1
suitable,1
quit,1
egypt,1
compared,1
illustrator,1
packet,1
estimate,1
avowal,1
rendezvous,1
reveled,1
died,1
historicizes,1
marvelous,1
landmark,1
conspiracy,1
drawn,1
imaginary,1
peasantry,1
student,1
gambit,1
garnet,1
ingredient,1
neighboring,1
oratorical,1
vice,1
gaze,1
architects,1
colonials,1
patrons,1
dublin,1
apparently,1
exempt,1
atlanticist,1
deeply,1
impudent,1
indigenous,1
departed,1
aethiopian,1
repudiated,1
wounded,1
codification,1
renege,1
delivered,1
listeners,1
generation,1
immunity,1
weakness,1
acknowledge,1
sisters,1
bothered,1
departures,1
cites,1
paralleling,1
intruded,1
repent,1
gillespie,1
partisan,1
battles,1
remind,1
pastness,1
failed,1
site,1
steps,1
dignitaries,1
sixteen,1
steal,1
simultaneously,1
fort,1
omitting,1
sardinia,1
adulation,1
philadelphia,1
disparaged,1
expatriates,1
german,1
played,1
air,1
personages,1
endgame,1
frustration,1
observers,1
devastating,1
bring,1
exhausted,1
continent,1
traffic,1
sensing,1
declaring,1
activists,1
denouncing,1
debated,1
love,1
illustration,1
smoking,1
mammoth,1
sort,1
affairs,1
basic,1
thou,1
en,1
fantasies,1
seaboard,1
demolished,1
sorely,1
organize,1
myself,1
oppress,1
process,1
bond,1
permission,1
levine,1
sharpened,1
practiced,1
parents,1
killing,1
waned,1
order,1
deprived,1
bahamas,1
vicki,1
proportion,1
associate,1
institutionalized,1
fourarticles,1
connected,1
sarah,1
similar,1
humanity,1
importance,1
lamented,1
pressured,1
derived,1
merze,1
pointing,1
hodges,1
divined,1
forget,1
mercer,1
compromises,1
enacted,1
enabled,1
earl,1
receding,1
lawyer,1
impressed,1
congressional,1
overlooked,1
space,1
front,1
outrage,1
precious,1
howe,1
addressing,1
guides,1
contestation,1
lose,1
despise,1
soul,1
directory,1
eighteen,1
determination,1
spent,1
colonizing,1
nor,1
romantic,1
bad,1
dares,1
theorists,1
vastly,1
want,1
godlike,1
wanted,1
praise,1
source,1
obsessive,1
tensions,1
shaming,1
cultivators,1
organization,1
fast,1
modernity,1
river,1
statistical,1
discouraged,1
dwight,1
mean,1
familiar,1
retained,1
descent,1
indenture,1
plenary,1
cassell,1
seeing,1
presumably,1
wealth,1
liberal,1
underlines,1
threatening,1
days,1
holton,1
impact,1
receiving,1
policeman,1
promotion,1
gradually,1
phantasy,1
beecher,1
house,1
extremis,1
comity,1
fore,1
invalidating,1
observations,1
repudiating,1
unchangeable,1
ministers,1
initiative,1
delta,1
valued,1
yea,1
store,1
follow,1
statenation,1
inflated,1
efficient,1
subversively,1
isolation,1
finsbury,1
jurisdiction,1
whiggish,1
journalistic,1
stark,1
obloquy,1
problems,1
spins,1
disloyalty,1
impotence,1
expulsion,1
instance,1
embassy,1
visibly,1
guarantee,1
injustice,1
shifted,1
crucially,1
attitude,1
endemic,1
orators,1
publicity,1
shippers,1
weighed,1
englishwomen,1
escapes,1
negroes,1
provisional,1
strategy,1
trained,1
admiration,1
view,1
dependency,1
sixties,1
conflicts,1
escorted,1
awaited,1
disappeared,1
banning,1
taught,1
angela,1
whereas,1
greater,1
opening,1
arrived,1
theft,1
divines,1
laziness,1
lead,1
upholders,1
affiliated,1
location,1
arrival,1
asserts,1
bearing,1
dollars,1
harbor,1
future,1
appearance,1
armies,1
histories,1
communion,1
arnett,1
entered,1
plot,1
underwriting,1
hands,1
jealously,1
savagery,1
fell,1
martyr,1
replenishing,1
brigadier,1
vulnerability,1
scenes,1
circa,1
census,1
realize,1
settler,1
insisting,1
virginians,1
writ,1
captured,1
shield,1
statelets,1
constantly,1
crossed,1
repudiate,1
juries,1
deporting,1
embedded,1
accurately,1
applying,1
rebellious,1
weakest,1
spotted,1
outset,1
suffering,1
undeniable,1
embarrassing,1
occupation,1
supporters,1
traced,1
yolu,1
unpoliced,1
though,1
cultural,1
elemental,1
nobles,1
cuts,1
sentimental,1
encourager,1
michigan,1
skilled,1
stressing,1
lethal,1
activist,1
leonard,1
bore,1
awaken,1
require,1
obligated,1
viewed,1
absorption,1
recently,1
population,1
persons,1
meet,1
wherein,1
invading,1
sheltering,1
groundwork,1
scale,1
trajectory,1
placed,1
extrapolation,1
ford,1
mcpherson,1
ofamerican,1
emigrationist,1
absolute,1
approached,1
required,1
zenith,1
reluctantly,1
ears,1
providential,1
opposition,1
claimants,1
victorians,1
gods,1
trafalgar,1
sacrifice,1
balance,1
touring,1
bastion,1
possibility,1
unraveled,1
favor,1
aging,1
affair,1
royalist,1
aspects,1
deprive,1
exert,1
shape,1
verdict,1
abuse,1
rescues,1
throne,1
conservatives,1
participation,1
unequal,1
imprisoned,1
ginia,1
basis,1
bestrode,1
crushed,1
accounting,1
depots,1
seminal,1
closed,1
fitzgeralds,1
foresaw,1
egalitarian,1
arrives,1
northerners,1
work,1
ira,1
amos,1
planning,1
abroad,1
evading,1
already,1
start,1
hang,1
sublimer,1
repetition,1
odds,1
huffed,1
descendant,1
story,1
attacked,1
tens,1
rollin,1
drew,1
symbiotic,1
virtues,1
damnation,1
newfoundland,1
knowledge,1
repentance,1
calls,1
esp,1
secret,1
chastening,1
supreme,1
tune,1
description,1
ten,1
hegemon,1
got,1
genuine,1
minuet,1
consistently,1
discussions,1
place,1
abel,1
alasdair,1
poured,1
exempted,1
reduces,1
enforce,1
underscored,1
anxieties,1
participated,1
vociferous,1
cabin,1
dumond,1
binding,1
tumultuous,1
transported,1
breeder,1
proliferation,1
imploring,1
pseudoscientific,1
gentlemen,1
legislation,1
employed,1
proscriptions,1
anticipating,1
bid,1
project,1
seductive,1
revenge,1
interpreted,1
posturing,1
visions,1
famine,1
strongest,1
markedly,1
abolish,1
gap,1
embargo,1
sprang,1
misguided,1
refuse,1
launching,1
interracial,1
citing,1
terror,1
signing,1
social,1
psychologically,1
biracial,1
solution,1
niagara,1
least,1
punctuated,1
uniting,1
commerce,1
correct,1
caused,1
presented,1
foolery,1
aroused,1
especial,1
things,1
seized,1
stage,1
straight,1
abjure,1
dictionary,1
grew,1
stafford,1
hired,1
currents,1
senator,1
trading,1
next,1
son,1
warrant,1
wing,1
clothes,1
destiny,1
ministries,1
discourse,1
meekly,1
quite,1
settlement,1
amani,1
acted,1
prologue,1
repeated,1
specifically,1
brewing,1
openly,1
summon,1
primarily,1
vaunted,1
weighty,1
ignore,1
christiana,1
pregnant,1
migration,1
concerns,1
propelled,1
members,1
highly,1
grow,1
executed,1
lawyers,1
governments,1
disabilities,1
county,1
compromise,1
observe,1
notorious,1
startling,1
protect,1
humbled,1
continuing,1
petitions,1
impossible,1
philip,1
mobbed,1
core,1
maine,1
christians,1
alvanley,1
beacon,1
inability,1
starkest,1
st,1
minkins,1
paranoid,1
majority,1
attended,1
spurious,1
lacuna,1
filling,1
surrendered,1
protectorate,1
depravity,1
notice,1
enormously,1
regulating,1
value,1
crime,1
grateful,1
flag,1
monarchy,1
inducted,1
cascade,1
evoked,1
welcoming,1
valuable,1
disturbing,1
sophistication,1
retreating,1
enjoy,1
baptist,1
avoid,1
subsequently,1
conceal,1
repatriation,1
condemn,1
transforming,1
twentythird,1
defended,1
counteract,1
privilege,1
hatch,1
highlights,1
sail,1
panoramic,1
insurgency,1
sovereign,1
situation,1
zest,1
sylvia,1
fly,1
havens,1
chains,1
cuban,1
reduced,1
hegemony,1
philanthropic,1
onset,1
advocate,1
matter,1
attempts,1
materials,1
entitled,1
functioning,1
succored,1
guarded,1
letters,1
scientific,1
mexico,1
statecraft,1
interference,1
action,1
concede,1
kenneth,1
red,1
waning,1
glasgow,1
short,1
normalization,1
service,1
trumpeted,1
efflorescence,1
expansion,1
alliance,1
preludes,1
play,1
deadly,1
onward,1
revolt,1
classic,1
brief,1
articulates,1
albany,1
exception,1
founding,1
benefiting,1
sitting,1
quailed,1
mystique,1
oppressed,1
prove,1
mercy,1
substance,1
technically,1
murderous,1
bill,1
attacking,1
everywhere,1
premises,1
cracks,1
liberalism,1
collapsed,1
resurrection,1
rationale,1
backed,1
hold,1
innovation,1
trusteeship,1
positive,1
mcafee,1
powerfully,1
confronting,1
wilmington,1
dominion,1
containment,1
cheap,1
depicted,1
sweeping,1
simultaneous,1
emerged,1
stalled,1
edited,1
brode,1
reference,1
meanwhile,1
refusing,1
push,1
examined,1
repressive,1
represents,1
cleveland,1
accident,1
happened,1
divertissement,1
thought,1
residence,1
soon,1
evil,1
continuity,1
chatham,1
assemblies,1
disastrous,1
dissemble,1
disparage,1
abolitions,1
expediency,1
salient,1
marshall,1
abeokuta,1
acting,1
operated,1
railroad,1
insurgents,1
potboilers,1
nat,1
genteel,1
orders,1
informal,1
moorfields,1
light,1
soviet,1
keeping,1
pioneered,1
teaching,1
yoke,1
choices,1
formalized,1
passionately,1
baltimore,1
germinated,1
flight,1
reprint,1
emigrate,1
department,1
neighborhood,1
toronto,1
quotations,1
innate,1
frameworks,1
debtors,1
bordering,1
highness,1
useful,1
administrators,1
seymour,1
stemmed,1
renwick,1
cork,1
lewis,1
critiques,1
anticolonial,1
tour,1
unmistakably,1
ind,1
segments,1
paladin,1
attacks,1
factory,1
mentions,1
amherstburg,1
death,1
pointed,1
foredeck,1
available,1
mifflin,1
similarly,1
campaigning,1
goodly,1
rock,1
excellency,1
projects,1
sardonic,1
speaks,1
communal,1
nationhood,1
historiography,1
faster,1
idea,1
sing,1
turner,1
treatment,1
bourgeoisie,1
fearing,1
emancipationism,1
striking,1
minnesota,1
aegis,1
utilizing,1
plan,1
documents,1
confederacy,1
conceivable,1
fleeing,1
exclusion,1
dissension,1
choice,1
viii,1
delegates,1
pretty,1
authorized,1
grave,1
excoriation,1
ideology,1
connell,1
banks,1
hear,1
forge,1
plagued,1
anglophilism,1
emphatically,1
debates,1
everything,1
seize,1
arthur,1
contemporary,1
doubt,1
resolved,1
venture,1
damned,1
pattern,1
gleefully,1
orphans,1
audiences,1
removal,1
starvation,1
inviolability,1
honor,1
upper,1
forms,1
readers,1
outside,1
racist,1
greeted,1
blackness,1
heart,1
fame,1
paris,1
feted,1
spain,1
oppressors,1
corps,1
actor,1
fratricidal,1
model,1
discussing,1
derivation,1
discuss,1
purposes,1
refrain,1
newport,1
richards,1
hated,1
michael,1
admixture,1
foot,1
answer,1
fatuity,1
provisions,1
forth,1
stirred,1
reminders,1
unchristian,1
favorable,1
cubans,1
nestle,1
indifferent,1
denounces,1
envied,1
woman,1
native,1
jeremiah,1
injecting,1
books,1
sung,1
compelled,1
trial,1
duet,1
sell,1
distance,1
jacobs,1
bearers,1
threats,1
slaveholder,1
disregarded,1
doctrine,1
deficit,1
harvey,1
alan,1
civilized,1
charleston,1
minded,1
original,1
simon,1
meetings,1
temperley,1
messengers,1
referred,1
associates,1
investment,1
rayford,1
investigated,1
theirs,1
backers,1
churches,1
father,1
retort,1
survive,1
effectiveness,1
birth,1
leone,1
craig,1
staging,1
susannah,1
derision,1
giddings,1
range,1
gravest,1
implicated,1
augustus,1
denounced,1
represented,1
argyll,1
evacuation,1
discrimination,1
pouncing,1
region,1
repatriating,1
martial,1
colours,1
ridiculous,1
signaled,1
passes,1
stultify,1
wheatley,1
kousser,1
hereby,1
pitch,1
silverman,1
ruling,1
services,1
stipulating,1
mobs,1
elite,1
ingratitude,1
eaklor,1
entirely,1
expression,1
hosted,1
fractious,1
angle,1
overtones,1
transcendent,1
plantation,1
virtually,1
factor,1
lapsansky,1
jerome,1
engaging,1
emigrated,1
origin,1
pleasure,1
unfortunates,1
reprinting,1
questions,1
bitter,1
processes,1
hibernophobic,1
take,1
talons,1
rare,1
recovery,1
pamphlets,1
catharines,1
stay,1
trust,1
fantastic,1
dealer,1
sinned,1
previous,1
literate,1
imagery,1
traders,1
recruitment,1
reinforcing,1
eight,1
ratified,1
california,1
collaborators,1
students,1
underwent,1
described,1
douglas,1
anthology,1
platform,1
exceedingly,1
negotiating,1
ractice,1
xpedients,1
steering,1
crises,1
quotation,1
clear,1
urbana,1
provoked,1
josiah,1
frustrated,1
authors,1
tories,1
welcomed,1
language,1
obtaining,1
raided,1
safety,1
odious,1
oldfield,1
urge,1
correcting,1
logic,1
diplomats,1
workers,1
eve,1
individual,1
crisis,1
pride,1
liberate,1
admirer,1
democratizing,1
caribbean,1
covering,1
flood,1
exemplary,1
spread,1
sat,1
function,1
capitalized,1
clef,1
rael,1
econocide,1
pathetic,1
stresses,1
driven,1
surer,1
filled,1
kept,1
accurate,1
keen,1
klingberg,1
dekalb,1
bailiffs,1
expressing,1
palmerston,1
competition,1
legitimating,1
ignorance,1
generating,1
quick,1
foner,1
outcry,1
fanatics,1
faith,1
pardoned,1
graphic,1
upstart,1
facing,1
anachronistic,1
wilkins,1
guilt,1
mariners,1
seventy,1
incapable,1
study,1
racialism,1
newspapers,1
presbyterians,1
hand,1
yankees,1
ann,1
exactly,1
deliberate,1
lists,1
excluded,1
enjoyed,1
enemies,1
electric,1
extravagance,1
postwar,1
beneficent,1
grudging,1
looks,1
conscience,1
advertisement,1
slightly,1
loathe,1
dominance,1
bestowed,1
morris,1
kenny,1
trot,1
irrevocably,1
completion,1
relative,1
attend,1
jerry,1
invocations,1
overdetermined,1
sugar,1
misidentify,1
ago,1
shaftesbury,1
louisiana,1
innocent,1
cheered,1
materially,1
vain,1
attention,1
anglophone,1
repose,1
disgusted,1
braggadocio,1
concluded,1
species,1
dismiss,1
hinging,1
rope,1
suggest,1
polemicists,1
wished,1
asking,1
aspirations,1
undifferentiated,1
physician,1
lifetime,1
posse,1
fueled,1
springing,1
emancipating,1
today,1
infighting,1
courting,1
belonged,1
raise,1
masse,1
complexion,1
sealed,1
independent,1
involving,1
movements,1
underground,1
assert,1
humanitarian,1
chance,1
five,1
sardonically,1
buyers,1
obscures,1
succoring,1
bound,1
isolate,1
pieces,1
stocks,1
reasonable,1
imperatives,1
exacerbated,1
celebration,1
favour,1
bono,1
kneeling,1
leslie,1
iab,1
halifax,1
slow,1
becomes,1
deborah,1
predatory,1
antidote,1
success,1
broad,1
execution,1
insist,1
seen,1
annie,1
strongly,1
imperialism,1
establish,1
precedents,1
requests,1
colour,1
wilson,1
excited,1
legitimacy,1
furnish,1
indignity,1
countries,1
littoral,1
linking,1
fervent,1
secessionism,1
successor,1
insistence,1
satisfaction,1
exclude,1
analysis,1
lever,1
continually,1
spies,1
involuntary,1
fostered,1
underscores,1
surprising,1
dead,1
composed,1
enforced,1
fields,1
humiliation,1
frey,1
mccarter,1
intermittent,1
mirror,1
sailors,1
respite,1
results,1
marquis,1
roads,1
diplomatically,1
seat,1
niger,1
attachment,1
earliest,1
freeing,1
considered,1
door,1
austria,1
founders,1
lethally,1
tyrant,1
sections,1
rebut,1
acquired,1
proof,1
extol,1
constant,1
citizen,1
regiments,1
reliant,1
elected,1
forma,1
psychological,1
calling,1
broke,1
hanging,1
naples,1
intervened,1
whig,1
agitators,1
governmental,1
esteems,1
colonists,1
comparison,1
peoples,1
biography,1
examiner,1
philanthropy,1
extending,1
urgent,1
athens,1
agents,1
instructed,1
struck,1
hemp,1
accounts,1
invoked,1
too,1
addressed,1
theme,1
woody,1
totality,1
satisfactory,1
conversing,1
exacted,1
recruits,1
fulbright,1
moser,1
md,1
june,1
text,1
funding,1
symbol,1
secession,1
obtuse,1
colonialism,1
potential,1
column,1
phillis,1
comparative,1
forty,1
labeling,1
legislature,1
patriot,1
spectacles,1
natural,1
continental,1
impolitic,1
mutually,1
hyperbolic,1
removed,1
control,1
hampton,1
muting,1
commonplace,1
readily,1
sentimentalized,1
guaranteed,1
scots,1
reciprocal,1
descriptions,1
elites,1
tableturning,1
india,1
novel,1
mixing,1
affirming,1
bless,1
confident,1
accustomed,1
industry,1
amoral,1
whitfield,1
ubiquitous,1
ahr,1
style,1
attends,1
printed,1
propaganda,1
universal,1
regard,1
allied,1
drifted,1
post,1
iii,1
lodges,1
fifteen,1
stretching,1
linked,1
expresses,1
enemy,1
asserting,1
greenberg,1
enforcing,1
written,1
longstanding,1
precarious,1
ordered,1
gilded,1
vicarious,1
chairman,1
cities,1
examining,1
emancipate,1
happiness,1
distinctive,1
past,1
essentially,1
expel,1
pour,1
recorder,1
imbroglio,1
works,1
living,1
smuggle,1
ashworth,1
oliver,1
kidnapper,1
conceding,1
charged,1
believed,1
beginning,1
southerner,1
triagonal,1
thanked,1
game,1
quiet,1
scholarly,1
purchase,1
boarded,1
automatically,1
exposing,1
recession,1
literature,1
notable,1
protections,1
impulse,1
combined,1
kidnapped,1
kevin,1
rose,1
nationalist,1
offering,1
maryland,1
evangelical,1
abraham,1
lane,1
quote,1
thirty,1
maintain,1
attitudes,1
delegate,1
gaolers,1
edinburgh,1
lengths,1
demerara,1
exemplified,1
axis,1
woodward,1
listen,1
tsar,1
foundations,1
webster,1
commander,1
mandated,1
expressly,1
midamerican,1
secure,1
glee,1
boys,1
constitutional,1
wedgwood,1
enslavement,1
backing,1
proposing,1
indifference,1
precedent,1
anna,1
don,1
quincy,1
ideal,1
rally,1
hundreds,1
sentenced,1
permeated,1
vicepresidential,1
travel,1
fourteen,1
vessels,1
noticeably,1
conference,1
presume,1
empowering,1
hindsight,1
massed,1
howard,1
neck,1
denouement,1
intention,1
demarcated,1
lois,1
wedge,1
code,1
recognition,1
ruled,1
overseeing,1
sea,1
waramerica,1
revolutions,1
sneered,1
huber,1
toothless,1
nadir,1
prospect,1
demanded,1
scoffed,1
easy,1
convinced,1
mayor,1
manifold,1
preached,1
respectable,1
returning,1
step,1
patricks,1
acute,1
putnam,1
policymaking,1
possessions,1
entry,1
bloodlust,1
demanding,1
policymakers,1
lesson,1
merchant,1
equipped,1
salvaged,1
smacked,1
families,1
stevenson,1
phenomenon,1
symbiosis,1
indians,1
exceptionally,1
maintained,1
isolated,1
coming,1
dissidents,1
despised,1
heroic,1
jacksonian,1
laugh,1
remarks,1
dominant,1
minerva,1
woodrow,1
eric,1
afflicted,1
sanctioned,1
wild,1
spirit,1
understandings,1
baited,1
chaired,1
complexional,1
internationalization,1
bracing,1
annunciation,1
editor,1
sutherland,1
vann,1
resist,1
intensified,1
donald,1
quest,1
wis,1
twentieth,1
fraud,1
institutional,1
opens,1
internally,1
write,1
exslaves,1
vernacular,1
irrepressible,1
aware,1
battalion,1
deterrents,1
wish,1
brain,1
contributed,1
actively,1
include,1
typically,1
integrated,1
neutered,1
cooper,1
enabling,1
ashmun,1
evidence,1
tenniel,1
hardening,1
prohibition,1
landed,1
regular,1
rival,1
piece,1
defined,1
forming,1
buchanan,1
enlisting,1
area,1
captain,1
chastised,1
measured,1
enclosure,1
remains,1
association,1
speak,1
archaic,1
desert,1
maintaining,1
anonymous,1
needs,1
specific,1
territories,1
slavers,1
chattels,1
restive,1
passages,1
collective,1
industrialists,1
fortuitous,1
nestled,1
mason,1
petitioned,1
russia,1
redolent,1
massive,1
scholarship,1
succeeded,1
enterprise,1
supporter,1
jason,1
create,1
uncertainty,1
nathaniel,1
fears,1
views,1
royalists,1
yorktown,1
discombobulating,1
import,1
uniformed,1
documentary,1
vagaries,1
propertied,1
traditional,1
winston,1
gulf,1
testified,1
complicit,1
territorially,1
colonel,1
exchanges,1
laborers,1
cross,1
invitation,1
premature,1
middle,1
ga,1
successive,1
editorial,1
doing,1
cuffe,1
roles,1
politician,1
close,1
draft,1
outlawed,1
vividly,1
mouldering,1
ressentiment,1
policing,1
retrospect,1
