WORDCOUNTS,WEIGHT
the,640
of,475
and,288
to,272
in,238
a,152
printing,145
that,133
johns,116
as,116
by,92
is,92
s,88
book,86
he,71
for,68
it,67
was,66
with,66
end,62
start,59
from,59
press,58
on,57
his,55
eisenstein,53
were,52
nature,50
i,45
but,45
be,44
not,42
this,41
who,41
an,40
my,38
revolution,38
one,31
had,31
about,31
or,30
all,29
printers,29
more,29
also,29
historical,29
history,28
no,28
new,28
early,27
century,26
work,26
at,25
other,25
such,25
are,25
print,25
they,24
see,23
review,22
how,22
their,22
english,21
has,21
than,21
l,21
have,20
its,19
been,19
texts,19
american,18
some,18
february,18
out,18
even,17
when,17
which,17
so,17
what,17
modern,16
england,16
reading,16
galileo,16
only,16
books,16
we,16
printed,16
seems,15
there,15
n,15
world,15
elizabeth,15
same,15
john,15
did,15
into,14
many,14
after,14
over,14
given,13
studies,13
blaeu,13
too,13
any,13
different,13
unacknowledged,13
much,13
editions,12
account,12
point,12
short,12
culture,12
trade,12
tycho,12
science,12
between,12
foxe,12
first,11
revisited,11
most,11
could,11
output,11
well,11
invention,11
renaissance,11
publication,11
would,11
them,11
writes,11
later,10
being,10
europe,10
edition,10
noted,10
set,10
moxon,9
those,9
rather,9
just,9
because,9
data,9
people,9
construct,9
two,9
hand,9
eds,9
martin,9
me,9
cambridge,9
among,9
does,8
before,8
historians,8
de,8
without,8
earlier,8
term,8
produced,8
place,8
shops,8
will,8
french,8
paris,8
readers,8
often,8
centuries,8
works,8
both,8
publishers,8
although,8
way,7
condorcet,7
long,7
might,7
case,7
far,7
since,7
stationers,7
gutenberg,7
makes,7
special,7
age,7
used,7
example,7
knowledge,7
bible,7
change,7
provided,7
led,7
make,7
under,7
diverse,7
where,7
another,7
credit,7
eighteenth,7
him,7
continental,7
cosmopolitan,7
recent,7
common,6
manuscript,6
chartier,6
practices,6
taken,6
sixteenth,6
thus,6
served,6
jean,6
latin,6
important,6
p,6
numerous,6
caxton,6
own,6
several,6
fixity,6
letters,6
reference,6
read,6
thought,6
us,6
index,6
treatment,6
never,6
use,6
processes,6
nothing,6
authors,6
craft,6
do,6
kepler,6
ago,6
copying,6
note,6
inventor,6
must,6
shapin,6
setting,6
very,6
william,6
while,6
art,6
come,6
dutch,6
now,5
concerned,5
word,5
favor,5
western,5
title,5
paper,5
said,5
script,5
deemed,5
robert,5
within,5
ignores,5
collection,5
silent,5
roger,5
tables,5
codex,5
issued,5
conducted,5
turn,5
bacon,5
back,5
importance,5
consequences,5
references,5
changes,5
university,5
consider,5
section,5
found,5
amsterdam,5
london,5
claim,5
up,5
wrote,5
oxford,5
yet,5
complete,5
ed,5
reports,5
enough,5
relevant,5
until,5
years,5
made,5
aside,5
nevertheless,5
significance,5
thomas,5
outside,5
study,5
topics,5
attention,5
impersonal,5
version,5
printer,5
regard,5
making,5
almost,5
introduced,5
course,5
instead,5
evidence,5
shift,5
offered,5
images,5
concern,4
affected,4
essays,4
continent,4
ways,4
schaffer,4
either,4
every,4
fifteenth,4
j,4
words,4
company,4
court,4
products,4
take,4
real,4
mind,4
issue,4
adrian,4
mass,4
say,4
establishment,4
cited,4
letter,4
throughout,4
development,4
against,4
agent,4
uniformity,4
publications,4
cites,4
communications,4
may,4
whose,4
across,4
needham,4
scribal,4
means,4
w,4
retrospective,4
protestant,4
view,4
result,4
public,4
late,4
cultural,4
procedures,4
comment,4
whole,4
employed,4
copernicus,4
matter,4
european,4
scientific,4
licensing,4
single,4
depicted,4
specimens,4
ancient,4
illustrated,4
gentlemen,4
social,4
name,4
put,4
consideration,4
time,4
v,4
seventeenth,4
identity,4
louis,4
previous,4
clear,4
three,4
agreement,4
essay,4
anachronistic,4
especially,4
editors,4
can,4
story,4
present,4
assigned,4
spelling,4
foreign,4
contrast,4
why,4
fall,4
get,4
pirated,4
natural,4
each,4
steven,4
calif,4
contemporaries,4
became,4
commercial,4
argument,4
copies,4
effects,4
themselves,4
views,4
here,4
ars,3
brahe,3
difficult,3
if,3
anthony,3
measures,3
center,3
large,3
library,3
true,3
character,3
lowry,3
came,3
rapid,3
experiments,3
great,3
grub,3
date,3
precisely,3
stopped,3
takes,3
dissemination,3
forthcoming,3
unaware,3
hall,3
presses,3
design,3
chapter,3
warner,3
descartes,3
west,3
repeatedly,3
human,3
royal,3
divine,3
dismisses,3
nor,3
concerning,3
ithaca,3
compared,3
y,3
journal,3
handpress,3
shall,3
master,3
air,3
testimony,3
johannes,3
sherman,3
goes,3
talk,3
certain,3
enabled,3
illustrations,3
gassendi,3
reason,3
developments,3
t,3
presumably,3
mary,3
house,3
opinion,3
whereas,3
censorship,3
hands,3
though,3
careless,3
recently,3
abroad,3
writers,3
reader,3
brought,3
description,3
gave,3
issues,3
gesner,3
et,3
believes,3
graduate,3
errors,3
good,3
published,3
tudor,3
field,3
useful,3
order,3
few,3
revolutionibus,3
venice,3
credible,3
sancta,3
entailed,3
haec,3
located,3
standardization,3
above,3
once,3
outlets,3
competition,3
happened,3
technology,3
during,3
publishing,3
al,3
these,3
street,3
others,3
death,3
pointed,3
similarly,3
fact,3
idea,3
preserve,3
scholars,3
appeared,3
ought,3
doubt,3
reasons,3
model,3
celebrated,3
michael,3
necessary,3
booksellers,3
local,3
enhanced,3
lecture,3
entirely,3
francis,3
trust,3
full,3
described,3
courtier,3
harvey,3
reputation,3
attributing,3
james,3
regimes,3
la,3
suggest,3
she,3
leiden,3
seen,3
translation,3
basel,3
oddly,3
joseph,3
contained,3
then,3
comes,3
ever,3
locke,3
languages,3
best,3
privileged,3
benefit,3
elsewhere,3
disputes,3
passage,3
type,3
better,3
terms,3
ones,3
accounts,3
interval,3
shakespeare,3
information,3
emphasis,3
wonders,3
livre,3
translated,3
recognition,3
little,3
through,3
dee,3
ignorant,3
arguments,3
mention,3
gain,3
francois,3
difference,3
advent,3
elzevir,3
conditions,3
shop,3
finally,3
piracy,3
enlightenment,3
philosophy,3
unauthorized,3
mainz,3
increased,3
reformation,3
news,3
chicago,3
should,3
problem,2
final,2
elseviers,2
go,2
done,2
limits,2
indicated,2
names,2
stood,2
truth,2
college,2
trans,2
e,2
told,2
replaced,2
atlases,2
almanacs,2
kinds,2
virtuosi,2
four,2
likely,2
fray,2
h,2
di,2
easily,2
supervised,2
tells,2
guise,2
nineteenth,2
track,2
princeton,2
strikes,2
du,2
themes,2
island,2
philosophers,2
wrong,2
frankfurt,2
disagreement,2
exaggerated,2
vols,2
multivolume,2
absurd,2
ourselves,2
departure,2
historiography,2
copy,2
wooden,2
twenty,2
ahr,2
laboratory,2
desire,2
disquieting,2
pretense,2
professor,2
room,2
reproduction,2
subsequent,2
feature,2
state,2
access,2
career,2
behind,2
credibility,2
contents,2
reissued,2
capacity,2
advice,2
histoire,2
translations,2
realme,2
america,2
saying,2
correspondents,2
vol,2
possible,2
implies,2
entrepreneurs,2
powers,2
bibliography,2
transcend,2
apart,2
taking,2
variations,2
malpighi,2
along,2
introduction,2
francophone,2
harold,2
learned,2
mistake,2
oporinus,2
run,2
g,2
author,2
humanists,2
regarded,2
conrad,2
media,2
topic,2
learning,2
refuses,2
curiously,2
mentors,2
times,2
machines,2
holds,2
fate,2
libraries,2
third,2
chap,2
misleading,2
compare,2
networks,2
profit,2
look,2
apparently,2
spread,2
influence,2
error,2
rabelais,2
battles,2
operation,2
pivotal,2
wolfe,2
observers,2
main,2
generations,2
stop,2
remain,2
sort,2
astronomy,2
fair,2
granted,2
supplement,2
stops,2
pollard,2
publisher,2
similar,2
benefite,2
hearing,2
elaborate,2
symbols,2
discoveries,2
boyle,2
scattered,2
moreover,2
guides,2
sixtus,2
understand,2
wanted,2
distract,2
familiar,2
benefits,2
descent,2
imposed,2
proved,2
venetian,2
god,2
instrument,2
chronology,2
tributes,2
problems,2
imprisonment,2
pierre,2
mo,2
nova,2
preference,2
locale,2
footnote,2
abolish,2
sooner,2
asserts,2
transmission,2
histories,2
called,2
freeman,2
crystallization,2
format,2
her,2
noting,2
bookseller,2
standardized,2
aldus,2
reviews,2
tools,2
sentence,2
hailed,2
however,2
refuge,2
guarantee,2
hath,2
wide,2
guns,2
scene,2
aspects,2
keeping,2
basis,2
don,2
seminal,2
scope,2
part,2
competing,2
calls,2
roll,2
describe,2
sarton,2
actually,2
documented,2
doors,2
canto,2
craftsmen,2
attributed,2
encounters,2
describing,2
hard,2
lowly,2
le,2
sharp,2
quite,2
specifically,2
jardine,2
sole,2
leaves,2
dealers,2
concerns,2
vesalius,2
acts,2
distinguished,2
always,2
disconnected,2
naming,2
results,2
correspondence,2
notes,2
plausible,2
finds,2
pope,2
society,2
cite,2
f,2
timeless,2
business,2
noble,2
certified,2
indeed,2
grafton,2
expansion,2
constraints,2
still,2
says,2
technically,2
copyists,2
civility,2
comments,2
modes,2
newton,2
zoology,2
religious,2
cavallo,2
standardize,2
label,2
omits,2
guide,2
donne,2
soon,2
favorable,2
included,2
experimental,2
stc,2
star,2
dispute,2
rome,2
picture,2
writing,2
paul,2
challenge,2
mentions,2
again,2
available,2
towns,2
longer,2
lack,2
cumulative,2
importation,2
abstract,2
insular,2
hobbes,2
granting,2
arthur,2
identical,2
pattern,2
man,2
discussed,2
sebastian,2
channel,2
puzzling,2
took,2
leviathan,2
locales,2
placeless,2
manner,2
darnton,2
forth,2
errata,2
valois,2
remarkably,2
simon,2
understanding,2
extended,2
vast,2
knew,2
examples,2
birth,2
reversed,2
upon,2
writings,2
telescope,2
including,2
passes,2
increase,2
manifestations,2
ruthless,2
significant,2
largely,2
approach,2
exhibited,2
resolved,2
prints,2
check,2
theories,2
historic,2
leads,2
stress,2
peter,2
objection,2
held,2
individual,2
david,2
like,2
features,2
accurate,2
improved,2
preservation,2
commentators,2
exactly,2
assigning,2
misconstrues,2
attracted,2
versus,2
invented,2
saw,2
haven,2
joint,2
ranging,2
alike,2
entitled,2
carried,2
fifty,2
entailing,2
george,2
figure,2
amherst,2
inventors,2
colophons,2
westman,2
monuments,2
render,2
garin,2
transformation,2
ortelius,2
life,2
responsible,2
kill,2
surprising,2
marotti,2
scholarship,2
fields,2
itself,2
arts,2
kirksville,2
earliest,2
considered,2
assistant,2
environment,2
authorities,2
curious,2
devotes,2
preface,2
margaret,2
series,2
mentioned,2
forget,2
proficient,2
known,2
eleven,2
turgot,2
text,2
wicked,2
sciences,2
drew,2
cover,2
evade,2
rudolphine,2
berkeley,2
control,2
correspond,2
scientist,2
worth,2
suggestions,2
assumed,2
seem,2
believe,2
down,2
saenger,2
universal,2
current,2
halley,2
observe,2
reliability,2
cities,2
replication,2
historian,2
places,2
outlook,2
prohibited,2
oberlin,2
reign,2
circles,2
whether,2
rose,2
duplication,2
pertinent,2
statement,2
map,2
distribution,2
fully,2
balance,2
treatises,2
resolutely,2
episode,2
suggests,2
hundreds,2
engravers,2
conference,2
presented,2
uniform,2
despite,2
republic,2
november,2
simply,2
assumptions,2
went,2
obtain,2
inventions,2
construed,2
our,2
question,2
argues,2
authorized,2
conn,2
abridged,2
scribes,2
abc,2
discursive,2
mode,2
disagree,2
citadel,2
need,2
specialists,2
davies,2
attributes,2
france,2
retrieval,2
objections,2
ranged,2
share,2
passages,2
certainty,2
c,2
contrasting,2
element,2
leclerc,2
strong,2
grace,2
previously,2
showed,2
major,2
costly,2
letterpress,2
aquilon,1
proposed,1
bernard,1
librarian,1
ending,1
margins,1
complaint,1
gerald,1
couples,1
currently,1
laudem,1
deny,1
page,1
fathers,1
drunken,1
conflicting,1
fertile,1
medieval,1
rev,1
italy,1
groups,1
corruption,1
suggested,1
praised,1
astound,1
mars,1
tory,1
everyone,1
deserve,1
lyonnaise,1
admiration,1
libel,1
discredited,1
struggled,1
revolutionary,1
lithography,1
intriguing,1
connection,1
frangais,1
dewar,1
adoption,1
teich,1
benedict,1
utility,1
sphere,1
quibbling,1
sorbonne,1
cochrane,1
expect,1
alluded,1
group,1
becoming,1
fined,1
needed,1
inconsequential,1
doom,1
approved,1
investigators,1
incorporated,1
agency,1
ample,1
diverge,1
ecrivit,1
copemican,1
advised,1
castellio,1
referring,1
newark,1
services,1
usefully,1
salvation,1
completely,1
drawings,1
contend,1
jonathan,1
sure,1
checking,1
bondage,1
illuminate,1
antecedents,1
felice,1
apothegms,1
reasonably,1
dawning,1
protection,1
loewenstein,1
necessarily,1
unlike,1
encourage,1
occurred,1
knox,1
inaugurating,1
cusp,1
crystallized,1
maybe,1
hayes,1
something,1
assume,1
piratical,1
edu,1
martyrs,1
chief,1
meaningless,1
underplayed,1
contexts,1
turning,1
prosperous,1
dictionaries,1
cutting,1
experience,1
diffusion,1
accumulation,1
member,1
inhibited,1
ideas,1
else,1
familiarity,1
hence,1
titles,1
frobisher,1
certainly,1
complained,1
creation,1
production,1
exclusive,1
ii,1
throws,1
unremarked,1
darkness,1
central,1
dissatisfied,1
della,1
heavens,1
emerged,1
advanced,1
discerned,1
knowing,1
frangois,1
memorial,1
bourbons,1
resemblance,1
possibilities,1
pen,1
principles,1
exemplar,1
continue,1
carter,1
broken,1
extraterritorial,1
suggesting,1
borders,1
display,1
feingold,1
skies,1
predated,1
differences,1
compounds,1
portrayal,1
achievement,1
follows,1
revisions,1
trustworthy,1
studied,1
despotism,1
lydia,1
thanks,1
scheme,1
onto,1
sous,1
nationalism,1
help,1
introduces,1
devils,1
proofreading,1
fresh,1
particularism,1
last,1
julie,1
misguided,1
ancien,1
solicited,1
influences,1
vergil,1
reserved,1
reworking,1
debut,1
political,1
federated,1
headings,1
signs,1
schemes,1
visiting,1
context,1
correctors,1
papers,1
ad,1
marketed,1
less,1
sweeping,1
slip,1
est,1
discorsi,1
forum,1
sophisticated,1
tyson,1
alfred,1
chirographic,1
colophon,1
roy,1
task,1
knowledgeable,1
thrown,1
odds,1
foreknowledge,1
misreading,1
satirists,1
salesman,1
draw,1
march,1
typographical,1
jumping,1
scripture,1
intermediaries,1
porter,1
replacement,1
capable,1
determined,1
pacioli,1
politics,1
intro,1
open,1
securely,1
illustrate,1
echoes,1
gift,1
functions,1
richard,1
magazine,1
prevails,1
internet,1
regards,1
supervision,1
lyric,1
globemaker,1
timothy,1
riccioli,1
laws,1
overlooking,1
astronomer,1
apply,1
anticipated,1
keeps,1
himself,1
spurred,1
lambert,1
treatise,1
wallace,1
illustrating,1
dawned,1
separating,1
attract,1
pursuing,1
singled,1
interestingly,1
relies,1
muscovy,1
linnaeus,1
preoccupied,1
albrecht,1
delacy,1
exercises,1
chapters,1
includes,1
accessible,1
ptolemaic,1
historically,1
connect,1
soar,1
dying,1
severe,1
mine,1
facts,1
representations,1
singles,1
quality,1
points,1
pilot,1
medical,1
hors,1
due,1
impinged,1
meretrix,1
september,1
caspersen,1
assumes,1
unpublished,1
molded,1
astronomers,1
daskalova,1
interest,1
lectures,1
domain,1
authoritative,1
relatively,1
moment,1
ow,1
relations,1
registering,1
santa,1
club,1
walter,1
nick,1
encyclopedia,1
expeditions,1
principalities,1
employing,1
lutherans,1
assured,1
basil,1
ferguson,1
kind,1
priority,1
defense,1
elements,1
unobjectionable,1
adopted,1
self,1
complains,1
ephemerides,1
mistakes,1
evident,1
perspective,1
burgeoning,1
gerolamo,1
refer,1
hemmed,1
conveys,1
approval,1
contrary,1
differently,1
editing,1
serving,1
disinterest,1
modernity,1
stoughton,1
postponed,1
hominem,1
dates,1
applying,1
moureau,1
accreditation,1
cardinal,1
estimate,1
weakening,1
died,1
undertaking,1
weight,1
explore,1
drawn,1
bibliotheques,1
communication,1
corrected,1
critique,1
entries,1
traditions,1
regulations,1
north,1
robin,1
fellow,1
restated,1
pronounced,1
generation,1
liturgies,1
unfortunate,1
virtuous,1
claude,1
celebrating,1
rechecking,1
phases,1
isenstein,1
higher,1
pay,1
failed,1
rights,1
captors,1
civilization,1
communities,1
suppressing,1
via,1
authority,1
paused,1
geneva,1
wherefore,1
sidereus,1
york,1
caroli,1
identification,1
privilege,1
subjected,1
gryphius,1
performance,1
aimed,1
ostensibly,1
developed,1
undeserved,1
joan,1
durer,1
thou,1
en,1
unit,1
claimants,1
gratuitous,1
heresy,1
culminating,1
ivins,1
notion,1
process,1
pause,1
remote,1
comparable,1
preachers,1
opportunity,1
dealt,1
singing,1
substantiate,1
reworked,1
risk,1
persistent,1
absolutism,1
biagioli,1
expelled,1
b,1
direct,1
parts,1
serial,1
benjamin,1
assuming,1
pages,1
yorkist,1
itemized,1
danger,1
uncertainties,1
overlooked,1
dismiss,1
space,1
miscellaneous,1
moves,1
enlisted,1
cannot,1
unfavorably,1
inanimate,1
raymond,1
send,1
proofreader,1
discounts,1
provinces,1
clerk,1
krassimira,1
abraham,1
gingerich,1
plus,1
reformations,1
postmodern,1
wolf,1
entry,1
stampificata,1
occupational,1
established,1
image,1
literary,1
organized,1
emergence,1
dated,1
publicists,1
linked,1
specify,1
amid,1
contaminated,1
byzantine,1
unimportant,1
days,1
coster,1
brusquely,1
patricians,1
imitation,1
receiving,1
bruce,1
articulated,1
k,1
preoccupation,1
sounded,1
physicist,1
umbrella,1
show,1
exhume,1
initiative,1
heading,1
tried,1
bellay,1
shorter,1
origins,1
feliciano,1
surface,1
follow,1
pains,1
readings,1
beyond,1
nra,1
defeat,1
lumps,1
consequence,1
imprecise,1
reconsideration,1
permanent,1
strenuously,1
restriction,1
odd,1
care,1
hnet,1
helped,1
flow,1
diversitie,1
welldocumented,1
providing,1
decades,1
dynastic,1
systems,1
italics,1
appear,1
myths,1
regulatory,1
paragraph,1
commanded,1
undertakers,1
epilogue,1
thinks,1
pantheon,1
uses,1
humblest,1
bodin,1
chair,1
reprinted,1
bibliotheque,1
identifying,1
location,1
arrival,1
interchanges,1
conflates,1
appearance,1
six,1
rummel,1
entered,1
begun,1
variants,1
henceforth,1
attack,1
relating,1
banned,1
centers,1
vitruvian,1
wrongly,1
changed,1
scotland,1
rooms,1
curiosity,1
pass,1
italian,1
primacy,1
carolina,1
entreat,1
owen,1
disorders,1
pioneer,1
bizarre,1
antwerp,1
publics,1
equivalents,1
reportage,1
experts,1
respects,1
markets,1
kates,1
unobserved,1
circulation,1
further,1
left,1
undeniable,1
furthermore,1
traced,1
wales,1
drake,1
receive,1
war,1
mainly,1
silence,1
rousseau,1
michigan,1
dynasty,1
cutthroat,1
appears,1
viewed,1
milton,1
priorities,1
disapproved,1
printable,1
standeth,1
acquaintance,1
otherwise,1
wealth,1
scienza,1
placed,1
doesn,1
tradesmen,1
ford,1
carvajal,1
xiv,1
guidance,1
mehl,1
shortlived,1
prayer,1
duly,1
gods,1
periodization,1
possibility,1
wants,1
impression,1
briefly,1
technical,1
ciuestion,1
having,1
colonies,1
gained,1
aging,1
liusebrink,1
enrichment,1
frontispiece,1
correctly,1
liable,1
artifacts,1
largest,1
criticize,1
assistants,1
updated,1
hung,1
pliny,1
tool,1
instituted,1
carry,1
typographic,1
del,1
framed,1
invisible,1
admired,1
imagined,1
concept,1
unless,1
prominent,1
guess,1
suspicion,1
purpose,1
apparent,1
edn,1
esp,1
confined,1
universelle,1
closed,1
signified,1
marketplace,1
journals,1
feared,1
ten,1
year,1
arrives,1
genuine,1
sketchier,1
fit,1
illustrators,1
corrupt,1
referencing,1
policies,1
rand,1
emancipated,1
contains,1
records,1
relevance,1
eighteenthcentury,1
winter,1
multivolumed,1
prisoner,1
compass,1
operations,1
reperta,1
bookmen,1
contentious,1
away,1
appreciated,1
systematic,1
showing,1
stanford,1
won,1
status,1
industrialization,1
challenging,1
trends,1
folio,1
contradictions,1
hidden,1
launching,1
misplaced,1
regions,1
citing,1
depicting,1
preceded,1
responses,1
siecle,1
officials,1
esteem,1
ensued,1
sense,1
successful,1
veracious,1
caused,1
working,1
lyell,1
delivered,1
shaping,1
unexpected,1
things,1
firenze,1
foundry,1
nine,1
next,1
alto,1
proofreaders,1
destiny,1
stimulated,1
davis,1
arbitrary,1
event,1
involved,1
around,1
encompasses,1
dwell,1
crescent,1
plagiarism,1
amounted,1
ignore,1
driving,1
june,1
transfer,1
epitomizing,1
industry,1
soever,1
mantle,1
viator,1
novum,1
dramatic,1
research,1
australian,1
mistranscriptions,1
essentially,1
attached,1
petition,1
isis,1
christendom,1
brushes,1
telling,1
seeds,1
tended,1
widely,1
fabrica,1
gunpowder,1
managed,1
diascorides,1
articulation,1
seed,1
progress,1
majority,1
erika,1
posed,1
pays,1
reverend,1
describes,1
city,1
notice,1
annali,1
enormously,1
reappraised,1
prizes,1
duts,1
propriety,1
am,1
quibble,1
activities,1
altering,1
casts,1
concomitant,1
seemed,1
objected,1
lend,1
nations,1
appeal,1
chronological,1
grolier,1
perceived,1
happen,1
lapse,1
furnished,1
second,1
personage,1
role,1
sylvia,1
logarithm,1
demand,1
reduced,1
minor,1
harpers,1
recondite,1
incredible,1
detected,1
bonne,1
spelled,1
various,1
humanist,1
hiccup,1
gabriel,1
kernan,1
atypical,1
wary,1
action,1
dane,1
spira,1
separation,1
lynn,1
strasbourg,1
labeled,1
janszoon,1
peddle,1
observations,1
increaseth,1
limited,1
play,1
jostled,1
cartography,1
return,1
receptive,1
acknowledged,1
commit,1
giovanni,1
projecting,1
community,1
pictorial,1
authorizing,1
specifying,1
harry,1
echoing,1
garden,1
movement,1
southern,1
unfamiliar,1
suppose,1
hitherto,1
va,1
exceeded,1
lisa,1
worked,1
cheap,1
oblivious,1
salmagestum,1
distinguishing,1
criticism,1
interpretation,1
auspices,1
lagged,1
simplified,1
opportunities,1
rubric,1
represents,1
commendable,1
pp,1
marginal,1
builds,1
alongside,1
serve,1
east,1
columbus,1
freewheeling,1
restricted,1
inspiration,1
supplementary,1
historia,1
zurich,1
latitude,1
neither,1
thesis,1
counterfeit,1
diagrams,1
palmer,1
misses,1
home,1
commonwealth,1
essence,1
assistance,1
cried,1
pioneered,1
joly,1
imputes,1
xviiie,1
repercussions,1
colored,1
mercury,1
supposedly,1
experiment,1
eugenio,1
narratives,1
gary,1
visitors,1
increasingly,1
rise,1
stars,1
regiomontanus,1
picard,1
love,1
galenic,1
volume,1
representation,1
catalog,1
singling,1
members,1
mechanick,1
unreliable,1
attacks,1
multiplying,1
afterlife,1
decoration,1
obsessively,1
power,1
metaphysical,1
scan,1
wagonheim,1
fell,1
mark,1
toward,1
rosy,1
woodblocks,1
procured,1
gilmont,1
avoids,1
addition,1
blip,1
greenslade,1
erasmus,1
herbert,1
equating,1
wellscole,1
stories,1
conduct,1
alvin,1
occupations,1
punctuation,1
jantz,1
untrustworthy,1
advantage,1
copied,1
credits,1
agree,1
documents,1
salusbury,1
taxonomy,1
indies,1
deems,1
forces,1
geometrical,1
enable,1
parting,1
really,1
msu,1
larger,1
skips,1
beg,1
personal,1
demonstrating,1
feather,1
emphatic,1
omitted,1
godly,1
debates,1
descended,1
administrations,1
reckoned,1
eretofore,1
manned,1
feedback,1
habit,1
anne,1
calligraphers,1
honor,1
transit,1
confusion,1
disseminate,1
multiplication,1
nuncius,1
monica,1
aeneas,1
geography,1
remarkable,1
cards,1
covered,1
operating,1
influential,1
enter,1
evaded,1
creature,1
shoot,1
purposes,1
realms,1
existing,1
non,1
muster,1
vulnerable,1
interview,1
idol,1
material,1
ahead,1
captions,1
capacities,1
invitation,1
perhaps,1
hanes,1
native,1
unclear,1
belief,1
impoverished,1
germans,1
gives,1
reconciled,1
stigmatize,1
number,1
lunar,1
authorial,1
day,1
boat,1
tonson,1
sir,1
imagine,1
original,1
discredits,1
stabilize,1
unprintable,1
technologies,1
greatest,1
exploring,1
associates,1
discussion,1
churches,1
rulers,1
intent,1
considering,1
rendered,1
easier,1
trusted,1
discovery,1
dismissive,1
speculates,1
churchmen,1
helps,1
istituto,1
decent,1
diocesan,1
marginality,1
mechanization,1
enormous,1
owe,1
depended,1
hereby,1
sufficiently,1
charts,1
discrediting,1
microfilm,1
looking,1
europeans,1
hinman,1
persists,1
findings,1
bibles,1
host,1
admiring,1
denies,1
skeptical,1
expression,1
downplayed,1
exterminated,1
persisted,1
cyclotron,1
licensed,1
virtually,1
shalt,1
underestimates,1
questions,1
parshall,1
engaged,1
individuals,1
aids,1
franklin,1
chosen,1
office,1
relegated,1
embark,1
improvements,1
advantages,1
students,1
netherlands,1
publish,1
versions,1
behaviorial,1
low,1
passim,1
xv,1
vernacular,1
meanings,1
discovered,1
biblical,1
enlargement,1
loosely,1
equates,1
josiah,1
modem,1
communicated,1
language,1
soaring,1
dominated,1
luca,1
subtitle,1
workers,1
divisions,1
physics,1
glorify,1
started,1
characterized,1
galilei,1
revised,1
belongs,1
alphabets,1
fidelity,1
bypass,1
summer,1
strange,1
depiction,1
played,1
serves,1
stresses,1
irregularity,1
vulgate,1
shortly,1
anyone,1
dell,1
black,1
indulging,1
commentaries,1
provides,1
intrinsic,1
least,1
municipal,1
ignorance,1
nauert,1
men,1
quick,1
faith,1
sallust,1
shannon,1
queen,1
comparing,1
article,1
distrusted,1
edmund,1
rouse,1
painting,1
evolutionary,1
methods,1
chapel,1
viewpoint,1
rudolph,1
guillaume,1
hastily,1
landings,1
palo,1
epistemology,1
insularity,1
dans,1
xvi,1
fernel,1
britain,1
anderson,1
isolating,1
enemies,1
judgement,1
grudging,1
sanctuaries,1
analyze,1
crediting,1
copyright,1
workshop,1
celebrity,1
wendelin,1
professional,1
fanciful,1
postpone,1
rearranged,1
greek,1
collator,1
importer,1
hague,1
applies,1
anatomy,1
gifted,1
visit,1
separate,1
calvin,1
contributes,1
asking,1
waddington,1
indication,1
suggestion,1
disregards,1
missal,1
imply,1
browne,1
backward,1
adultery,1
today,1
transformations,1
humanities,1
invokes,1
bude,1
independent,1
continued,1
provide,1
dares,1
five,1
variously,1
impressive,1
ideology,1
testing,1
claimed,1
pieces,1
fear,1
hill,1
ironically,1
assigns,1
fixing,1
habsburg,1
fewer,1
urges,1
widespread,1
guglielmo,1
institutions,1
garbled,1
becomes,1
referred,1
emerita,1
off,1
insist,1
collections,1
detailed,1
silvius,1
herring,1
force,1
privileges,1
visual,1
wolfson,1
seminar,1
indicate,1
discredit,1
compiling,1
suppression,1
antiquity,1
volumes,1
schoolteachers,1
inspired,1
satisfaction,1
seamen,1
hope,1
confronts,1
skimmed,1
charlottesville,1
copernican,1
atmosphere,1
face,1
remains,1
sailors,1
problematic,1
gathered,1
grounded,1
meant,1
fought,1
reinscribe,1
alone,1
addressed,1
isaac,1
claims,1
school,1
copperplate,1
neglected,1
exercised,1
storia,1
associated,1
indeterminate,1
practice,1
believed,1
mordecai,1
dispersed,1
cromwell,1
conclusion,1
blades,1
accordance,1
changing,1
conflate,1
mario,1
hellinga,1
agents,1
geoffroy,1
geographic,1
matters,1
scarcely,1
fran,1
extension,1
pace,1
theme,1
dubious,1
precise,1
subsidized,1
falsehood,1
fluctuating,1
treats,1
celebrations,1
constructed,1
quantitative,1
supported,1
corrections,1
terrestrial,1
unique,1
alps,1
offers,1
alternative,1
denounced,1
abridgement,1
unpersuasive,1
venetians,1
know,1
favorably,1
marina,1
folger,1
monthly,1
fault,1
prizewinning,1
clifford,1
cultures,1
concession,1
specialized,1
attribute,1
fairs,1
roman,1
key,1
unknown,1
stillman,1
appendix,1
luther,1
wall,1
surprised,1
aise,1
movable,1
report,1
speech,1
eventually,1
foundation,1
insecure,1
exploiting,1
particularly,1
belittles,1
motion,1
stretching,1
notorious,1
smuggled,1
relocate,1
contradictory,1
edicts,1
goods,1
hunt,1
ordered,1
examining,1
delays,1
past,1
consciousness,1
entombment,1
masters,1
oliver,1
cardinals,1
catalogue,1
generalizing,1
justify,1
following,1
beginning,1
schnucker,1
protocols,1
vehement,1
fled,1
erwin,1
ferreted,1
lands,1
depicts,1
bristol,1
preservative,1
hanging,1
professors,1
list,1
namely,1
degradation,1
evangelical,1
particular,1
lane,1
thirty,1
covers,1
attitudes,1
firmly,1
theory,1
transactions,1
huguenots,1
alice,1
debate,1
leaving,1
corsellis,1
extent,1
constructivist,1
ong,1
greedy,1
thousands,1
gentle,1
uncertainty,1
produce,1
textual,1
indifference,1
pratt,1
tribble,1
elsky,1
museo,1
tongues,1
patrons,1
finished,1
outmoding,1
republick,1
marking,1
boston,1
biography,1
providential,1
owner,1
necessity,1
son,1
preserved,1
folios,1
altered,1
extracts,1
screens,1
thereby,1
estimates,1
measurements,1
affecting,1
repeatable,1
ohio,1
superstition,1
sea,1
interchange,1
revolutions,1
marketing,1
content,1
downplays,1
landau,1
supplies,1
wrought,1
infamous,1
techniques,1
elizabethan,1
intended,1
lies,1
puzzled,1
measure,1
screen,1
programs,1
manufacturing,1
shoddy,1
using,1
definitions,1
au,1
comprehend,1
glance,1
coming,1
neglect,1
varied,1
refutation,1
leap,1
precision,1
contrasts,1
prepared,1
analysts,1
named,1
seek,1
producer,1
disadvantages,1
formation,1
shown,1
tell,1
titian,1
survival,1
instructive,1
background,1
friendships,1
ignored,1
kingdom,1
encyclopedias,1
web,1
bodley,1
materials,1
national,1
samuel,1
purporting,1
iconic,1
completed,1
publicized,1
jacobean,1
wish,1
contributed,1
offer,1
prolonged,1
unsuitable,1
land,1
animalium,1
consolidated,1
d,1
reminiscent,1
regime,1
lotte,1
opinions,1
unfashionable,1
barnes,1
autumn,1
packets,1
aristotelian,1
genius,1
predestined,1
piece,1
disservice,1
polydore,1
attempted,1
extradited,1
posterity,1
transcending,1
mikulas,1
traveling,1
doubtless,1
marcello,1
francais,1
moved,1
profits,1
evelyn,1
observation,1
specific,1
charles,1
jefferson,1
pioneering,1
cardano,1
gazette,1
distinctions,1
duffy,1
compounded,1
lipton,1
straw,1
consisted,1
johnson,1
handcopied,1
era,1
irrelevant,1
agrees,1
manuscrite,1
voltaire,1
asymmetry,1
accolades,1
import,1
sheer,1
develop,1
treating,1
sensibility,1
testified,1
focus,1
battista,1
originator,1
avoid,1
ends,1
celestial,1
cross,1
gold,1
jurgen,1
broader,1
successive,1
doing,1
hans,1
mistaken,1
pandectae,1
manutius,1
liturgical,1
richly,1
confusingly,1
