WORDCOUNTS,WEIGHT
the,1102
of,709
in,391
and,293
to,275
a,232
as,220
black,207
is,145
that,135
on,116
was,101
this,101
from,98
images,97
for,92
image,87
it,86
madonnas,83
not,80
madonna,75
with,74
by,70
an,68
are,68
were,67
which,62
be,60
have,59
at,53
color,53
these,52
century,50
or,49
see,49
s,48
also,48
mary,47
but,47
been,45
their,41
blackness,41
they,39
pilgrimage,35
end,33
dark,33
und,32
skin,32
historical,31
has,30
had,30
time,30
american,29
start,29
review,28
december,28
cult,28
one,27
all,27
i,27
more,27
even,26
than,26
well,26
its,26
einsiedeln,26
art,25
altotting,24
most,23
virgin,23
would,23
can,23
when,23
legends,22
he,22
there,21
only,21
votive,21
them,21
no,20
many,20
der,20
into,19
such,19
vierges,19
germany,18
other,18
perception,18
miraculous,17
late,17
noires,17
new,17
christian,17
her,17
popular,17
marian,16
his,16
could,16
monique,16
scheer,16
known,16
mystery,16
among,16
majesty,15
how,15
von,15
part,15
st,15
gumppenberg,15
chapel,15
early,15
does,14
nineteenth,14
loreto,14
meanings,14
she,14
although,14
france,14
shrines,13
history,13
first,13
primary,13
some,13
since,13
religious,13
about,13
teising,13
luke,13
where,13
seventeenth,13
so,13
why,13
face,13
what,13
african,13
copies,13
bride,12
medieval,12
church,12
those,12
legend,12
thus,12
german,12
because,12
fact,12
original,12
moss,12
who,12
centuries,12
then,12
important,11
zu,11
zur,11
de,11
rather,11
white,11
age,11
p,11
however,11
example,11
around,11
yet,11
interpretation,11
devotion,11
scholars,11
made,11
like,11
after,11
figure,11
often,11
mother,11
question,11
until,11
if,10
tradition,10
religion,10
painted,10
sites,10
sense,10
europe,10
less,10
local,10
over,10
des,10
belting,10
modern,9
candles,9
before,9
being,9
bild,9
secondary,9
far,9
study,9
my,9
found,9
im,9
generally,9
sermon,9
place,9
beissel,9
referred,9
seen,9
context,9
visual,9
discourse,9
particularly,9
particular,9
theory,9
die,9
years,9
common,8
origin,8
case,8
schwarze,8
point,8
tablets,8
bin,8
turn,8
notion,8
earlier,8
out,8
true,8
term,8
though,8
italy,8
holy,8
approach,8
portraits,8
catholic,8
munich,8
highly,8
used,8
indeed,8
cappannari,8
paint,8
jesus,8
wallfahrt,8
light,8
same,8
french,8
do,8
venerated,8
discussion,8
shrine,8
nolan,8
unserer,8
atlas,8
marianus,8
any,8
must,8
theme,8
kult,8
whether,8
ich,8
song,8
representation,8
between,8
much,8
smoke,7
child,7
later,7
aesthetic,7
vol,7
sixteenth,7
collection,7
may,7
developed,7
university,7
schwarz,7
frau,7
centers,7
published,7
always,7
am,7
became,7
puy,7
authenticity,7
montserrat,7
style,7
eighteenth,7
we,7
today,7
complexion,7
began,7
simply,7
here,7
did,7
quoted,7
according,7
middle,7
both,7
quest,7
evidence,7
meaning,6
experience,6
fifteenth,6
taken,6
beautiful,6
course,6
within,6
racial,6
lechner,6
due,6
geschichte,6
back,6
traditions,6
portrayed,6
sum,6
reference,6
veronica,6
jesuit,6
established,6
n,6
reprinted,6
based,6
become,6
war,6
leonard,6
explain,6
work,6
edn,6
surrounding,6
cults,6
regions,6
le,6
believers,6
therefore,6
object,6
permission,6
makes,6
under,6
ed,6
power,6
motifs,6
took,6
explicit,6
eds,6
baxandall,6
statues,6
primarily,6
lost,6
wilhelm,6
types,6
interpretive,6
symbolic,6
text,6
regard,6
blackened,6
very,6
beginning,6
wallfahrten,6
emphasis,6
tiibingen,6
blacks,6
hans,6
portrait,6
now,5
created,5
songs,5
second,5
h,5
necessarily,5
said,5
might,5
j,5
display,5
das,5
faithful,5
conception,5
representations,5
kind,5
bavarica,5
africans,5
york,5
whose,5
without,5
presentation,5
stuttgart,5
connected,5
certain,5
reason,5
objects,5
clearly,5
just,5
intentional,5
subsidiary,5
pious,5
appear,5
pietas,5
woeckel,5
near,5
having,5
concept,5
literature,5
during,5
icon,5
johann,5
long,5
away,5
status,5
value,5
up,5
framing,5
above,5
southern,5
depicted,5
pp,5
god,5
us,5
perceived,5
culture,5
two,5
rise,5
great,5
ages,5
paris,5
material,5
woman,5
use,5
maria,5
actual,5
nothing,5
authors,5
period,5
sacred,5
probably,5
attention,5
motif,5
me,5
veneration,5
note,5
jesuits,5
itself,5
earliest,5
considered,5
chapels,5
proof,5
believe,5
form,5
through,5
our,5
come,5
integrated,5
nigra,5
given,5
recent,5
race,5
per,4
large,4
considerations,4
western,4
lieben,4
source,4
liebe,4
creation,4
reasons,4
date,4
ambiguous,4
issue,4
historians,4
prior,4
say,4
interest,4
gilman,4
nor,4
perspective,4
tones,4
recognized,4
wallfahrtsgeschichte,4
illustration,4
altar,4
similar,4
muttergottes,4
view,4
greater,4
closely,4
whom,4
appearance,4
population,4
verse,4
silver,4
year,4
bayern,4
records,4
interpreted,4
hidden,4
painting,4
thirteenth,4
below,4
claim,4
small,4
folk,4
research,4
goddess,4
miracles,4
majority,4
provided,4
will,4
likely,4
various,4
gabriel,4
scientific,4
still,4
make,4
artist,4
overview,4
magus,4
thought,4
darkened,4
reports,4
useful,4
mentions,4
pointed,4
deutsche,4
longer,4
lack,4
considerable,4
forms,4
present,4
belief,4
number,4
another,4
examples,4
explanation,4
represented,4
schreiner,4
significance,4
three,4
david,4
general,4
martin,4
article,4
eyes,4
interpretations,4
percent,4
statue,4
ringholz,4
figures,4
saw,4
la,4
bauer,4
widely,4
brown,4
european,4
kaplan,4
becomes,4
freedberg,4
meant,4
stephen,4
comes,4
metaphor,4
gerhard,4
each,4
argue,4
theology,4
plaques,4
passage,4
works,4
destroyed,4
making,4
thirty,4
cloth,4
unsere,4
mention,4
piety,4
devoted,4
shown,4
twentieth,4
saillens,4
oldest,4
offered,4
debate,4
sixty,3
done,3
ethiopian,3
way,3
names,3
represent,3
red,3
alone,3
studies,3
hair,3
regensburg,3
descriptions,3
came,3
explaining,3
invention,3
originally,3
darkness,3
seems,3
nature,3
definition,3
advantage,3
bavaria,3
portrayal,3
fully,3
thanks,3
robert,3
somewhat,3
barletta,3
forsyth,3
photographer,3
side,3
takes,3
uralt,3
eastern,3
sheba,3
incense,3
sign,3
jakob,3
mid,3
regarding,3
icons,3
breisgau,3
development,3
illustrates,3
author,3
aus,3
regarded,3
elements,3
document,3
vom,3
santa,3
birnbaum,3
left,3
fuetscher,3
third,3
find,3
swiss,3
look,3
hardly,3
cites,3
walls,3
site,3
l,3
love,3
influential,3
pilgrimages,3
madonnen,3
kunst,3
parts,3
nos,3
illustrations,3
read,3
theodor,3
deiparae,3
understand,3
legitimizing,3
familiar,3
byzantine,3
origins,3
beyond,3
freiburg,3
zeitalter,3
veil,3
sive,3
expressed,3
result,3
identifying,3
begun,3
hands,3
typical,3
changed,3
events,3
depictions,3
further,3
understood,3
focused,3
produced,3
placed,3
opposition,3
christianum,3
throne,3
narratives,3
older,3
people,3
schwarzen,3
visions,3
earth,3
sperber,3
working,3
suggest,3
phrase,3
quite,3
weissenhorn,3
few,3
dem,3
visible,3
miraculosis,3
beauty,3
wolfgang,3
stephan,3
rome,3
comparative,3
comments,3
standing,3
included,3
geheimnis,3
already,3
apparitions,3
social,3
oral,3
fire,3
solomon,3
sometimes,3
put,3
nach,3
areas,3
mohr,3
fallen,3
never,3
michael,3
necessary,3
narrative,3
understanding,3
region,3
signori,3
worship,3
ethnic,3
previous,3
described,3
open,3
imaginibus,3
clear,3
biblical,3
comprehensive,3
characterized,3
function,3
high,3
ernst,3
especially,3
queen,3
story,3
spain,3
compendium,3
aid,3
wisdom,3
provide,3
popularity,3
claimed,3
support,3
fewer,3
school,3
anthropological,3
copperplate,3
herchenbach,3
historian,3
following,3
mentioned,3
extensive,3
beitrag,3
know,3
bayerische,3
frumb,3
written,3
associated,3
wood,3
reactions,3
writes,3
while,3
texts,3
almost,3
boston,3
son,3
preserved,3
little,3
ingolstadt,3
repainted,3
goethe,3
ein,3
devisse,3
argument,3
average,3
finally,3
reformation,3
restored,3
orbem,3
c,3
virgins,3
should,3
carved,2
difficult,2
mundt,2
convergence,2
groups,2
vienna,2
scholar,2
truth,2
evangelist,2
decades,2
religionswissenschaft,2
connection,2
measures,2
diinninger,2
distributed,2
berlin,2
verehrung,2
becoming,2
complex,2
touched,2
mounted,2
tend,2
authority,2
positivistic,2
english,2
benedictine,2
legende,2
former,2
gnadenbild,2
holding,2
tells,2
multivocality,2
connotations,2
eye,2
contexts,2
negative,2
consistent,2
implemented,2
either,2
every,2
progressed,2
colors,2
restoration,2
viewer,2
promoting,2
bayrische,2
katholischen,2
switzerland,2
dramatically,2
book,2
available,2
copy,2
suggesting,2
remark,2
encoding,2
ephesian,2
follows,2
revival,2
closer,2
reveal,2
onto,2
partaking,2
scheme,2
take,2
deemed,2
voto,2
marias,2
traditionally,2
worldwide,2
system,2
customs,2
verlag,2
courtesy,2
attribute,2
draw,2
italian,2
possible,2
origen,2
authentic,2
burning,2
april,2
bildertheologie,2
emile,2
taking,2
along,2
ritual,2
says,2
exposed,2
exist,2
human,2
kultbilder,2
includes,2
throughout,2
accuracy,2
studien,2
interior,2
against,2
immaculate,2
reproduced,2
christlichen,2
application,2
plausibility,2
rank,2
cases,2
sed,2
cultic,2
refer,2
response,2
katholische,2
races,2
albertus,2
formosa,2
estimate,2
publications,2
slightest,2
apparently,2
incarnation,2
distinct,2
communities,2
interesting,2
library,2
observer,2
essential,2
arrows,2
cassagnesbrouquet,2
main,2
borrowing,2
commentary,2
knew,2
explicitly,2
goes,2
arm,2
titled,2
barock,2
ex,2
publisher,2
derived,2
darkening,2
symbols,2
volkskunde,2
gratitude,2
allegorical,2
brunswick,2
perceptions,2
old,2
heiligen,2
yellow,2
aura,2
fore,2
too,2
show,2
processions,2
romanesque,2
ugly,2
idealized,2
helped,2
etude,2
suggested,2
highest,2
artistic,2
klaus,2
lead,2
gabriela,2
allegorically,2
lived,2
intellectuals,2
gottingen,2
furthermore,2
informed,2
cultural,2
zwischen,2
lenz,2
appears,2
viewed,2
recently,2
cannot,2
applied,2
surrounded,2
troops,2
whiteness,2
enough,2
method,2
structure,2
marie,2
information,2
christianity,2
basis,2
depiction,2
received,2
imagined,2
prominent,2
characterization,2
london,2
explains,2
casa,2
apparent,2
esp,2
polychrome,2
pilgrim,2
konrad,2
frequent,2
gave,2
fit,2
actually,2
swinburne,2
proliferation,2
illustrious,2
own,2
ethnicity,2
attributed,2
lourdes,2
good,2
change,2
associations,2
ist,2
eine,2
kultur,2
level,2
field,2
marx,2
contrast,2
characteristics,2
june,2
brought,2
presence,2
suddenly,2
seiner,2
wife,2
regardless,2
describes,2
notice,2
roots,2
notes,2
plausible,2
provenance,2
hecht,2
society,2
gnadenund,2
spirituality,2
sicilies,2
georg,2
sanctity,2
wrote,2
bis,2
schemes,2
dressed,2
classic,2
exception,2
etc,2
ask,2
hold,2
innovation,2
theologians,2
connects,2
oxford,2
dedicated,2
fair,2
examined,2
worshipers,2
accident,2
trent,2
continuity,2
morgan,2
zurich,2
neither,2
thesis,2
ancient,2
benko,2
participants,2
worshiper,2
lamps,2
venerability,2
supernatural,2
begins,2
increasingly,2
engravings,2
catalog,2
name,2
paul,2
heritage,2
begg,2
comparison,2
again,2
christ,2
episcopal,2
five,2
artists,2
idea,2
marker,2
marseilles,2
copied,2
appeared,2
depict,2
gentile,2
everything,2
contemporary,2
golden,2
outside,2
chastreix,2
cards,2
covered,2
accepted,2
czestochowa,2
relevant,2
karl,2
renaissance,2
altdtting,2
council,2
chiavola,2
perhaps,2
topic,2
going,2
encountered,2
thoroughly,2
father,2
treated,2
apogee,2
range,2
detailed,2
wonder,2
enthroned,2
empirical,2
nobleman,2
largely,2
assumption,2
fourteenth,2
refers,2
dress,2
deutschen,2
zum,2
remaining,2
communicated,2
points,2
damage,2
dominated,2
peter,2
held,2
complexions,2
crowning,2
collected,2
anyone,2
thomas,2
least,2
accidentalist,2
imagination,2
favored,2
special,2
alpine,2
religionist,2
effect,2
henry,2
fur,2
revolution,2
recurring,2
diana,2
dissonance,2
marianischen,2
indication,2
pictorial,2
assigned,2
flesh,2
perspectives,2
continued,2
cedar,2
origine,2
program,2
hill,2
santiago,2
wandel,2
celebration,2
inside,2
translation,2
strongly,2
bears,2
antiquity,2
standpoint,2
life,2
analysis,2
existed,2
hope,2
surprising,2
supporting,2
acquired,2
grimm,2
egyptian,2
naples,2
version,2
changing,2
ever,2
consensus,2
supported,2
plating,2
set,2
cover,2
spatmittelalterliche,2
sure,2
guaranteed,2
correspond,2
different,2
share,2
seem,2
candle,2
current,2
fuscus,2
report,2
eventually,2
narrowed,2
elsewhere,2
past,2
type,2
turned,2
ethnically,2
guilielmo,2
terms,2
firmly,2
grief,2
extent,2
prestige,2
categories,2
travel,2
conference,2
neger,2
paintings,2
presented,2
teufel,2
marble,2
schon,2
giving,2
intended,2
administration,2
phenomenon,2
world,2
lucia,2
promoted,2
centennial,2
finding,2
aware,2
origines,2
instead,2
cognitive,2
sur,2
product,2
wallfahrtsorte,2
attributes,2
area,2
walter,2
assumed,2
rest,2
themselves,2
scholarship,2
ilene,2
views,2
element,2
entire,2
traditional,2
re,2
focus,2
counts,2
grace,2
anton,2
drew,2
cause,2
asked,2
major,2
schmitt,2
hypothesis,2
woven,1
countryside,1
ladislas,1
ikon,1
archives,1
heimat,1
explosion,1
abendlande,1
currently,1
mostly,1
vor,1
deny,1
page,1
damian,1
estimated,1
representing,1
heroic,1
concerned,1
sacralization,1
dreifiigjihrigen,1
donor,1
imported,1
guaranteeing,1
unpleasant,1
soul,1
headlines,1
benedikt,1
engendered,1
affected,1
extreme,1
appearing,1
genitricis,1
wiegelmann,1
fiction,1
mysteries,1
legitimate,1
arrive,1
ethiopians,1
e,1
rieter,1
lied,1
superstitious,1
walfarth,1
pilgerfahrten,1
ewa,1
nazarene,1
sympathetic,1
conversion,1
bei,1
group,1
told,1
center,1
supplicant,1
led,1
replaced,1
partially,1
possessed,1
archbishop,1
veit,1
instructions,1
jews,1
agency,1
myth,1
effective,1
properly,1
enhance,1
essays,1
sander,1
advised,1
stone,1
word,1
referring,1
formed,1
picking,1
evocative,1
contextualization,1
heine,1
di,1
completely,1
drawings,1
stamp,1
easily,1
specified,1
commonplace,1
mit,1
candidate,1
wolf,1
dressing,1
contention,1
personally,1
trace,1
earnest,1
rohault,1
position,1
recreation,1
character,1
presents,1
title,1
vermilion,1
perceptive,1
mittelalter,1
noah,1
detailing,1
feels,1
something,1
restorer,1
savior,1
schonen,1
monograph,1
leipzig,1
princeton,1
eyeless,1
du,1
leads,1
fires,1
highlight,1
proportion,1
clarifying,1
notre,1
fabric,1
member,1
anything,1
asthetische,1
zygmunt,1
humble,1
specifically,1
swedish,1
frankfurt,1
venice,1
complained,1
tractati,1
production,1
setting,1
implications,1
motivations,1
vols,1
konigsteiner,1
exhibition,1
schwartzen,1
odilo,1
refusal,1
generated,1
rare,1
worked,1
artificially,1
bearing,1
hoffmann,1
chiaramonte,1
prestigious,1
ortel,1
confirmed,1
resemblance,1
immense,1
shaped,1
principles,1
height,1
route,1
wooden,1
twenty,1
desacralizing,1
belong,1
theologically,1
together,1
feminism,1
thank,1
differences,1
stood,1
pressed,1
tandem,1
parishioners,1
able,1
transferred,1
hundred,1
odo,1
romani,1
reiteration,1
missionswissenschaft,1
survey,1
real,1
debt,1
reproduction,1
him,1
subsequent,1
help,1
achieved,1
feature,1
patterned,1
last,1
iconoclasm,1
loose,1
mind,1
infinitely,1
state,1
priest,1
reinforcing,1
emphasized,1
fleury,1
keith,1
concepts,1
gifts,1
classified,1
political,1
replicas,1
embody,1
china,1
discipline,1
soot,1
miraculosarum,1
hostile,1
oscillating,1
el,1
ad,1
triggered,1
followers,1
corroborating,1
donated,1
nowhere,1
ganz,1
indelible,1
occasional,1
connoted,1
kunstgeschichte,1
corresponded,1
dissemination,1
existence,1
forthcoming,1
blackening,1
soubirous,1
rott,1
albeit,1
indispensible,1
task,1
hofische,1
advice,1
pieced,1
bases,1
mass,1
analytically,1
discuss,1
right,1
blanca,1
originates,1
foreignness,1
twist,1
centuriis,1
reactivated,1
crowd,1
custom,1
quantities,1
opened,1
templates,1
felt,1
installment,1
implies,1
determined,1
logical,1
politics,1
leo,1
activity,1
den,1
travelogues,1
vero,1
establishing,1
obviously,1
redd,1
renowned,1
laboure,1
plaque,1
atheists,1
klosterneuburg,1
evoke,1
kulturwissenschaft,1
west,1
apart,1
variations,1
except,1
eliminating,1
establishment,1
sent,1
cited,1
galland,1
dynamic,1
apply,1
objective,1
einsidl,1
intolerance,1
heretical,1
message,1
geertz,1
unhappy,1
forged,1
letter,1
adding,1
assessment,1
ottingen,1
funded,1
ranked,1
learned,1
relies,1
portraitist,1
linnaeus,1
central,1
hinrichs,1
goal,1
divorced,1
phase,1
predilection,1
gnadenbilder,1
bludenz,1
schmeller,1
surely,1
histori,1
erection,1
proceeded,1
reverse,1
weakened,1
kselman,1
rak,1
facts,1
difficulties,1
inner,1
quality,1
reputation,1
seventy,1
run,1
countless,1
wdhrend,1
forschungsgemeinschaft,1
sediment,1
wrath,1
dei,1
integral,1
divine,1
visitation,1
pitfalls,1
teisingerisches,1
modes,1
hideousness,1
relatively,1
faces,1
wrathful,1
ean,1
viewing,1
mixed,1
subtle,1
adopted,1
folklorist,1
katastrophe,1
club,1
untersuchungen,1
dame,1
jungfrau,1
signifiers,1
tacit,1
restore,1
swarthy,1
sermons,1
militarily,1
media,1
sample,1
helena,1
interprets,1
conundrum,1
spreading,1
moment,1
secularized,1
hartinger,1
satan,1
adam,1
decisions,1
honored,1
tends,1
hendrik,1
demons,1
times,1
concrete,1
vagts,1
infrequently,1
kinds,1
exoticization,1
body,1
kraft,1
slave,1
allowing,1
occult,1
poem,1
herrn,1
dates,1
twice,1
single,1
reapproaching,1
criterion,1
konfessionellen,1
majesties,1
helpful,1
semantic,1
facet,1
mosaic,1
alltag,1
leurs,1
archaeologist,1
verdun,1
remarkably,1
instruments,1
vice,1
ellipses,1
secular,1
sun,1
infidels,1
passau,1
bejeweled,1
hampe,1
influence,1
master,1
leopold,1
gigantic,1
chaplain,1
festschrift,1
mourning,1
revitalize,1
longing,1
barockzeit,1
smoothed,1
natur,1
van,1
jungian,1
aim,1
bruchsal,1
accolade,1
suppressing,1
archaic,1
linke,1
buschmann,1
betrays,1
whitened,1
compostella,1
rozmital,1
hamburg,1
played,1
birus,1
identification,1
magisterarbeit,1
nationalmuseum,1
ba,1
camp,1
links,1
bring,1
performance,1
cleaned,1
across,1
centered,1
gottlichen,1
duodecim,1
miraculously,1
proper,1
ebony,1
na,1
afterwards,1
appreciation,1
ascertaining,1
process,1
coloring,1
mean,1
johannes,1
christine,1
decentering,1
hers,1
devastating,1
accurate,1
saints,1
associate,1
thing,1
humanity,1
b,1
se,1
leave,1
direct,1
kastl,1
weif,1
contributions,1
witness,1
romischer,1
tree,1
inn,1
thirdcentury,1
offering,1
arbor,1
awareness,1
imaginum,1
dismiss,1
commentaries,1
extremes,1
altbtting,1
precious,1
supposed,1
scots,1
medal,1
suffice,1
nachtridentinische,1
unser,1
mrs,1
category,1
utterly,1
changes,1
statistic,1
franzosischen,1
romantic,1
unlike,1
proving,1
bad,1
calif,1
beschrieben,1
maiden,1
possibly,1
reinforcement,1
department,1
approached,1
languages,1
monastery,1
organized,1
commentators,1
theologique,1
sociocultural,1
bit,1
entdeckungsreisen,1
latin,1
handled,1
transformed,1
section,1
spirit,1
impact,1
squares,1
mittelalters,1
uninteresting,1
ursula,1
house,1
decade,1
likened,1
argued,1
frequently,1
profile,1
threat,1
careful,1
four,1
commonly,1
marienkunde,1
superior,1
weinheim,1
powerful,1
bohmischen,1
continual,1
encouragement,1
follow,1
statement,1
noire,1
scientist,1
submerged,1
linkage,1
gentiles,1
evaluation,1
your,1
interceded,1
kirche,1
cheeks,1
tides,1
asks,1
signification,1
flakes,1
shifted,1
guidance,1
causing,1
bolts,1
dominant,1
archaism,1
photos,1
metal,1
painstakingly,1
adriatic,1
opinion,1
providing,1
undermines,1
humility,1
protestant,1
cut,1
advocated,1
ceremoniously,1
mohren,1
franz,1
iconography,1
pencil,1
mirakelbiicher,1
raw,1
uses,1
maggiore,1
religiously,1
kennt,1
chronologie,1
path,1
virtuosity,1
concentration,1
location,1
encyclopedic,1
frommigkeit,1
discoloration,1
discount,1
fleshtones,1
histories,1
heavenly,1
rationalist,1
persephone,1
arabs,1
darkens,1
dobschutz,1
ambiguity,1
oliva,1
wiped,1
generates,1
intentionality,1
replica,1
abbey,1
considering,1
pass,1
biographical,1
parisian,1
votivbrauchtum,1
darmstadt,1
illness,1
constantly,1
schwartze,1
base,1
reisetagebuch,1
congregations,1
muslim,1
embedded,1
academic,1
revered,1
mohler,1
accurately,1
impression,1
ann,1
equally,1
lovely,1
schwarzer,1
embarrassing,1
traced,1
twelthcentury,1
promoters,1
heaven,1
venerators,1
negress,1
unanimously,1
inches,1
devoid,1
intensity,1
tile,1
suffered,1
sainthood,1
younger,1
otherwise,1
energy,1
exegetical,1
popularized,1
amassed,1
bildes,1
sertima,1
mariae,1
designations,1
prayer,1
jewish,1
answer,1
construing,1
wayne,1
possibility,1
expressions,1
danita,1
memory,1
technical,1
aspects,1
distinguishes,1
undermined,1
feminine,1
representatives,1
products,1
offensive,1
invisible,1
r,1
line,1
frontispiece,1
demystify,1
data,1
arrives,1
psychology,1
formerly,1
intense,1
scope,1
sixteenthcentury,1
paraphrase,1
vincent,1
moreneta,1
imports,1
schreier,1
blue,1
instituted,1
distinguish,1
fulminated,1
themes,1
purpose,1
criteria,1
denial,1
knowledge,1
secret,1
clearer,1
coded,1
forge,1
aged,1
dove,1
mitteilungen,1
feared,1
description,1
unusually,1
intentionally,1
sodalities,1
dozens,1
loss,1
whole,1
continuation,1
autoren,1
diffusion,1
describe,1
africanness,1
fail,1
loretto,1
size,1
trumpet,1
issues,1
demonstrates,1
accidental,1
keep,1
seated,1
bits,1
christusbilder,1
statistics,1
destitution,1
zilcosky,1
jahre,1
rituals,1
et,1
transported,1
durch,1
ivan,1
forces,1
personal,1
illustrative,1
romance,1
schwartz,1
complemented,1
illegible,1
ultimately,1
systematic,1
preparation,1
sicily,1
deeply,1
stanford,1
limewood,1
strata,1
facial,1
aufklarung,1
gustafson,1
conform,1
paleotti,1
lips,1
graduate,1
count,1
t,1
begleiter,1
garb,1
demeter,1
discovering,1
tone,1
culturgeschichte,1
kuryluk,1
construct,1
protestantism,1
adult,1
describing,1
corresponds,1
commissioning,1
tacitly,1
aroused,1
talked,1
volume,1
protest,1
handworterbuch,1
worthy,1
order,1
moder,1
warmest,1
mediterranean,1
ancona,1
squarely,1
reaches,1
midst,1
night,1
emerging,1
submit,1
family,1
weitberuhmbten,1
legenden,1
several,1
zeichen,1
stemmed,1
workshops,1
floating,1
revealing,1
bridge,1
grow,1
starting,1
catalonia,1
constantinople,1
notorious,1
peak,1
lucera,1
distinguished,1
isis,1
usual,1
bavarian,1
sculptures,1
differing,1
telling,1
impossible,1
coast,1
engages,1
occasions,1
core,1
jahrbuchlein,1
christians,1
warranting,1
gottfried,1
sculptors,1
germanischen,1
dependent,1
negativity,1
benz,1
resistance,1
using,1
anderen,1
hermann,1
newly,1
thirdly,1
tripartita,1
finds,1
mutter,1
valuable,1
disturbing,1
activities,1
behalf,1
seemed,1
avoid,1
periods,1
survived,1
cite,1
south,1
sidney,1
winckelmann,1
morphology,1
moor,1
affixed,1
counteract,1
symbolism,1
republican,1
pilgrims,1
glued,1
barocken,1
edith,1
related,1
underground,1
sons,1
ranging,1
stronger,1
comment,1
sankt,1
attributable,1
visually,1
comely,1
mariology,1
provable,1
osterreich,1
action,1
schmidt,1
appearances,1
strasbourg,1
reinstated,1
blessed,1
wondrous,1
secondly,1
enigme,1
ened,1
anniversary,1
effigies,1
miles,1
sitting,1
positioned,1
prove,1
souvenir,1
uber,1
classical,1
judgment,1
illustrating,1
copyists,1
irises,1
indicates,1
interactions,1
conceived,1
railway,1
reliquien,1
pausanius,1
backdrop,1
handbuch,1
turks,1
labored,1
reception,1
positive,1
complected,1
questioned,1
chap,1
formation,1
marianisches,1
spoken,1
once,1
brow,1
land,1
avoids,1
edited,1
elaboration,1
victor,1
housing,1
monte,1
krusenstjern,1
represents,1
rules,1
alongside,1
tablet,1
serve,1
soon,1
gissey,1
wiirzburg,1
historia,1
official,1
selective,1
index,1
clarified,1
profane,1
enshrined,1
capell,1
rightly,1
choices,1
essentialist,1
presseagentur,1
aufreisen,1
outlined,1
broad,1
friedrich,1
aground,1
constantinopoli,1
lindlichen,1
insights,1
illustrated,1
visitors,1
indians,1
significant,1
quotations,1
sermones,1
mich,1
architectural,1
gulfi,1
hofund,1
revenge,1
baby,1
celeberrimi,1
picture,1
sinfulness,1
lee,1
subjective,1
explicantur,1
blacksmith,1
persuade,1
ordinance,1
members,1
populi,1
leader,1
kultureller,1
successfully,1
revitalized,1
benigna,1
request,1
journey,1
toward,1
others,1
sumptuous,1
reporting,1
uli,1
added,1
financial,1
reappearance,1
edle,1
fatima,1
nidem,1
signified,1
lighter,1
sophie,1
shows,1
deviance,1
admit,1
valid,1
turner,1
treatment,1
fundamental,1
hussites,1
perceptible,1
temples,1
walked,1
plundering,1
beliefs,1
mythologie,1
goddesses,1
quellen,1
attempting,1
disuse,1
assertion,1
layer,1
grave,1
larger,1
kiipferle,1
theologian,1
john,1
reaffirmed,1
justification,1
causes,1
debates,1
overwhelmingly,1
doubt,1
resolved,1
fashion,1
pattern,1
feedback,1
molanus,1
serious,1
noirs,1
angels,1
dramaturgy,1
anthropologist,1
patterns,1
readers,1
stuff,1
hand,1
consciously,1
monographs,1
begin,1
increases,1
ridicules,1
operating,1
model,1
nicolas,1
ancients,1
religiosen,1
reform,1
developing,1
purposes,1
abbild,1
implausible,1
mutual,1
krieg,1
spot,1
ontological,1
jahrhundert,1
spring,1
magnus,1
enigmas,1
focusing,1
mundo,1
appropriating,1
wolfenbiittel,1
tiny,1
project,1
groom,1
grenzen,1
hamilton,1
mercy,1
transportation,1
gives,1
idolatry,1
moorish,1
linked,1
stance,1
remained,1
palestine,1
organize,1
emissaries,1
interpreting,1
overshadowing,1
rutishauser,1
historicai,1
volk,1
heiner,1
greatest,1
hue,1
meaningful,1
jameson,1
extended,1
vast,1
churches,1
link,1
specializing,1
effectiveness,1
background,1
jewess,1
farther,1
discovery,1
upon,1
accompanying,1
defile,1
sides,1
writings,1
catholicism,1
contemplate,1
vach,1
affinity,1
passes,1
ethnology,1
owe,1
indestructible,1
versa,1
elite,1
gerda,1
identity,1
findings,1
tournus,1
outward,1
controlling,1
expression,1
madonnenbild,1
emphasize,1
factor,1
engaging,1
avellino,1
resulting,1
harvard,1
extraordinarily,1
sanctae,1
questions,1
processes,1
idealization,1
recovery,1
theologie,1
undependable,1
individuals,1
cathedral,1
examination,1
pagan,1
sees,1
sozialer,1
lector,1
eleventh,1
lightning,1
marienverehrung,1
nevertheless,1
dating,1
theoretical,1
gunther,1
aristocratic,1
versions,1
schriften,1
rejected,1
futile,1
aggressive,1
modem,1
visualization,1
clouds,1
maurice,1
publication,1
express,1
modernization,1
essay,1
lady,1
logic,1
krieges,1
heightening,1
beobachtungen,1
siidwesten,1
individual,1
pride,1
indicate,1
brauch,1
blend,1
patina,1
potzl,1
medick,1
suppliants,1
salus,1
meisner,1
kunig,1
features,1
housed,1
serves,1
tindari,1
vergine,1
morenita,1
counted,1
proximity,1
ritter,1
misunderstanding,1
dini,1
fred,1
primer,1
provides,1
segment,1
latter,1
promotion,1
unambiguous,1
detached,1
wounding,1
problems,1
cogent,1
somehow,1
internal,1
systems,1
mocks,1
qualities,1
fanfares,1
catherine,1
bernadette,1
eloquent,1
viewpoint,1
editors,1
nerves,1
relation,1
richesses,1
sweat,1
respectively,1
wise,1
preston,1
exactly,1
reaffirms,1
organizers,1
availability,1
d,1
james,1
ikonographie,1
deciphered,1
hard,1
crucifixion,1
dominance,1
travelers,1
northern,1
haven,1
afrikanistik,1
melanis,1
typologie,1
summarized,1
unconcealed,1
strass,1
tenuous,1
embodied,1
rays,1
darker,1
theodorus,1
greek,1
gegenreformation,1
sheds,1
antithesis,1
nolans,1
harnessing,1
bugner,1
redheads,1
visit,1
contributes,1
authenticating,1
fails,1
genesis,1
implicitly,1
carried,1
depth,1
speculate,1
committed,1
helmut,1
imply,1
ugliness,1
backward,1
stems,1
nihe,1
succinctly,1
quo,1
dominican,1
holiest,1
usually,1
winkle,1
curiosities,1
byzantium,1
impressive,1
suggestive,1
suspected,1
saved,1
rpt,1
vera,1
veiling,1
attitude,1
widespread,1
historiarum,1
schwarzbraune,1
remarked,1
bohemia,1
inexplicable,1
crept,1
golgotha,1
kroll,1
parcel,1
render,1
renown,1
souvenirs,1
thirteen,1
anticlerical,1
gesponb,1
transformation,1
originated,1
expert,1
guadalupe,1
covering,1
gegenwart,1
spanning,1
processional,1
huynen,1
es,1
sinners,1
construction,1
blood,1
borrowings,1
incl,1
united,1
catechism,1
abessinian,1
respect,1
marsat,1
prechristian,1
measured,1
farbe,1
heightens,1
colloquial,1
articles,1
problematic,1
viewers,1
gathered,1
sound,1
grounded,1
documenting,1
seat,1
herrscherin,1
austria,1
detail,1
quantitative,1
kiinzli,1
lengthier,1
dissertation,1
sections,1
suggestions,1
wars,1
curious,1
gazeteer,1
rarely,1
fifteen,1
thinking,1
ordered,1
alfred,1
dreiiigjahrige,1
series,1
conclusion,1
gabriele,1
ethnological,1
craplet,1
rosier,1
tempting,1
imagefocused,1
henkel,1
founded,1
rites,1
continues,1
fiery,1
precise,1
satisfactory,1
temporal,1
altertum,1
quotes,1
ralph,1
rohricht,1
carl,1
jewishness,1
augmenting,1
symbol,1
alps,1
disdain,1
encoded,1
inventio,1
cybele,1
geburtstag,1
forty,1
triad,1
orcival,1
kloster,1
defining,1
berkeley,1
natural,1
midnineteenth,1
evokes,1
mutually,1
romanes,1
monthly,1
country,1
clifford,1
tara,1
anthropology,1
booklets,1
paper,1
renovation,1
cultures,1
reisebuch,1
roman,1
interested,1
key,1
greschat,1
jungraithmayr,1
prototypical,1
bologna,1
ahr,1
geschichtlichen,1
epitomized,1
bauman,1
printed,1
wall,1
disappointment,1
apparition,1
inquiry,1
misunderstood,1
luckmann,1
counting,1
rivalry,1
dramatic,1
newman,1
speculation,1
enemy,1
spontaneously,1
twelfth,1
frawen,1
longstanding,1
audience,1
generalized,1
sought,1
pictures,1
placing,1
prayers,1
innumerable,1
ascendancy,1
rural,1
paintbrush,1
negritudo,1
person,1
feminist,1
phd,1
crusaders,1
heiligthiimem,1
suffering,1
scholarly,1
jean,1
estremadura,1
recollections,1
disseminators,1
heads,1
exposing,1
reproduce,1
divided,1
investigation,1
circles,1
unique,1
traktaten,1
list,1
namely,1
mirakelbuch,1
foremost,1
supports,1
trinity,1
quote,1
symbolically,1
add,1
maintain,1
baroque,1
pains,1
novelty,1
landshut,1
purposely,1
herrmann,1
problem,1
fascination,1
insightful,1
constructivist,1
rodez,1
gebhard,1
thousands,1
imagine,1
projection,1
origenes,1
holzherr,1
influenced,1
resolutely,1
intentionalist,1
missed,1
suggests,1
empirische,1
w,1
hundreds,1
wonders,1
inability,1
ascertain,1
universe,1
millions,1
gradation,1
faujas,1
exegesis,1
soldier,1
montenero,1
beitrage,1
demonic,1
alterations,1
wort,1
circumstances,1
andrea,1
excerpts,1
recognition,1
signifier,1
urged,1
reported,1
conclude,1
introduced,1
city,1
jahrhunderts,1
altogether,1
blumenbach,1
role,1
epitome,1
easy,1
monarchs,1
predecessors,1
subject,1
transition,1
preached,1
salzach,1
step,1
explication,1
beil,1
elevations,1
encyclopedie,1
motherly,1
fabricated,1
protestants,1
aberglaubens,1
gugitz,1
hohes,1
gloss,1
allows,1
maintained,1
aspect,1
iconoclastic,1
friday,1
refutation,1
precision,1
multiply,1
historicizing,1
subsumed,1
volkerschau,1
antique,1
connotes,1
named,1
campus,1
conterminous,1
rote,1
zweien,1
korff,1
nikolaus,1
bush,1
lists,1
annunciation,1
schweiz,1
cambridge,1
conn,1
surface,1
initiated,1
deutschland,1
braut,1
steam,1
enigmatical,1
jacques,1
national,1
chemical,1
gustav,1
translated,1
clerics,1
reversed,1
crisis,1
parallels,1
documentation,1
orten,1
sebald,1
americas,1
thorsten,1
lively,1
include,1
correlated,1
virtue,1
sadness,1
reminiscent,1
need,1
unified,1
smaller,1
states,1
dogma,1
you,1
piece,1
leiden,1
off,1
wirklichkeit,1
extremely,1
association,1
shift,1
speak,1
lech,1
familie,1
roughly,1
anonymous,1
aphrodite,1
mmediately,1
caveats,1
specific,1
charles,1
territories,1
erstes,1
potential,1
news,1
removed,1
best,1
vividly,1
damned,1
archival,1
terminology,1
vary,1
chicago,1
reached,1
era,1
bruckner,1
substantial,1
exclusively,1
immediately,1
attack,1
keine,1
nun,1
famous,1
concise,1
beings,1
cross,1
welt,1
arnold,1
kalima,1
offprint,1
forcibly,1
encompassed,1
daughter,1
industrialized,1
termed,1
delayed,1
architect,1
karolingerzeit,1
occur,1
odd,1
customarily,1
prophecies,1
ende,1
thorough,1
