WORDCOUNTS,WEIGHT
the,1883
of,1039
and,785
in,769
a,635
to,554
s,336
new,266
for,245
on,238
was,237
pasteur,195
york,182
that,179
by,179
as,176
with,156
american,143
it,141
from,138
not,136
medical,134
this,129
at,128
an,124
his,119
rabies,114
is,111
were,108
had,96
but,95
he,89
medicine,85
about,84
public,82
or,82
be,78
i,76
first,73
see,73
their,63
one,62
newark,60
only,59
have,59
dogs,58
december,58
they,57
its,55
america,55
press,55
april,54
been,54
who,54
more,53
boys,53
other,50
also,50
historical,50
dog,49
paris,49
are,49
science,48
review,47
even,46
no,46
january,46
daily,45
dr,45
children,44
treatment,43
would,43
popular,42
scientific,41
after,41
research,40
laboratory,40
herald,39
two,39
times,39
history,38
could,38
which,38
breakthrough,38
papers,37
hydrophobia,37
these,37
when,37
city,37
some,35
world,35
physicians,34
work,34
news,34
all,32
disease,32
so,32
years,32
such,31
health,31
col,31
m,30
coverage,30
made,30
hansen,29
newspapers,29
people,29
him,29
attention,29
into,28
j,28
than,28
p,28
t,28
bert,28
koch,28
vaccine,28
patients,28
ran,28
did,28
reported,28
states,28
bitten,27
l,27
well,27
several,27
day,27
united,27
later,26
before,26
doctors,26
article,26
cure,25
story,25
november,25
enthusiasm,25
d,25
diphtheria,25
there,24
general,24
published,24
articles,24
then,24
through,24
puck,23
if,23
large,23
most,23
has,23
museum,23
harper,23
time,23
three,23
them,23
institute,23
among,23
human,22
french,22
many,22
john,22
any,22
while,22
century,21
weekly,21
small,21
will,21
stories,21
discovery,21
life,21
over,21
william,21
chicago,21
e,20
those,20
political,20
since,20
may,20
media,20
used,20
example,20
few,20
same,20
appeared,20
readers,20
figure,20
just,20
being,19
very,19
journal,19
animals,19
during,19
newspaper,19
local,19
frank,19
like,19
months,19
paper,19
both,19
became,19
much,19
h,18
philadelphia,18
n,18
important,18
late,18
man,18
week,18
louis,18
august,18
graphic,18
report,18
episode,18
o,17
least,17
great,17
how,17
image,17
age,17
we,17
although,17
announced,16
nineteenth,16
october,16
campaign,16
interest,16
without,16
days,16
came,16
f,16
sensation,16
under,16
reports,16
another,16
including,16
joseph,16
animal,16
might,15
within,15
therapeutic,15
discoveries,15
my,15
found,15
because,15
up,15
bacteriology,15
widely,15
between,15
page,14
way,14
account,14
study,14
university,14
out,14
however,14
earlier,14
home,14
full,14
dime,14
am,14
la,14
known,14
what,14
art,14
france,14
era,14
early,14
images,14
experiments,13
case,13
me,13
march,13
himself,13
september,13
back,13
established,13
four,13
year,13
tuberculin,13
change,13
physician,13
successful,13
breakthroughs,13
illustrated,13
cartoon,13
efforts,13
billings,13
where,13
profession,13
next,13
seen,13
get,13
each,13
little,13
geison,13
now,12
magazine,12
though,12
care,12
virus,12
literature,12
gave,12
useful,12
practice,12
number,12
treated,12
thomas,12
magazines,12
here,12
cities,12
caricature,12
making,12
therapy,12
w,12
until,12
c,12
cartoons,11
mad,11
said,11
taken,11
g,11
yet,11
across,11
awareness,11
further,11
baltimore,11
triumph,11
failure,11
place,11
own,11
st,11
limited,11
boy,11
experimental,11
ed,11
social,11
death,11
cable,11
exhibit,11
editors,11
james,11
sometimes,11
role,11
given,11
major,11
long,10
printed,10
prior,10
point,10
doctor,10
rather,10
elixir,10
cases,10
mrs,10
called,10
rabid,10
below,10
society,10
letters,10
europe,10
less,10
perhaps,10
steamer,10
weeks,10
men,10
often,10
cover,10
tuberculosis,10
far,10
february,10
whether,10
theory,10
told,9
something,9
reprinted,9
antitoxin,9
scientists,9
down,9
course,9
possible,9
patient,9
young,9
sun,9
americans,9
victims,9
information,9
showing,9
revolution,9
june,9
brief,9
above,9
culture,9
already,9
others,9
added,9
inoculations,9
v,9
present,9
private,9
judge,9
especially,9
satire,9
leslie,9
changes,9
publicly,9
pulitzer,9
sciences,9
different,9
pictures,9
physiology,9
presented,9
subject,9
morning,9
offered,9
charles,9
recent,9
famous,9
headlines,8
introduction,8
studies,8
harkness,8
berlin,8
last,8
henry,8
robert,8
mass,8
except,8
along,8
against,8
advertiser,8
funds,8
david,8
six,8
process,8
parents,8
similar,8
illustrations,8
front,8
support,8
nor,8
old,8
too,8
bite,8
call,8
evening,8
latest,8
grateful,8
still,8
cholera,8
rabbit,8
street,8
name,8
took,8
do,8
beaumont,8
strays,8
use,8
began,8
biggs,8
trip,8
high,8
trying,8
professional,8
carried,8
twelve,8
helfand,8
she,8
deaths,8
expectations,8
mother,8
school,8
simply,8
md,8
hospital,8
cambridge,8
national,8
effects,8
stray,8
themselves,8
jokes,8
martin,8
go,7
college,7
needed,7
word,7
second,7
unlike,7
barnum,7
subscription,7
nature,7
eden,7
bites,7
available,7
atlantic,7
professor,7
state,7
side,7
killed,7
opened,7
leibowitz,7
inoculated,7
july,7
development,7
hardly,7
operation,7
whose,7
edward,7
examined,7
importance,7
vivisection,7
sick,7
send,7
numbers,7
based,7
appearance,7
entered,7
captured,7
applied,7
r,7
part,7
london,7
germ,7
progress,7
european,7
techniques,7
make,7
inoculation,7
reception,7
department,7
gossel,7
again,7
academy,7
fact,7
end,7
bulletin,7
procedure,7
exhibited,7
students,7
period,7
features,7
short,7
bacteriological,7
become,7
figures,7
saw,7
lives,7
fall,7
cols,7
mentioned,7
veterinary,7
sustained,7
bit,7
sure,7
milk,7
following,7
lane,7
extent,7
her,7
boston,7
son,7
pound,7
using,7
numerous,7
include,7
north,7
showed,7
emergence,6
ways,6
modern,6
matter,6
either,6
seems,6
skull,6
agnew,6
globe,6
clinic,6
politics,6
richard,6
west,6
x,6
fitzgerald,6
laboratories,6
hammonds,6
group,6
turn,6
items,6
hero,6
fever,6
brunswick,6
familiar,6
benefits,6
technology,6
excitement,6
show,6
followed,6
opening,6
search,6
died,6
receive,6
almost,6
injection,6
received,6
brought,6
knowledge,6
esp,6
personal,6
stage,6
event,6
around,6
generally,6
value,6
provided,6
led,6
likely,6
imagery,6
return,6
chap,6
official,6
included,6
lymph,6
cartoonists,6
museums,6
paul,6
technique,6
power,6
addition,6
pattern,6
never,6
ryan,6
editorials,6
understanding,6
greatest,6
prevention,6
upon,6
incubation,6
wound,6
entirely,6
largely,6
ideas,6
held,6
miracle,6
chemist,6
education,6
claimed,6
returned,6
series,6
extensive,6
ever,6
natural,6
control,6
correspondent,6
commission,6
half,6
audience,6
advances,6
des,6
families,6
come,6
shown,6
spring,6
offer,6
opinions,6
potential,6
immediately,6
strong,6
should,6
does,5
donations,5
gerald,5
willie,5
child,5
names,5
epidemics,5
character,5
holding,5
princeton,5
common,5
victim,5
wax,5
indicated,5
sunday,5
expectation,5
virulent,5
caricatures,5
diseases,5
route,5
examination,5
shot,5
room,5
subsequent,5
typhoid,5
british,5
issue,5
money,5
bowery,5
draw,5
learned,5
jupille,5
fun,5
de,5
eakins,5
developments,5
drawn,5
babies,5
preventive,5
recognized,5
clinical,5
appreciation,5
month,5
certain,5
histoty,5
consciousness,5
quoted,5
jersey,5
always,5
decades,5
appear,5
arrived,5
advance,5
exhibition,5
seven,5
changed,5
austin,5
events,5
bergh,5
initial,5
appears,5
method,5
anthrax,5
prompted,5
reynolds,5
boom,5
president,5
status,5
responses,5
caused,5
gibier,5
contrast,5
reporter,5
musee,5
survived,5
warner,5
once,5
read,5
pharmacy,5
rabbits,5
experiment,5
operations,5
picture,5
jon,5
provide,5
book,5
policeman,5
reporting,5
water,5
twenty,5
fear,5
patterns,5
continuing,5
books,5
widespread,5
going,5
examples,5
writings,5
congress,5
b,5
co,5
summer,5
britain,5
seeking,5
probably,5
statue,5
need,5
pictorial,5
continued,5
five,5
dispatch,5
analysis,5
entertainment,5
shooting,5
dissertation,5
material,5
darwin,5
quickly,5
worth,5
believe,5
post,5
better,5
phd,5
according,5
fascination,5
hogs,5
surgery,5
fourteen,5
die,5
commercial,5
editor,5
brain,5
consumption,5
off,5
injections,5
create,5
substantial,5
element,5
ending,4
mania,4
heroic,4
pay,4
alone,4
per,4
center,4
achievements,4
english,4
member,4
every,4
promoting,4
england,4
liberty,4
leading,4
simple,4
narrative,4
achievement,4
studied,4
take,4
relations,4
context,4
tribune,4
milwaukee,4
east,4
historians,4
cents,4
hammond,4
judith,4
etc,4
cited,4
collection,4
andrew,4
insulin,4
ronald,4
dying,4
unpublished,4
handbill,4
agent,4
relatively,4
dennett,4
application,4
jr,4
popularization,4
cowpox,4
circulation,4
meister,4
third,4
publications,4
find,4
look,4
bennett,4
apparently,4
born,4
developed,4
illustration,4
reference,4
active,4
direct,4
contributions,4
pages,4
danger,4
enthusiasms,4
list,4
provides,4
frequently,4
prevent,4
exploited,4
shorter,4
beyond,4
scientist,4
victorian,4
iconography,4
arrival,4
typical,4
treatments,4
big,4
run,4
ads,4
cultural,4
career,4
recently,4
persons,4
procedures,4
brooklyn,4
wide,4
near,4
aspects,4
shape,4
none,4
having,4
nine,4
eds,4
apparent,4
journals,4
ten,4
broad,4
winter,4
rage,4
graduate,4
healing,4
announcement,4
painting,4
sense,4
heart,4
tattooed,4
miracles,4
occasions,4
newly,4
actions,4
seemed,4
frederick,4
mentions,4
horses,4
donors,4
comments,4
hold,4
innovation,4
cartoonist,4
experienced,4
raise,4
light,4
noted,4
rise,4
baby,4
party,4
popularity,4
photographs,4
shows,4
idea,4
copied,4
striking,4
blaine,4
golden,4
fashion,4
convulsions,4
celebrated,4
interview,4
original,4
campaigns,4
success,4
significant,4
bed,4
franklin,4
eight,4
described,4
open,4
clear,4
eddie,4
points,4
started,4
played,4
portrayed,4
enough,4
fatal,4
surgeon,4
mr,4
percent,4
publicity,4
save,4
researcher,4
brown,4
bacillus,4
entitled,4
marrow,4
usually,4
pasteurization,4
dimensions,4
lost,4
translation,4
visual,4
relevant,4
length,4
gorman,4
face,4
regularly,4
lintaber,4
claims,4
believed,4
accounts,4
woman,4
potency,4
set,4
forty,4
highly,4
intellectual,4
monthly,4
country,4
international,4
leaders,4
domestic,4
potts,4
form,4
problem,4
u,4
emphasis,4
wonders,4
pain,4
think,4
our,4
lists,4
conn,4
wis,4
twentieth,4
evidence,4
glass,4
surgical,4
asked,4
you,4
attempted,4
madison,4
needle,4
yesterday,4
traditional,4
focus,4
serum,4
frequent,3
patsey,3
gage,3
ziporyn,3
generated,3
groups,3
girl,3
epidemic,3
germany,3
police,3
syringe,3
replaced,3
item,3
drawings,3
significantly,3
inoculating,3
description,3
replicate,3
remedy,3
institutes,3
exaggerated,3
viewer,3
pictured,3
kete,3
love,3
best,3
copy,3
tradition,3
includes,3
thank,3
wave,3
able,3
thanks,3
help,3
achieved,3
feature,3
folks,3
mind,3
interviewed,3
date,3
hostile,3
ad,3
system,3
gastric,3
injected,3
king,3
histoire,3
nose,3
right,3
biting,3
chapter,3
howard,3
move,3
sent,3
physiologist,3
despite,3
optimism,3
million,3
thus,3
stomach,3
due,3
bone,3
workers,3
bounty,3
topic,3
westport,3
symptoms,3
immigrants,3
infective,3
perspective,3
served,3
compared,3
left,3
single,3
helpful,3
maulitz,3
y,3
student,3
discovering,3
aspca,3
patsy,3
jean,3
civilization,3
interesting,3
essential,3
heroes,3
expected,3
managers,3
en,3
antivivisection,3
pp,3
arbor,3
factors,3
cause,3
possibly,3
yellow,3
clearly,3
elsewhere,3
director,3
mary,3
house,3
threat,3
tried,3
additional,3
powerful,3
campbell,3
orange,3
facing,3
instance,3
saving,3
helped,3
alexis,3
providing,3
chasing,3
view,3
treating,3
title,3
histories,3
hands,3
access,3
tanner,3
effort,3
lived,3
curiosity,3
infrequent,3
coney,3
illness,3
accompany,3
representative,3
afternoon,3
ann,3
furthermore,3
healthy,3
effect,3
population,3
produced,3
record,3
outside,3
your,3
required,3
fox,3
taught,3
source,3
memory,3
trial,3
polio,3
salon,3
sculpture,3
start,3
cord,3
prominent,3
feared,3
island,3
satirized,3
issues,3
versus,3
et,3
weisberg,3
drug,3
citing,3
running,3
leavitt,3
paintings,3
shaping,3
order,3
fast,3
workshops,3
dramatic,3
preceding,3
fully,3
extracted,3
notes,3
drowning,3
hermann,3
content,3
edn,3
institut,3
dalton,3
uncommon,3
telegraph,3
republican,3
situation,3
identified,3
action,3
happy,3
located,3
vols,3
caught,3
plans,3
acknowledged,3
harris,3
nearly,3
object,3
community,3
expanded,3
artist,3
direction,3
cheap,3
selling,3
observer,3
cleveland,3
sensationalism,3
neither,3
assistance,3
keeping,3
skin,3
heroism,3
emotional,3
quotations,3
cage,3
tries,3
starting,3
successfully,3
statements,3
stream,3
ontario,3
financial,3
persuasion,3
lengthy,3
longer,3
music,3
infectious,3
contemporary,3
howson,3
honor,3
behind,3
hand,3
remarkable,3
smallpox,3
michael,3
necessary,3
mcnamara,3
remarkably,3
insured,3
remained,3
thousands,3
meetings,3
divided,3
knew,3
completed,3
patricia,3
enormous,3
elite,3
top,3
spinal,3
walzer,3
assume,3
nothing,3
stay,3
prints,3
listing,3
schudson,3
travel,3
low,3
discovered,3
poisoning,3
rapidly,3
spread,3
kept,3
photograph,3
presidential,3
latter,3
markel,3
relation,3
sight,3
can,3
learn,3
neurologist,3
white,3
looked,3
attracted,3
fee,3
achieve,3
things,3
note,3
pieces,3
begin,3
effective,3
ordinary,3
institutions,3
watching,3
transformed,3
proposition,3
transformation,3
expert,3
quite,3
existed,3
saturday,3
biology,3
prophylaxis,3
rosenberg,3
share,3
magnitude,3
fifteen,3
monument,3
elaborate,3
incorporated,3
fad,3
thousand,3
blancher,3
starr,3
why,3
know,3
crowds,3
couney,3
pioneering,3
commonplace,3
controversy,3
novel,3
connection,3
seem,3
board,3
cures,3
enterprising,3
special,3
works,3
person,3
beginning,3
scholarly,3
carefully,3
investigation,3
curs,3
ritvo,3
ones,3
particular,3
passed,3
novelty,3
extract,3
secure,3
infant,3
broncho,3
confirm,3
went,3
healed,3
representation,3
voyage,3
varied,3
named,3
centennial,3
survival,3
youth,3
kruger,3
finding,3
hurt,3
wish,3
contributed,3
perfect,3
regular,3
engraving,3
association,3
surgeons,3
duffy,3
royal,3
entire,3
observed,3
premature,3
portrait,3
tragic,3
nast,3
final,2
bernard,2
clustered,2
handsome,2
rate,2
prize,2
ethics,2
moment,2
ambivalence,2
swazey,2
corruption,2
commitment,2
praised,2
wa,2
episodes,2
revolver,2
determine,2
presses,2
kindness,2
stands,2
stethoscope,2
taber,2
sympathetic,2
forcing,2
unsuccessful,2
employees,2
engineered,2
judged,2
syphilis,2
saws,2
hickey,2
undertakers,2
schools,2
joke,2
injuries,2
gillam,2
sudden,2
additionally,2
easily,2
donated,2
fault,2
ti,2
decade,2
ideals,2
policy,2
yard,2
charitable,2
total,2
th,2
comic,2
chased,2
alliteration,2
annals,2
build,2
journalism,2
negative,2
various,2
highlight,2
pittsburg,2
anything,2
keppler,2
sources,2
modest,2
davis,2
creation,2
seaver,2
ria,2
malady,2
quoting,2
ii,2
fund,2
give,2
attempts,2
address,2
rapid,2
attempt,2
secretary,2
presentations,2
actual,2
illustre,2
avenue,2
words,2
revie,2
reach,2
attractive,2
untreated,2
warm,2
display,2
momentum,2
cured,2
gradual,2
hesitation,2
coming,2
portrayal,2
opponent,2
appearances,2
government,2
harriet,2
reveal,2
petrucelli,2
hunting,2
rescigno,2
carnegie,2
real,2
failures,2
strength,2
solicited,2
stand,2
dispatches,2
adventures,2
samaritans,2
onward,2
testicular,2
preventing,2
killer,2
sophisticated,2
attacked,2
tightened,2
borell,2
encouraging,2
firm,2
agriculture,2
worthy,2
disseminated,2
seventieth,2
trade,2
sequard,2
winfield,2
vaccination,2
condition,2
whom,2
shared,2
eating,2
obvious,2
fine,2
whatever,2
apart,2
taking,2
surrounded,2
birth,2
laws,2
photographic,2
interviews,2
identifies,2
safely,2
sign,2
exposed,2
hygiene,2
usage,2
maynard,2
visuals,2
central,2
goal,2
unaffiliated,2
iron,2
accessible,2
generation,2
digestion,2
countless,2
baruch,2
constantly,2
safety,2
pursuit,2
helen,2
magic,2
lectures,2
forgotten,2
characteristic,2
madness,2
janet,2
mulcahey,2
flurry,2
te,2
afford,2
price,2
ahead,2
hat,2
kind,2
elements,2
clark,2
profound,2
subjects,2
contrary,2
pedestal,2
response,2
outbreaks,2
columbia,2
tomorrow,2
background,2
microbe,2
canine,2
communication,2
undergo,2
helping,2
evelynn,2
acknowledge,2
sensations,2
cites,2
walls,2
mechanism,2
higher,2
surprisingly,2
air,2
identification,2
michigan,2
sets,2
trichiniasis,2
district,2
injecting,2
basic,2
notices,2
notion,2
lasting,2
players,2
reaction,2
opportunity,2
heard,2
lasted,2
supplement,2
humanity,2
michel,2
leave,2
typhus,2
parts,2
fat,2
dialogue,2
beats,2
celebrities,2
moreover,2
supposed,2
cannot,2
means,2
reason,2
involvement,2
distinct,2
garnered,2
municipal,2
consider,2
triumphant,2
river,2
repeated,2
popularizing,2
artificial,2
section,2
worried,2
impact,2
placed,2
gradually,2
anid,2
prudden,2
hypodermic,2
careful,2
acknowledges,2
valued,2
origins,2
promoted,2
officer,2
hit,2
facilities,2
drawing,2
therapies,2
hope,2
undertook,2
nebraska,2
union,2
experimentation,2
greater,2
hours,2
nancy,2
squeamish,2
begun,2
color,2
attack,2
apiece,2
consulting,2
scenes,2
italian,2
parisian,2
accurately,2
caldwell,2
understood,2
shall,2
deluge,2
war,2
treat,2
killers,2
pricked,2
younger,2
gone,2
lyons,2
explain,2
sacrifice,2
wayne,2
possibility,2
briefly,2
silver,2
expensive,2
pigs,2
directly,2
newspapermen,2
don,2
revealed,2
abroad,2
weird,2
writers,2
reader,2
future,2
slightly,2
drew,2
explains,2
reporters,2
training,2
elizabeth,2
crediting,2
cabled,2
older,2
relevance,2
friend,2
advertising,2
focuses,2
rene,2
novels,2
miss,2
elephant,2
universally,2
transatlantic,2
approach,2
humbug,2
delay,2
related,2
messenger,2
terror,2
officials,2
level,2
hard,2
regardless,2
miraculous,2
tested,2
diana,2
stimulated,2
involved,2
commissioner,2
dried,2
characteristics,2
edelfelt,2
pregnant,2
feelings,2
horrible,2
folk,2
industry,2
ts,2
inhabitants,2
recipients,2
isis,2
impossible,2
sketches,2
annual,2
visible,2
grancher,2
exhibits,2
participants,2
palace,2
wife,2
resistance,2
infallible,2
performing,2
lincoln,2
moved,2
salvarsan,2
good,2
spare,2
attacks,2
portion,2
noteworthy,2
republic,2
hawke,2
variety,2
chase,2
nelkin,2
distorted,2
wrote,2
indeed,2
grafton,2
drama,2
labeled,2
expansion,2
play,2
successes,2
dressed,2
concern,2
reduce,2
says,2
drink,2
veins,2
manifest,2
initially,2
hoffman,2
seemingly,2
positive,2
biological,2
gilbert,2
guide,2
gifts,2
criticism,2
accident,2
instantly,2
suspicious,2
residence,2
mendelsohn,2
albert,2
soon,2
seeing,2
fifth,2
us,2
favorable,2
thesis,2
today,2
complete,2
pioneered,2
performed,2
brock,2
largest,2
wisconsin,2
bar,2
mocked,2
shots,2
centuty,2
hoenig,2
tiger,2
request,2
limit,2
mark,2
clinicians,2
chance,2
peck,2
ask,2
chaps,2
lowering,2
smith,2
artists,2
preserve,2
scholars,2
marvels,2
stevens,2
wine,2
reform,2
neighborhood,2
together,2
larger,2
personality,2
cheerful,2
discussed,2
advocacy,2
serious,2
channel,2
sickness,2
evoke,2
journalists,2
covered,2
academie,2
edison,2
sadly,2
dorothy,2
danbury,2
accepted,2
establish,2
origin,2
caitlin,2
vast,2
donation,2
ignoring,2
style,2
streets,2
verbal,2
ayers,2
displace,2
needy,2
encounter,2
wl,2
father,2
displayed,2
remedies,2
contours,2
locate,2
venues,2
desperate,2
looking,2
omitted,2
tammany,2
controlling,2
food,2
angle,2
alien,2
rare,2
scheduled,2
trials,2
individuals,2
office,2
shortly,2
jumped,2
helpless,2
significance,2
reward,2
se,2
lady,2
admission,2
deals,2
inz,2
individual,2
allowed,2
someone,2
federal,2
inventing,2
creating,2
documentation,2
collected,2
promote,2
blindness,2
conversation,2
improved,2
presse,2
exchange,2
quick,2
commercialism,2
qualities,2
k,2
eyes,2
easy,2
evolutionary,2
dollars,2
reads,2
husson,2
schroeder,2
exactly,2
recovered,2
distant,2
harley,2
sanitary,2
celebrity,2
nasaw,2
coordinated,2
visit,2
telephone,2
indication,2
verses,2
aid,2
shoot,2
newsworthy,2
cow,2
seventeen,2
johns,2
linda,2
practical,2
mw,2
williams,2
chicken,2
infection,2
inside,2
lines,2
primarily,2
directions,2
preventable,2
stoutenburg,2
reservations,2
anxious,2
phineas,2
methods,2
unusual,2
bliss,2
kill,2
adventure,2
dead,2
creatures,2
itself,2
canada,2
circulated,2
paying,2
bad,2
considered,2
circuit,2
assistant,2
authorities,2
alerting,2
elderly,2
beast,2
historian,2
dispersed,2
complexity,2
changing,2
visibility,2
biography,2
founded,2
demonstrate,2
continues,2
precise,2
reciprocity,2
ether,2
rival,2
physical,2
entry,2
funding,2
administered,2
inherent,2
offers,2
consented,2
column,2
drowned,2
readily,2
routine,2
juice,2
advertisements,2
spontaneous,2
interested,2
stack,2
prominence,2
devoting,2
argue,2
wall,2
vicious,2
antivivisectionists,2
eventually,2
plague,2
bunting,2
ff,2
workingmen,2
cultivation,2
bynum,2
morange,2
passage,2
sarf,2
purchase,2
trichinosis,2
unique,2
reactions,2
professors,2
references,2
violent,2
agricultural,2
attitudes,2
protective,2
neurology,2
getting,2
representations,2
birthday,2
organotherapy,2
listed,2
fye,2
tubercle,2
blaisdell,2
hundreds,2
library,2
photocopy,2
middle,2
periodicals,2
bedside,2
radically,2
researchers,2
intention,2
exception,2
owner,2
poems,2
must,2
entrance,2
muldoon,2
recognition,2
ill,2
beer,2
buy,2
everywhere,2
therefore,2
substance,2
results,2
clothing,2
phenomenon,2
aspect,2
accorded,2
cruelty,2
remarks,2
anesthesia,2
notice,2
peculiar,2
formation,2
song,2
devoted,2
familiarity,2
steam,2
samuel,2
washington,2
grant,2
explanation,2
register,2
instead,2
grabbing,2
humor,2
russell,2
throat,2
instruments,2
smaller,2
piece,2
sections,2
colleagues,2
playing,2
caption,2
americani,2
captain,2
tuesday,2
profits,2
specific,2
drying,2
meaning,2
pensions,2
russia,2
scholarship,2
cook,2
reached,2
fervor,2
enterprise,2
texts,2
characters,2
develop,2
bacteriologist,2
avoid,2
beings,2
meeting,2
successive,2
editorial,2
attendance,2
fur,2
fads,1
stretching,1
ribbon,1
sublimity,1
muw,1
proposed,1
catcher,1
difficult,1
democracy,1
hussey,1
archives,1
undergraduate,1
ja,1
tetanus,1
stimuli,1
mostly,1
bared,1
wahlen,1
connor,1
struggle,1
lad,1
accidents,1
oriented,1
box,1
liebenau,1
grate,1
negroes,1
adventitious,1
concerned,1
spasmodically,1
estate,1
rev,1
firsthand,1
defective,1
milieu,1
corporate,1
stood,1
vienna,1
scholar,1
faced,1
immune,1
created,1
ready,1
harlow,1
boycott,1
separated,1
negro,1
represent,1
credibility,1
iowa,1
elaborating,1
persisting,1
resulted,1
perilous,1
trans,1
nationalities,1
vogue,1
anlsadifrainbtb,1
seances,1
adoption,1
pasteurized,1
succinct,1
sret,1
georgina,1
drunkard,1
utility,1
string,1
syms,1
manuscript,1
distributed,1
connecticut,1
swallow,1
expect,1
minutes,1
elaborately,1
crede,1
becoming,1
clubbing,1
complex,1
confidence,1
bearing,1
saved,1
reckoning,1
systematically,1
transitory,1
kinds,1
ietpriiaini,1
myth,1
philanthropist,1
mythic,1
alarm,1
fht,1
birmingham,1
diverge,1
essays,1
picked,1
presumed,1
stone,1
overdue,1
transplants,1
rogers,1
live,1
alive,1
services,1
saxon,1
true,1
strictly,1
clumsy,1
completely,1
done,1
tense,1
burnham,1
jonathan,1
exclusively,1
compilation,1
genius,1
park,1
preserving,1
proclaims,1
imagining,1
ms,1
nerve,1
wonderful,1
tomes,1
masks,1
rabitic,1
doubts,1
laboratoty,1
adventurer,1
protection,1
wyn,1
moffe,1
western,1
filters,1
recreation,1
originality,1
gamut,1
bazaar,1
clippings,1
lase,1
fice,1
perceptive,1
tells,1
robinson,1
reliever,1
biographical,1
exceptions,1
service,1
workman,1
induced,1
meicnedi,1
po,1
englewood,1
tepid,1
eye,1
nonetheless,1
worthless,1
nesae,1
absence,1
chief,1
selfless,1
ovr,1
du,1
cullom,1
contexts,1
consultations,1
craze,1
rehearsed,1
baker,1
osi,1
enabling,1
intentions,1
cutting,1
canem,1
fares,1
dreamland,1
esoaak,1
colliers,1
fj,1
rising,1
refractory,1
railroads,1
lame,1
derrick,1
sponsoring,1
gap,1
noble,1
explaining,1
attorney,1
withdrawn,1
showings,1
steamers,1
dwarf,1
relished,1
please,1
invention,1
letting,1
confident,1
labs,1
impounded,1
atkins,1
progressed,1
morman,1
production,1
assail,1
devonshire,1
contributionis,1
fundraising,1
peering,1
medal,1
drastic,1
wonz,1
harden,1
hurling,1
concentrated,1
feeling,1
apl,1
planting,1
musical,1
sores,1
darkness,1
dennis,1
humans,1
utilization,1
continuity,1
reduction,1
worked,1
artificially,1
breakthrouigh,1
advanced,1
transplant,1
youngest,1
thspriulrcutr,1
knowing,1
departure,1
naught,1
revival,1
reevaluation,1
parties,1
memorial,1
dramatically,1
georgia,1
privately,1
operators,1
possibilities,1
ointment,1
incessant,1
brightly,1
packed,1
spectacle,1
aids,1
uneasy,1
twelvemonth,1
desire,1
undertake,1
poverty,1
confusion,1
differences,1
fortunes,1
confirming,1
potentially,1
emotion,1
propped,1
admittedly,1
revisions,1
fruits,1
blumenthal,1
joking,1
incident,1
sometime,1
check,1
hydrophobists,1
closer,1
molecular,1
superhuman,1
jacket,1
inoculate,1
consistently,1
annick,1
scheme,1
survey,1
volunteered,1
ailments,1
histo,1
nationalism,1
farmer,1
deemed,1
organl,1
broadly,1
impounding,1
stulman,1
bartholdi,1
coer,1
punched,1
antitoxines,1
salary,1
harmondsworth,1
analogue,1
alternated,1
redirecting,1
loose,1
miles,1
affair,1
fait,1
precisely,1
sacred,1
shepherd,1
raised,1
tap,1
tsarist,1
waving,1
spitz,1
investigations,1
briefing,1
invalid,1
ours,1
growing,1
alike,1
link,1
alabama,1
professio,1
refuse,1
replies,1
checked,1
hostility,1
zmann,1
confused,1
affected,1
daniel,1
loyalty,1
livelihood,1
lecturer,1
allied,1
tragedy,1
seminar,1
producing,1
quietly,1
fido,1
havre,1
lawmakers,1
documenting,1
nearer,1
appreciate,1
shelby,1
counting,1
otoe,1
lest,1
alfred,1
badly,1
adrian,1
rivalry,1
plain,1
fascinated,1
bodies,1
courtesy,1
asleep,1
owing,1
weakened,1
stretched,1
cauterized,1
framing,1
capacity,1
seabert,1
sects,1
matthew,1
notoriety,1
sought,1
expenses,1
amplified,1
analytically,1
ventures,1
apple,1
olmsted,1
honolulu,1
deal,1
poundkeeper,1
jack,1
eader,1
commencement,1
suicide,1
quantities,1
burke,1
discrepancies,1
felt,1
installment,1
recommended,1
marked,1
fif,1
ordinances,1
uncauterized,1
enforcement,1
husey,1
picnic,1
illustrate,1
realize,1
centerfold,1
melodrama,1
slight,1
beverly,1
centiuy,1
furor,1
establishing,1
pursue,1
sending,1
sewers,1
pediatrics,1
plaque,1
blalock,1
prove,1
occupy,1
guinea,1
newfoundland,1
mushrooming,1
scenic,1
spoonfuls,1
esoteric,1
laconic,1
suny,1
mental,1
understandably,1
variations,1
supervision,1
uses,1
sundy,1
photographed,1
golly,1
politician,1
populacr,1
printings,1
researches,1
daylight,1
chart,1
cheerleaders,1
loudly,1
mediocre,1
apply,1
nearby,1
therapeutically,1
decreasing,1
trio,1
investing,1
henceforth,1
courrier,1
writing,1
individualized,1
loves,1
par,1
minimum,1
drop,1
vaccinia,1
thrl,1
songwriter,1
replacement,1
urging,1
corbett,1
allayed,1
internationally,1
lights,1
removes,1
illustrating,1
toi,1
vaughan,1
gunshot,1
attract,1
shut,1
visits,1
ambitions,1
interestingly,1
monday,1
mid,1
exist,1
repeatedly,1
attenuating,1
regarding,1
conflict,1
accommodate,1
cumulatively,1
terra,1
throughout,1
rouen,1
collapse,1
professionalism,1
futurism,1
xy,1
subhuman,1
surely,1
nybyagesv,1
passing,1
copyrighted,1
immediatement,1
historically,1
integral,1
conveniently,1
montreal,1
proceeded,1
author,1
reverse,1
modify,1
severe,1
immediate,1
apprenticeship,1
copenhagen,1
determinable,1
quality,1
reputation,1
morninig,1
brandishing,1
xilil,1
sanitarium,1
worse,1
visited,1
plugged,1
realized,1
assumes,1
rothman,1
indepen,1
conservator,1
deign,1
turtles,1
recipient,1
perennial,1
contributors,1
sickly,1
sexual,1
accidentally,1
mott,1
establishments,1
caudill,1
jenner,1
tac,1
collapsed,1
walter,1
inhumane,1
audacity,1
acuteness,1
pig,1
smiling,1
quicker,1
interchangeably,1
reshape,1
assured,1
emigration,1
theaters,1
vengeance,1
farewell,1
arena,1
z,1
forced,1
exhausted,1
drives,1
company,1
middleclass,1
contagious,1
estimates,1
sustain,1
misconception,1
eradicates,1
inserted,1
clay,1
dean,1
ct,1
psychological,1
pragmatic,1
fees,1
fond,1
chapin,1
catalogue,1
sentinel,1
fig,1
bruises,1
hadsubstantial,1
restrict,1
difficulty,1
ik,1
infected,1
fate,1
graphically,1
club,1
emphases,1
poem,1
ticket,1
dates,1
clare,1
puli,1
site,1
continuous,1
bag,1
witnessed,1
vne,1
ness,1
fourth,1
truly,1
estimate,1
mechanical,1
devaluing,1
fundraisers,1
objectively,1
momentary,1
competition,1
diarrhea,1
revised,1
kids,1
faklsi,1
unfettered,1
expeditious,1
ham,1
placements,1
quand,1
spite,1
spoils,1
dear,1
gaze,1
details,1
citizen,1
entries,1
singularly,1
gruesome,1
messages,1
luna,1
occasion,1
tired,1
bills,1
delivered,1
letter,1
undetectable,1
disgraceful,1
segment,1
restricting,1
influence,1
fierce,1
salve,1
commenela,1
rates,1
songs,1
muzzles,1
brow,1
error,1
ofamerica,1
precipitate,1
celebrating,1
thlperneo,1
let,1
chronicle,1
savant,1
eum,1
vantage,1
mich,1
imaginatively,1
sandhurst,1
adv,1
failed,1
orr,1
excessively,1
wounds,1
steps,1
opposed,1
diagnosis,1
thermometer,1
weapon,1
depiction,1
asserted,1
iti,1
diluted,1
folder,1
wrestled,1
graphics,1
ka,1
german,1
beneath,1
hesitant,1
reagan,1
ehrsam,1
theresa,1
russian,1
noncontroversial,1
predicted,1
transformations,1
act,1
philanthropists,1
centerpiece,1
bring,1
unintended,1
gutenberg,1
aimed,1
troubled,1
normandie,1
muscles,1
cushions,1
generations,1
angeles,1
avace,1
proceedings,1
debated,1
gignilliat,1
fauntleroy,1
victor,1
perched,1
agonizing,1
joan,1
oresme,1
amnerican,1
leonard,1
pumped,1
encyclopedic,1
borrowing,1
culminating,1
preparing,1
herself,1
obituary,1
adrenalin,1
poplariaiain,1
salute,1
wochenschrift,1
incidence,1
politicians,1
milinre,1
goes,1
formally,1
titled,1
risk,1
anyone,1
sunless,1
associate,1
bedcord,1
connected,1
ex,1
tickles,1
grew,1
grattan,1
rimidy,1
sacrificed,1
statement,1
alva,1
benjamin,1
nicolaas,1
hippocrates,1
aquatic,1
adults,1
spectators,1
recoveries,1
cave,1
offering,1
puc,1
quips,1
undoubtedly,1
appropriateness,1
heralds,1
goinig,1
overlooked,1
supplements,1
ames,1
fade,1
witticisms,1
guides,1
reproduced,1
proclaimed,1
kevles,1
firing,1
ferry,1
tissue,1
mean,1
establishment,1
paragraphs,1
serve,1
humorous,1
kfeppler,1
funeral,1
romantic,1
lafollette,1
microscope,1
consultation,1
charities,1
experimentally,1
space,1
wages,1
mermaid,1
praise,1
dilates,1
blame,1
certify,1
escaped,1
ternrs,1
les,1
suspense,1
key,1
statistical,1
lister,1
specialization,1
literary,1
talk,1
louise,1
keirle,1
appearing,1
bursts,1
slowly,1
antiseptic,1
inscribed,1
embarrassed,1
teaches,1
showered,1
tying,1
joulrnial,1
guns,1
represented,1
moderately,1
lax,1
former,1
receiving,1
histoly,1
promotion,1
invariably,1
articulated,1
beneficiaries,1
argued,1
fore,1
template,1
lester,1
frenzch,1
stocked,1
committee,1
benefited,1
opportunistic,1
neat,1
orientation,1
inhuman,1
milan,1
commonly,1
conqueror,1
put,1
commented,1
sect,1
grown,1
ugly,1
lab,1
encouragement,1
elegant,1
attentiongrabbing,1
actes,1
iemsem,1
phat,1
undertaken,1
newthray,1
consequence,1
cordell,1
putting,1
surge,1
ceremony,1
enjoys,1
harvard,1
clerk,1
blood,1
hereafter,1
exploitation,1
tragedies,1
adolph,1
willing,1
solve,1
legitimation,1
yes,1
catapult,1
causing,1
famed,1
sod,1
shortag,1
photos,1
washtenaw,1
symbolized,1
antecedents,1
whitewashed,1
uncritically,1
join,1
dren,1
cut,1
confirms,1
satisfy,1
hot,1
sneer,1
cultivating,1
friends,1
boisterous,1
draws,1
retrieve,1
plus,1
planned,1
authority,1
dentist,1
cunningham,1
expressed,1
gregory,1
result,1
legislative,1
dwindled,1
weissman,1
esq,1
suburbs,1
betrayal,1
introduce,1
veterinarian,1
walk,1
precluded,1
ftre,1
diverse,1
harbor,1
adit,1
geed,1
scientifically,1
aminoff,1
holds,1
viewpoint,1
conservative,1
jewish,1
scienice,1
mildly,1
dailies,1
inappropriate,1
uncredited,1
painstaking,1
baton,1
faulty,1
mutseum,1
centers,1
patrick,1
wrongly,1
crowd,1
jn,1
businesses,1
reply,1
prepare,1
ocean,1
visionary,1
circa,1
mistakenly,1
requirements,1
hopkins,1
pioneer,1
worker,1
noting,1
endeavor,1
journey,1
epistemology,1
patchogue,1
medicines,1
shield,1
nail,1
effusively,1
peccadilloes,1
burst,1
saturdiat,1
struggles,1
commenced,1
base,1
reportage,1
experts,1
veterinarians,1
inhale,1
bulletini,1
dent,1
embedded,1
tossed,1
diara,1
chauncey,1
particularly,1
asme,1
ranking,1
outset,1
bravely,1
anwiag,1
standardized,1
florida,1
informed,1
crusade,1
bryson,1
buried,1
baboon,1
precaution,1
cuts,1
promo,1
block,1
inctubator,1
clock,1
postulates,1
skilled,1
hall,1
lethal,1
endocrinologist,1
indirect,1
province,1
mntone,1
viewed,1
refers,1
venue,1
jim,1
meet,1
suffered,1
binghamton,1
gilded,1
mistress,1
excellent,1
erratic,1
scale,1
hilarity,1
energy,1
vivid,1
richest,1
fistula,1
demanding,1
doesn,1
universelle,1
pork,1
perform,1
colored,1
caged,1
approached,1
xueme,1
ysidaos,1
awarded,1
hydrophoby,1
graciously,1
tracking,1
higgins,1
oo,1
hesitations,1
contagion,1
scene,1
cows,1
centutry,1
wai,1
halsey,1
impression,1
randolph,1
improve,1
continent,1
torn,1
periodical,1
contracted,1
pin,1
animated,1
hog,1
illustrates,1
tobin,1
network,1
indiscretions,1
yer,1
veritable,1
disrespect,1
assistants,1
bystanders,1
hung,1
planning,1
scope,1
rocks,1
fashionably,1
suggests,1
determining,1
industrial,1
neglected,1
blue,1
voigts,1
carry,1
charity,1
aut,1
ameerica,1
claim,1
imagined,1
concept,1
struck,1
horse,1
rays,1
lacademie,1
tens,1
ghz,1
pouchet,1
oftentimes,1
discusses,1
nella,1
simultaneously,1
cassedy,1
amplifier,1
proprietor,1
sportsman,1
interlocking,1
radiated,1
liberality,1
washkansky,1
comment,1
aged,1
morituri,1
penetrating,1
gerdts,1
thoughts,1
knight,1
experience,1
bowl,1
englishmen,1
sole,1
croyez,1
surprise,1
skirmishes,1
intentionally,1
incorporation,1
dozens,1
insert,1
whole,1
roll,1
corrected,1
continuation,1
willingness,1
designate,1
q,1
fte,1
policies,1
outdooramusements,1
featured,1
dissoeuminated,1
contains,1
records,1
lower,1
keep,1
unmistakable,1
ward,1
fruitful,1
transmitting,1
cluster,1
perrot,1
scare,1
rows,1
rir,1
emancipation,1
rotary,1
healthiest,1
documented,1
amos,1
doors,1
eager,1
away,1
triumphs,1
overviews,1
surrounding,1
legislation,1
appreciated,1
employed,1
cans,1
chesterfield,1
participate,1
hives,1
hydrophobic,1
preparation,1
deeply,1
won,1
humors,1
marksmen,1
class,1
inhibited,1
enthusiastic,1
challenging,1
holy,1
walton,1
lips,1
passion,1
custer,1
count,1
chemistry,1
muse,1
premiere,1
persistently,1
ida,1
unmarried,1
hydrant,1
portraits,1
garb,1
pusi,1
preceded,1
duplicate,1
wholesale,1
naked,1
wheiihe,1
engravings,1
wednesday,1
caution,1
types,1
los,1
happenings,1
working,1
manners,1
recopied,1
negligible,1
cold,1
questionable,1
distances,1
veterinaires,1
suggest,1
seized,1
reliable,1
appended,1
dictionary,1
coupled,1
protest,1
hired,1
senator,1
angel,1
curios,1
assv,1
cries,1
incinerated,1
television,1
fury,1
le,1
theater,1
clothes,1
chagrin,1
stove,1
pinched,1
wrong,1
sixty,1
owned,1
gallon,1
diagnostic,1
midst,1
acted,1
night,1
filterable,1
explored,1
tedcosrc,1
family,1
chas,1
heat,1
intervals,1
gowns,1
calling,1
mitchell,1
asteur,1
consensus,1
wider,1
cleverly,1
painful,1
anmerican,1
biomedical,1
revealing,1
rag,1
fight,1
microscopes,1
outfitting,1
carbolic,1
master,1
massachusetts,1
shadows,1
convey,1
protect,1
torrent,1
iqui,1
vaccines,1
herold,1
silverman,1
telling,1
seeds,1
potent,1
eastern,1
philip,1
hypodermically,1
fashions,1
mcclary,1
clever,1
veisything,1
fsois,1
scott,1
pars,1
claude,1
aggressively,1
sanitation,1
kaufmann,1
purpose,1
ydrphoba,1
lacuna,1
hygeia,1
cabin,1
faraway,1
vehicle,1
pa,1
paid,1
colloquium,1
ellen,1
ind,1
organs,1
distinguishing,1
numerically,1
immortalized,1
galen,1
prizes,1
preliminary,1
finds,1
uncritical,1
swings,1
heyday,1
pot,1
beverages,1
parenthetically,1
waiting,1
scalpels,1
disturbing,1
gordon,1
exclusive,1
activities,1
readership,1
champion,1
jeffrey,1
hardships,1
cx,1
tortured,1
advertised,1
cite,1
hair,1
unsupported,1
reformn,1
project,1
hinckley,1
baleful,1
threatened,1
herein,1
medievalist,1
stimulate,1
ew,1
elapses,1
ride,1
operate,1
zulma,1
san,1
shouts,1
petits,1
scout,1
business,1
plantem,1
imaging,1
spoilage,1
chains,1
demand,1
reduced,1
minor,1
philanthropic,1
onset,1
condemnation,1
pneumonia,1
detected,1
vanderbilt,1
elimination,1
protecting,1
innocent,1
fashon,1
architecture,1
appreciating,1
visually,1
bringing,1
pagliuca,1
hlaepi,1
irish,1
cincinnati,1
lynn,1
bonnie,1
lag,1
turns,1
accolade,1
ia,1
observations,1
frangais,1
jacksonville,1
wait,1
attenuate,1
fdr,1
passively,1
released,1
scandalous,1
sargent,1
nochlin,1
renee,1
drops,1
veterans,1
trcanisformationi,1
budd,1
assurance,1
gift,1
homesick,1
convince,1
formative,1
competing,1
brilliant,1
dread,1
hole,1
quipped,1
counterfeits,1
technically,1
garden,1
bond,1
attacking,1
mccausland,1
nursery,1
anesthetics,1
keyport,1
yiddish,1
standing,1
unprecedented,1
broadway,1
fascinatingly,1
runs,1
movement,1
potassium,1
inhalation,1
shaftel,1
contra,1
southern,1
unfaithful,1
esmsiifikiiliildi,1
hitherto,1
mme,1
stothers,1
selection,1
sec,1
proolaimed,1
newborn,1
spectacular,1
squeezing,1
relationship,1
forecast,1
trickle,1
sincere,1
behring,1
tpa,1
collect,1
depicted,1
fois,1
foot,1
brute,1
cowen,1
usages,1
rushing,1
vignettes,1
target,1
laboring,1
auspices,1
rabit,1
paralysis,1
penny,1
arrangements,1
sattler,1
prof,1
interestirtg,1
security,1
rubric,1
makes,1
fermentation,1
emil,1
thought,1
neil,1
bromide,1
purifies,1
dual,1
wearing,1
muzzle,1
multitudes,1
commentator,1
dentists,1
liniment,1
merriley,1
registrar,1
uninjured,1
amidst,1
lederer,1
ancient,1
brooks,1
marshall,1
benefactor,1
baptiste,1
tax,1
jay,1
manufacturing,1
eats,1
extravagant,1
tributne,1
railroad,1
une,1
informations,1
hiwtoty,1
distinguishable,1
delight,1
gettin,1
cried,1
yii,1
iefrcmo,1
shifting,1
saloon,1
xml,1
ideology,1
lacked,1
comiug,1
refrain,1
nw,1
popularized,1
naval,1
memories,1
topical,1
si,1
al,1
chloroformed,1
infused,1
hopes,1
silk,1
product,1
nineteenthcentury,1
belonging,1
gary,1
composer,1
visitors,1
containing,1
humanitarian,1
garland,1
boarding,1
handling,1
speaking,1
eminent,1
politiche,1
lii,1
jerseymen,1
exit,1
enterprises,1
journalist,1
sketch,1
blainiac,1
masterpieces,1
lee,1
cheek,1
sam,1
agonies,1
causative,1
microbes,1
conducted,1
actually,1
laid,1
organizations,1
leader,1
collaborators,1
histoiy,1
seated,1
surpass,1
benches,1
law,1
heritage,1
monkeys,1
hoboes,1
challenge,1
unselectively,1
pictorials,1
applauded,1
neglect,1
scientifique,1
toward,1
morphine,1
swept,1
printing,1
towns,1
pickstone,1
performs,1
hethod,1
deutsche,1
jab,1
wired,1
herbert,1
discontents,1
jottings,1
expose,1
ntitntoal,1
precision,1
prestigious,1
coincidence,1
turner,1
unquestioning,1
head,1
bandaging,1
sarcasm,1
bourgeoisie,1
occurrence,1
screamed,1
genuine,1
misinterpretation,1
nathaniel,1
permanently,1
sleep,1
happily,1
seffectivl,1
teased,1
documents,1
supplee,1
witnesses,1
cortsy,1
atu,1
roaming,1
leprosy,1
scar,1
eagle,1
pet,1
manifested,1
really,1
angry,1
tumor,1
physiologists,1
retriever,1
uncle,1
hearst,1
wonzderftil,1
gray,1
proposal,1
laypeople,1
stop,1
cages,1
prospects,1
debates,1
feud,1
snort,1
everything,1
seize,1
rich,1
awaken,1
hacks,1
salutamus,1
donald,1
altruism,1
mckeen,1
considerable,1
succeeding,1
seldom,1
friendly,1
vt,1
industrialist,1
holtzmann,1
battle,1
docks,1
jama,1
rejuvenation,1
ages,1
setback,1
precinct,1
wild,1
performances,1
crystallizing,1
handing,1
freshly,1
operating,1
manner,1
handcranked,1
pistol,1
innovative,1
il,1
incubator,1
sergio,1
victoire,1
developing,1
pasteurian,1
sister,1
existing,1
wither,1
wright,1
inflammatory,1
ijieturs,1
enchanted,1
photographers,1
tkot,1
blustein,1
pun,1
medicina,1
dance,1
squirm,1
meant,1
eg,1
spoke,1
reshaped,1
absorb,1
focusing,1
deep,1
captions,1
twins,1
losing,1
invitation,1
patienzts,1
weaken,1
pastoor,1
metropolitan,1
showman,1
exhibitable,1
installments,1
cowering,1
applying,1
musoe,1
impoverished,1
mercy,1
evrybit,1
bensley,1
ability,1
shifts,1
entrepreneurial,1
free,1
inject,1
microbiologists,1
enemas,1
repetition,1
boat,1
italiane,1
fr,1
george,1
minded,1
feebleness,1
feldberg,1
examine,1
demonstrated,1
joutrnal,1
credit,1
incubators,1
powered,1
classes,1
collier,1
ytised,1
druggists,1
reveals,1
gaudy,1
lap,1
anzd,1
associates,1
kathleen,1
theirs,1
sales,1
robertson,1
skepticism,1
considering,1
disappear,1
ottawa,1
bear,1
randall,1
incidents,1
garner,1
ic,1
pawing,1
cannibalized,1
cooperating,1
brandenburg,1
alerted,1
collections,1
passes,1
previously,1
barney,1
manufactured,1
testicles,1
dollar,1
stables,1
freaks,1
antitoxine,1
safer,1
samples,1
wf,1
birds,1
medium,1
identity,1
attributed,1
wonder,1
notebook,1
conceived,1
poignant,1
amused,1
arranged,1
characteristically,1
silkworm,1
tabulating,1
operated,1
assumption,1
unbutton,1
exciting,1
causes,1
diamonds,1
slab,1
sequence,1
alternative,1
wt,1
pleasure,1
inflicted,1
alsace,1
institutional,1
conflicted,1
trend,1
dauben,1
stepchild,1
dirt,1
recovery,1
maintains,1
hour,1
engaged,1
extracts,1
merit,1
malpractice,1
quarantine,1
fitted,1
raising,1
reproduction,1
previous,1
indianapolis,1
regions,1
embark,1
eleventh,1
complicated,1
theories,1
vu,1
quiescent,1
dating,1
soup,1
literaiy,1
rouge,1
initiatives,1
dogmatic,1
ntitts,1
versions,1
weindling,1
army,1
rejected,1
amusemnents,1
built,1
passim,1
demetriadou,1
afterward,1
whippler,1
jimmy,1
barnard,1
nursing,1
urbana,1
engender,1
margaret,1
parke,1
historic,1
styles,1
smithcors,1
directed,1
aaronson,1
worrying,1
nonverbal,1
mode,1
publication,1
showmanship,1
language,1
copious,1
dissertations,1
faces,1
spawned,1
amounts,1
counter,1
fertilization,1
joulrnal,1
littli,1
symposium,1
christopher,1
controversies,1
trnyhi,1
anne,1
characterized,1
momentous,1
threw,1
eark,1
receipt,1
flood,1
tobias,1
naladn,1
strange,1
resuscitation,1
auguring,1
unconfirmed,1
pathetic,1
rattlesnake,1
sightseers,1
drilling,1
laugh,1
ratings,1
profitably,1
filled,1
erected,1
dimes,1
vitamins,1
pab,1
augustseptember,1
fancy,1
standard,1
jolurnlal,1
abundant,1
expressing,1
ersi,1
expired,1
lose,1
pills,1
thpil,1
instruction,1
wrecks,1
ephemera,1
oppenheimer,1
accused,1
faith,1
halfmillion,1
favored,1
lively,1
amusement,1
honorary,1
annually,1
employee,1
dispatching,1
cs,1
caesar,1
pulblic,1
improving,1
skeleton,1
bernadette,1
exaggeration,1
craft,1
sensible,1
interpretations,1
rpt,1
confidently,1
values,1
wise,1
topics,1
diploma,1
frankenstein,1
influences,1
vivisected,1
seattle,1
hoboken,1
enjoyed,1
remainder,1
thirteenth,1
hartford,1
directs,1
physiological,1
attractions,1
irascible,1
apreue,1
lay,1
spain,1
appleton,1
acceded,1
boudoir,1
morris,1
internal,1
yeasts,1
instances,1
reverses,1
amateur,1
diabetes,1
clagett,1
seriousness,1
engagement,1
quarterly,1
conveyed,1
walsh,1
acuse,1
congratulate,1
recurring,1
ambrose,1
vain,1
unrelated,1
prescient,1
hopeless,1
species,1
carpet,1
anatomy,1
hunt,1
infants,1
aggressive,1
scrapbook,1
ws,1
tommy,1
increasing,1
try,1
farm,1
homosexuals,1
regained,1
implicitly,1
wage,1
asking,1
fifty,1
panel,1
umber,1
interchaniges,1
discussing,1
valleryradot,1
ferocious,1
bettyann,1
respect,1
devote,1
imply,1
captioned,1
circle,1
disruption,1
dutiful,1
assisting,1
perry,1
prosecutor,1
pat,1
scampered,1
tentative,1
interdependent,1
sheet,1
stars,1
fairly,1
honored,1
americanz,1
preventives,1
assiduously,1
tratel,1
etiological,1
cora,1
contemplating,1
zealously,1
foreign,1
winchell,1
cattell,1
buyers,1
plays,1
practitioners,1
ministry,1
brutes,1
program,1
opinion,1
warning,1
resistant,1
celebration,1
mecles,1
hutchinson,1
directory,1
archaeology,1
doctot,1
milieux,1
becomes,1
reviving,1
investigators,1
experimenting,1
leake,1
tin,1
un,1
detailed,1
trephination,1
doody,1
seventeenth,1
universitycultivated,1
force,1
landmarks,1
effectively,1
jar,1
lawrence,1
legend,1
centutiy,1
contribution,1
thirteen,1
rosner,1
criticized,1
mustache,1
pens,1
area,1
burbick,1
evaporated,1
covering,1
traveled,1
jaam,1
distinguished,1
es,1
bellevue,1
successor,1
escape,1
satisfaction,1
embarrassment,1
extra,1
continually,1
capt,1
tapped,1
spotlight,1
olan,1
mortality,1
echoes,1
paucity,1
depends,1
table,1
hydrate,1
supporting,1
monteverde,1
measured,1
lar,1
saturated,1
uncertain,1
exists,1
sympathy,1
poking,1
arts,1
cls,1
gathered,1
premier,1
tantamount,1
ranney,1
superintendent,1
technical,1
greets,1
immensely,1
earliest,1
door,1
addressed,1
detail,1
ensure,1
bench,1
immigrant,1
obstetrics,1
bandaged,1
frelinghuysen,1
bracketing,1
anthropological,1
shaw,1
environment,1
paprs,1
kilbourne,1
dependable,1
usual,1
quoqueand,1
heavy,1
shelley,1
liked,1
ordered,1
devotes,1
machine,1
terrible,1
prohibited,1
getty,1
impulse,1
christiaan,1
intervened,1
roux,1
wer,1
bathrobe,1
sut,1
eugene,1
grand,1
throw,1
ultimate,1
finest,1
nervous,1
ve,1
existence,1
rima,1
geographic,1
constituted,1
cheerleader,1
humorists,1
begorra,1
reinforced,1
inadvertent,1
pace,1
theme,1
implied,1
marcel,1
stuffed,1
symbols,1
doggerel,1
siun,1
bronze,1
masses,1
supported,1
vad,1
bitch,1
eleven,1
text,1
coopting,1
medizinische,1
command,1
bruce,1
native,1
wilmeth,1
nih,1
posture,1
xt,1
agony,1
sold,1
phrasing,1
microorganism,1
vogel,1
outcome,1
ni,1
berkeley,1
chided,1
evokes,1
mutually,1
glowing,1
tj,1
scrupulously,1
inquires,1
spreading,1
frequency,1
bravery,1
noi,1
intensive,1
ckibb,1
microbial,1
havoc,1
cultures,1
vaccinating,1
sheep,1
ancestor,1
feirnoon,1
johnny,1
fairs,1
maiming,1
seriously,1
welch,1
exploration,1
illnesses,1
enfants,1
entertainments,1
incorporating,1
appropriate,1
ahr,1
straightforward,1
seventy,1
acts,1
drown,1
endocrinology,1
victoria,1
skinner,1
luther,1
breakthroulgh,1
surprised,1
symptom,1
wolfe,1
regard,1
visiting,1
rarely,1
boon,1
crape,1
provoke,1
foundation,1
harvest,1
searched,1
observe,1
abdomen,1
exploiting,1
storefronts,1
er,1
itwal,1
boasted,1
sc,1
mustachioed,1
picks,1
exhaustive,1
cautious,1
mystery,1
installed,1
longstanding,1
hundred,1
brutally,1
useless,1
antivivisectionism,1
examining,1
differed,1
proclaiming,1
herrman,1
driven,1
utilized,1
meager,1
pour,1
suddenly,1
living,1
rendus,1
infecting,1
hebdomadaires,1
feats,1
places,1
turned,1
nobel,1
bacillae,1
consisted,1
ladies,1
tenth,1
schwar,1
integrates,1
chloroform,1
captive,1
suffering,1
stole,1
clipper,1
inmates,1
imitation,1
nicole,1
exposing,1
lessons,1
award,1
animation,1
transmitted,1
ala,1
combined,1
tyl,1
flier,1
addresses,1
terms,1
cooking,1
ipemeig,1
laying,1
maryland,1
leg,1
abraham,1
want,1
calif,1
staged,1
quote,1
comes,1
itivention,1
thirty,1
add,1
covers,1
charged,1
scissoring,1
edinburgh,1
treachery,1
mere,1
firmly,1
exposition,1
venetian,1
interval,1
transactions,1
steele,1
leaving,1
adaptation,1
supplemented,1
gutter,1
pockets,1
telegram,1
dyspepsia,1
roundup,1
repetitive,1
utilitarian,1
xg,1
renlaissance,1
attribute,1
petkeeping,1
haberdasher,1
differs,1
entice,1
dissecting,1
dalrymple,1
version,1
pursued,1
abruptly,1
require,1
notebooks,1
gross,1
farmacia,1
noticed,1
reviewed,1
vol,1
voice,1
huge,1
skillfully,1
anticipation,1
missed,1
suppress,1
feral,1
dedication,1
bargain,1
scruples,1
lampooned,1
upper,1
ascertain,1
bacteria,1
discussion,1
fundamentally,1
universe,1
subscriptions,1
ridicule,1
qni,1
church,1
unmuzzled,1
purification,1
unseen,1
swimmer,1
recurred,1
apparatus,1
whence,1
elixer,1
burns,1
andrea,1
severely,1
atwater,1
watched,1
garfield,1
superstition,1
introduced,1
sea,1
technologies,1
altogether,1
seow,1
stitched,1
copying,1
welcoming,1
relics,1
rd,1
rod,1
perpetuates,1
invitations,1
sixteenth,1
publishers,1
mayor,1
giving,1
infamous,1
wariness,1
vitamania,1
restorer,1
sitting,1
step,1
agents,1
sufficient,1
controls,1
congenial,1
infatuation,1
confronted,1
manhattan,1
cultivated,1
missionary,1
particles,1
contribute,1
emaciated,1
democratic,1
xei,1
axjiia,1
nashville,1
mixing,1
arguments,1
complementarity,1
sensationalist,1
indebted,1
inventions,1
startled,1
appointed,1
chloral,1
colonial,1
wilfred,1
coins,1
mention,1
exploit,1
takeover,1
aims,1
au,1
comprehend,1
gain,1
delia,1
wire,1
store,1
huckster,1
ngt,1
drive,1
inzstitut,1
sponsored,1
seek,1
produce,1
sanctioned,1
mattawan,1
intent,1
understandings,1
cature,1
childbirth,1
crutches,1
drafts,1
instructive,1
unable,1
gloves,1
sailed,1
disseminating,1
difference,1
mentalities,1
ignored,1
disposal,1
piesent,1
average,1
clubs,1
charts,1
overfield,1
dangerous,1
americant,1
lifesaving,1
booste,1
mosquito,1
magnate,1
mccutcheon,1
leverage,1
chemical,1
charge,1
accept,1
naomi,1
littell,1
gunning,1
promoter,1
identify,1
trained,1
representing,1
gaudette,1
chin,1
curing,1
understaniding,1
canvases,1
texas,1
rocchietta,1
figtenngdieas,1
realism,1
building,1
ye,1
forbes,1
fgr,1
upside,1
susan,1
manufacture,1
scandals,1
decorum,1
staying,1
dotr,1
rothstein,1
constituencies,1
attributes,1
countrymen,1
pathology,1
serialized,1
defined,1
derive,1
helps,1
giulio,1
panes,1
await,1
envoyez,1
huxley,1
anthony,1
presenting,1
rupke,1
slew,1
francisco,1
ravaging,1
ilutae,1
speak,1
increased,1
roughly,1
practiced,1
rampage,1
traveling,1
doubtless,1
anonymous,1
scopes,1
needs,1
wachhorst,1
tz,1
observation,1
wondered,1
endeavors,1
avaricious,1
searching,1
occurring,1
ter,1
cell,1
charlotte,1
invited,1
requires,1
invoking,1
removing,1
valuable,1
ser,1
close,1
window,1
ng,1
cnn,1
combination,1
comptes,1
willis,1
pharmacist,1
aboard,1
jeff,1
hills,1
liquid,1
say,1
americains,1
escalating,1
titillation,1
intently,1
quatre,1
ll,1
presumptuous,1
nerfrnlnae,1
norman,1
views,1
asymmetry,1
maximum,1
evidently,1
overboard,1
corn,1
appealing,1
glance,1
germs,1
comparable,1
grace,1
whenever,1
diverges,1
digest,1
gangs,1
charms,1
owners,1
concise,1
pulling,1
resembled,1
definitive,1
mock,1
conversations,1
daughter,1
fostering,1
fermented,1
organized,1
race,1
quantity,1
household,1
dominance,1
eagerly,1
discern,1
illuminated,1
thorough,1
