WORDCOUNTS,WEIGHT
the,89
of,56
in,42
and,38
to,27
a,19
history,18
for,15
that,14
by,9
it,8
as,8
s,8
german,6
union,6
was,6
colonial,6
with,5
during,5
tourism,5
togo,5
mass,5
on,5
article,5
an,5
battlefield,4
repression,4
these,4
long,4
also,4
historical,4
sacred,4
war,4
historians,4
understanding,4
civil,4
which,4
were,4
argues,4
cotton,4
campaign,4
togolese,4
terror,4
time,4
south,3
democracy,3
she,3
been,3
expedition,3
they,3
american,3
class,3
chronology,3
india,3
from,3
but,3
tuskegee,3
social,3
had,3
other,3
tours,3
grip,3
late,3
has,3
participation,3
new,3
its,3
identity,3
our,3
national,3
this,3
general,3
century,3
spanish,3
failed,2
smail,2
second,2
africa,2
rather,2
scientific,2
transnational,2
factual,2
soviet,2
ideology,2
claimed,2
community,2
still,2
legitimacy,2
their,2
study,2
not,2
romantic,2
or,2
culture,2
nineteenth,2
wartime,2
zimmerman,2
regime,2
stalinist,2
party,2
writing,2
more,2
entailed,2
power,2
implications,2
nationalists,2
into,2
all,2
explores,2
histories,2
found,2
out,2
very,2
past,2
never,2
unions,2
issue,2
goldman,2
franco,2
narrative,2
eastern,2
controversy,2
account,2
suggests,2
including,2
elections,2
chatterjee,2
labor,2
human,2
nationalism,2
only,2
own,2
twentieth,2
accept,2
officials,2
revolution,2
provides,2
holgun,2
textbooks,2
be,2
fully,2
early,2
abandoned,2
nations,1
alabama,1
chronological,1
secret,1
gustav,1
film,1
highlights,1
he,1
high,1
relationship,1
transform,1
directives,1
georg,1
paralleled,1
demand,1
francoists,1
humankind,1
redefine,1
his,1
movements,1
usurped,1
purge,1
crucial,1
groups,1
short,1
developed,1
synthesis,1
how,1
bound,1
compensate,1
analogue,1
model,1
exercise,1
measures,1
approaches,1
transformed,1
analyzes,1
began,1
garden,1
germany,1
interplay,1
movement,1
large,1
countries,1
consolidation,1
replaced,1
methods,1
agency,1
hierarchical,1
biological,1
essays,1
kumkum,1
sheds,1
paleolithic,1
space,1
perpetrators,1
wendy,1
yet,1
ways,1
serfs,1
centuries,1
violence,1
discourses,1
means,1
bungled,1
imperialism,1
wake,1
articles,1
studies,1
paying,1
modern,1
grounded,1
mission,1
genocide,1
array,1
psychoanalytic,1
decade,1
devices,1
committee,1
guerra,1
image,1
wars,1
then,1
linked,1
takes,1
light,1
uses,1
dropped,1
gradually,1
ethnographic,1
nacionales,1
dan,1
broad,1
friedrich,1
complexity,1
experiment,1
stalinism,1
accumulating,1
narratives,1
age,1
provocative,1
various,1
brutal,1
ballots,1
begins,1
democratic,1
first,1
continues,1
origins,1
midtwentieth,1
known,1
sponsoring,1
t,1
recognizable,1
knapp,1
followed,1
members,1
production,1
regulating,1
interests,1
growers,1
book,1
comparative,1
negroes,1
important,1
rationalpositivistic,1
methodology,1
intellectual,1
addition,1
repressive,1
freely,1
official,1
proponents,1
eden,1
closely,1
incorporates,1
idea,1
extent,1
migrant,1
europe,1
scientists,1
scholars,1
leaders,1
down,1
conceptualized,1
demise,1
half,1
great,1
germanamerican,1
origin,1
nationmaking,1
producing,1
ideological,1
industrialgrade,1
particularly,1
secularized,1
government,1
intellectuals,1
international,1
demonstrating,1
grievances,1
end,1
while,1
resulting,1
appropriately,1
identities,1
differed,1
nevertheless,1
fashion,1
subsequent,1
turned,1
took,1
evoke,1
spain,1
occupation,1
integrates,1
helping,1
political,1
suffering,1
where,1
economy,1
secular,1
reviews,1
continuing,1
terms,1
nationalist,1
produced,1
contested,1
accounts,1
case,1
particular,1
practice,1
series,1
deep,1
poles,1
instrumental,1
king,1
public,1
chapter,1
near,1
number,1
sought,1
free,1
booker,1
statecentered,1
memory,1
draw,1
institute,1
because,1
victims,1
failure,1
well,1
remained,1
violent,1
produce,1
accountability,1
years,1
gained,1
almost,1
quantities,1
network,1
exploring,1
used,1
opened,1
discussion,1
popular,1
examples,1
pursue,1
both,1
varieties,1
intention,1
emergent,1
claim,1
imagined,1
west,1
role,1
extends,1
part,1
introduced,1
sent,1
knowledge,1
alternatives,1
bottom,1
schmoller,1
became,1
sandi,1
republic,1
african,1
impose,1
combining,1
use,1
worker,1
commodities,1
tracing,1
programs,1
policymakers,1
place,1
policies,1
phenomenon,1
challenges,1
framework,1
repeatedly,1
ethnic,1
evolution,1
conflict,1
central,1
million,1
max,1
andrew,1
retaining,1
examination,1
includes,1
question,1
rutas,1
charges,1
ultimately,1
until,1
multicandidate,1
consecrating,1
negro,1
rationalpositivist,1
commemoration,1
analyzing,1
have,1
opens,1
frame,1
de,1
washington,1
transitions,1
earth,1
relatively,1
workers,1
creating,1
offer,1
relations,1
instead,1
mesopotamia,1
sense,1
francoist,1
collaboration,1
would,1
conducted,1
suitably,1
spread,1
so,1
evidence,1
escaped,1
you,1
box,1
forced,1
raging,1
seeks,1
after,1
misunderstanding,1
standard,1
old,1
around,1
several,1
littleknown,1
thousand,1
territories,1
state,1
subjects,1
pandora,1
justifications,1
six,1
become,1
essentially,1
marxist,1
weber,1
usual,1
succeeded,1
can,1
create,1
texts,1
when,1
through,1
geological,1
even,1
persuaded,1
equivalent,1
traditional,1
focus,1
much,1
architects,1
strong,1
among,1
saw,1
willing,1
than,1
recent,1
should,1
ago,1
invites,1
regimes,1
attention,1
acknowledge,1
nativist,1
race,1
geographical,1
species,1
reluctant,1
