WORDCOUNTS,WEIGHT
the,1330
of,994
and,603
in,515
to,421
a,376
that,269
as,203
s,173
is,168
for,162
on,142
was,136
imperialism,130
it,124
not,112
with,104
this,103
see,103
from,98
history,89
by,82
new,81
have,80
which,75
colonial,74
had,72
be,70
an,68
world,68
theory,67
historical,66
its,65
american,60
review,60
their,57
has,57
were,55
or,54
been,54
york,52
development,51
but,50
capitalism,47
european,47
between,47
at,43
london,43
europe,41
they,39
africa,39
economic,38
also,38
discourse,37
british,36
social,36
production,35
other,35
than,35
though,35
more,35
rather,34
april,32
i,31
race,31
studies,30
political,30
empire,30
would,30
century,29
marx,29
culture,29
his,28
robinson,28
marxist,28
should,28
all,27
politics,27
labor,27
imperial,27
one,26
western,26
society,26
are,26
colonialism,25
gallagher,24
no,24
n,24
however,24
eds,24
system,23
dependency,23
only,23
them,23
white,22
cultural,22
so,22
analysis,22
did,22
orientalism,22
said,21
j,21
capitalist,21
since,21
women,21
ed,21
two,21
own,21
into,20
some,20
subaltern,20
west,20
marxism,20
gender,20
class,20
wolfe,20
patrick,19
native,19
theories,19
economy,19
particular,18
instance,18
modes,18
power,18
we,18
itself,18
even,17
india,17
most,17
could,17
up,17
african,17
these,17
different,17
postcolonial,17
nineteenth,16
global,16
there,16
within,16
case,16
point,16
thus,16
such,16
third,16
war,16
when,16
indian,16
can,16
hobson,16
writing,16
first,15
critique,15
whose,15
latin,15
m,15
basis,15
example,15
will,15
he,15
d,15
much,15
if,14
being,14
account,14
out,14
term,14
concept,14
frank,14
same,14
john,14
who,14
c,14
discursive,14
mode,14
introduction,13
g,13
may,13
view,13
underdevelopment,13
material,13
over,13
capital,13
factors,13
feminist,13
themselves,13
trans,12
wallerstein,12
after,12
late,12
whole,12
museum,12
us,12
fact,12
where,12
very,12
what,12
baran,12
although,12
amin,11
e,11
before,11
america,11
ronald,11
cambridge,11
egypt,11
partition,11
metropolis,11
work,11
sense,11
revolution,11
domination,11
about,11
noted,11
how,11
number,11
domestic,11
both,11
our,11
course,11
ways,10
roy,10
w,10
industrial,10
indigenous,10
order,10
australian,10
lenin,10
expansion,10
thought,10
foucault,10
many,10
end,10
model,10
karl,10
trade,10
anthropology,10
ahr,10
her,10
states,10
era,10
complex,9
taken,9
might,9
emerged,9
those,9
etc,9
say,9
without,9
developed,9
space,9
too,9
societies,9
settler,9
people,9
project,9
around,9
comparative,9
yet,9
paul,9
others,9
paris,9
louis,9
questions,9
national,9
any,9
past,9
terms,9
generally,9
through,9
subject,9
difference,9
conditions,9
postcolonialism,9
debate,9
nation,9
center,8
bhabha,8
policy,8
australia,8
asia,8
racial,8
condition,8
relations,8
back,8
left,8
journal,8
moreover,8
means,8
category,8
argued,8
beyond,8
globalization,8
histories,8
recently,8
eurocentrism,8
well,8
colonies,8
r,8
althusser,8
critical,8
hegemony,8
criticism,8
contemporary,8
man,8
present,8
concern,8
peter,8
black,8
internal,8
james,8
rpt,8
here,8
seem,8
ideological,8
problem,8
while,8
periphery,8
local,8
scramble,8
formation,8
early,8
does,7
way,7
concerned,7
h,7
approaches,7
experience,7
hence,7
tradition,7
display,7
analyses,7
issue,7
globe,7
against,7
perspective,7
compare,7
like,7
hardly,7
growth,7
basic,7
exploitation,7
victorian,7
result,7
rule,7
p,7
international,7
markets,7
produced,7
eurocentric,7
monopoly,7
provided,7
south,7
second,7
oxford,7
under,7
thesis,7
home,7
islam,7
ethnographic,7
published,7
museums,7
french,7
put,7
scholars,7
time,7
great,7
do,7
metropolitan,7
made,7
use,7
theoretical,7
reality,7
language,7
change,7
distinction,7
state,7
systems,7
relation,7
relative,7
division,7
suggestive,7
life,7
united,7
thinking,7
following,7
simply,7
dependencia,7
set,7
each,7
cultures,7
universal,7
particularly,7
consciousness,7
form,7
making,7
foundations,7
recent,7
art,7
given,7
representation,7
question,7
need,7
common,6
anthony,6
market,6
sphere,6
modern,6
title,6
implications,6
female,6
historiography,6
definition,6
together,6
nationalism,6
robert,6
east,6
u,6
vol,6
object,6
surplus,6
human,6
conflict,6
historically,6
slave,6
across,6
process,6
joumal,6
study,6
k,6
dominant,6
david,6
my,6
opposition,6
because,6
future,6
knowledge,6
hybridity,6
issues,6
good,6
least,6
contrast,6
core,6
despite,6
samir,6
therefore,6
above,6
strategic,6
americans,6
mcclintock,6
already,6
book,6
academy,6
conceived,6
ideology,6
identity,6
necessary,6
perhaps,6
writings,6
largely,6
kautsky,6
significance,6
modernization,6
forms,6
become,6
britain,6
versus,6
movements,6
crucial,6
practical,6
aboriginal,6
meant,6
must,6
colonization,6
controversy,6
historians,6
then,6
merely,6
accounts,6
escobar,6
traditional,6
argument,6
land,6
remains,6
chicago,6
little,6
now,5
later,5
group,5
agency,5
essays,5
english,5
necessarily,5
princeton,5
contexts,5
either,5
ii,5
attempt,5
possibilities,5
regional,5
representations,5
cain,5
powers,5
obvious,5
collection,5
colonized,5
dependence,5
points,5
theorists,5
chakrabarty,5
structural,5
modernity,5
bennett,5
shall,5
failed,5
opposed,5
l,5
influential,5
satellites,5
reason,5
calif,5
clearly,5
liberal,5
articulated,5
consequence,5
conquest,5
whom,5
radical,5
hopkins,5
unequal,5
edn,5
realm,5
chatterjee,5
overseas,5
status,5
approach,5
field,5
suggest,5
stage,5
involved,5
few,5
leather,5
manchester,5
brown,5
prakash,5
rey,5
terray,5
still,5
make,5
movement,5
prefigured,5
official,5
law,5
homo,5
santos,5
areas,5
classical,5
immanuel,5
gunder,5
external,5
practice,5
woman,5
style,5
break,5
discourses,5
slaves,5
ideas,5
ethnological,5
margaret,5
dominated,5
general,5
article,5
gyan,5
relationship,5
articles,5
mainly,5
conclusion,5
peoples,5
theme,5
dimension,5
connection,5
scholarly,5
whether,5
extent,5
ahmad,5
dependencistas,5
middle,5
popular,5
role,5
eric,5
speak,5
develop,5
among,5
observed,5
dos,5
major,5
final,4
exhibiting,4
fernand,4
struggle,4
groups,4
favor,4
considerations,4
decade,4
dupre,4
unlike,4
arguing,4
source,4
accumulation,4
stressed,4
fifteenth,4
interests,4
england,4
seems,4
down,4
desire,4
handler,4
reading,4
context,4
key,4
moscow,4
himself,4
divide,4
hall,4
heterogeneity,4
walter,4
hill,4
topic,4
kind,4
turn,4
distinct,4
body,4
lineage,4
determinations,4
find,4
civilization,4
aborigines,4
ethnography,4
edward,4
benjamin,4
contributions,4
enabled,4
lay,4
consequences,4
consider,4
sexuality,4
literary,4
just,4
mary,4
age,4
origins,4
followed,4
problems,4
undevelopment,4
expressed,4
closely,4
parry,4
further,4
stressing,4
cannot,4
promise,4
feudal,4
andre,4
criteria,4
having,4
distinguish,4
brought,4
poststructuralist,4
civil,4
hinsley,4
literature,4
discussions,4
during,4
away,4
formations,4
deeply,4
rendered,4
t,4
phrase,4
specificity,4
men,4
ventriloquism,4
value,4
rest,4
nations,4
situation,4
communist,4
various,4
contended,4
once,4
fanon,4
makes,4
perspectives,4
toward,4
pointed,4
slavery,4
idea,4
essence,4
debates,4
considerable,4
simple,4
rhetoric,4
exteriority,4
anthropologist,4
hand,4
available,4
manner,4
roland,4
obliged,4
male,4
notion,4
classes,4
technologies,4
oil,4
discussion,4
range,4
eighteenth,4
formal,4
significant,4
segal,4
real,4
full,4
dating,4
antiquity,4
held,4
christopher,4
engels,4
imagination,4
coombes,4
respectively,4
structure,4
la,4
figure,4
archaeology,4
visual,4
dead,4
dirlik,4
anthropological,4
associated,4
mercantile,4
text,4
tony,4
satellite,4
clifford,4
december,4
regard,4
exhibition,4
map,4
balance,4
categories,4
travel,4
alternatives,4
became,4
poststructuralism,4
bourgeois,4
egyptian,4
etherington,4
phenomenon,4
maintained,4
aspect,4
come,4
years,4
twentieth,4
crisis,4
public,4
move,4
braudel,4
collaborators,4
views,4
comparable,4
north,4
bernard,3
abolition,3
portuguese,3
deny,3
stuart,3
generated,3
commitment,3
aijaz,3
encouraged,3
berkeley,3
shohat,3
revolutionary,3
effective,3
pierre,3
word,3
constitutes,3
continent,3
encountering,3
notwithstanding,3
wolf,3
something,3
turning,3
laura,3
foucauldian,3
arcades,3
bengal,3
consistent,3
military,3
location,3
nature,3
bloomington,3
shaped,3
short,3
ranajit,3
displays,3
scheme,3
survey,3
kingdom,3
reproduction,3
feature,3
mind,3
written,3
emphasized,3
current,3
cartography,3
forum,3
existence,3
museology,3
capacity,3
primary,3
mythology,3
richard,3
apart,3
taking,3
exchanges,3
anticipated,3
along,3
representing,3
cullwick,3
central,3
aboriginality,3
experiences,3
relationships,3
component,3
roger,3
quality,3
due,3
de,3
integral,3
predicament,3
insofar,3
ferguson,3
cases,3
sati,3
stokes,3
profound,3
subjects,3
differently,3
highest,3
africans,3
young,3
emphases,3
misleading,3
traditions,3
influence,3
claude,3
resist,3
distribution,3
colin,3
monopolies,3
russian,3
bring,3
principally,3
ostensibly,3
soviet,3
remain,3
reference,3
goes,3
derived,3
japanese,3
support,3
marks,3
abron,3
peasants,3
emergence,3
specify,3
impact,3
benefited,3
powerful,3
creole,3
objects,3
shifted,3
important,3
reflections,3
contention,3
based,3
lead,3
kennedy,3
strobel,3
found,3
extraordinary,3
called,3
intellectuals,3
frondizi,3
greater,3
disruptive,3
muslim,3
kinship,3
informed,3
anderson,3
duara,3
projection,3
grounds,3
wealth,3
tension,3
hulme,3
premise,3
coin,3
reacting,3
homi,3
received,3
start,3
emphasis,3
mimicry,3
framed,3
prominent,3
apparent,3
esp,3
related,3
place,3
et,3
nor,3
ethnicity,3
hard,3
below,3
cold,3
tom,3
mani,3
quite,3
geography,3
mitchell,3
concerns,3
trusts,3
decline,3
prompted,3
boundaries,3
emmanuel,3
dependent,3
productivity,3
guha,3
am,3
seemed,3
cite,3
f,3
chilcote,3
variety,3
feudalism,3
subverted,3
indeed,3
brian,3
theorizing,3
comments,3
crowd,3
unprecedented,3
southern,3
positive,3
conventional,3
single,3
relied,3
fair,3
opportunities,3
light,3
department,3
increasingly,3
williams,3
rise,3
functioned,3
starting,3
name,3
miscegenation,3
frederick,3
phimister,3
varied,3
lacked,3
agree,3
appeared,3
feminism,3
outside,3
v,3
begin,3
continuing,3
developing,3
purposes,3
spivak,3
colony,3
focusing,3
free,3
degree,3
another,3
encounter,3
subjectivity,3
reversed,3
upon,3
including,3
spectacle,3
complexities,3
catherine,3
clear,3
modem,3
essay,3
logic,3
characterized,3
collaboration,3
period,3
direct,3
darby,3
favored,3
especially,3
eyes,3
chapel,3
ann,3
accordingly,3
cooper,3
looks,3
dominance,3
southwest,3
workshop,3
figures,3
colonizer,3
chain,3
attention,3
widely,3
enough,3
wage,3
things,3
somewhat,3
me,3
dual,3
usually,3
foreign,3
fear,3
lines,3
independence,3
becomes,3
dimensions,3
seen,3
countries,3
often,3
construction,3
education,3
figured,3
problematic,3
meillassoux,3
susan,3
joseph,3
eventually,3
takes,3
comes,3
series,3
mackenzie,3
constituted,3
ever,3
known,3
cohn,3
masses,3
country,3
finance,3
louise,3
fairs,3
constructions,3
post,3
differed,3
living,3
better,3
turned,3
sexual,3
according,3
partha,3
notable,3
spatial,3
nationalist,3
gayatri,3
cause,3
quote,3
wider,3
secure,3
oppositions,3
produce,3
psychology,3
ideal,3
bodies,3
level,3
transition,3
target,3
buzard,3
paid,3
qualitative,3
reducible,3
shown,3
radicalism,3
survival,3
commercial,3
birth,3
arturo,3
wish,3
sweezy,3
include,3
michel,3
colonizers,3
last,3
elites,3
cook,3
conjuncture,3
focus,3
images,3
ideologically,3
choice,3
rostow,2
nicholas,2
difficult,2
go,2
huntington,2
wollstonecraft,2
zero,2
dominating,2
fathers,2
limits,2
obstacle,2
imagining,2
ambivalence,2
fertile,2
democracy,2
represent,2
resulted,2
europeans,2
systemic,2
burton,2
touched,2
achievements,2
remarkable,2
elaborated,2
multifaceted,2
designed,2
prime,2
authority,2
asserted,2
philippe,2
postmodernist,2
karp,2
o,2
expenditure,2
paradigms,2
lloyd,2
position,2
enjoys,2
fixed,2
character,2
occurred,2
beckett,2
remedy,2
expropriated,2
russell,2
newbury,2
monograph,2
contest,2
lindfors,2
gap,2
explaining,2
sources,2
ethnologist,2
certainly,2
roman,2
barthes,2
exaggerated,2
fantasy,2
give,2
enables,2
rapid,2
identified,2
stoler,2
advanced,2
departure,2
words,2
leading,2
assertion,2
reasons,2
differences,2
boer,2
producing,2
narrative,2
follows,2
geopolitical,2
inherent,2
able,2
atlantic,2
launched,2
subsequent,2
achieved,2
stand,2
concepts,2
committed,2
behind,2
motivated,2
chandra,2
essences,2
extend,2
side,2
continuities,2
proceed,2
genealogy,2
adrian,2
prasenjit,2
manifesto,2
dying,2
anthropologists,2
albeit,2
formulation,2
indispensible,2
sought,2
collaborator,2
march,2
addresses,2
exception,2
economics,2
potently,2
design,2
porter,2
opened,2
recommended,2
possible,2
gaia,2
sixteenth,2
activity,2
arif,2
drive,2
functions,2
etienne,2
structurally,2
mutuality,2
combination,2
rosa,2
timothy,2
communalism,2
dynamic,2
chart,2
economies,2
formula,2
benedict,2
letter,2
warfare,2
derrida,2
wherever,2
natives,2
confounds,2
joan,2
throughout,2
constructed,2
immediate,2
dynamics,2
accommodation,2
hodgson,2
illustrates,2
constantly,2
overlooks,2
analyzing,2
premises,2
janet,2
visuality,2
representative,2
seeming,2
barrier,2
surrealism,2
ware,2
occasioned,2
rank,2
self,2
determinant,2
keep,2
canal,2
document,2
academic,2
depend,2
concerning,2
speed,2
response,2
concert,2
barker,2
races,2
honour,2
continuous,2
profit,2
competition,2
y,2
peasantry,2
reassessment,2
communication,2
look,2
ramifications,2
citizen,2
stagnation,2
freakery,2
businessmen,2
wolpe,2
pay,2
rights,2
communities,2
displacement,2
interesting,2
dilemma,2
ella,2
proceedings,2
interpretation,2
analogously,2
afrocentric,2
represented,2
rigor,2
b,2
balanced,2
lacking,2
gentlemanly,2
colonising,2
chakravorty,2
brewster,2
brunswick,2
utterly,2
subordinated,2
fieldhouse,2
postmodern,2
prehistory,2
hold,2
annexations,2
familiar,2
parks,2
warren,2
elsewhere,2
situations,2
show,2
linkage,2
isolation,2
terminology,2
prefabricated,2
signification,2
strategy,2
providing,2
cut,2
whereas,2
encoding,2
balibar,2
hands,2
color,2
commonwealth,2
mapping,2
bagui,2
served,2
alive,2
rudolf,2
requirements,2
sight,2
primitive,2
negation,2
historicity,2
seddons,2
hyam,2
pure,2
embarrassing,2
occupation,2
far,2
chinese,2
durham,2
oppositional,2
applied,2
dialectic,2
instrumental,2
required,2
wide,2
marxists,2
victorians,2
property,2
possibility,2
briefly,2
failure,2
sites,2
precedent,2
almost,2
melbourne,2
keeping,2
flourish,2
abroad,2
franchise,2
repetitively,2
tributary,2
performative,2
partitioned,2
transcended,2
criticized,2
homosexuality,2
policies,2
collective,2
constitute,2
actually,2
structures,2
friend,2
call,2
colchester,2
contentious,2
canberra,2
corollary,2
employed,2
systematic,2
achieving,2
coding,2
silvio,2
reciprocities,2
trace,2
endorsement,2
theotonio,2
sic,2
oriental,2
neocolonialism,2
responses,2
mass,2
annie,2
commerce,2
presented,2
working,2
benyon,2
savage,2
buell,2
suez,2
politically,2
le,2
consolidation,2
specifically,2
party,2
hemisphere,2
small,2
chamberlain,2
characteristics,2
gramsci,2
hilferding,2
presence,2
distinguished,2
latest,2
critiques,2
always,2
orthodox,2
scott,2
progress,2
majority,2
exhibits,2
diasporan,2
parrini,2
provenance,2
reflected,2
newly,2
alienated,2
grateful,2
displaced,2
geographical,2
promising,2
teleology,2
avoid,2
subsequently,2
settlers,2
replacing,2
led,2
reduced,2
matter,2
contingent,2
unification,2
dane,2
separation,2
distorted,2
discursively,2
essex,2
play,2
acknowledged,2
adu,2
anglicized,2
prove,2
converted,2
comprador,2
bill,2
currency,2
postcolonialist,2
initially,2
austen,2
innovation,2
profoundly,2
illuminating,2
robin,2
repression,2
overview,2
pacific,2
asiatic,2
violence,2
precondition,2
caribbean,2
paradox,2
serve,2
englishness,2
mission,2
counterparts,2
unidirectional,2
benita,2
fyfe,2
neither,2
homogeneous,2
genteel,2
infrastructure,2
reinvestment,2
baltimore,2
inalienable,2
belonging,2
otherness,2
visitors,2
commodified,2
useful,2
fetish,2
provide,2
recall,2
ind,2
challenge,2
nationalists,2
polemic,2
death,2
treatment,2
smith,2
complementary,2
analytical,2
red,2
lack,2
main,2
limit,2
fundamental,2
carter,2
materialist,2
exclusion,2
reform,2
lacks,2
really,2
inherently,2
positivity,2
foster,2
audiences,2
fragments,2
ground,2
proletariat,2
operating,2
unit,2
sergio,2
understandings,2
orthodoxy,2
tell,2
models,2
exotic,2
deep,2
annette,2
intemational,2
assault,2
grave,2
going,2
mallon,2
mill,2
heed,2
day,2
thoroughly,2
polities,2
remained,2
thomson,2
original,2
simon,2
improvements,2
complicity,2
fundamentally,2
empirically,2
lata,2
understanding,2
withstand,2
investment,2
examples,2
discovery,2
bear,2
sides,2
hindu,2
deftly,2
georges,2
recover,2
medium,2
empirical,2
asian,2
expression,2
operated,2
transcendent,2
plantation,2
francis,2
feminists,2
aesthetics,2
shopping,2
morality,2
bengali,2
conflicted,2
processes,2
exchange,2
actual,2
regions,2
low,2
open,2
diplomacy,2
provoked,2
directed,2
authors,2
discussed,2
comprehensive,2
express,2
obtaining,2
rapidly,2
individual,2
anne,2
function,2
premium,2
features,2
brewer,2
static,2
provides,2
martin,2
thomas,2
construct,2
why,2
agriculturalists,2
evolutionary,2
methods,2
constructing,2
rudolph,2
luxemburg,2
efficiency,2
australasia,2
incompatible,2
showbusiness,2
residue,2
idiom,2
landscape,2
attracted,2
principal,2
saw,2
haven,2
tendency,2
destruction,2
positioning,2
temporality,2
louisiana,2
regimes,2
concluded,2
justice,2
decolonization,2
product,2
reinventing,2
depth,2
decentered,2
university,2
christian,2
backward,2
gyaman,2
today,2
transformations,2
she,2
skin,2
continued,2
george,2
phillip,2
institutions,2
next,2
vision,2
consent,2
articulation,2
bound,2
attitude,2
modernism,2
lavine,2
disappointingly,2
progressively,2
force,2
interplay,2
dilution,2
vulnerable,2
whereby,2
compacts,2
barbarian,2
evolution,2
dipesh,2
combines,2
surprising,2
types,2
orient,2
aesthetic,2
diogenes,2
council,2
stable,2
considered,2
matters,2
detail,2
semmel,2
school,2
acquired,2
regularly,2
reciprocal,2
contained,2
fifteen,2
orientalists,2
fingerprinting,2
mentioned,2
inseparable,2
extending,2
contradiction,2
totality,2
regime,2
claims,2
carl,2
md,2
offers,2
command,2
alternative,2
established,2
sider,2
der,2
cover,2
mis,2
outcome,2
defining,2
natural,2
intellectual,2
control,2
image,2
proponents,2
paper,2
king,2
gone,2
propaganda,2
significantly,2
feminisms,2
inquiry,2
rivalry,2
collectors,2
iversen,2
research,2
goods,2
decolonizing,2
benefit,2
theorized,2
purview,2
necessitating,2
assessment,2
oliver,2
william,2
unlikely,2
combined,2
circles,2
implicit,2
vegetable,2
ones,2
varying,2
elaborations,2
add,2
agricultural,2
dream,2
expositions,2
require,2
encounters,2
proconsular,2
imperialist,2
prevent,2
targets,2
freedom,2
radically,2
boston,2
emergent,2
circumstances,2
multiple,2
introduced,2
city,2
postcoloniality,2
regulate,2
inaugurated,2
rendering,2
agents,2
congenial,2
brings,2
commodities,2
programs,2
grossberg,2
dispensed,2
susanne,2
gain,2
false,2
frantz,2
mestizaje,2
ian,2
compulsion,2
until,2
englishman,2
notes,2
frontiers,2
conn,2
deals,2
formality,2
intensified,2
institutional,2
gramscian,2
washington,2
charge,2
accept,2
imperative,2
americas,2
unified,2
variously,2
you,2
effects,2
defined,2
eldridge,2
socialism,2
extremely,2
shift,2
servant,2
moved,2
profits,2
charles,2
science,2
potential,2
penetrated,2
distinctions,2
recounted,2
russia,2
rydell,2
scholarship,2
supply,2
johnson,2
comintern,2
enterprise,2
sharing,2
norman,2
pratt,2
substantial,2
element,2
entire,2
subjecthood,2
token,2
moira,2
crucible,2
famous,2
beings,2
arnold,2
doing,2
built,2
termed,2
classifications,2
perception,2
heterogeneous,2
freud,1
sufficiently,1
variation,1
intimately,1
locates,1
undertakings,1
archives,1
dale,1
soliloquy,1
barbara,1
formulated,1
explosion,1
currently,1
produces,1
furtado,1
revisionist,1
transforming,1
validation,1
acolytes,1
page,1
neutral,1
phrased,1
disseminates,1
convergence,1
invalidated,1
humankind,1
conflicting,1
declared,1
plutocratic,1
conjoined,1
sherry,1
welcomed,1
effected,1
corporate,1
generous,1
monsters,1
eternal,1
shula,1
stood,1
lyman,1
scholar,1
tyranny,1
ageing,1
uday,1
britishness,1
tracey,1
pale,1
essentialized,1
culminated,1
career,1
credibility,1
affected,1
darwinism,1
consume,1
reconstructed,1
physicality,1
imaginings,1
legitimate,1
determine,1
overstated,1
happen,1
nationalities,1
feminization,1
chinchilla,1
resided,1
elicited,1
alone,1
brahmans,1
majeed,1
widow,1
ultimate,1
originating,1
considerably,1
scientism,1
bodenheimer,1
mar,1
gem,1
maxime,1
philadelphia,1
distributed,1
berlin,1
heppenstall,1
per,1
counterposed,1
passing,1
florencia,1
articulating,1
becoming,1
large,1
impregnated,1
needed,1
prediction,1
engendering,1
partially,1
factories,1
banishing,1
unsatisfactory,1
mike,1
systematically,1
fittingly,1
contracted,1
lyden,1
kenya,1
diplomatic,1
stereotypical,1
sander,1
forbes,1
formed,1
neighborhoods,1
informative,1
likely,1
schools,1
dialectics,1
evocative,1
rewards,1
solidarity,1
unrepresentatively,1
item,1
dispossessions,1
pedersen,1
di,1
primitivism,1
sudden,1
barraclough,1
weiner,1
inconsistent,1
earthly,1
easily,1
mommsen,1
siskind,1
cox,1
park,1
conscious,1
derrett,1
monolithic,1
boulder,1
exchanging,1
beleaguered,1
stanford,1
technojournal,1
overlook,1
morner,1
devices,1
casualty,1
driven,1
originality,1
laid,1
hallmarks,1
invent,1
ultraimperialism,1
observing,1
aversion,1
iv,1
formulaically,1
tacking,1
arrived,1
viewpoints,1
schram,1
dialectician,1
chapter,1
tomb,1
contested,1
civic,1
revision,1
attuned,1
routinely,1
annals,1
du,1
undifferentiatedly,1
practices,1
properties,1
discontinuously,1
artifice,1
efficacy,1
intentions,1
par,1
lower,1
architecture,1
uprising,1
member,1
anything,1
cast,1
railroads,1
functioning,1
cyclopean,1
archaeologists,1
sting,1
provision,1
beneficial,1
submitted,1
inc,1
argue,1
long,1
oikumene,1
rivals,1
intersecting,1
inarticulately,1
concur,1
consumptive,1
regeneration,1
victim,1
illuminations,1
triptych,1
fund,1
adopt,1
chaos,1
exhibited,1
walk,1
motivations,1
vols,1
rush,1
investments,1
grouped,1
secretary,1
ithaca,1
legters,1
academies,1
capitalists,1
preoccupied,1
anywhere,1
alienation,1
possessing,1
analogies,1
teleologies,1
woken,1
coptic,1
incapacity,1
colley,1
parties,1
friendly,1
replaces,1
resemblance,1
regrettable,1
preeminence,1
effecting,1
principles,1
alexander,1
tactically,1
pampered,1
exhibitions,1
secondary,1
refugee,1
agrarian,1
belong,1
credits,1
contingencies,1
scientifically,1
suggesting,1
accompanied,1
includes,1
relegating,1
momentum,1
predated,1
ben,1
systemshad,1
thank,1
imported,1
accumulated,1
potentially,1
spiraled,1
gerald,1
achievement,1
gregor,1
studied,1
government,1
venus,1
footsteps,1
concludes,1
hannah,1
eckstein,1
championing,1
immeasurably,1
theocracies,1
sees,1
kincaid,1
canny,1
associating,1
take,1
debt,1
flour,1
deemed,1
unto,1
myron,1
schiller,1
carceral,1
integrate,1
ancestry,1
fresh,1
vection,1
petty,1
improved,1
julie,1
skull,1
scenario,1
replicated,1
truth,1
previously,1
buenos,1
unspeakable,1
congo,1
hoeber,1
bismarck,1
metaphysics,1
taxonomy,1
indulgence,1
staff,1
geoffrey,1
routines,1
enloe,1
arjun,1
opposite,1
surely,1
china,1
parmar,1
profitable,1
solved,1
viet,1
suspicion,1
pedagogies,1
oscillating,1
forerunner,1
blant,1
daniel,1
calculus,1
classic,1
rethinking,1
papers,1
tragedy,1
alignments,1
contents,1
developmental,1
citizenship,1
stasiulis,1
triggered,1
proposals,1
arrighi,1
filthy,1
epistemological,1
sociedad,1
mercantilism,1
preventing,1
crystal,1
antiquarian,1
ascribed,1
exegetically,1
jane,1
forthcoming,1
modernist,1
cyberspace,1
civilizations,1
indebtedness,1
rereading,1
eastern,1
foundational,1
kindred,1
asylums,1
nearly,1
money,1
advice,1
wanderers,1
constraint,1
arrive,1
bases,1
couze,1
coincided,1
saying,1
agriculture,1
triangle,1
discuss,1
right,1
conventionally,1
honolulu,1
africanus,1
excentric,1
egyptians,1
uneven,1
application,1
wilcox,1
definitional,1
welcome,1
giovanni,1
prior,1
nicolaus,1
logical,1
bottomore,1
overloaded,1
shared,1
characterize,1
reaching,1
beverly,1
establishing,1
october,1
insight,1
occupy,1
compromised,1
ortner,1
bosworth,1
mixed,1
community,1
nira,1
events,1
acquiescing,1
corbeiller,1
agential,1
treating,1
recalcitrant,1
establishment,1
owners,1
undialectical,1
mehta,1
holland,1
explorations,1
laws,1
cited,1
apply,1
reconstruction,1
interior,1
constrained,1
enter,1
predetermined,1
interviews,1
prurience,1
marginalized,1
hanlon,1
identifies,1
safely,1
prevented,1
engage,1
sweet,1
wm,1
cudgels,1
internationally,1
contrasts,1
conclusively,1
mesas,1
prejudice,1
sign,1
vaughan,1
harold,1
buddhism,1
empires,1
genealogies,1
stands,1
ernesto,1
mid,1
usage,1
optimism,1
tribute,1
repeatedly,1
furthering,1
superbly,1
ends,1
goal,1
million,1
homage,1
andrew,1
phase,1
iron,1
terra,1
postdoctoral,1
constitutive,1
accessible,1
sensitivity,1
denying,1
apex,1
zimbalist,1
consideration,1
hazards,1
geographer,1
coexistent,1
misfortune,1
lumpenbourgeois,1
author,1
reverse,1
explained,1
posed,1
sea,1
inescapably,1
mine,1
govemment,1
utopian,1
scornful,1
savages,1
interrelations,1
sustain,1
visited,1
intensifying,1
pursuit,1
amerindians,1
helen,1
cracks,1
september,1
genderedness,1
unpublished,1
bagu,1
proliferated,1
thrall,1
tomlinson,1
cooperate,1
admixture,1
intact,1
cosgrove,1
finally,1
undertaker,1
characteristic,1
relatively,1
faces,1
phonology,1
futures,1
viewing,1
hawaii,1
personifications,1
decided,1
enlightening,1
salisbury,1
hostages,1
semantically,1
gilman,1
unfailingly,1
club,1
jeremy,1
dismantled,1
difficulty,1
carrere,1
dour,1
vanguard,1
reenacted,1
jr,1
flaw,1
elementary,1
type,1
employing,1
militarily,1
structuralist,1
february,1
dudley,1
expected,1
separate,1
arena,1
affairs,1
exhausted,1
understates,1
judged,1
democratically,1
attracting,1
priority,1
abstractions,1
hurry,1
adam,1
pessimistic,1
invasion,1
maintaining,1
amended,1
simulacra,1
person,1
curiously,1
gendered,1
preconception,1
bay,1
seeing,1
januaryfebruary,1
clare,1
simpson,1
refer,1
sexualities,1
interchangeable,1
bloody,1
entailed,1
liberate,1
nodal,1
qualitatively,1
inclusion,1
diffusionism,1
output,1
exercise,1
attests,1
dates,1
compared,1
prosopopoeia,1
labile,1
jacob,1
traveler,1
monopolization,1
glances,1
publications,1
mechanical,1
theoreticians,1
ceaselessly,1
france,1
empiricism,1
drawn,1
student,1
nigeria,1
tucson,1
problematizing,1
gaze,1
think,1
ludden,1
boom,1
colleague,1
mukerji,1
sun,1
conceive,1
obstructed,1
demonstrably,1
founder,1
cooperative,1
pansensorily,1
receptivity,1
invites,1
generation,1
weakness,1
subversion,1
acknowledge,1
worn,1
sisters,1
bypassed,1
competitive,1
impressions,1
audibility,1
continuity,1
loans,1
cliometric,1
glad,1
antidote,1
virtual,1
incidental,1
crossroads,1
resisting,1
remind,1
behaviorist,1
statu,1
aristocracy,1
cumings,1
islamic,1
shying,1
surprisingly,1
genital,1
offices,1
operation,1
mimicking,1
definitively,1
rooted,1
simultaneously,1
escaped,1
openness,1
mohammed,1
betrays,1
disparaged,1
leys,1
anouar,1
appadurai,1
subordination,1
essential,1
german,1
paramountcy,1
hobsbawm,1
played,1
rautl,1
identification,1
sklar,1
privilege,1
frustration,1
commune,1
links,1
distortion,1
epistemologies,1
stricter,1
expanding,1
encompassed,1
systematized,1
magisterial,1
cepal,1
maintenance,1
respectful,1
stresses,1
decrying,1
presupposed,1
illustration,1
aegypticus,1
possession,1
commodification,1
organizing,1
posits,1
particularity,1
decades,1
institution,1
conflation,1
prison,1
explicit,1
invigorating,1
synonyms,1
heresy,1
levels,1
counted,1
leaves,1
patronage,1
centralization,1
doctrine,1
presentation,1
constance,1
subsistence,1
johannes,1
knew,1
stuttgart,1
politicians,1
environments,1
parents,1
arts,1
betrayed,1
opportunity,1
jack,1
abstraction,1
titled,1
granted,1
instanced,1
proportion,1
wake,1
legal,1
flexible,1
broaches,1
europeocentrism,1
publisher,1
similar,1
gesture,1
certain,1
wickedly,1
leave,1
consensual,1
strange,1
extension,1
exemple,1
alva,1
immolation,1
hamza,1
columbian,1
moore,1
nos,1
walt,1
jeopardize,1
selected,1
beasley,1
andasia,1
mobilize,1
lawyer,1
burials,1
disorderly,1
sturgis,1
arbor,1
nelson,1
animals,1
sentence,1
republicans,1
mujahideen,1
kaplow,1
usurpation,1
guides,1
proclaimed,1
dispersal,1
raymond,1
vera,1
wash,1
modified,1
bradford,1
recalled,1
tooth,1
downward,1
sovereignty,1
jiirgen,1
discernible,1
colonizing,1
cemented,1
old,1
consultation,1
westem,1
affect,1
farrington,1
operates,1
wages,1
nasserite,1
hegemonic,1
tensions,1
locally,1
carve,1
revising,1
sorts,1
academe,1
emphasizes,1
recalls,1
bloch,1
imposing,1
cartesian,1
film,1
spreading,1
descent,1
cartographica,1
laclau,1
peasant,1
dated,1
duke,1
transformed,1
sum,1
director,1
edition,1
worsley,1
conceding,1
foord,1
idealist,1
imitation,1
bruce,1
ariz,1
unmaking,1
philosophical,1
indivisible,1
vitality,1
townsend,1
exemplify,1
capitalisme,1
track,1
solid,1
dominator,1
rehearse,1
converting,1
sinha,1
accurate,1
malek,1
freestanding,1
universalism,1
linguistics,1
discusses,1
exploited,1
kow,1
micaela,1
perspicacity,1
selfrepresentations,1
challenged,1
boahen,1
depart,1
vietnam,1
statement,1
gandhi,1
pandits,1
inattention,1
enlistment,1
subversively,1
cotton,1
mrinalini,1
credentials,1
modeled,1
disclose,1
your,1
uzoigwe,1
bulletin,1
oppression,1
titan,1
backwardness,1
sterner,1
permanent,1
aristocrats,1
reconciliation,1
elazar,1
pleistocene,1
crucially,1
pious,1
obverse,1
ecumenical,1
operative,1
contrary,1
provisional,1
opinion,1
outcomes,1
suggested,1
trained,1
pedestal,1
ancient,1
strengthen,1
advocated,1
totowa,1
appear,1
immiseration,1
imperialismthe,1
iconography,1
union,1
sex,1
countervailing,1
unproductive,1
commodity,1
station,1
uses,1
tariffs,1
feel,1
advance,1
carving,1
came,1
cynthia,1
acting,1
access,1
sooner,1
evolutionist,1
presaging,1
questioned,1
integracion,1
figuring,1
agenda,1
bearing,1
polyvocal,1
zeit,1
touching,1
formulations,1
appearance,1
opposing,1
conservative,1
demise,1
amply,1
appropriated,1
strength,1
docile,1
editors,1
amsterdam,1
carol,1
sociologically,1
separable,1
kant,1
immersed,1
resembles,1
centers,1
lived,1
changed,1
sutcliffe,1
cognate,1
ocean,1
sedentary,1
gendering,1
fracas,1
mccormack,1
jebb,1
owen,1
pioneer,1
insisting,1
bizarre,1
defiantly,1
configuration,1
mimicked,1
bananas,1
melancholy,1
publics,1
captured,1
vigorous,1
sanderson,1
initial,1
attained,1
pitfalls,1
reportage,1
baartman,1
respects,1
fathered,1
phenomenology,1
wonder,1
andamerican,1
atomize,1
applying,1
materiality,1
topics,1
outset,1
fairer,1
arkoun,1
recuperable,1
lumpenbourgeoisie,1
traced,1
economia,1
let,1
stereotype,1
technical,1
entertaining,1
cuts,1
anticolonial,1
displayed,1
stock,1
czechoslovakia,1
oligarchies,1
postulates,1
atmore,1
activist,1
plantations,1
entertainment,1
separateness,1
appears,1
default,1
population,1
leaven,1
companies,1
brenner,1
intensity,1
criterion,1
priorities,1
internecine,1
analogous,1
binghamton,1
indirect,1
recurrently,1
scale,1
unruly,1
energy,1
safe,1
phillipe,1
eye,1
hellenism,1
chips,1
malthusian,1
swamp,1
ingloriously,1
numerous,1
video,1
dictions,1
stemmed,1
axiomatically,1
falsify,1
superior,1
triumph,1
died,1
january,1
autocentric,1
unchallenged,1
masculinity,1
metropoles,1
information,1
receive,1
venn,1
aspects,1
distinguishes,1
shape,1
johnsonodim,1
credited,1
christianity,1
provincial,1
claiming,1
ota,1
acknowledging,1
manhood,1
faire,1
accounting,1
degrees,1
line,1
seminal,1
closed,1
liable,1
maydenhead,1
used,1
emancipated,1
counterpose,1
requiem,1
inferred,1
amos,1
degenerate,1
chang,1
strengths,1
obscure,1
responding,1
orchestrate,1
tool,1
conscience,1
vote,1
writers,1
del,1
admired,1
imagined,1
subtler,1
consequently,1
spinster,1
distinctively,1
surfeit,1
advancement,1
part,1
displacements,1
wilshire,1
competing,1
reliable,1
actors,1
anew,1
comment,1
sydney,1
zoroastrianism,1
pasts,1
penetrating,1
data,1
ruthven,1
stores,1
description,1
outlays,1
aspirations,1
denis,1
port,1
babu,1
washbrook,1
aestheticizes,1
anand,1
effeminate,1
year,1
imperialismus,1
phylogenetic,1
island,1
consistently,1
domestically,1
bengalis,1
positing,1
javed,1
obscured,1
tabula,1
clarke,1
breckenridge,1
partly,1
accidental,1
grain,1
butter,1
details,1
neue,1
advocacy,1
eyre,1
fides,1
antithetical,1
dioramic,1
forces,1
authorlessness,1
ashis,1
occupied,1
justification,1
statesmen,1
epidemiology,1
breaks,1
surrounding,1
concretely,1
cat,1
threatens,1
tchad,1
michelle,1
differentially,1
participate,1
predominance,1
showing,1
assimilatethe,1
extranational,1
leaderships,1
alan,1
stead,1
horizon,1
predictive,1
visions,1
wheat,1
challenging,1
connections,1
celso,1
barkan,1
incite,1
grassroots,1
homelands,1
abolish,1
hidden,1
count,1
redistribution,1
sprang,1
manipulation,1
shortcomings,1
assuaging,1
misplaced,1
violated,1
renovated,1
massacre,1
monetary,1
prices,1
earth,1
africanist,1
cage,1
momentous,1
wholesale,1
recuperative,1
sowerwine,1
strove,1
solution,1
dark,1
legacy,1
subalternity,1
transculturation,1
reformist,1
gaylord,1
viable,1
composite,1
picture,1
comparably,1
hanover,1
roost,1
anger,1
controversial,1
affronts,1
lowest,1
laborious,1
wished,1
socialist,1
entities,1
pation,1
excuse,1
speculations,1
trading,1
germ,1
resuscitated,1
congruent,1
warrant,1
pedigree,1
philosophy,1
prebisch,1
mediterranean,1
reaches,1
orientalizing,1
davis,1
settlement,1
claim,1
emerging,1
event,1
bank,1
preparator,1
orientalist,1
denizen,1
greek,1
crosscontinental,1
embraced,1
ignore,1
klor,1
highly,1
endowed,1
revealing,1
amateurish,1
components,1
bridge,1
renovation,1
depression,1
exigencies,1
governments,1
postcolonization,1
acts,1
schumpeter,1
notorious,1
mammon,1
niches,1
reported,1
styled,1
emancidonald,1
cromwell,1
portions,1
christendom,1
differing,1
tended,1
corporations,1
copying,1
coast,1
delegated,1
prosopography,1
panopticon,1
palpably,1
annual,1
metamorphosis,1
visible,1
aside,1
helene,1
overlords,1
aggrandize,1
inaccessible,1
wife,1
transitive,1
results,1
concerted,1
pa,1
und,1
downsizing,1
roots,1
fondness,1
undergoing,1
loomba,1
conceptions,1
binomial,1
fairbairn,1
preliminary,1
finds,1
flag,1
structuring,1
wolfgang,1
annex,1
pervasive,1
perils,1
inform,1
evoked,1
triangular,1
maidens,1
questioning,1
massive,1
activities,1
guillaumin,1
accommodate,1
behalf,1
concomitant,1
stephens,1
humphreys,1
periods,1
hellenic,1
appeal,1
repatriation,1
chronological,1
massignon,1
liberation,1
threatened,1
portion,1
battle,1
converge,1
approximated,1
confined,1
republican,1
creolized,1
judicially,1
womanhood,1
san,1
timeless,1
sovereign,1
units,1
sons,1
huggan,1
arrangement,1
conditioning,1
critics,1
counterexamples,1
excludes,1
malls,1
metaphysical,1
mohanti,1
attempts,1
absence,1
van,1
client,1
appreciating,1
rivalries,1
bringing,1
unrealistic,1
leela,1
letters,1
employ,1
marketplace,1
lindy,1
andempire,1
irrelevance,1
action,1
concessions,1
influentially,1
williamson,1
criticize,1
infamous,1
dominguez,1
playground,1
limited,1
successes,1
schemes,1
deadly,1
return,1
wait,1
marne,1
tide,1
unconscious,1
impose,1
unstable,1
merits,1
indigenes,1
outlet,1
lies,1
dawn,1
tilly,1
jingoism,1
reorganization,1
constraints,1
instincts,1
meal,1
restructuring,1
elusive,1
leon,1
attested,1
formative,1
weary,1
july,1
judgment,1
harry,1
unrepeatable,1
wronged,1
toyin,1
surviving,1
interactions,1
woods,1
manifest,1
juggling,1
exotification,1
schacht,1
went,1
blending,1
cartels,1
collapsed,1
amerindian,1
sensation,1
prisons,1
lectured,1
betray,1
mexican,1
aligned,1
underconsumptionist,1
permeate,1
direction,1
adapted,1
bread,1
unerring,1
southeast,1
encausse,1
resilient,1
mundial,1
corpus,1
corrupting,1
fascism,1
hoe,1
sincere,1
coherence,1
communications,1
pursuant,1
outlets,1
palestine,1
valerie,1
mao,1
untold,1
lagged,1
citation,1
appleman,1
security,1
marshes,1
represents,1
cleveland,1
added,1
presciently,1
requiring,1
veiled,1
rhodes,1
exactly,1
begged,1
fail,1
prefers,1
dialectically,1
technology,1
columbus,1
restricted,1
demanding,1
axiomatic,1
calculations,1
index,1
specimens,1
demographic,1
salient,1
pavilions,1
reconsideration,1
marshall,1
saussurian,1
subjectivities,1
tax,1
rasa,1
symptomatic,1
included,1
falls,1
underwriting,1
informal,1
etapa,1
disconcerting,1
complete,1
liberties,1
disassemble,1
guatemala,1
pioneered,1
lord,1
raleigh,1
performed,1
succinctly,1
djait,1
disjuncture,1
dialectical,1
formalized,1
lazreg,1
alibi,1
friedrich,1
lament,1
denaturalize,1
al,1
rosalind,1
nineteenthcentury,1
reduces,1
wisconsin,1
provocative,1
alien,1
algeria,1
relativist,1
dramatically,1
congresses,1
quotations,1
critica,1
mich,1
consultants,1
underpinned,1
heuristically,1
dialogic,1
impenetrable,1
exploit,1
discreteness,1
intersection,1
couched,1
socialanthropology,1
journalist,1
perceptively,1
avoided,1
fairly,1
powertraveled,1
investor,1
sketch,1
technicalities,1
mocked,1
jon,1
double,1
volume,1
angel,1
routes,1
street,1
transformative,1
discipline,1
shops,1
logos,1
mixture,1
goals,1
resistance,1
articulationf,1
unlimited,1
greatly,1
layton,1
heritage,1
bits,1
cossetting,1
confound,1
flash,1
stated,1
arabica,1
subcontinent,1
instantiating,1
respectable,1
dispense,1
subtlety,1
unrivaled,1
addition,1
towards,1
financial,1
gentle,1
dearest,1
denoon,1
ivan,1
speaks,1
reassemble,1
nationhood,1
causality,1
monopolized,1
laundry,1
valid,1
luis,1
problematized,1
remarks,1
sylvester,1
head,1
endless,1
bourgeoisie,1
pressure,1
striking,1
indies,1
aires,1
uneasy,1
marked,1
abstract,1
eddy,1
marxian,1
inevitably,1
tariff,1
children,1
inconsistency,1
larger,1
nandy,1
linchpin,1
mechanicism,1
understandable,1
antonio,1
fallen,1
grows,1
emphatically,1
withering,1
categorizing,1
lavers,1
substantially,1
rodinson,1
anthropocentrism,1
ironic,1
venture,1
fashion,1
pattern,1
communicates,1
daniels,1
sociologies,1
guiana,1
dependencies,1
popularize,1
tq,1
terry,1
lone,1
sozialismus,1
never,1
confusion,1
patterns,1
ages,1
took,1
derivativeness,1
stuff,1
evoke,1
tales,1
intransitive,1
deploy,1
derivative,1
informing,1
discussing,1
ancients,1
skeletal,1
road,1
trotsky,1
pagden,1
ensured,1
accepted,1
establish,1
income,1
baxter,1
ndon,1
disabled,1
celebrated,1
verbatim,1
ultimately,1
less,1
sniping,1
strategies,1
spot,1
immature,1
pease,1
unveiled,1
imperialists,1
pygmy,1
cinema,1
magnus,1
disparity,1
japan,1
irreducibly,1
bid,1
swing,1
plumping,1
remarked,1
bass,1
downtown,1
exceeds,1
intangible,1
conquer,1
ignoring,1
disenchanted,1
patriarchal,1
cogently,1
presuppose,1
neo,1
bearers,1
fundamentals,1
literatures,1
coined,1
confront,1
ethiopia,1
railways,1
pretext,1
crueler,1
linked,1
historiographical,1
professeur,1
griffiths,1
civilized,1
scant,1
fight,1
interpreting,1
commensurable,1
imagine,1
slow,1
understatement,1
spe,1
dominions,1
analyzed,1
socialanalysis,1
exhibit,1
reflex,1
miss,1
wilderness,1
rio,1
incorporation,1
mccarthyism,1
robertson,1
lost,1
crudely,1
gordon,1
considering,1
una,1
contr,1
codification,1
demonstrating,1
situating,1
active,1
trexler,1
wretched,1
taylor,1
chaudhuri,1
ants,1
vexed,1
lamphere,1
consciences,1
incompatibility,1
transgressive,1
arose,1
enhanced,1
distinctly,1
enormous,1
advent,1
blume,1
pittsburgh,1
unpredictable,1
proved,1
ania,1
ruling,1
moundbuilders,1
warrior,1
elite,1
crafts,1
expand,1
attributed,1
persists,1
footlighting,1
controlling,1
appalling,1
skeptical,1
combining,1
unstated,1
contending,1
harmonizes,1
bridget,1
prevailed,1
persisted,1
mythos,1
waking,1
rosemarie,1
assume,1
causes,1
economism,1
collaborative,1
academics,1
products,1
thin,1
homes,1
ethnic,1
hodgkin,1
trend,1
reciprocally,1
business,1
discontinuity,1
eccentric,1
nothing,1
laboratory,1
frustrate,1
trust,1
archive,1
graham,1
halliday,1
previous,1
imagery,1
office,1
stultifying,1
advantages,1
vu,1
synthetic,1
entitle,1
involves,1
discontinuities,1
described,1
specification,1
harvey,1
aristocratic,1
theses,1
falola,1
rejected,1
inscribing,1
provincializing,1
erasure,1
quotation,1
loosely,1
three,1
archaeological,1
refreshingly,1
jose,1
stress,1
fullness,1
se,1
maurice,1
cartographic,1
curzon,1
accounted,1
ireland,1
diplomats,1
reservations,1
dramatizes,1
preceded,1
resultant,1
symposium,1
times,1
controversies,1
encompassment,1
recodings,1
allowed,1
brett,1
skip,1
helpful,1
zealand,1
revised,1
calcutta,1
federal,1
spread,1
prodigious,1
parts,1
tribal,1
high,1
pearce,1
mines,1
collected,1
lonsdale,1
obtained,1
stages,1
colo,1
paths,1
administrative,1
ungovemed,1
transparent,1
discriminations,1
configurations,1
glut,1
anyone,1
earlier,1
prescription,1
enriched,1
standard,1
serfdom,1
molyneaux,1
ros,1
roussel,1
narcissistic,1
latter,1
transcends,1
leg,1
ultima,1
argues,1
inscribed,1
igorots,1
verner,1
finite,1
fashoda,1
special,1
determinacy,1
enlightenment,1
quiescence,1
rehearsing,1
subserve,1
ideational,1
rouse,1
imaginative,1
elaborate,1
parallel,1
giant,1
metaphysic,1
memsahib,1
flowed,1
declare,1
assessing,1
practicable,1
contact,1
acquire,1
marnia,1
withered,1
excluded,1
rupture,1
prefatory,1
hunters,1
departmental,1
exhibitionary,1
raised,1
seeking,1
probably,1
rhetorical,1
securing,1
prevail,1
cape,1
save,1
invented,1
amateur,1
globality,1
mirroring,1
takeovers,1
notions,1
quarterly,1
postpone,1
ago,1
quarter,1
gavan,1
modifications,1
subtitled,1
normal,1
minimally,1
boahan,1
bhahba,1
lumbee,1
recognizable,1
professions,1
stereotypes,1
applies,1
species,1
cary,1
harnessing,1
restores,1
antoinette,1
covered,1
respuesta,1
indigeneity,1
homogeneously,1
shaping,1
toynbee,1
anxious,1
herschel,1
thinkers,1
regained,1
implicitly,1
tracker,1
refused,1
lance,1
undifferentiated,1
straight,1
kaplan,1
egotism,1
marianna,1
liberalism,1
lo,1
using,1
signs,1
imperialistic,1
illusory,1
applications,1
imply,1
regardless,1
foreseen,1
federations,1
perry,1
metaphors,1
veer,1
coopted,1
independent,1
bernth,1
immediacy,1
inhabitants,1
pratibha,1
repertoire,1
assert,1
hegemonism,1
ecological,1
aestheticized,1
linda,1
missionaries,1
maps,1
claimed,1
program,1
fully,1
abject,1
bretton,1
reasonable,1
humanist,1
ironically,1
vague,1
exacerbated,1
fixing,1
contraction,1
equitable,1
foregoing,1
fuse,1
manly,1
ordinary,1
harley,1
primarily,1
stimulating,1
minorities,1
revisionism,1
referred,1
beneficiary,1
success,1
implicate,1
directions,1
stocking,1
insist,1
collections,1
detailed,1
replicating,1
coercion,1
ordering,1
began,1
worse,1
economists,1
effectively,1
hichem,1
belied,1
vantage,1
lives,1
gestalt,1
oddly,1
contribution,1
transfixes,1
palimpsest,1
furnish,1
recognize,1
paradoxical,1
osterhammel,1
similarities,1
indicate,1
length,1
memorable,1
minimalist,1
pertinence,1
poetics,1
intend,1
escape,1
zohn,1
sharp,1
marxistanalyses,1
fateful,1
mills,1
joel,1
interconnected,1
hope,1
caste,1
frontier,1
respect,1
wives,1
spark,1
balinese,1
measured,1
fields,1
barristers,1
canonical,1
effort,1
exists,1
instances,1
strategically,1
grounded,1
face,1
canada,1
parkin,1
enunciated,1
middlesex,1
gathered,1
pressures,1
safeguarding,1
contagiously,1
enjoins,1
complexes,1
colette,1
pen,1
colonised,1
manifesting,1
borrowed,1
articulations,1
conceded,1
addressed,1
dismissing,1
quantitatively,1
quantitative,1
campaign,1
circumscribed,1
assistant,1
pl,1
neglected,1
wars,1
mythologies,1
bartra,1
exercised,1
populations,1
ogling,1
intersections,1
misinformation,1
reliant,1
historian,1
singular,1
sinicus,1
hierarchy,1
lessons,1
englishmen,1
citizenry,1
colonialisme,1
exemplified,1
complexity,1
version,1
changing,1
intensification,1
incorporated,1
pointless,1
throw,1
forget,1
beaches,1
carnal,1
predictions,1
demonstrate,1
zoo,1
extensive,1
rigidly,1
reflects,1
determinants,1
democracies,1
soil,1
forgetting,1
symbolic,1
bonaparte,1
delegates,1
saartjie,1
exposition,1
scrutiny,1
barbarism,1
stephen,1
confucianism,1
convicts,1
rehabilitating,1
laissez,1
sonia,1
recruits,1
quotes,1
dualistic,1
starveling,1
generic,1
grunebaum,1
sciences,1
compensation,1
daiva,1
blindness,1
seers,1
macintyre,1
imprecision,1
commanding,1
forty,1
evade,1
resonance,1
yoked,1
excess,1
feest,1
spectacles,1
kolonialpolitik,1
mutually,1
deficiencies,1
partner,1
alvarez,1
asylum,1
ministerial,1
catching,1
interiority,1
bukharin,1
brahmin,1
shares,1
disinterested,1
reversal,1
stalinism,1
steven,1
worth,1
organized,1
novel,1
laughlin,1
fulcrum,1
removing,1
commission,1
rhythm,1
resentment,1
authorities,1
flattery,1
arrogation,1
fabian,1
outdoor,1
ubiquitous,1
distraction,1
deprivation,1
pragmatic,1
prominence,1
victoria,1
teleological,1
expense,1
donaldson,1
task,1
aura,1
torgovnik,1
intrusion,1
unsettling,1
returns,1
hindering,1
dennis,1
foundation,1
widespread,1
exploiting,1
compliance,1
reproduces,1
deconstruction,1
cecil,1
obviously,1
disperse,1
shifts,1
korea,1
comilog,1
intrinsically,1
longstanding,1
appreciative,1
masks,1
separating,1
encouraging,1
cities,1
identities,1
coloreds,1
unfree,1
distinctive,1
encompasses,1
ambivalent,1
placing,1
cautioned,1
innumerable,1
hooked,1
edwardian,1
problematics,1
passage,1
works,1
fellow,1
scores,1
masters,1
threatening,1
deal,1
archival,1
concrete,1
cleared,1
eludes,1
subordinate,1
robbery,1
growing,1
clarity,1
insistent,1
beginning,1
huttenback,1
born,1
rarefies,1
surpluses,1
succeeded,1
answers,1
purchase,1
ruins,1
automatically,1
fuller,1
recession,1
grundrisse,1
scrambled,1
carefully,1
exploding,1
broke,1
unique,1
reactions,1
pandey,1
hath,1
practitioners,1
want,1
apace,1
trope,1
disseminated,1
sociology,1
staged,1
imposed,1
dreamtime,1
disciplinary,1
hierarchically,1
opportunistic,1
disown,1
mulvaney,1
brumaire,1
subtend,1
warn,1
unrest,1
centrality,1
planetary,1
leaving,1
jaimes,1
zasulich,1
consisting,1
evinces,1
transaction,1
dafrique,1
insightful,1
illustrated,1
codifications,1
capitalismo,1
utilitarian,1
getting,1
partial,1
undo,1
correlates,1
museumor,1
prestige,1
studying,1
kolodny,1
premised,1
amy,1
scripts,1
boys,1
hottentot,1
migrations,1
confronts,1
guesswork,1
textual,1
rayner,1
lynette,1
influenced,1
shamans,1
resolutely,1
suppress,1
phenomena,1
virginia,1
lawrence,1
threat,1
fissured,1
urban,1
cliffdwellers,1
rockefeller,1
brownness,1
denny,1
bob,1
conference,1
presume,1
socioeconomic,1
hal,1
ajayi,1
leonardo,1
emancipation,1
unilinear,1
preserved,1
attentive,1
northwestern,1
wedge,1
awkwardly,1
modernizing,1
recognition,1
four,1
disparate,1
refinement,1
prerequisite,1
repeatable,1
redundant,1
ohio,1
decisive,1
simplify,1
uncolonized,1
revolutions,1
atmospheric,1
content,1
imaginatively,1
renounce,1
emancipatory,1
duty,1
easy,1
fortuitously,1
giving,1
buy,1
die,1
manifold,1
mercator,1
intended,1
disciplines,1
administration,1
step,1
coinpare,1
aptly,1
mansfield,1
bona,1
wilber,1
territory,1
spatioracial,1
exceeded,1
extended,1
substance,1
missionary,1
institute,1
possessions,1
organization,1
necessitate,1
structured,1
istorical,1
qualified,1
alternating,1
uninterrogated,1
botany,1
divided,1
vron,1
unitary,1
overwhelmed,1
indians,1
unesco,1
hints,1
evidenced,1
takeover,1
au,1
discontinued,1
frivolous,1
comprised,1
ization,1
schedule,1
shuffled,1
rosaldo,1
refutation,1
surfacing,1
subsumed,1
iberian,1
connotes,1
margins,1
cheryl,1
propose,1
registers,1
jamaica,1
superseded,1
survive,1
singapore,1
determinism,1
enthusiasm,1
monologically,1
incognita,1
soft,1
tributes,1
curtis,1
inquiries,1
racism,1
invisible,1
instructive,1
lists,1
sacrificed,1
editor,1
arabicus,1
lands,1
patriarchy,1
unilateral,1
augured,1
autochthonous,1
sensibilities,1
entrapment,1
donald,1
classification,1
nile,1
wielded,1
paradigm,1
opens,1
boosted,1
jacques,1
configured,1
write,1
samuel,1
recovering,1
idiosyncracy,1
fremont,1
register,1
contributed,1
offer,1
gotten,1
instead,1
detached,1
lively,1
stalinist,1
typically,1
magnitudes,1
integrated,1
galligan,1
consolidated,1
proceeding,1
define,1
enabling,1
socially,1
situational,1
ade,1
evidence,1
alavi,1
guiding,1
scoured,1
reified,1
intellects,1
undermines,1
brighton,1
undid,1
functionalist,1
involving,1
meiji,1
palace,1
shahid,1
attempted,1
off,1
banivanua,1
schwarz,1
area,1
semiotic,1
sly,1
langford,1
presenting,1
mashpee,1
captain,1
transcend,1
leurope,1
burdens,1
definitive,1
brilliant,1
aachen,1
respective,1
dissent,1
offered,1
observation,1
waiting,1
privileging,1
grimshaw,1
spectator,1
narrate,1
napur,1
conflated,1
ensuring,1
tackle,1
interdisciplinary,1
rejection,1
hills,1
emanated,1
escalating,1
patricia,1
reached,1
enormously,1
vitale,1
dogged,1
bahr,1
fears,1
bounds,1
disparities,1
exclusively,1
aestheticization,1
valley,1
phillips,1
documentary,1
adopted,1
schreuder,1
whichever,1
sensibility,1
appealing,1
montrose,1
complicit,1
objected,1
technological,1
celestial,1
sustained,1
concise,1
fictions,1
compounding,1
virtue,1
building,1
loyalties,1
taiwan,1
clerical,1
representational,1
axial,1
mistaken,1
stifled,1
predicated,1
islamicate,1
determinate,1
occur,1
discern,1
mutilation,1
tiffin,1
grants,1
thorough,1
