WORDCOUNTS,WEIGHT
the,1208
of,860
and,628
in,427
ottoman,404
to,360
a,307
as,191
was,178
that,149
an,143
empire,142
it,114
by,113
for,101
this,85
were,73
on,69
from,68
see,67
s,66
imperial,66
orientalism,65
is,62
which,61
with,61
be,60
at,59
arab,59
he,59
but,57
state,56
pasha,54
their,50
its,49
not,49
between,48
they,47
also,46
had,45
turkish,43
his,42
subjects,40
bey,40
or,39
who,39
lebanon,38
mount,38
istanbul,38
hamdi,37
historical,37
modern,36
european,36
modernity,34
american,33
end,32
what,32
june,31
modernization,31
arabs,30
reform,30
western,29
review,29
start,29
more,29
islamic,29
east,28
west,28
provinces,28
other,28
has,28
islam,27
within,26
ottomans,26
late,26
time,26
have,26
how,25
discourse,25
yet,23
local,22
into,21
muslim,21
damascus,21
all,20
century,20
orient,20
turks,20
power,20
new,20
world,20
one,19
history,19
nationalism,19
against,19
than,19
makdisi,19
edib,19
after,19
arabia,19
difference,19
such,18
most,18
example,18
own,18
only,18
ussama,18
there,17
deringil,17
progress,17
these,17
ahmed,17
been,17
them,17
themselves,17
before,16
i,16
political,16
young,16
because,16
reformers,16
de,15
notion,15
sultan,15
syria,15
part,15
religious,15
itself,15
over,15
center,14
first,14
sought,14
politics,14
n,14
rule,14
beirut,14
when,14
fuad,14
many,14
ethnic,14
are,14
different,14
both,14
europe,13
those,13
civilization,13
no,13
represented,13
could,13
turk,13
same,13
rise,13
costumes,13
domains,13
past,13
while,13
studies,12
case,12
druze,12
war,12
nation,12
tanzimat,12
under,12
baalbek,12
druzes,12
inhabitants,12
imperialism,12
antiquities,12
if,11
identity,11
religion,11
even,11
so,11
whose,11
well,11
revolution,11
will,11
cemal,11
national,11
like,11
peoples,11
study,11
among,11
nineteenth,10
being,10
eastern,10
point,10
populaires,10
rather,10
les,10
out,10
project,10
order,10
city,10
therefore,10
j,10
culture,10
french,10
governor,10
meant,10
temporal,10
through,10
elites,10
military,9
some,9
development,9
york,9
mission,9
halide,9
mer,9
called,9
work,9
knowledge,9
sabri,9
during,9
sense,9
hanioglu,9
two,9
law,9
our,9
never,9
turkey,9
would,9
midhat,9
berkeley,9
osman,9
cambridge,9
although,9
should,9
bba,8
created,8
occidentalism,8
authority,8
ii,8
karpat,8
age,8
however,8
saw,8
launay,8
officials,8
stage,8
orientalist,8
abdiilhamid,8
resistance,8
she,8
toward,8
great,8
present,8
civilized,8
ali,8
described,8
fakhr,8
began,8
maronites,8
then,8
image,8
any,8
just,8
terms,8
calif,8
periphery,8
subject,8
early,8
much,8
culminated,7
supposedly,7
vols,7
narrative,7
bashir,7
sent,7
along,7
sidon,7
essential,7
origins,7
important,7
balkan,7
quoted,7
produced,7
provincial,7
decline,7
various,7
about,7
museum,7
violence,7
muslims,7
reformed,7
classical,7
hand,7
explicitly,7
discourses,7
rulers,7
region,7
language,7
course,7
balkans,7
christian,7
relationship,7
science,7
often,7
her,7
urban,7
middle,7
modernizing,7
despite,7
stagnant,7
defined,7
society,7
dankoff,6
allegedly,6
common,6
sublime,6
princeton,6
said,6
long,6
official,6
nature,6
tradition,6
short,6
wrote,6
government,6
racial,6
system,6
representations,6
dynamic,6
central,6
civilizing,6
egypt,6
cultural,6
heresy,6
necropolis,6
m,6
accommodated,6
politicization,6
equally,6
fusion,6
used,6
regions,6
cevdet,6
christians,6
up,6
led,6
tribal,6
heretics,6
increasingly,6
social,6
heritage,6
others,6
put,6
where,6
eds,6
elite,6
europeans,6
archaeological,6
soldiers,6
especially,6
justice,6
foreign,6
shihab,6
set,6
did,6
following,6
according,6
arabic,6
ruled,6
peace,6
administration,6
until,6
regime,6
tribes,6
famous,6
now,5
reinach,5
schools,5
true,5
policy,5
justified,5
women,5
every,5
advanced,5
hanssen,5
context,5
mass,5
very,5
himself,5
elebi,5
hierarchy,5
turn,5
profound,5
y,5
journal,5
secularism,5
fanatical,5
recognized,5
process,5
similar,5
selim,5
romantic,5
ignorance,5
understood,5
obedience,5
opposition,5
orientalisms,5
heart,5
people,5
away,5
disciplined,5
putatively,5
memoirs,5
tolerance,5
oriental,5
anatolia,5
lubnan,5
royale,5
claim,5
several,5
distinguished,5
ottomanism,5
am,5
became,5
timeless,5
noble,5
indeed,5
above,5
ignorant,5
once,5
oxford,5
une,5
moment,5
ed,5
already,5
noted,5
fellow,5
addition,5
efforts,5
fact,5
longer,5
reasons,5
manner,5
perhaps,5
native,5
made,5
infidels,5
him,5
necropole,5
administrative,5
things,5
displaying,5
life,5
todorova,5
considered,5
must,5
constituted,5
natural,5
cities,5
ruins,5
whether,5
discussion,5
colonial,5
ultimately,5
enlightenment,5
you,5
era,5
traditional,5
race,5
way,4
anatolian,4
meaning,4
separated,4
aksan,4
group,4
committee,4
unlike,4
yezidis,4
turquie,4
hence,4
emerged,4
tolerated,4
asia,4
words,4
celik,4
studied,4
help,4
last,4
fanaticism,4
opened,4
marked,4
otherwise,4
goal,4
domain,4
excavations,4
insisted,4
masters,4
irade,4
progressive,4
old,4
leff,4
evliya,4
back,4
served,4
third,4
without,4
act,4
berkes,4
landscape,4
changes,4
we,4
ensure,4
established,4
fabian,4
kemal,4
superior,4
view,4
based,4
locals,4
demise,4
international,4
punishment,4
sedition,4
equal,4
dynasty,4
population,4
ahd,4
role,4
participated,4
infidel,4
elik,4
tolerant,4
hiimayun,4
contrast,4
majority,4
nations,4
battle,4
second,4
populations,4
phoenician,4
khalidi,4
elaboration,4
interpretation,4
savage,4
jens,4
armenian,4
love,4
members,4
leader,4
challenge,4
notables,4
preserve,4
bourgeoisie,4
heretic,4
westernized,4
forms,4
took,4
paris,4
japan,4
style,4
reflected,4
original,4
understanding,4
eighteenth,4
desert,4
theoretical,4
man,4
clear,4
logic,4
lebanese,4
general,4
latter,4
indolent,4
become,4
costume,4
modernized,4
backward,4
independent,4
vision,4
army,4
fi,4
countries,4
class,4
face,4
worlds,4
shaw,4
thinking,4
ve,4
founded,4
colonialism,4
school,4
regard,4
particularly,4
nationalist,4
rebellion,4
maintain,4
theory,4
wahabis,4
temporally,4
classes,4
rogan,4
clothing,4
representation,4
aspect,4
foreigners,4
frontiers,4
maronite,4
finally,4
crisis,4
land,4
d,4
peripheries,4
campaign,4
melek,4
kurds,4
does,3
margins,3
struggle,3
limits,3
declared,3
concerned,3
proud,3
groups,3
expedition,3
jews,3
ma,3
h,3
westernization,3
former,3
armenians,3
stefan,3
my,3
proclamation,3
seyahatname,3
member,3
gap,3
implications,3
attempt,3
mardin,3
historiography,3
least,3
harem,3
desire,3
differences,3
rich,3
inherent,3
able,3
sultans,3
launched,3
mind,3
precisely,3
reading,3
nowhere,3
customs,3
revolt,3
episodes,3
existence,3
forthcoming,3
foundational,3
historians,3
task,3
america,3
account,3
capable,3
reaction,3
shihabi,3
taking,3
laws,3
heretical,3
impartial,3
thus,3
sectarian,3
historically,3
constantly,3
integral,3
regarded,3
reproduced,3
subdue,3
relations,3
affairs,3
cases,3
places,3
bloody,3
perceived,3
races,3
look,3
occasion,3
loyal,3
alleged,3
subordination,3
l,3
emir,3
basic,3
explicit,3
preparing,3
sites,3
travels,3
reforms,3
space,3
zeynep,3
reason,3
promise,3
wanted,3
organization,3
proved,3
baghdad,3
bruce,3
house,3
civilize,3
followed,3
sultanate,3
conquest,3
union,3
expressed,3
result,3
lead,3
whom,3
unreformed,3
ambitions,3
ambiguity,3
effort,3
events,3
syrian,3
interpretations,3
posited,3
viewed,3
can,3
placed,3
your,3
aleppo,3
asiret,3
mustafa,3
signified,3
gave,3
arabism,3
et,3
relentless,3
davison,3
specifically,3
always,3
orthodox,3
practice,3
rest,3
indigenous,3
may,3
equality,3
architecture,3
naima,3
return,3
albany,3
efendi,3
community,3
july,3
domination,3
argument,3
movement,3
wake,3
makes,3
soon,3
place,3
tax,3
included,3
al,3
inevitable,3
illustrated,3
continued,3
volume,3
added,3
destroy,3
fundamental,3
mecca,3
clearly,3
ruler,3
do,3
metaphors,3
secular,3
renaissance,3
sunni,3
distance,3
remained,3
another,3
status,3
vast,3
intimate,3
uplift,3
ruling,3
deployed,3
complicated,3
essay,3
compatriots,3
architectural,3
allowed,3
philipp,3
characterized,3
period,3
parts,3
rhetoric,3
minority,3
thomas,3
repeated,3
racialism,3
overcome,3
effect,3
construction,3
save,3
engagement,3
embodied,3
greek,3
implicitly,3
carried,3
crucial,3
erstwhile,3
lines,3
attitude,3
recognizes,3
primarily,3
markers,3
hierarchical,3
analysis,3
composed,3
education,3
british,3
eugene,3
found,3
chen,3
believed,3
series,3
heterodox,3
know,3
removed,3
paradigm,3
down,3
hatirat,3
loyalty,3
alternatively,3
medina,3
bin,3
ambivalent,3
weber,3
evident,3
spatial,3
imposed,3
metaphor,3
bitlis,3
premised,3
nesting,3
information,3
virginia,3
shuf,3
press,3
images,3
neglect,3
sectarianism,3
differentiation,3
invasion,3
smoked,3
imperative,3
aware,3
consolidated,3
define,3
integration,3
leiden,3
association,3
russia,3
chicago,3
backwardness,3
element,3
recent,3
major,3
kurdish,2
emulate,2
frequent,2
fleming,2
unabashedly,2
flow,2
imagining,2
ambivalence,2
threatened,2
personified,2
wa,2
fiction,2
e,2
edwards,2
conversion,2
large,2
complex,2
putative,2
live,2
sure,2
rediscovered,2
protection,2
position,2
cycles,2
royal,2
allies,2
title,2
laid,2
pacify,2
source,2
par,2
myriad,2
lower,2
t,2
embraced,2
creation,2
exclusive,2
path,2
taken,2
acutely,2
turbulent,2
promoting,2
shari,2
vermin,2
reach,2
shaped,2
book,2
pasa,2
leading,2
ahr,2
advantage,2
display,2
simple,2
aesthetic,2
despotism,2
closer,2
embrace,2
wall,2
toleration,2
persistence,2
glory,2
replicated,2
emphasized,2
primitive,2
robert,2
faroqhi,2
committed,2
educate,2
daniel,2
accommodation,2
citizenship,2
akin,2
friendly,2
reverse,2
persian,2
autonomous,2
albeit,2
formulation,2
teleological,2
inscriptions,2
victims,2
vol,2
divisions,2
compelling,2
sixteenth,2
illustrate,2
measures,2
islamist,2
powers,2
consciousness,2
commonality,2
plaque,2
move,2
whatever,2
say,2
recalcitrant,2
engin,2
rashid,2
beo,2
milica,2
prejudice,2
colonized,2
framework,2
throughout,2
pacifying,2
decree,2
proceeded,2
redeemed,2
abominable,2
mm,2
run,2
countless,2
since,2
backdrop,2
g,2
neighbors,2
interest,2
reflection,2
insofar,2
hamidian,2
interprets,2
unity,2
self,2
underlying,2
times,2
memorandum,2
contrary,2
highest,2
metin,2
left,2
ideal,2
warned,2
unify,2
outset,2
details,2
vile,2
acknowledge,2
word,2
master,2
mahmud,2
focused,2
archives,2
everlasting,2
pay,2
communities,2
manipulated,2
legitimation,2
patron,2
static,2
across,2
carefully,2
en,2
johannes,2
knew,2
legal,2
importance,2
b,2
lamented,2
k,2
cave,2
lay,2
empowerment,2
awareness,2
moreover,2
divided,2
monuments,2
lives,2
mkt,2
cause,2
greeks,2
university,2
dichotomy,2
languages,2
india,2
proposed,2
days,2
spirit,2
qatar,2
articulated,2
argued,2
quarters,2
too,2
powerful,2
erupted,2
defeat,2
ottomanizing,2
nationality,2
suggested,2
counsel,2
dynastic,2
mektebi,2
arrived,2
immutable,2
urgency,2
aftermath,2
sader,2
begun,2
typical,2
encounter,2
insisting,2
vigorous,2
term,2
rebellious,2
chinese,2
though,2
off,2
nationally,2
recently,2
sovereignty,2
excellent,2
scale,2
cairo,2
tension,2
um,2
encroachment,2
near,2
memory,2
taxes,2
basis,2
future,2
revealed,2
mapped,2
internalization,2
dog,2
framed,2
concept,2
london,2
denial,2
calls,2
description,2
reminded,2
loss,2
whole,2
bible,2
literally,2
actually,2
underscored,2
forces,2
statesmen,2
participate,2
bedouin,2
stanford,2
holy,2
kunt,2
massacres,2
good,2
wholesale,2
creating,2
construct,2
field,2
allegiance,2
responsibility,2
ambassador,2
theoretically,2
suggest,2
seized,2
poet,2
involved,2
family,2
underscore,2
influence,2
characteristics,2
fawaz,2
presence,2
idolaters,2
codes,2
baysun,2
treasures,2
describes,2
using,2
capitals,2
value,2
provided,2
interests,2
concomitant,2
seemed,2
avoid,2
janissaries,2
spectacle,2
imagery,2
service,2
comparative,2
resisted,2
again,2
acknowledged,2
classic,2
dawn,2
exception,2
gift,2
reforming,2
legitimized,2
seemingly,2
inhabited,2
single,2
towns,2
miizeci,2
hellenistic,2
thought,2
slavic,2
god,2
german,2
riots,2
misses,2
home,2
disobedience,2
reports,2
begins,2
double,2
include,2
outbreak,2
name,2
frederick,2
taste,2
punish,2
conceived,2
persuasion,2
overwhelming,2
scholars,2
islamists,2
documents,2
civilizational,2
come,2
educated,2
break,2
plagued,2
intimated,2
pattern,2
cezar,2
muhammad,2
asli,2
honor,2
shown,2
reversion,2
understandings,2
excavation,2
seventeenth,2
abdullah,2
less,2
strategies,2
spoke,2
ottomanist,2
claimed,2
books,2
responded,2
massacred,2
analyzed,2
interrelated,2
hatreds,2
faysal,2
heralded,2
birth,2
active,2
defied,2
obedient,2
including,2
signaled,2
depended,2
functionaries,2
significant,2
largely,2
persisted,2
dress,2
maria,2
distanced,2
evolution,2
trip,2
massacre,2
galvanized,2
worshippers,2
crises,2
transformation,2
directed,2
modem,2
points,2
dominated,2
tezakir,2
maintenance,2
held,2
david,2
japanese,2
responses,2
distinction,2
xiaomei,2
mountain,2
faith,2
turkist,2
findley,2
article,2
trying,2
fatma,2
statesman,2
patrimony,2
teach,2
james,2
travelers,2
locales,2
manners,2
existed,2
temporality,2
inferior,2
investigations,2
la,2
secularist,2
visit,2
balkanism,2
increasing,2
aid,2
rebel,2
abundance,2
africa,2
ostensible,2
stream,2
naturally,2
ideology,2
bound,2
flowed,2
exhorted,2
yemen,2
independence,2
referred,2
means,2
seen,2
transformed,2
translation,2
force,2
transjordan,2
determination,2
hinterlands,2
legitimacy,2
traveled,2
articles,2
kafadar,2
successor,2
exclude,2
blood,2
united,2
respect,2
centuries,2
citizens,2
ernest,2
speak,2
dissertation,2
anthropological,2
historian,2
convinced,2
broke,2
elaborate,2
rebelled,2
accordance,2
wartime,2
simply,2
extensive,2
inadvertent,2
barbarism,2
westernizing,2
text,2
here,2
quickly,2
ni,2
defining,2
ran,2
revealing,2
intellectual,2
control,2
each,2
country,2
publicly,2
worth,2
alexander,2
emergence,2
nights,2
universal,2
report,2
eventually,2
albanians,2
bedouins,2
monument,2
embodiment,2
written,2
renan,2
rural,2
destroyed,2
redefined,2
subordinate,2
banditry,2
beginning,2
pardon,2
day,2
notable,2
reign,2
circles,2
implicit,2
retinue,2
form,2
independently,2
preoccupation,2
armies,2
firmly,2
writes,2
struggling,2
vein,2
ressam,2
advise,2
articulation,2
signify,2
gradation,2
paintings,2
son,2
multiple,2
uniform,2
duty,2
lies,2
perspective,2
mosul,2
missionary,2
writing,2
caliphate,2
suppressed,2
symbolic,2
years,2
reveals,2
rediscovery,2
unbridgeable,2
cezzar,2
brummett,2
indolence,2
grown,2
dissociated,2
states,2
writer,2
conquered,2
prosperity,2
oversaw,2
quran,2
specific,2
potential,2
apart,2
close,2
obligation,2
abroad,2
yezidi,2
kiiiik,2
fiscal,2
predicated,2
sa,1
exhibiting,1
difficult,1
democracy,1
bernard,1
defeats,1
directors,1
go,1
wavering,1
critics,1
vasif,1
diyarbekir,1
respected,1
currently,1
robe,1
countryside,1
doubts,1
resolve,1
sins,1
generalization,1
fortified,1
obey,1
khaldun,1
indicated,1
commentary,1
tion,1
extirpate,1
corruption,1
vienna,1
mimic,1
commitment,1
facade,1
degraded,1
najd,1
represent,1
modernize,1
ethnicities,1
fouilles,1
dervishes,1
administered,1
ghouls,1
protestant,1
resulted,1
discredited,1
college,1
ending,1
legitimate,1
strengthen,1
arrive,1
roderic,1
worthy,1
cut,1
angelika,1
resisting,1
telegraph,1
portrayals,1
bttlis,1
submission,1
consider,1
associated,1
reckoning,1
plaisance,1
deceit,1
europeanswhich,1
extends,1
alternation,1
introduction,1
canbuladoglu,1
notably,1
berlin,1
germany,1
passing,1
everybody,1
philologist,1
village,1
aswad,1
startlingly,1
enduring,1
achievements,1
denied,1
qelebi,1
envisioned,1
incorporated,1
kinds,1
prostrated,1
properly,1
mostly,1
stem,1
reassessment,1
closure,1
forgiveness,1
referring,1
otherness,1
remind,1
dragging,1
constitutes,1
ways,1
murder,1
solidarity,1
strictly,1
ankara,1
unwritten,1
tamed,1
ministere,1
unwholesome,1
interchangeably,1
ezel,1
favor,1
notwithstanding,1
boulder,1
missionaries,1
personally,1
ideals,1
acceptance,1
earnest,1
deny,1
laboratory,1
purveyors,1
inclusivist,1
simultaneously,1
tome,1
shakib,1
harsh,1
occurred,1
akarli,1
total,1
selfembodied,1
scheffler,1
gelvin,1
hem,1
remedy,1
moving,1
mourned,1
martyrs,1
resmi,1
khan,1
evasion,1
descriptions,1
excoriated,1
stopping,1
du,1
character,1
establish,1
negative,1
ud,1
statist,1
cast,1
karen,1
defeated,1
passion,1
sanjak,1
provision,1
voices,1
permanence,1
brigands,1
failing,1
constituting,1
confident,1
learned,1
betrayal,1
subscribed,1
roman,1
fifteenth,1
chronicles,1
sad,1
mollify,1
lu,1
pervasive,1
entailed,1
medieval,1
attempts,1
restoration,1
summarized,1
culturally,1
contrasted,1
might,1
rapid,1
encouraged,1
actual,1
articulate,1
natives,1
undeniably,1
convert,1
attire,1
departure,1
genteel,1
determined,1
anscombe,1
definition,1
declined,1
principles,1
carter,1
belong,1
uneasy,1
together,1
rebuilt,1
babylon,1
faces,1
stood,1
histories,1
blind,1
validated,1
napoleon,1
modernitytheir,1
obeyed,1
ati,1
link,1
sovereigns,1
hundred,1
footsteps,1
palmira,1
immortal,1
take,1
exile,1
debt,1
reproduction,1
reawaken,1
deemed,1
ambition,1
marches,1
conclusion,1
achieved,1
married,1
integrate,1
faithful,1
savagery,1
prove,1
universite,1
solicited,1
stand,1
respond,1
conserve,1
pale,1
proprietary,1
current,1
classified,1
fully,1
regularized,1
opposite,1
embody,1
china,1
discipline,1
ambiguous,1
necessitated,1
theodore,1
ghazi,1
segregated,1
confused,1
rethinking,1
papers,1
pilfering,1
kerbala,1
elevation,1
anoghh,1
kingdoms,1
rizk,1
raided,1
interpreted,1
iran,1
influx,1
preventing,1
dancing,1
advocates,1
prefaced,1
pax,1
promulgated,1
ideological,1
connoting,1
holly,1
captures,1
paved,1
sects,1
revolutionary,1
uthmaniyya,1
trans,1
iv,1
amplified,1
rifat,1
incorporate,1
draw,1
killed,1
right,1
celali,1
cahit,1
suicide,1
low,1
suppress,1
metaphorical,1
felt,1
soldier,1
bulgarians,1
chronicler,1
authentic,1
captivity,1
condition,1
necessity,1
paucity,1
shared,1
player,1
drive,1
turkluk,1
clemency,1
mutual,1
alter,1
taxation,1
obvious,1
neighboring,1
arenas,1
alone,1
bit,1
ready,1
combination,1
desired,1
reconfiguring,1
timothy,1
establishment,1
utmost,1
maktab,1
overlooking,1
phoenicians,1
reconstruction,1
anticipated,1
objective,1
enter,1
investing,1
demanded,1
inviolable,1
moral,1
memoire,1
mige,1
collection,1
harmony,1
abode,1
aggression,1
hangings,1
circassian,1
usage,1
succeed,1
tribute,1
segregation,1
incessantly,1
regarding,1
conflict,1
mistake,1
technologically,1
million,1
ineluctably,1
andrew,1
upheld,1
turkists,1
essentialization,1
barkey,1
collapse,1
linguistic,1
relocation,1
inheritor,1
strife,1
purportedly,1
montreal,1
veracity,1
accuracy,1
orients,1
assyria,1
dotted,1
modify,1
spectrum,1
immediate,1
reinscription,1
boy,1
reputation,1
seventy,1
professor,1
understand,1
arrested,1
due,1
resembling,1
visited,1
targeted,1
ataturk,1
assumes,1
miige,1
author,1
mutiny,1
danube,1
tutelage,1
expeditions,1
purify,1
brooding,1
brother,1
mixed,1
decided,1
westernizers,1
issued,1
discerning,1
facet,1
conducted,1
vanguard,1
coexistence,1
jr,1
writ,1
relatively,1
admission,1
principalities,1
employing,1
ability,1
preparation,1
rooted,1
privilege,1
vengeance,1
intrigue,1
absolutely,1
z,1
edifice,1
guided,1
occasioned,1
distinct,1
nor,1
unclean,1
better,1
immigrants,1
reluctance,1
displays,1
stabilized,1
concerning,1
panislamist,1
tranquil,1
ithaca,1
response,1
listened,1
generated,1
rediscovering,1
provisions,1
suitable,1
continuous,1
witnessed,1
canine,1
differentiated,1
alliances,1
rhythm,1
price,1
find,1
impulse,1
died,1
child,1
explore,1
mirrored,1
slightest,1
instruments,1
boustany,1
koran,1
artillery,1
excavator,1
practically,1
critique,1
gaze,1
architects,1
apparently,1
citizen,1
stagnation,1
hasty,1
sarcophagus,1
helping,1
riyadh,1
asad,1
hasan,1
martial,1
pronounced,1
sartorial,1
acted,1
overt,1
horsman,1
jerusalem,1
adversary,1
error,1
quaint,1
commanders,1
belongs,1
sayda,1
juridical,1
cavid,1
buried,1
militarily,1
abiding,1
rights,1
surprisingly,1
opposed,1
likes,1
suppressing,1
excavate,1
objectionable,1
profoundly,1
disparaged,1
kissing,1
americans,1
syncretization,1
reflects,1
teaching,1
hasa,1
exact,1
traverse,1
admitted,1
ba,1
centerpiece,1
bring,1
portrayed,1
performance,1
traffic,1
stricter,1
aimed,1
emanates,1
main,1
impetus,1
developed,1
projections,1
nasir,1
presupposed,1
edward,1
ra,1
salnames,1
posits,1
oversee,1
decades,1
conflation,1
antagonistic,1
befall,1
levels,1
fair,1
patronage,1
revenues,1
coastal,1
capture,1
inclusion,1
mean,1
ills,1
enable,1
adopted,1
opportunity,1
titled,1
dogs,1
dina,1
associate,1
earlier,1
lasted,1
progenitor,1
connected,1
christianization,1
humanity,1
certain,1
fueling,1
variant,1
direct,1
strange,1
ongoing,1
jesuit,1
montesquieu,1
reconcile,1
enacted,1
echoed,1
distant,1
white,1
earl,1
lamartine,1
riposte,1
antithesis,1
colonising,1
absorbed,1
supposed,1
addressing,1
pleasures,1
decadence,1
unchanging,1
rife,1
empires,1
suppression,1
insistence,1
perceptions,1
subordinated,1
proving,1
redcliffe,1
payers,1
reconception,1
rapacious,1
turkishness,1
objects,1
sorts,1
raged,1
familiar,1
spreading,1
descent,1
underpinnings,1
peasants,1
foul,1
entrenched,1
consolidate,1
sick,1
recollection,1
linked,1
section,1
tribalism,1
imitation,1
impact,1
dominate,1
nationalisms,1
invariably,1
behcet,1
remaking,1
midway,1
worringer,1
kuwait,1
weak,1
westernize,1
w,1
nascent,1
presumed,1
four,1
show,1
overlook,1
commonly,1
validate,1
inclinations,1
graces,1
textile,1
nationalize,1
continual,1
harmed,1
beyond,1
exceed,1
predates,1
notions,1
generally,1
obstacles,1
consequence,1
madame,1
etrangeres,1
rice,1
requires,1
intermediary,1
oppression,1
hereafter,1
imprisonment,1
reconsideration,1
willing,1
pierre,1
rendered,1
shifted,1
internal,1
kural,1
endemic,1
dominant,1
froze,1
helped,1
projected,1
export,1
providing,1
quietist,1
gocek,1
differently,1
appear,1
hot,1
conflicts,1
commanded,1
lords,1
namik,1
treatment,1
whereas,1
affaires,1
raw,1
thackston,1
theft,1
root,1
gilsenan,1
remembered,1
encourage,1
arrival,1
bek,1
societies,1
scientifically,1
reeva,1
weapons,1
devastation,1
hands,1
speeches,1
strength,1
homogenizing,1
critically,1
duruz,1
access,1
rioted,1
p,1
pacha,1
neuwirth,1
embracing,1
lived,1
demands,1
reinvigorated,1
calm,1
pass,1
pioneer,1
compendious,1
eat,1
deciphering,1
initial,1
occurring,1
embedded,1
marie,1
further,1
infected,1
dreams,1
undeniable,1
occupation,1
irony,1
let,1
caves,1
rightfully,1
studying,1
province,1
meet,1
stratford,1
grounds,1
tuscan,1
possessor,1
sustainer,1
saudi,1
dialectic,1
ascriptive,1
perform,1
refuge,1
saving,1
guidance,1
required,1
directions,1
avatars,1
taught,1
exploration,1
maqasid,1
lenient,1
industrious,1
jewish,1
triumph,1
sacrifice,1
creates,1
coin,1
aground,1
silver,1
improve,1
transl,1
butrus,1
representatives,1
christianity,1
hierarchies,1
swords,1
unequal,1
refracted,1
ennobled,1
supplanted,1
crushed,1
emphasis,1
closed,1
artifacts,1
dahomeyan,1
romans,1
appreciate,1
scope,1
bolster,1
suggests,1
imports,1
rail,1
writers,1
preferred,1
imagined,1
reader,1
coping,1
akarll,1
prompted,1
brought,1
camel,1
attacked,1
advancement,1
drew,1
discusses,1
explains,1
civil,1
apparent,1
clearer,1
symbolism,1
coded,1
positions,1
routinely,1
modernizers,1
caught,1
ten,1
surprise,1
eurocentric,1
depict,1
dynasties,1
precipitated,1
overview,1
fluent,1
describe,1
fit,1
consistently,1
couched,1
topographical,1
collective,1
beginnings,1
records,1
officers,1
chatterjee,1
formerly,1
moments,1
anxieties,1
avowedly,1
speaking,1
infantile,1
augment,1
finished,1
fikrii,1
call,1
translated,1
abkhazian,1
focuses,1
schabler,1
vessels,1
romance,1
excited,1
osmanhllk,1
plurality,1
sensibility,1
anticipating,1
kavmiyyet,1
won,1
rowe,1
dishonorable,1
strengthened,1
ethnicity,1
condemns,1
engendered,1
feast,1
felebi,1
fukuzawa,1
minds,1
contradictions,1
towards,1
manipulation,1
either,1
absorb,1
violated,1
uniqueness,1
suffused,1
terror,1
expended,1
cezirat,1
change,1
published,1
stylized,1
strove,1
closing,1
esteem,1
protestantism,1
presented,1
hard,1
working,1
cruel,1
useful,1
tacitly,1
irrevocable,1
administrators,1
dictionary,1
guardians,1
next,1
politically,1
lowly,1
catholic,1
scoundrel,1
homogenous,1
theater,1
degeneracy,1
destiny,1
phrase,1
barriers,1
settlement,1
kayall,1
atmosphere,1
divisive,1
entrance,1
venality,1
upshot,1
mitchell,1
spanish,1
code,1
redhouse,1
transport,1
askariyya,1
few,1
accomplished,1
wider,1
munich,1
erected,1
fierce,1
components,1
executed,1
exigencies,1
acts,1
plunged,1
alphonse,1
thereby,1
syrians,1
protect,1
urgently,1
dissociation,1
boundaries,1
villages,1
carrier,1
foremost,1
counterdiscourse,1
annual,1
pillaged,1
attended,1
eyes,1
kiiuiik,1
gravitated,1
depravity,1
roots,1
muslih,1
notes,1
undergoing,1
diminished,1
asur,1
crime,1
newly,1
bandits,1
preliminary,1
giilhane,1
franca,1
gokalp,1
eradication,1
separate,1
massive,1
incumbent,1
behalf,1
subjecthood,1
hakaiki,1
coexist,1
overhauling,1
perpetully,1
precepts,1
flourished,1
eternal,1
f,1
critical,1
separatist,1
oglu,1
sovereign,1
republic,1
sons,1
ranging,1
situation,1
ramifications,1
saree,1
chains,1
hegemony,1
variety,1
clones,1
disciplining,1
endlessly,1
letters,1
scientific,1
identified,1
economic,1
worldview,1
grand,1
cografiye,1
rafeq,1
located,1
rationalizing,1
alliance,1
limited,1
archetype,1
manipulate,1
trials,1
unremitting,1
released,1
impose,1
fruit,1
yugoslavia,1
rejuvenated,1
textually,1
griswold,1
siikru,1
object,1
etc,1
reduce,1
projecting,1
sect,1
still,1
emulated,1
pointed,1
prophet,1
make,1
expanded,1
mayhem,1
pacification,1
experiences,1
manifest,1
sending,1
linguistically,1
panaite,1
terrain,1
uncertain,1
script,1
perennial,1
rebellions,1
leila,1
hitherto,1
peirce,1
backed,1
tends,1
positive,1
besmirched,1
reclaimed,1
colonialist,1
tardy,1
lisa,1
conscripted,1
yukichi,1
beautiful,1
depicted,1
simultaneous,1
criticism,1
edited,1
felicity,1
reference,1
treaty,1
security,1
reclaiming,1
intense,1
complication,1
read,1
emulation,1
paradox,1
happened,1
builds,1
serve,1
later,1
corrupt,1
technology,1
expounded,1
lharemeyn,1
formally,1
ottomanize,1
challenged,1
us,1
amidst,1
neither,1
thesis,1
coeval,1
padi,1
management,1
eminently,1
paternalism,1
informal,1
transformations,1
liberty,1
relational,1
memoires,1
abandon,1
lord,1
shifting,1
passions,1
jabal,1
ethnographic,1
experimental,1
basbakanhk,1
outlined,1
naval,1
foresight,1
memories,1
experiment,1
imitating,1
mecdiye,1
certainly,1
nizamnamesi,1
artists,1
vatandaslar,1
visitors,1
hunger,1
department,1
verging,1
demobilization,1
functioned,1
watching,1
journalist,1
meets,1
inheritors,1
turkism,1
lewis,1
solomon,1
plundered,1
surpass,1
kizllba,1
comparison,1
danubian,1
stated,1
reasserting,1
mighty,1
selfish,1
paean,1
stating,1
death,1
renewer,1
arslan,1
patriotic,1
haydar,1
expulsions,1
remaining,1
occident,1
abolished,1
cultivated,1
communal,1
lingua,1
unifying,1
georgian,1
birgit,1
encompassed,1
marker,1
stories,1
marvels,1
conduct,1
head,1
areas,1
temples,1
pressure,1
revenue,1
remit,1
permanently,1
plundering,1
bourdieu,1
broken,1
agree,1
abstract,1
exclusion,1
overlaying,1
abolition,1
unilaterally,1
maneuver,1
children,1
ottomanica,1
reacted,1
warning,1
incorporation,1
farming,1
fallen,1
justification,1
personality,1
granting,1
contemporary,1
false,1
doubt,1
inherently,1
descended,1
considerable,1
fragments,1
minister,1
depraved,1
mountainous,1
question,1
armonk,1
misir,1
ages,1
cup,1
outside,1
proverbial,1
remade,1
dominion,1
instrumental,1
adjacent,1
perverts,1
decisively,1
geography,1
abazas,1
iii,1
porte,1
deploy,1
decried,1
lawlessness,1
model,1
giilnar,1
discuss,1
developing,1
equate,1
refrain,1
accepted,1
subordinating,1
relevant,1
karl,1
hiiseyin,1
underscores,1
kiiquk,1
coexisted,1
obediently,1
lebanonprovided,1
arduous,1
kaiser,1
duties,1
spell,1
conviction,1
hajj,1
mango,1
deep,1
inevitably,1
enrolled,1
reconstructing,1
metropolitan,1
assault,1
governance,1
compelled,1
tolerating,1
presuppose,1
malmesbury,1
reconciled,1
railways,1
centralization,1
free,1
remarkably,1
rationality,1
fled,1
historiographical,1
fluidity,1
commemorate,1
degree,1
reginald,1
charted,1
argues,1
gillard,1
simon,1
demonstrated,1
fundamentally,1
recognizing,1
londres,1
mice,1
greatest,1
diverse,1
extended,1
art,1
secured,1
hashim,1
precluded,1
registers,1
success,1
examples,1
treated,1
husayn,1
discovery,1
completed,1
occidentalist,1
upon,1
unquestionably,1
inscription,1
islamism,1
servant,1
writings,1
suraiya,1
tickets,1
rehabilitation,1
hamdy,1
characterizing,1
looking,1
accused,1
longstanding,1
fraternity,1
fouad,1
adivar,1
shamed,1
tenets,1
imbued,1
host,1
betraying,1
entirely,1
intelligent,1
bears,1
expression,1
use,1
food,1
brigandage,1
religiously,1
assumption,1
oppose,1
decreed,1
turkified,1
equity,1
returned,1
manifestation,1
ulama,1
vocabulary,1
band,1
ideas,1
inflicted,1
rare,1
real,1
continue,1
crimea,1
hunted,1
voice,1
swearing,1
full,1
previous,1
office,1
propagate,1
banners,1
nevertheless,1
monopolize,1
shelter,1
atika,1
platform,1
trade,1
catch,1
open,1
significance,1
redefinition,1
hindrances,1
corrupted,1
discovered,1
babil,1
diplomacy,1
three,1
formulaic,1
quataert,1
blindly,1
grew,1
discussed,1
habit,1
emirs,1
obtaining,1
sarkis,1
transpired,1
victory,1
peter,1
invincible,1
tactical,1
august,1
calmly,1
behind,1
refik,1
pride,1
started,1
spread,1
summer,1
appointment,1
high,1
observes,1
housed,1
played,1
multifarious,1
sands,1
contributed,1
tuscany,1
reins,1
eldem,1
standard,1
patriotism,1
imm,1
inscribed,1
fervent,1
outfits,1
unambiguous,1
educational,1
undergirded,1
sentiment,1
comparing,1
problems,1
labour,1
hairy,1
incapable,1
apostasy,1
juxtaposed,1
evolutionary,1
adduce,1
awakening,1
grip,1
relation,1
embarrassment,1
synonymous,1
undoubtedly,1
reestablishing,1
anderson,1
buttressing,1
unruly,1
enjoyed,1
civilisatrice,1
enemies,1
raised,1
seeking,1
grudging,1
implication,1
translate,1
idiom,1
greece,1
fancied,1
goffman,1
parameters,1
carriage,1
workshop,1
occupied,1
lazy,1
sharina,1
govern,1
famine,1
joint,1
polyglot,1
reformist,1
tenuous,1
outright,1
subtitled,1
regimes,1
sole,1
niyazi,1
convincingly,1
clans,1
concluded,1
widely,1
overlooked,1
complicates,1
concerted,1
kadim,1
genesis,1
empathetic,1
admire,1
racialization,1
europeanize,1
raiding,1
vaughn,1
crowds,1
extirpator,1
esteemed,1
today,1
road,1
vaslf,1
note,1
equals,1
superstitious,1
digs,1
overflowing,1
osmanhllllk,1
redefine,1
quo,1
movements,1
bureaucrats,1
secularists,1
assert,1
institutions,1
viorel,1
linda,1
bda,1
staples,1
selections,1
program,1
romanticism,1
persecuting,1
ironically,1
wild,1
category,1
mired,1
inside,1
colored,1
leslie,1
modernism,1
bulletin,1
line,1
becomes,1
circassians,1
lost,1
treacherous,1
colonizers,1
moder,1
outline,1
detailed,1
ordering,1
worse,1
effectively,1
philosophy,1
contribution,1
interplay,1
exlusivist,1
recognize,1
paradoxical,1
routes,1
ottomanized,1
wilhelm,1
memorable,1
squarely,1
cpu,1
warring,1
infidelity,1
fall,1
michael,1
achieve,1
commands,1
frontier,1
enforced,1
muted,1
fields,1
instances,1
repressed,1
quiet,1
feroz,1
coincided,1
conservation,1
stable,1
poets,1
yearbooks,1
rabble,1
aali,1
plunder,1
hasten,1
tyrant,1
disturb,1
environment,1
contemplated,1
abandonment,1
contained,1
persecution,1
eschewed,1
phenicie,1
shadow,1
gloated,1
openly,1
modality,1
constant,1
sedenterization,1
regiments,1
anoghll,1
prohibited,1
depending,1
complexity,1
physically,1
radiant,1
nomadism,1
forget,1
pretext,1
contradiction,1
demonstrate,1
ever,1
reinforced,1
continues,1
soil,1
mountainside,1
bonaparte,1
known,1
implied,1
exposition,1
precise,1
accorded,1
unthinking,1
exacted,1
constructed,1
untoward,1
md,1
temple,1
wicked,1
sciences,1
efface,1
denounced,1
seas,1
dimension,1
chided,1
evokes,1
promotion,1
partner,1
refused,1
unclouded,1
principle,1
gaps,1
supplications,1
finance,1
anthropology,1
cemetery,1
interrupted,1
quarrels,1
cultures,1
rustum,1
expanding,1
misrepresentations,1
fairs,1
prolific,1
commission,1
eyub,1
resentment,1
seem,1
believe,1
capital,1
desolate,1
best,1
leaders,1
confidential,1
print,1
epitomized,1
printed,1
wealthy,1
cyclical,1
specificities,1
significantly,1
barbir,1
traditionalists,1
followers,1
foundation,1
hysteria,1
brothers,1
hinted,1
bosnians,1
presumably,1
expresses,1
contradictory,1
loads,1
impossible,1
waver,1
exhaustive,1
cins,1
far,1
stealalthough,1
uphold,1
heterodoxy,1
disgrace,1
gogek,1
cohere,1
conscription,1
stain,1
proclaiming,1
ibrahim,1
izmir,1
distinctive,1
accepts,1
invocation,1
passage,1
works,1
scores,1
february,1
anbar,1
girls,1
empireand,1
person,1
turned,1
cleared,1
phd,1
cedid,1
crusaders,1
vilayeti,1
butcher,1
defend,1
william,1
born,1
redeem,1
wit,1
succeeded,1
ethnically,1
partha,1
heads,1
recession,1
casting,1
investigation,1
lands,1
ala,1
unique,1
reactions,1
welfare,1
laying,1
ones,1
making,1
orientalizing,1
evangelical,1
reification,1
particular,1
trope,1
pillage,1
attitudes,1
reiterated,1
manuscripts,1
debate,1
problem,1
adaptation,1
extent,1
tarihiye,1
annexed,1
mehasinii,1
foundations,1
mandated,1
bureaucratic,1
babel,1
projection,1
stages,1
gender,1
constitutional,1
rewrite,1
ahmad,1
property,1
proposing,1
almost,1
benevolence,1
hain,1
smote,1
nuances,1
threat,1
convictions,1
tear,1
rioters,1
unmasked,1
ah,1
des,1
vatandaalanmiz,1
popular,1
spaces,1
conveniently,1
burden,1
stern,1
radically,1
abundantly,1
remember,1
level,1
owner,1
decency,1
circumstances,1
preserved,1
rescued,1
recognition,1
disparate,1
emperor,1
safeguarded,1
facilitation,1
confirm,1
oriente,1
unclouding,1
regulate,1
rampant,1
transition,1
step,1
rigid,1
went,1
urbanity,1
acute,1
confronted,1
measure,1
recounts,1
tertib,1
lesson,1
manufacturing,1
partake,1
appointed,1
rebels,1
campaigns,1
hebrews,1
maintained,1
beyrut,1
goals,1
coming,1
abdulhamid,1
outburst,1
koreans,1
ibn,1
relates,1
subsumed,1
karim,1
named,1
redeemability,1
khoury,1
afflicted,1
yalgin,1
bargaining,1
edhem,1
intent,1
layers,1
compulsion,1
soft,1
spring,1
interational,1
transmis,1
instructive,1
locations,1
summit,1
ostensibly,1
proclamations,1
donald,1
tiirkiuluk,1
numerous,1
october,1
maan,1
configured,1
muhammedan,1
appropriate,1
grant,1
ottomanization,1
discursive,1
mode,1
harm,1
identify,1
colo,1
falsehood,1
actively,1
immediately,1
integrated,1
linkage,1
building,1
educationally,1
battling,1
need,1
confiscated,1
abu,1
unified,1
clearest,1
finds,1
irreconcilable,1
france,1
defiance,1
recourse,1
await,1
area,1
culpability,1
extremely,1
shift,1
comical,1
increased,1
serif,1
practiced,1
bacchus,1
ziya,1
restored,1
dissent,1
inclination,1
offered,1
observation,1
abdul,1
dalil,1
mehmed,1
clashes,1
totally,1
pioneering,1
surrender,1
invited,1
quelled,1
distinctions,1
actions,1
faithless,1
desk,1
c,1
charged,1
modero,1
sectors,1
geographical,1
contrasting,1
seriat,1
brink,1
create,1
norman,1
cohesive,1
exclusively,1
diruz,1
entire,1
documentary,1
backwards,1
develop,1
abandoned,1
gulf,1
re,1
token,1
unregulated,1
racially,1
artisanal,1
unfurled,1
prison,1
derogatory,1
ideologically,1
wickedness,1
north,1
resist,1
vulgar,1
darling,1
loyalties,1
forcibly,1
penal,1
abdiilmecid,1
portrait,1
occur,1
ottomanists,1
