WORDCOUNTS,WEIGHT
the,989
of,577
and,494
in,432
to,293
a,283
colonial,125
that,123
as,117
de,110
french,108
was,94
s,89
african,89
for,85
on,81
see,80
were,76
france,74
with,69
from,67
is,63
frejus,62
an,60
des,59
not,57
it,56
by,56
soldiers,55
at,54
they,54
la,54
west,52
their,52
no,50
war,49
history,48
had,45
monument,45
be,44
d,44
memorial,41
tirailleurs,40
historical,40
its,39
or,39
africa,39
bamako,38
his,38
also,38
new,38
which,38
paris,37
who,36
other,34
have,33
are,33
this,32
one,31
memory,31
et,31
would,31
les,31
american,30
colonies,30
le,30
but,30
i,29
some,29
he,29
end,29
du,28
town,28
l,28
empire,28
review,26
start,26
april,26
military,25
between,25
en,24
them,24
studies,23
all,23
histories,23
martonne,23
while,23
former,22
monuments,22
troops,22
world,22
caom,21
what,21
memorials,20
has,20
kati,20
particular,20
both,20
those,19
such,19
site,19
more,19
national,19
after,19
mann,19
political,18
most,18
local,18
veterans,18
culture,18
been,18
imperial,18
may,17
gregory,17
european,17
africans,16
when,16
these,16
many,16
troupes,16
indochina,15
york,15
n,15
into,15
well,15
place,15
officers,15
locating,15
coloniale,15
senghor,15
recent,15
soudan,14
slotfom,14
speech,14
than,14
my,14
aux,14
sites,14
during,14
mali,14
where,14
did,14
past,14
much,14
among,14
t,13
point,13
michel,13
colonialism,13
own,13
senegalais,13
two,13
if,12
civilians,12
there,12
died,12
could,12
out,12
however,12
outside,12
sherman,12
so,12
au,12
although,12
remains,12
politics,11
work,11
r,11
yet,11
dakar,11
only,11
metropole,11
made,11
statue,11
different,11
years,11
cooper,11
hereafter,11
built,11
service,10
within,10
general,10
locality,10
aof,10
example,10
several,10
dedicated,10
southeast,10
contemporary,10
men,10
colony,10
metropolitan,10
like,10
nora,10
over,10
guerre,10
places,10
jennings,10
became,10
names,9
memoire,9
reims,9
m,9
part,9
presence,9
society,9
towns,9
do,9
another,9
armee,9
can,9
note,9
figure,9
army,9
eds,9
capital,9
conklin,9
interwar,9
through,9
november,9
intended,9
camps,9
revue,8
first,8
might,8
asia,8
great,8
sought,8
since,8
author,8
tirailleur,8
officer,8
came,8
understood,8
erected,8
second,8
community,8
social,8
time,8
number,8
anm,8
sic,8
period,8
archinard,8
governor,8
relationship,8
itself,8
known,8
historians,8
february,8
almost,8
bambara,8
h,7
comrades,7
regiment,7
march,7
very,7
kamian,7
old,7
subjects,7
even,7
whose,7
without,7
rather,7
university,7
noire,7
important,7
chef,7
term,7
indochine,7
cousturier,7
sense,7
around,7
up,7
return,7
indigenes,7
home,7
ed,7
native,7
use,7
him,7
figures,7
independence,7
analysis,7
historique,7
appel,7
loyalty,7
postcolonial,7
archives,6
meaning,6
conquest,6
echenberg,6
being,6
words,6
best,6
hospitals,6
barcellini,6
september,6
turn,6
franqais,6
across,6
inauguration,6
stationed,6
senegal,6
madagascar,6
samori,6
cultural,6
recently,6
public,6
january,6
future,6
used,6
militaire,6
winter,6
small,6
research,6
naming,6
republican,6
dossier,6
situation,6
still,6
chap,6
under,6
lieux,6
algeria,6
name,6
minister,6
forms,6
present,6
conscripts,6
region,6
significant,6
clear,6
rapport,6
ministry,6
dead,6
exposition,6
each,6
december,6
then,6
senegalese,6
calif,6
dedication,6
city,6
role,6
memories,6
question,6
race,6
massip,5
later,5
stone,5
chafer,5
mamadou,5
combattants,5
ii,5
vols,5
generated,5
j,5
ceremonies,5
larchain,5
state,5
marine,5
francophone,5
histoire,5
soldier,5
october,5
himself,5
marseille,5
journal,5
camp,5
var,5
represented,5
evolution,5
support,5
vietnam,5
passed,5
stands,5
rule,5
shared,5
claim,5
noires,5
training,5
nation,5
indeed,5
morts,5
year,5
communities,5
combat,5
une,5
assistance,5
same,5
lt,5
power,5
frederick,5
others,5
chaps,5
idea,5
lieutenant,5
larger,5
noirs,5
less,5
interview,5
perhaps,5
thousands,5
gallieni,5
web,5
questions,5
stoler,5
recruitment,5
armees,5
held,5
individual,5
article,5
become,5
often,5
dans,5
months,5
meant,5
any,5
her,5
report,5
particularly,5
cities,5
africains,5
nationalist,5
form,5
alice,5
administration,5
eric,5
evidence,5
maintained,5
association,5
potential,5
chicago,5
north,5
sent,5
way,4
edouard,4
mobility,4
true,4
o,4
before,4
long,4
seems,4
take,4
daniel,4
racial,4
guadeloupe,4
opened,4
ggaof,4
resources,4
representing,4
flag,4
immediate,4
quality,4
relations,4
repatriation,4
down,4
defense,4
distinct,4
nor,4
immigrants,4
refer,4
pierre,4
served,4
promenade,4
poor,4
german,4
remain,4
importance,4
certain,4
contributions,4
black,4
white,4
elsewhere,4
just,4
beyond,4
back,4
inconnus,4
found,4
crowd,4
radical,4
portsmouth,4
fourth,4
anticolonial,4
sculpture,4
soldats,4
collective,4
realms,4
project,4
norindr,4
field,4
quite,4
event,4
always,4
paid,4
provided,4
paul,4
bandiougou,4
south,4
san,4
july,4
grande,4
direction,4
commandant,4
about,4
violence,4
circle,4
neither,4
armies,4
included,4
intense,4
retired,4
challenge,4
toward,4
fete,4
addition,4
efforts,4
fact,4
scholars,4
documents,4
lucie,4
louis,4
asian,4
archive,4
described,4
health,4
essay,4
statues,4
workers,4
imagination,4
ann,4
literally,4
anchored,4
she,4
claimed,4
citizens,4
exceptional,4
imperialism,4
bears,4
construction,4
heros,4
commemoration,4
arts,4
fought,4
eventually,4
following,4
athens,4
struck,4
sciences,4
coloniales,4
berkeley,4
according,4
country,4
cemetery,4
malagasy,4
ahr,4
losses,4
guinea,4
guerres,4
pour,4
unlikely,4
shat,4
terms,4
making,4
lunn,4
problem,4
reported,4
little,4
ohio,4
our,4
afrique,4
c,4
networks,4
colonel,4
now,3
frenchness,3
common,3
ambivalence,3
quickly,3
comite,3
europeans,3
trans,3
federation,3
hommage,3
large,3
burton,3
likely,3
schools,3
renseignements,3
rt,3
western,3
charitable,3
something,3
liberation,3
laura,3
par,3
aside,3
saul,3
promoting,3
possibilities,3
militaires,3
together,3
origin,3
narrative,3
comparative,3
staff,3
context,3
british,3
case,3
issue,3
takes,3
cabinet,3
hall,3
welcome,3
plaque,3
radicals,3
along,3
framework,3
labor,3
deux,3
hunkanrin,3
agent,3
g,3
toure,3
moment,3
obelisk,3
pay,3
kind,3
chez,3
remembering,3
elements,3
better,3
david,3
differently,3
response,3
columbia,3
modernity,3
single,3
find,3
y,3
leurs,3
verdun,3
hardly,3
necropolis,3
traffic,3
affairs,3
unit,3
earlier,3
wake,3
whether,3
republic,3
special,3
front,3
moreover,3
proclaimed,3
raymond,3
emergence,3
ceremony,3
tranchees,3
brunschwig,3
trained,3
decades,3
expressed,3
remembered,3
location,3
societies,3
speeches,3
effort,3
base,3
representative,3
muslim,3
cadet,3
irony,3
durham,3
buried,3
appadurai,3
population,3
prominent,3
brought,3
london,3
esp,3
ten,3
whole,3
partly,3
people,3
underscored,3
apparently,3
president,3
status,3
memoirs,3
connections,3
encounters,3
either,3
below,3
order,3
family,3
attention,3
few,3
staged,3
success,3
visitor,3
ncos,3
nations,3
will,3
fofana,3
architecture,3
ans,3
garrison,3
ancien,3
maclaud,3
make,3
ranks,3
southern,3
religious,3
depicted,3
reference,3
meanwhile,3
read,3
thought,3
notable,3
us,3
assimilation,3
every,3
agefom,3
reports,3
noted,3
rise,3
twin,3
malian,3
longer,3
administrators,3
technique,3
analytical,3
pair,3
come,3
commemorate,3
pamphlet,3
francaise,3
fallen,3
took,3
ground,3
centre,3
revolts,3
strategies,3
surveillance,3
locations,3
dafrique,3
original,3
understanding,3
upon,3
slaves,3
seen,3
identity,3
host,3
entirely,3
nothing,3
sackur,3
congo,3
nevertheless,3
students,3
open,3
maelstrom,3
georges,3
administrative,3
migrants,3
james,3
aix,3
we,3
suggest,3
royer,3
assigned,3
today,3
independent,3
sometimes,3
ecole,3
ideology,3
bulletin,3
becomes,3
force,3
understand,3
life,3
saada,3
ministre,3
composed,3
grounded,3
niger,3
considered,3
school,3
emerging,3
wars,3
version,3
circumstances,3
established,3
set,3
illuminate,3
cm,3
current,3
inquiry,3
far,3
works,3
destroyed,3
charged,3
william,3
jean,3
met,3
nearby,3
interpreter,3
suggests,3
emphasis,3
middle,3
subject,3
territory,3
mosque,3
named,3
catherine,3
offer,3
need,3
sur,3
product,3
colleagues,3
scholarship,3
mauritania,3
given,3
sekou,3
building,3
links,3
tourists,2
monsieur,2
go,2
inspection,2
terrasson,2
films,2
groups,2
tropics,2
created,2
does,2
macgaffey,2
e,2
extends,2
trim,2
passing,2
village,2
group,2
complex,2
essays,2
designed,2
word,2
live,2
philippe,2
reflexions,2
republique,2
tribune,2
allow,2
position,2
fixed,2
pose,2
laid,2
indochinese,2
ou,2
eager,2
eleve,2
contexts,2
awn,2
cdc,2
joe,2
highlighted,2
apas,2
approche,2
originally,2
togo,2
give,2
attempts,2
meters,2
contrasted,2
season,2
worked,2
gerson,2
historiography,2
immense,2
europe,2
tradition,2
packed,2
burkina,2
whatever,2
catrice,2
rhineland,2
wave,2
studied,2
hundred,2
nationalism,2
evolving,2
help,2
historiques,2
carlier,2
moi,2
prevert,2
viet,2
rethinking,2
photographer,2
nodes,2
mahmadou,2
samorikelekedenw,2
dr,2
anthropologists,2
key,2
predecessors,2
design,2
inverse,2
marc,2
logical,2
illustrate,2
foreigners,2
solely,2
laboure,2
richard,2
vital,2
franfais,2
morale,2
combination,2
territoires,2
advocating,2
tous,2
ritual,2
letter,2
prevented,2
janet,2
garrisoned,2
attract,2
funded,2
usage,2
carde,2
central,2
murid,2
erection,2
negre,2
leur,2
reflection,2
noncommissioned,2
entire,2
century,2
forced,2
funds,2
sibling,2
amount,2
ithaca,2
serving,2
young,2
radio,2
poem,2
left,2
third,2
drawn,2
vincent,2
critique,2
border,2
leadership,2
escholier,2
delivered,2
rates,2
leopold,2
repatriated,2
poujoulat,2
opposed,2
simultaneously,2
bamakois,2
recognized,2
vichy,2
etudes,2
juillet,2
aggressive,2
wall,2
cissoko,2
poses,2
panivong,2
similar,2
expelled,2
leave,2
nos,2
study,2
victims,2
distant,2
devotion,2
demobilized,2
space,2
gsf,2
empires,2
soon,2
wanted,2
tensions,2
erecting,2
familiar,2
image,2
india,2
coumba,2
gradually,2
mary,2
house,2
differs,2
fore,2
frequently,2
four,2
sinha,2
grandfathers,2
mrinalini,2
mere,2
pedroncini,2
painted,2
algerian,2
method,2
nationals,2
reflections,2
bureaucracy,2
irrigation,2
greater,2
uses,2
closely,2
whom,2
nancy,2
wilder,2
critic,2
called,2
color,2
serge,2
mythe,2
noting,2
indigene,2
emerge,2
captured,2
late,2
diagne,2
further,2
occupation,2
nineteenth,2
unique,2
cannot,2
suffered,2
emploi,2
modest,2
excellent,2
scale,2
record,2
conseiller,2
prayer,2
souscriptions,2
scene,2
none,2
having,2
percent,2
participation,2
julia,2
seminal,2
literature,2
maneuvers,2
parades,2
rhetorical,2
tombs,2
elizabeth,2
criticized,2
resenegalisation,2
island,2
laffpol,2
destination,2
mise,2
device,2
popular,2
surrounding,2
regional,2
formations,2
intersections,2
stanford,2
faso,2
manifestation,2
makes,2
published,2
least,2
level,2
hard,2
working,2
cold,2
revolution,2
things,2
lacked,2
contrast,2
specifically,2
underscore,2
june,2
tony,2
temporary,2
depeche,2
hexagon,2
ancestors,2
musee,2
boundaries,2
villages,2
verite,2
indochinois,2
annual,2
ta,2
commemorative,2
francais,2
resistance,2
seaside,2
newly,2
rest,2
negres,2
activities,2
tai,2
f,2
therefore,2
units,2
matter,2
inaugurated,2
hyperbole,2
identified,2
carton,2
doctoral,2
wrote,2
rights,2
located,2
exile,2
limited,2
play,2
description,2
anniversary,2
forward,2
nearly,2
exception,2
prove,2
comments,2
roads,2
communist,2
bread,2
vie,2
secretariat,2
once,2
trains,2
floods,2
museum,2
represents,2
federations,2
etrangers,2
reproduced,2
serve,2
mission,2
jay,2
light,2
taken,2
cahiers,2
illustrated,2
contains,2
increasingly,2
law,2
book,2
omission,2
stories,2
muslims,2
mark,2
drink,2
added,2
water,2
lack,2
ossuary,2
environs,2
appeared,2
abstract,2
raised,2
cadets,2
impatient,2
honor,2
mai,2
behind,2
evoke,2
celebrated,2
until,2
garrisons,2
practice,2
produced,2
assault,2
books,2
hiverage,2
explicitly,2
fight,2
francophonie,2
proudly,2
private,2
wives,2
maritime,2
including,2
farasso,2
enormous,2
services,2
top,2
food,2
twentieth,2
assumption,2
band,2
processes,2
engaged,2
previous,2
stopping,2
shortly,2
trade,2
nursing,2
three,2
efortom,2
b,2
virtues,2
points,2
august,2
good,2
flood,2
function,2
high,2
collected,2
distinction,2
latter,2
dialogue,2
never,2
lawler,2
origine,2
date,2
parade,2
britain,2
effect,2
excluded,2
structure,2
attracted,2
etc,2
saw,2
institution,2
engagement,2
attend,2
ago,2
controversial,2
sole,2
immigration,2
decolonization,2
visit,2
separate,2
implicitly,2
depth,2
fifty,2
agence,2
rives,2
anciens,2
continued,2
inhabitants,2
movements,2
foreign,2
aho,2
lines,2
primarily,2
referred,2
dimensions,2
lost,2
un,2
strongly,2
bakari,2
contribution,2
recognize,2
dynamism,2
why,2
successor,2
emmanuelle,2
centres,2
types,2
face,2
dissertation,2
thinking,2
historian,2
singular,2
lessons,2
nationale,2
demonstrate,2
simply,2
symbolic,2
nimes,2
trenches,2
text,2
here,2
nationales,2
highly,2
know,2
ni,2
clifford,2
paper,2
cultures,2
novel,2
recalled,2
incorporating,2
unknown,2
printed,2
specificities,2
sudan,2
sc,2
guy,2
raphael,2
concrete,2
hint,2
phd,2
beginning,2
diverses,2
killed,2
confidentiel,2
fully,2
commander,2
gouvernement,2
terre,2
hundreds,2
urban,2
categories,2
travel,2
asians,2
translated,2
possible,2
must,2
northwestern,2
multiple,2
peace,2
unveiling,2
mande,2
diouf,2
enfom,2
agents,2
photograph,2
demanding,2
arguments,2
clothing,2
allows,2
writing,2
conventions,2
oeuvre,2
sparked,2
formation,2
devoted,2
tell,2
carefully,2
argument,2
unable,2
difference,2
cambridge,2
balandier,2
jacques,2
discursive,2
battalion,2
sat,2
move,2
instead,2
include,2
land,2
files,2
states,2
writer,2
off,2
diaspora,2
area,2
morning,2
territories,2
removed,2
actions,2
hills,2
reached,2
obligation,2
fonds,2
sociologie,2
create,2
early,2
civilian,2
focus,2
immediately,2
famous,2
should,2
virtue,2
meeting,2
doing,2
close,2
major,2
deeper,2
florence,1
nicholas,1
countryside,1
brazzaville,1
handful,1
abdoulaye,1
ending,1
margins,1
disparate,1
famed,1
complaint,1
fernand,1
currently,1
done,1
antoine,1
accidents,1
child,1
obligations,1
schalk,1
autres,1
dewitte,1
prefer,1
pratiques,1
declared,1
heroic,1
concerned,1
anthony,1
implying,1
juvenile,1
commemorated,1
mille,1
corruption,1
contingents,1
cues,1
raising,1
commitment,1
blaise,1
icelander,1
britishness,1
valeur,1
truth,1
represent,1
alphonse,1
knees,1
engendered,1
deserve,1
victimes,1
extreme,1
economized,1
ordered,1
college,1
rond,1
intriguing,1
dissolution,1
frangais,1
stovall,1
possessions,1
volta,1
introduction,1
africain,1
celebrate,1
notably,1
manuscript,1
sphere,1
debris,1
novembre,1
becoming,1
valerie,1
pomonti,1
needed,1
globalization,1
belts,1
enduring,1
larmee,1
lexicon,1
armored,1
instructions,1
jews,1
fed,1
vont,1
properly,1
anchor,1
cours,1
soudanese,1
formed,1
ment,1
asserted,1
frdjus,1
maghrib,1
english,1
ways,1
solidarity,1
colonie,1
unanswered,1
provisioning,1
ministere,1
easily,1
sublime,1
candidate,1
zigzags,1
monolithic,1
lettre,1
scarred,1
bureau,1
bhabha,1
ascends,1
cadres,1
policy,1
committee,1
locale,1
virtually,1
allies,1
v,1
mauvaise,1
hallmarks,1
inequality,1
techniques,1
itinerary,1
individually,1
total,1
holding,1
fathers,1
stretches,1
assisted,1
camaraderie,1
petite,1
regime,1
moving,1
assume,1
migration,1
tepid,1
civic,1
nice,1
sepulchers,1
princeton,1
chief,1
combattant,1
operation,1
practices,1
classement,1
assaults,1
women,1
aujourd,1
clozel,1
arms,1
highlight,1
monday,1
europeanist,1
leotard,1
travers,1
said,1
querying,1
cast,1
darboussier,1
intends,1
query,1
passion,1
provision,1
staffs,1
problems,1
amiens,1
titles,1
tantalizing,1
suburbs,1
occasion,1
creation,1
localities,1
protests,1
production,1
gilles,1
om,1
flags,1
sad,1
morose,1
researched,1
implications,1
cautiously,1
rested,1
abound,1
cavalry,1
address,1
metal,1
tsing,1
sunday,1
metropoles,1
emerged,1
chetom,1
freely,1
hotels,1
referees,1
tourist,1
pilgrimage,1
active,1
nature,1
bloomington,1
hatred,1
articles,1
definition,1
gary,1
dramatically,1
thus,1
shaped,1
interred,1
soudanais,1
continue,1
skills,1
twenty,1
inaugural,1
spectacle,1
accommodate,1
broadly,1
suggesting,1
warm,1
featuring,1
desire,1
highland,1
nuffield,1
etre,1
disproportionate,1
confusion,1
ben,1
lntdert,1
thank,1
expected,1
gradual,1
potentially,1
imaginary,1
rich,1
appendix,1
assembled,1
depicts,1
ecoutes,1
brainchild,1
rations,1
able,1
government,1
vanishing,1
transferred,1
counterargument,1
thanks,1
onto,1
goldhammer,1
launched,1
room,1
argue,1
bronchial,1
survey,1
debt,1
listed,1
uniforms,1
batallions,1
maurice,1
damage,1
propaganda,1
fresh,1
embrace,1
colonisation,1
fold,1
huddle,1
last,1
genealogists,1
meantime,1
rudimentary,1
convalesced,1
miles,1
universite,1
holidays,1
trouble,1
greatly,1
precisely,1
sacred,1
consulting,1
robert,1
pratique,1
arjun,1
opposite,1
reading,1
somewhat,1
springing,1
market,1
intersected,1
segregated,1
davoine,1
dissolved,1
designs,1
circuits,1
citizenship,1
haut,1
merchants,1
akin,1
unconscious,1
havre,1
side,1
cotonou,1
brief,1
existence,1
badly,1
harris,1
avril,1
bemoaned,1
tie,1
spiegler,1
albeit,1
walks,1
crosscurrents,1
money,1
draws,1
evacuated,1
braves,1
translations,1
primary,1
bases,1
reassert,1
orator,1
mass,1
flourished,1
incorporate,1
compagnie,1
right,1
synecdoche,1
prescriptions,1
cousins,1
dupont,1
installed,1
chapter,1
hivernage,1
vol,1
lends,1
effectifs,1
africaine,1
delivering,1
activity,1
dissidents,1
drive,1
folio,1
crosstalk,1
occupy,1
dinner,1
eating,1
countless,1
officielles,1
convince,1
bent,1
djenne,1
apart,1
invited,1
say,1
supervision,1
merina,1
cited,1
copie,1
redefining,1
anticipated,1
promises,1
protocol,1
pain,1
expeditionary,1
dignity,1
engage,1
urging,1
recreated,1
stagger,1
barricades,1
sign,1
localized,1
signal,1
campaign,1
frangaise,1
colonized,1
gravity,1
logeay,1
complained,1
pushed,1
regarding,1
conscription,1
goal,1
homage,1
pen,1
exercises,1
prey,1
draguinan,1
throughout,1
married,1
cemeteries,1
sponsored,1
tied,1
equatorial,1
illness,1
historically,1
accuracy,1
famously,1
republished,1
development,1
malgaches,1
reject,1
counterpoint,1
accommodation,1
intemationaux,1
tanzania,1
sanitarium,1
riot,1
alternately,1
illustrates,1
dahomey,1
due,1
interior,1
demanded,1
visited,1
analyzing,1
helen,1
realized,1
frenchmen,1
silent,1
successeurs,1
corner,1
liisa,1
exiled,1
ivoire,1
intact,1
interest,1
pier,1
characteristic,1
cabal,1
relatively,1
regarded,1
interchangeably,1
mentalite,1
mixed,1
dismisses,1
gendered,1
santa,1
predicament,1
catholique,1
liaison,1
unwillingness,1
duclert,1
constellation,1
dubbed,1
ability,1
rooted,1
masters,1
theaters,1
allegiances,1
westport,1
gudriviere,1
ferguson,1
sejour,1
leading,1
cases,1
adama,1
menton,1
montpellier,1
interim,1
sets,1
bay,1
document,1
person,1
bataillon,1
moderate,1
hui,1
architectural,1
body,1
outbreaks,1
commendation,1
races,1
vaste,1
occult,1
roamed,1
circumference,1
infantrymen,1
elaborated,1
anonymity,1
truly,1
publications,1
marching,1
undertaking,1
shipping,1
inform,1
equally,1
dragon,1
unresolved,1
look,1
preserving,1
corrected,1
undergo,1
weekenders,1
architects,1
commanders,1
deeply,1
indigenous,1
traditions,1
sister,1
pointing,1
generation,1
demba,1
incarnation,1
suffering,1
quiet,1
businessmen,1
claude,1
aliases,1
capitals,1
walls,1
parks,1
neighborhoods,1
lyon,1
recatechization,1
awkward,1
failed,1
henri,1
civilization,1
gwendolyn,1
dignitaries,1
shaykh,1
engraved,1
interesting,1
seconded,1
builder,1
profoundly,1
geneva,1
mohammed,1
alleged,1
phantasmatic,1
adequate,1
trail,1
capitale,1
silence,1
air,1
mild,1
soninke,1
upright,1
maghraoui,1
dictionnaire,1
operations,1
testimony,1
policing,1
assuage,1
demandes,1
bring,1
dence,1
destroy,1
residence,1
griot,1
mes,1
predictably,1
activists,1
district,1
how,1
remnants,1
particularplaces,1
possession,1
decolonisation,1
sorely,1
appreciation,1
levels,1
maliens,1
camargo,1
doctrine,1
senses,1
process,1
remote,1
mean,1
permission,1
knew,1
stranger,1
ce,1
deliberately,1
killing,1
suffer,1
burial,1
survives,1
neighborhood,1
rescue,1
coffee,1
thing,1
supposed,1
entre,1
unity,1
consensual,1
parts,1
ongoing,1
allegory,1
algerie,1
gloire,1
spectators,1
abdoumaliq,1
clayton,1
tree,1
beaten,1
feel,1
arbor,1
carles,1
lafrique,1
zeynep,1
attached,1
chakravorty,1
manieres,1
characterizes,1
addressing,1
patronat,1
thomas,1
reason,1
determination,1
branded,1
settled,1
warring,1
provinces,1
albert,1
vue,1
win,1
maintaining,1
linker,1
vastly,1
ensure,1
assure,1
recuperating,1
franfaise,1
supports,1
consider,1
locally,1
possibly,1
unthinking,1
entry,1
establishments,1
claims,1
film,1
benefits,1
literary,1
itinerant,1
nibbling,1
linked,1
handled,1
officiers,1
section,1
ousmane,1
monde,1
realities,1
indo,1
placed,1
traces,1
downs,1
excitement,1
voix,1
too,1
upper,1
incorrectly,1
maintain,1
situations,1
age,1
companions,1
ministers,1
commonly,1
conqueror,1
provokes,1
acknowledges,1
bridges,1
commented,1
tried,1
additional,1
origins,1
powerful,1
superieur,1
defeat,1
traitors,1
civilize,1
predates,1
followed,1
almami,1
peninsula,1
circulating,1
consequence,1
cost,1
saintraphael,1
crits,1
castelsarrasin,1
unbound,1
belgian,1
expulsion,1
asks,1
willing,1
thesis,1
clubbability,1
meynier,1
helped,1
tu,1
projected,1
etude,1
alexis,1
export,1
screened,1
providing,1
caustically,1
algiers,1
drawing,1
strengthen,1
icelandic,1
autonome,1
view,1
myths,1
methodology,1
sweltering,1
mayoral,1
affaires,1
gouverneur,1
worlding,1
standards,1
bodin,1
based,1
encourage,1
extent,1
corridors,1
bearing,1
locals,1
negotiated,1
laure,1
conservative,1
surged,1
lyautey,1
chestnuts,1
parliamentarian,1
inaugurating,1
p,1
sights,1
attack,1
combinations,1
gironde,1
civilising,1
gayatri,1
foreground,1
resembles,1
seven,1
centers,1
naturalisation,1
lived,1
patrick,1
generates,1
changed,1
scenes,1
bakers,1
curiosity,1
pass,1
events,1
driss,1
dispute,1
owen,1
xenophobic,1
near,1
parisian,1
fogarty,1
nicola,1
metier,1
reconcile,1
sarraut,1
controle,1
collectively,1
circulation,1
academic,1
engagements,1
repatriate,1
outnumbered,1
exceptions,1
occupier,1
neighboring,1
scam,1
supporters,1
briefly,1
expressly,1
because,1
hinterland,1
performed,1
fraternally,1
photography,1
districts,1
transcription,1
anderson,1
bore,1
treat,1
dismissal,1
annales,1
halla,1
schneider,1
symbols,1
intensity,1
facilities,1
februrary,1
dirks,1
gupta,1
lieu,1
otherwise,1
rubber,1
contesting,1
representatives,1
chene,1
hcgg,1
ezra,1
lie,1
perform,1
weekends,1
instrumental,1
fous,1
taught,1
levant,1
coulibaly,1
revived,1
creates,1
symbolically,1
possibility,1
engine,1
discours,1
mushroomed,1
warriors,1
aspects,1
kitchen,1
torn,1
shape,1
abuse,1
syria,1
resident,1
directly,1
timbuktu,1
lebanon,1
basis,1
accounting,1
line,1
relief,1
foresaw,1
sujets,1
quart,1
simone,1
francs,1
homi,1
benevolence,1
rainy,1
reid,1
ideal,1
preferred,1
decisions,1
reader,1
percentage,1
sedar,1
significantly,1
boliw,1
advancement,1
tens,1
begs,1
drew,1
purpose,1
christians,1
knowledge,1
minh,1
apparent,1
calls,1
secret,1
related,1
actors,1
department,1
musde,1
healthcare,1
positions,1
governors,1
crossings,1
intentionally,1
authenticity,1
bamanankan,1
overview,1
mouring,1
consistently,1
statuomanie,1
issues,1
broad,1
asserts,1
lower,1
specializes,1
relevance,1
butter,1
cluster,1
avowedly,1
ivoirien,1
runs,1
hot,1
disability,1
rows,1
risks,1
vociferous,1
historien,1
announcing,1
rituals,1
moroccan,1
call,1
forces,1
viability,1
weekly,1
scrap,1
cry,1
illustrious,1
newspaper,1
shelter,1
overseas,1
suivi,1
petain,1
generating,1
received,1
reframes,1
visions,1
capitol,1
ali,1
trends,1
vacation,1
indexed,1
towards,1
bodies,1
traders,1
aided,1
africanist,1
evening,1
nephews,1
senegalaises,1
veers,1
siecle,1
wounded,1
solution,1
punctuated,1
remy,1
successful,1
caused,1
describing,1
fiftieth,1
brutality,1
eglise,1
exchanging,1
culte,1
buell,1
shaping,1
allegor,1
seized,1
hiding,1
appended,1
protest,1
poet,1
mani,1
trading,1
intellectuals,1
mediterranean,1
synthesized,1
discourse,1
standpoint,1
exclude,1
heart,1
akhil,1
veteran,1
prized,1
endured,1
eriger,1
influence,1
leaves,1
soil,1
members,1
debatable,1
revives,1
lanisine,1
martin,1
niane,1
resolution,1
governments,1
disaster,1
acts,1
overseeing,1
newcomers,1
essor,1
thereby,1
decolonizing,1
convey,1
climate,1
distinguished,1
portions,1
officielle,1
potent,1
impossible,1
coast,1
division,1
core,1
hazoume,1
tuileries,1
su,1
richness,1
cosmology,1
originaires,1
dewhurst,1
pays,1
infantry,1
using,1
games,1
reluctant,1
correspondence,1
insight,1
peculiar,1
notes,1
dockworkers,1
choreographed,1
hc,1
comrade,1
feasible,1
normalized,1
grateful,1
reposera,1
finds,1
samory,1
jules,1
inhabiting,1
am,1
evoked,1
brothel,1
displayed,1
promising,1
logic,1
battles,1
maghrebi,1
commemorates,1
clientele,1
appeal,1
survived,1
barbara,1
edn,1
domesticity,1
neveux,1
analytic,1
reduction,1
privilege,1
casualty,1
fa,1
transform,1
sons,1
business,1
georg,1
bourbon,1
critics,1
chains,1
reduced,1
mosques,1
duty,1
saluted,1
bonne,1
curves,1
geneses,1
various,1
benaissa,1
strike,1
restoration,1
recuperation,1
subalterns,1
citoyennete,1
economic,1
transnational,1
giving,1
ambiguity,1
short,1
focal,1
triaud,1
revival,1
myron,1
feared,1
egard,1
dam,1
bis,1
kilometers,1
ahistorical,1
revolt,1
skin,1
edges,1
encompassing,1
hubert,1
cuisine,1
stele,1
brings,1
upward,1
object,1
reduce,1
converted,1
souvenir,1
hunwick,1
necessary,1
says,1
garden,1
surviving,1
domination,1
experiences,1
railway,1
followers,1
initially,1
amis,1
modes,1
paint,1
artist,1
cultivate,1
ask,1
hold,1
cercle,1
spectacular,1
permanently,1
fighting,1
gilbert,1
integration,1
blush,1
repression,1
gave,1
widows,1
edited,1
selling,1
interpretation,1
swirls,1
push,1
opportunities,1
fit,1
etat,1
experienced,1
happened,1
observance,1
counterparts,1
message,1
ambassade,1
beneficiaries,1
puns,1
selective,1
prestigious,1
cooks,1
pres,1
politiques,1
peltier,1
modestly,1
pluie,1
complete,1
shock,1
professor,1
abandon,1
teaching,1
shifting,1
apres,1
purity,1
joly,1
gov,1
dread,1
warmth,1
ethnographic,1
wright,1
al,1
excellence,1
veritable,1
largest,1
antonetti,1
frangois,1
loose,1
denis,1
begins,1
volunteers,1
mich,1
speaking,1
assimilated,1
fief,1
malkki,1
leans,1
journalist,1
glanville,1
lee,1
sahel,1
routes,1
persuade,1
undisturbed,1
already,1
constituency,1
provencal,1
provide,1
disposition,1
yves,1
oral,1
lewis,1
ind,1
unreliable,1
centralizing,1
ssdnfa,1
satisfy,1
rung,1
courageous,1
miscegenation,1
stream,1
again,1
fin,1
spend,1
renewed,1
academy,1
pointed,1
fontainebleau,1
recited,1
similarly,1
secours,1
put,1
slavery,1
notables,1
projects,1
tiny,1
summits,1
comparison,1
artists,1
butchers,1
bayonets,1
avec,1
rewarding,1
limit,1
coincidence,1
samba,1
sarcasm,1
fara,1
areas,1
villa,1
minute,1
tumultuous,1
advantage,1
jours,1
trips,1
homework,1
dividends,1
trainees,1
extended,1
demonstrations,1
doors,1
teachers,1
children,1
enable,1
reacted,1
diverse,1
john,1
quelques,1
walther,1
debates,1
everything,1
airplanes,1
arthur,1
substantially,1
variation,1
complaints,1
identical,1
diameter,1
away,1
foster,1
man,1
rapatriement,1
fertile,1
planners,1
thompson,1
genealogy,1
polignac,1
mimicked,1
contemporains,1
assimilationist,1
everyday,1
corps,1
remarkable,1
parler,1
interrogate,1
operating,1
model,1
amanda,1
landscape,1
discuss,1
francois,1
spivak,1
historiographic,1
timing,1
gadjigo,1
coercion,1
relevant,1
tall,1
foot,1
mutual,1
unanticipated,1
forth,1
tattered,1
ports,1
spoke,1
reworks,1
peddlers,1
morocco,1
focusing,1
minneapolis,1
carnal,1
mahir,1
dehors,1
greeting,1
sung,1
rivaling,1
controversy,1
tonkin,1
style,1
ladder,1
streets,1
rancor,1
inondations,1
anticipate,1
etranges,1
degree,1
reminds,1
remained,1
vectors,1
institutions,1
phenomenological,1
demonstrated,1
greet,1
ecumenical,1
empirically,1
analyzed,1
lata,1
bond,1
exploring,1
aptly,1
oil,1
encounter,1
discussion,1
strangeness,1
intimate,1
invested,1
examples,1
specializing,1
degenerated,1
birth,1
celebrations,1
travaillant,1
values,1
sanitized,1
helps,1
limitations,1
inscription,1
flaw,1
desert,1
doorstep,1
formal,1
marginality,1
odile,1
analyzes,1
hwros,1
previously,1
motorise,1
fils,1
sca,1
contacts,1
clustered,1
elite,1
functionaries,1
identification,1
complexities,1
encouraged,1
stampede,1
wound,1
empirical,1
disaggregate,1
expression,1
hosted,1
unfortunately,1
residues,1
emphasize,1
refers,1
robinson,1
approach,1
causes,1
engaging,1
franca,1
roitman,1
dances,1
ideas,1
sudanic,1
frenchspeaking,1
africaines,1
rare,1
individuals,1
friction,1
fantastic,1
chosen,1
full,1
deployed,1
option,1
california,1
samouri,1
benin,1
attraction,1
versions,1
lowenhaupt,1
ties,1
legendary,1
low,1
unharmed,1
significance,1
vernacular,1
shielded,1
meanings,1
engender,1
royalty,1
leads,1
moral,1
hutu,1
charbonneau,1
frustrated,1
rifle,1
poisonous,1
welcomed,1
resuscitates,1
express,1
language,1
urbanism,1
entrance,1
fetish,1
faces,1
gustave,1
spire,1
guineans,1
nombre,1
times,1
pride,1
defensive,1
homes,1
liberate,1
characterized,1
revised,1
republicain,1
drapeau,1
overburdened,1
fidelity,1
summer,1
housed,1
diasporas,1
played,1
traveled,1
paths,1
trek,1
kept,1
conversation,1
interacted,1
grasse,1
presse,1
pension,1
lose,1
despise,1
adequately,1
folkloric,1
municipal,1
titre,1
exchange,1
inscribed,1
tombes,1
favored,1
facing,1
queen,1
comparing,1
written,1
restes,1
internal,1
gabon,1
systems,1
settler,1
eyes,1
bom,1
moorings,1
realm,1
uncles,1
reads,1
successors,1
manchuelle,1
emphasized,1
interpretations,1
kaba,1
stand,1
tactics,1
exactly,1
deserter,1
rochette,1
dense,1
disembark,1
sentiments,1
mouvements,1
blevis,1
diamond,1
confusing,1
learn,1
electric,1
offensive,1
postwar,1
grudging,1
kill,1
comfortably,1
conscience,1
mimicry,1
slightly,1
story,1
displacements,1
cimitiere,1
southwest,1
gg,1
looked,1
elbowing,1
curled,1
fell,1
irrevocably,1
destruction,1
agenda,1
professional,1
caution,1
anatolia,1
outright,1
sociopolitical,1
dissonance,1
venturing,1
conseil,1
alias,1
competed,1
brown,1
attended,1
antoinette,1
abdullatif,1
hunt,1
shocked,1
brave,1
dahomeyan,1
trails,1
dupuy,1
oxford,1
asking,1
alpha,1
jeli,1
suggestion,1
periodic,1
modification,1
gaullist,1
aid,1
rebel,1
me,1
misfortune,1
peers,1
footage,1
delhi,1
annamites,1
richest,1
harkis,1
rephrase,1
assert,1
chance,1
guests,1
missed,1
plays,1
swapping,1
erstwhile,1
biennially,1
program,1
fear,1
vague,1
refrain,1
inside,1
deaths,1
fridays,1
populist,1
recognizes,1
leslie,1
remotely,1
merlin,1
colonizers,1
directions,1
guerrieres,1
annie,1
translation,1
returned,1
circumstance,1
visual,1
overlap,1
threaten,1
manpower,1
transitoire,1
terribly,1
vacationers,1
rapidly,1
sufi,1
dietrich,1
countries,1
linking,1
volumes,1
owed,1
enlisted,1
sharply,1
es,1
strides,1
extra,1
maternity,1
paternal,1
blood,1
fall,1
posts,1
united,1
baron,1
bernault,1
respect,1
lingua,1
centuries,1
exists,1
atmosphere,1
get,1
donated,1
hoist,1
prisonniers,1
worlds,1
malpasset,1
sailors,1
figured,1
marquis,1
premier,1
crowded,1
joseph,1
beans,1
balimatoua,1
forest,1
imitated,1
liarmee,1
aldrich,1
addressed,1
hearts,1
fougeres,1
thick,1
assistant,1
anthropological,1
environment,1
reciprocal,1
seriously,1
authorities,1
miroir,1
associated,1
collapsed,1
regiments,1
worried,1
cordiality,1
sanitaires,1
revelee,1
franqois,1
seche,1
dunkirk,1
gendarme,1
grand,1
cac,1
forget,1
deep,1
appropriating,1
altered,1
ever,1
invoked,1
committees,1
summit,1
slope,1
reciprocity,1
apprehended,1
rival,1
constructed,1
masses,1
christophe,1
approximatif,1
quotes,1
fulbright,1
trapped,1
membership,1
blacks,1
plea,1
piot,1
glimpse,1
temple,1
funding,1
symbol,1
alps,1
offers,1
command,1
discharged,1
sunglasses,1
stationes,1
bright,1
forty,1
milieu,1
defining,1
eux,1
continental,1
beau,1
intellectual,1
spearhead,1
control,1
ministerial,1
tendencies,1
encerclee,1
scattering,1
bravery,1
languages,1
worth,1
generalites,1
busily,1
global,1
prolific,1
extraction,1
roman,1
interested,1
seem,1
distance,1
dispensaries,1
leaders,1
unscathed,1
epitomized,1
ph,1
agreement,1
tunisia,1
universal,1
surprisingly,1
visiting,1
allied,1
post,1
foundation,1
hospital,1
wildfires,1
doubts,1
clearly,1
greetings,1
claudel,1
privileged,1
plazas,1
lamine,1
benefit,1
constant,1
cultivation,1
reflected,1
coloniaux,1
kidd,1
build,1
associations,1
examining,1
identities,1
going,1
free,1
chaotic,1
meager,1
specially,1
rural,1
proposed,1
fellow,1
living,1
type,1
recruiting,1
rathbone,1
martone,1
catalogue,1
heed,1
believed,1
oecumenique,1
bilingual,1
cosmopolitanism,1
elevated,1
activism,1
webs,1
inaugurates,1
nomenclature,1
karine,1
affirm,1
circles,1
reactions,1
administratives,1
center,1
rose,1
means,1
commemorating,1
ones,1
references,1
rebellion,1
want,1
larson,1
musliminfluenced,1
pujol,1
thirty,1
metaphor,1
enjeux,1
saint,1
map,1
medicalization,1
simulacrum,1
unfold,1
inscriptions,1
clinics,1
vein,1
listen,1
waters,1
linger,1
bakary,1
argued,1
prestige,1
mandated,1
colonists,1
complain,1
institute,1
mcphail,1
landing,1
secure,1
gestures,1
gender,1
account,1
fighters,1
representations,1
confronts,1
explored,1
enslavement,1
huge,1
uneven,1
anna,1
agreed,1
alcohol,1
reclamation,1
fraction,1
reprinted,1
contain,1
boiled,1
art,1
millions,1
temps,1
periodicals,1
spaces,1
goc,1
church,1
gratitude,1
marking,1
researchers,1
apparatus,1
intention,1
presented,1
occasionally,1
ageron,1
son,1
attentive,1
commissioner,1
modernizing,1
recognition,1
ill,1
toulon,1
uniform,1
sea,1
despite,1
befriended,1
marble,1
resentful,1
postcoloniality,1
brawl,1
welcoming,1
hiked,1
ijeme,1
rend,1
easy,1
mayor,1
bourgeois,1
die,1
withdrawal,1
transition,1
lies,1
song,1
step,1
explication,1
went,1
meconnus,1
pervades,1
sembene,1
poste,1
mistreated,1
koutiala,1
accentuate,1
frankenberg,1
families,1
phenomenon,1
pole,1
isolated,1
nianson,1
representation,1
ho,1
aspect,1
voyage,1
faculty,1
boasting,1
rendre,1
strong,1
contrasts,1
hungry,1
guadeloupean,1
suppressed,1
produce,1
pine,1
understandings,1
xxe,1
renseignement,1
refugees,1
municipality,1
spring,1
breaks,1
chaired,1
invasion,1
nantes,1
genova,1
conn,1
peanut,1
unwelcome,1
prochasson,1
grappling,1
disassociation,1
opens,1
studying,1
frame,1
minch,1
jazz,1
grant,1
hebdo,1
exceptionnel,1
completed,1
protesting,1
register,1
course,1
joined,1
actively,1
afflictions,1
idealizing,1
define,1
tricky,1
qelik,1
physical,1
paraded,1
recruits,1
bear,1
politicians,1
conquered,1
conakry,1
you,1
metz,1
disrupt,1
hodeir,1
trucks,1
objections,1
oldest,1
francisco,1
increased,1
pagoda,1
rosenberg,1
traveling,1
ruth,1
anonymous,1
respective,1
moved,1
prost,1
offered,1
charles,1
trimestrielle,1
counterattacked,1
substitute,1
posture,1
emat,1
klein,1
pensions,1
draft,1
chiselled,1
themselves,1
archival,1
rejection,1
malians,1
objects,1
era,1
sharing,1
ahmida,1
plaques,1
exclusively,1
abroad,1
valley,1
instance,1
charging,1
develop,1
tickets,1
auxiliaries,1
dyula,1
manifests,1
pseudonyms,1
seek,1
tyler,1
diverges,1
copiously,1
laborers,1
statement,1
performance,1
broader,1
col,1
mock,1
camara,1
representational,1
buddhists,1
workings,1
allegation,1
preconceptions,1
hearafter,1
sculptor,1
death,1
looking,1
hanoi,1
