WORDCOUNTS,WEIGHT
the,482
of,333
and,253
in,162
to,156
a,140
history,123
that,101
british,91
is,80
it,74
as,70
not,48
this,44
be,44
which,40
atlantic,39
was,35
by,35
new,35
with,32
american,29
has,29
their,27
histories,27
or,27
an,26
we,26
been,26
its,25
empire,25
english,23
but,23
for,22
at,20
they,20
one,20
i,20
european,20
britain,20
are,20
historical,20
from,19
s,18
war,18
these,18
have,18
between,17
europe,16
there,16
united,16
kingdoms,16
on,16
into,15
j,15
pocock,15
two,15
three,15
g,14
both,14
states,14
if,13
april,13
were,13
would,13
all,12
than,12
no,12
own,12
archipelago,12
other,11
state,11
review,11
term,11
irish,11
revolution,11
only,11
eds,11
ireland,11
canada,11
first,10
political,10
armitage,10
may,10
do,10
any,10
them,10
archipelagic,10
kingdom,9
some,9
century,9
without,9
union,9
civil,9
world,9
more,9
others,9
must,9
north,9
being,8
perspective,8
greater,8
because,8
colonies,8
london,8
still,8
john,8
see,8
ohlmeyer,8
what,8
cambridge,8
modern,7
could,7
those,7
point,7
far,7
sovereignty,7
well,7
settlement,7
nations,7
ed,7
so,7
need,7
wars,7
here,7
write,7
scottish,6
former,6
narrative,6
nor,6
out,6
part,6
when,6
many,6
caribbean,6
latter,6
can,6
relationship,6
case,6
seeley,6
terms,6
problem,6
imperial,6
oceanic,6
think,6
formation,6
themselves,6
either,5
historians,5
historiography,5
forum,5
america,5
possible,5
emigration,5
whose,5
his,5
how,5
means,5
origins,5
important,5
had,5
scotland,5
further,5
nation,5
sense,5
gould,5
about,5
thought,5
time,5
end,5
zealand,5
less,5
situated,5
eighteenth,5
region,5
isles,5
david,5
include,5
whether,5
enterprise,5
early,5
among,5
now,4
way,4
identity,4
jane,4
complex,4
enhance,4
might,4
within,4
existence,4
response,4
left,4
even,4
certain,4
too,4
age,4
entails,4
project,4
order,4
around,4
therefore,4
islands,4
included,4
present,4
pluralization,4
norms,4
perhaps,4
going,4
another,4
continue,4
often,4
problematic,4
then,4
peoples,4
set,4
over,4
continental,4
global,4
ahr,4
beginning,4
landsman,4
intention,4
subject,4
crisis,4
c,4
does,3
federation,3
essays,3
word,3
second,3
true,3
before,3
nineteenth,3
themes,3
england,3
ulster,3
together,3
desire,3
mind,3
richard,3
whatever,3
relationships,3
pursue,3
professor,3
moment,3
schwoerer,3
old,3
back,3
morrill,3
though,3
ways,3
contributions,3
understand,3
university,3
established,3
followed,3
constitution,3
my,3
rule,3
called,3
bradshaw,3
having,3
r,3
work,3
claim,3
concept,3
apparent,3
people,3
oceans,3
interacting,3
autonomy,3
monarchy,3
moved,3
will,3
he,3
wrote,3
exception,3
fighting,3
oxford,3
pacific,3
under,3
us,3
neither,3
acting,3
commonwealth,3
writing,3
also,3
french,3
mark,3
necessary,3
above,3
robertson,3
made,3
like,3
thomas,3
propose,3
asking,3
suggestion,3
perspectives,3
begin,3
independence,3
who,3
seventeenth,3
transformation,3
fall,3
itself,3
series,3
changing,3
each,3
scots,3
alexander,3
written,3
n,3
making,3
hoped,3
multiple,3
through,3
intended,3
question,3
national,3
samuel,3
enlightenment,3
triangle,2
deny,2
common,2
later,2
commentary,2
career,2
told,2
settlements,2
needed,2
breakup,2
belich,2
authority,2
bias,2
character,2
witherspoon,2
said,2
australia,2
long,2
parliamentary,2
ii,2
pluralist,2
shaped,2
great,2
government,2
religion,2
last,2
hostility,2
context,2
side,2
nairn,2
forthcoming,2
autonomous,2
east,2
eliga,2
jack,2
capable,2
misnamed,2
greene,2
say,2
exist,2
conflict,2
thus,2
auckland,2
such,2
since,2
against,2
constellation,2
clark,2
taint,2
slave,2
find,2
journal,2
unravelling,2
parity,2
interesting,2
york,2
act,2
rather,2
connected,2
strange,2
beddard,2
studies,2
antrim,2
characterizes,2
brendan,2
empires,2
tensions,2
histoty,2
revolutionaries,2
india,2
elsewhere,2
dominate,2
sheer,2
four,2
follow,2
beyond,2
conquest,2
result,2
societies,2
feingold,2
found,2
lived,2
monarchies,2
academic,2
europeanization,2
equally,2
pointing,2
wales,2
appears,2
viewed,2
cannot,2
however,2
none,2
contextualized,2
hoak,2
adamson,2
prominent,2
county,2
related,2
comment,2
used,2
during,2
place,2
emancipation,2
popular,2
plurality,2
historiographic,2
status,2
approach,2
contests,2
nicholls,2
change,2
least,2
esteem,2
uniting,2
suggest,2
involved,2
calling,2
redefinition,2
st,2
universities,2
necessity,2
value,2
subsequently,2
survived,2
south,2
led,2
likely,2
republic,2
various,2
unconscious,2
strategic,2
single,2
criticism,2
read,2
exceptionalism,2
ancient,2
culture,2
useful,2
power,2
subcontinent,2
death,2
slavery,2
conduct,2
gaelic,2
enlarging,2
resolved,2
patterns,2
adjacent,2
where,2
existing,2
establish,2
forth,2
eltonian,2
stoyle,2
imagine,2
stringer,2
recognizing,2
dominions,2
extended,2
wilderness,2
israel,2
including,2
louis,2
processes,2
lawrence,2
identical,2
nevertheless,2
significance,2
points,2
essay,2
peter,2
faces,2
him,2
earlier,2
especially,2
study,2
relation,2
begun,2
james,2
attention,2
convincingly,2
entail,2
today,2
note,2
inhabitants,2
sometimes,2
figure,2
transformed,2
imperialism,2
circumstance,2
volumes,2
centuries,2
face,2
cromwell,2
several,2
anglocentric,2
complexes,2
continues,2
extension,2
theme,2
know,2
control,2
cultures,2
different,2
expanding,2
setting,2
regard,2
ideological,2
very,2
raphael,2
merely,2
evident,2
william,2
affirm,2
lois,2
altogether,2
role,2
resistance,2
our,2
cornish,2
until,2
grant,2
course,2
define,2
d,2
canadian,2
peninsular,2
product,2
area,2
association,2
attending,2
treating,2
much,2
recent,2
should,2
doing,2
major,2
final,1
difficult,1
dale,1
done,1
autres,1
limits,1
convergence,1
stuart,1
concerned,1
europeans,1
legitimate,1
revolutionary,1
nationalities,1
e,1
magnetic,1
extends,1
plainly,1
germany,1
overland,1
center,1
obsolete,1
perpetuate,1
browning,1
elaborated,1
identify,1
catastrophe,1
renamed,1
continent,1
federal,1
peaks,1
di,1
loomed,1
tense,1
jonathan,1
rediscover,1
favor,1
nationalistic,1
decade,1
necessarily,1
mainland,1
presents,1
communion,1
impediments,1
tells,1
fashioning,1
bend,1
jotrnal,1
arguing,1
episcopalian,1
princeton,1
fearful,1
predominantly,1
reprinted,1
anything,1
else,1
explaining,1
stressed,1
constituting,1
revisited,1
flavor,1
joumrnal,1
entailed,1
restoration,1
possesses,1
populations,1
ourselves,1
episcopal,1
seems,1
nature,1
recolonize,1
words,1
parties,1
containing,1
prejudices,1
tradition,1
leading,1
down,1
suggesting,1
highland,1
unionist,1
display,1
differences,1
pessimism,1
achievement,1
follows,1
transferred,1
sometime,1
sovereigns,1
scheme,1
survey,1
take,1
concealment,1
listing,1
alignment,1
introduces,1
particularism,1
trouble,1
greatly,1
keith,1
consulting,1
dwarfing,1
grenville,1
welsh,1
vapid,1
subjugation,1
thoutght,1
system,1
akin,1
sound,1
sonderweg,1
remodeling,1
takes,1
mistrustful,1
anod,1
catching,1
key,1
capacity,1
enlarged,1
sought,1
u,1
draw,1
retain,1
reminder,1
vol,1
welcome,1
ball,1
joulrnal,1
recoil,1
lectiures,1
deformation,1
bibliography,1
obvious,1
terence,1
dutch,1
west,1
apart,1
conceptual,1
eliminating,1
establishment,1
revoltution,1
desirable,1
kan,1
redefining,1
establishes,1
himself,1
irrational,1
minimum,1
engage,1
metropolitans,1
pursuing,1
interestingly,1
exceptionalist,1
stillborn,1
strier,1
weakens,1
interactions,1
andrew,1
phase,1
pigmentations,1
introducer,1
erection,1
facts,1
development,1
run,1
arrested,1
coda,1
objective,1
targeted,1
realized,1
afterthought,1
reconstituting,1
modes,1
fromthough,1
relations,1
acta,1
club,1
coexistence,1
denote,1
convention,1
alison,1
pay,1
theaters,1
unwilling,1
kind,1
thing,1
cases,1
distinct,1
blame,1
immigrants,1
problematize,1
centerpieces,1
quebec,1
differently,1
modernity,1
africans,1
difficulty,1
inclusion,1
ellis,1
publications,1
irresistible,1
outset,1
theatres,1
tenants,1
sin,1
beat,1
look,1
envisage,1
leadership,1
occasion,1
jones,1
delivered,1
acknowledge,1
compromise,1
virtuous,1
error,1
cites,1
walls,1
higher,1
presbyterianism,1
civilization,1
inception,1
via,1
selfabolition,1
wishes,1
subordination,1
eurocratic,1
terminates,1
llandysul,1
sets,1
links,1
bring,1
mistrust,1
aimed,1
arising,1
happily,1
highlands,1
edward,1
anglican,1
heresy,1
lasting,1
opportunity,1
lasted,1
sarah,1
similar,1
importance,1
b,1
derived,1
k,1
reconstitution,1
uncentered,1
distant,1
imperialist,1
absorbed,1
moves,1
contestation,1
reason,1
modified,1
tomaz,1
maintaining,1
annihilate,1
operates,1
consider,1
familiar,1
argues,1
loyalists,1
section,1
driven,1
proposed,1
air,1
impact,1
mary,1
allude,1
vitality,1
reviewed,1
w,1
presumed,1
democratic,1
superior,1
breakdowns,1
emeritus,1
passed,1
traversal,1
wondering,1
linkage,1
derek,1
consequence,1
always,1
requires,1
terminology,1
recur,1
cutlture,1
founding,1
helped,1
sher,1
truer,1
trajectories,1
fluid,1
reflections,1
intelligibly,1
brockliss,1
whereas,1
detachable,1
closely,1
confederation,1
allow,1
route,1
entering,1
search,1
p,1
narrated,1
refutable,1
relating,1
objectives,1
changed,1
reply,1
shires,1
ocean,1
alleghenies,1
pass,1
events,1
zealanders,1
memorty,1
perpetuating,1
emotionally,1
compromised,1
polemics,1
respects,1
lent,1
irrefutability,1
late,1
traversed,1
intervening,1
shall,1
cultural,1
equal,1
focused,1
something,1
accordingly,1
province,1
afforded,1
population,1
suffered,1
applied,1
militias,1
anglocentricity,1
russell,1
placed,1
eye,1
xiv,1
feudal,1
refuge,1
absolute,1
taught,1
hopkins,1
autocentric,1
verbally,1
provincial,1
highlanders,1
globally,1
failure,1
shape,1
ricostruzione,1
pagans,1
gibbon,1
competent,1
injection,1
quasiautonomous,1
literature,1
emancipated,1
formerly,1
contexts,1
augsburg,1
preferred,1
distinguish,1
distinctively,1
heavily,1
purpose,1
annexation,1
calls,1
confined,1
crying,1
year,1
gave,1
begins,1
describe,1
island,1
laurence,1
flight,1
friend,1
limerick,1
winter,1
call,1
transported,1
forces,1
personal,1
cry,1
legislation,1
overseas,1
manage,1
stanford,1
cornwall,1
league,1
enhances,1
presbyterian,1
lips,1
minds,1
pollution,1
regions,1
uniqueness,1
subtle,1
creating,1
organized,1
continentally,1
field,1
allegiance,1
diminish,1
tom,1
seized,1
propounding,1
next,1
politically,1
catholic,1
scoundrel,1
quite,1
event,1
contingency,1
demotion,1
ignore,1
few,1
unless,1
concerns,1
republics,1
components,1
brought,1
homogenization,1
leader,1
manchester,1
research,1
climate,1
boundaries,1
diversified,1
coast,1
symposia,1
fully,1
up,1
inability,1
pursed,1
results,1
proper,1
wayhistorically,1
plausible,1
unduly,1
diminished,1
appropriate,1
protagonist,1
aggregate,1
settle,1
actions,1
discontents,1
questioning,1
gordon,1
jeffrey,1
smitten,1
periods,1
settlers,1
retreated,1
republican,1
obeying,1
sovereign,1
candid,1
indigenous,1
vestnik,1
demand,1
exeter,1
bringing,1
ensues,1
wary,1
action,1
short,1
indeed,1
stuidies,1
expansion,1
acknowledged,1
forward,1
macdonnell,1
lies,1
prove,1
community,1
reconstruction,1
make,1
hebrideans,1
experiences,1
indignation,1
premises,1
stedman,1
undefined,1
southern,1
put,1
illuminating,1
americano,1
once,1
simultaneous,1
yet,1
refusing,1
rubric,1
convolutions,1
marginal,1
alongside,1
perplexity,1
continuity,1
demolition,1
paradoxes,1
orange,1
termination,1
thesis,1
reconciliation,1
perceived,1
falls,1
transformations,1
light,1
complete,1
propounded,1
same,1
dialectical,1
locality,1
naval,1
planet,1
partly,1
indian,1
contestedly,1
belonging,1
narratives,1
alien,1
bidden,1
volunteers,1
speaking,1
rise,1
enterprises,1
published,1
declining,1
volume,1
mastnak,1
britannica,1
murdoch,1
name,1
law,1
valid,1
devon,1
nationalists,1
toward,1
again,1
appalled,1
conceived,1
ask,1
chaps,1
macerata,1
intellect,1
added,1
water,1
intending,1
barber,1
fact,1
twenty,1
terminating,1
unionism,1
stories,1
britons,1
proposal,1
wedded,1
agree,1
match,1
attempting,1
filozovski,1
insular,1
casualties,1
accession,1
doubt,1
considerable,1
charges,1
fashion,1
pattern,1
europeanisation,1
never,1
enough,1
hand,1
learn,1
threads,1
subordinating,1
otago,1
confrontation,1
recount,1
idol,1
practice,1
colony,1
laden,1
wartime,1
impero,1
gareth,1
number,1
deficit,1
polities,1
remained,1
valuably,1
years,1
sir,1
local,1
omnipotent,1
crown,1
understanding,1
mean,1
divided,1
dissimilar,1
link,1
skepticism,1
considering,1
easier,1
doomed,1
paragons,1
upon,1
randall,1
renders,1
slaves,1
schochet,1
tercentennial,1
trajectory,1
ethnocentricity,1
enormous,1
traversing,1
individuality,1
expand,1
concern,1
lecture,1
bears,1
skeptical,1
use,1
largely,1
operated,1
causes,1
englishspeaking,1
obsessed,1
engaged,1
nothing,1
prelude,1
nationalism,1
deployed,1
complicated,1
roberts,1
vii,1
excused,1
centralist,1
trade,1
open,1
imperium,1
clear,1
reassessing,1
gaidhealtachd,1
historic,1
reality,1
welcomed,1
language,1
lakes,1
dominated,1
held,1
arouse,1
divisions,1
allowed,1
period,1
inventing,1
unexamined,1
journeying,1
sovranitd,1
escaped,1
diasporas,1
played,1
serves,1
devise,1
shortly,1
renewal,1
connects,1
black,1
sally,1
lose,1
permitting,1
construct,1
exchange,1
falsified,1
behind,1
internal,1
nationality,1
outcomes,1
satisfy,1
trying,1
incapable,1
become,1
successors,1
sight,1
interpretations,1
gowan,1
mainly,1
deliberate,1
anderson,1
excluded,1
structure,1
looks,1
slightly,1
story,1
hume,1
parameters,1
ljublana,1
engagement,1
ago,1
la,1
anglophone,1
canterbury,1
mordechai,1
consists,1
speculate,1
negotiations,1
modification,1
me,1
belonged,1
africa,1
spelling,1
excepted,1
fairly,1
redefine,1
johns,1
five,1
vision,1
consent,1
plays,1
ideology,1
foggy,1
rpt,1
fewer,1
primarily,1
substitution,1
sensitive,1
directions,1
un,1
insist,1
seen,1
began,1
determination,1
enlist,1
thirteen,1
sequences,1
wilson,1
inadequate,1
rapidly,1
category,1
spanning,1
why,1
construction,1
analysis,1
conformed,1
hope,1
peripheries,1
kings,1
composed,1
enforced,1
exists,1
worlds,1
marquis,1
investigate,1
meant,1
considered,1
matters,1
claims,1
vulgarity,1
regularly,1
share,1
universes,1
thinking,1
gloriotus,1
ned,1
regiments,1
singular,1
growing,1
conclusion,1
tempting,1
europeanness,1
extensive,1
hirst,1
ever,1
known,1
barbarism,1
machiavellian,1
satisfactory,1
leninist,1
constructed,1
entry,1
proposes,1
borrow,1
disapproval,1
plea,1
offers,1
outcome,1
patriot,1
dimension,1
drogheda,1
vous,1
recurrence,1
guaranteed,1
sheep,1
steven,1
worth,1
jelica,1
dunbar,1
eastwood,1
accustomed,1
seem,1
gone,1
did,1
unknown,1
deprivation,1
curious,1
denoted,1
antipodean,1
half,1
intersected,1
returns,1
loyalty,1
counting,1
foundation,1
iii,1
particularly,1
florentine,1
exhibits,1
perfectly,1
polynesian,1
privileged,1
associations,1
identities,1
past,1
confederates,1
consciousness,1
conrad,1
oliver,1
better,1
tangle,1
namely,1
involvement,1
rebellion,1
calif,1
particular,1
metaphor,1
maintain,1
statement,1
edinburgh,1
philosophica,1
writes,1
extent,1
parliament,1
annexed,1
her,1
constitutional,1
rewrite,1
narratable,1
voice,1
proposing,1
emblematic,1
scenarios,1
suggests,1
phenomena,1
deconstructing,1
threat,1
categories,1
universe,1
middle,1
church,1
varieties,1
overworked,1
level,1
commerce,1
met,1
given,1
extending,1
revolutions,1
press,1
rendering,1
administration,1
step,1
sectional,1
substance,1
penny,1
unitary,1
colonial,1
phenomenon,1
indians,1
aims,1
clearances,1
aspect,1
discontented,1
reducible,1
dominant,1
false,1
whenever,1
moderate,1
shown,1
invisible,1
unable,1
entity,1
frontiers,1
covert,1
twentieth,1
numerous,1
washington,1
finally,1
accept,1
federalismo,1
chiefly,1
although,1
land,1
consumption,1
depart,1
davies,1
outlasts,1
unified,1
unfashionable,1
writer,1
disruption,1
attributes,1
effects,1
seeks,1
voluntary,1
philosophy,1
qutarterly,1
permeable,1
remains,1
repeat,1
speak,1
covenanters,1
coptract,1
archaic,1
respective,1
am,1
settler,1
specific,1
privileging,1
janus,1
removed,1
argyll,1
valuable,1
recounted,1
scholarship,1
era,1
partial,1
fears,1
valley,1
little,1
focus,1
images,1
ideologically,1
resist,1
virtue,1
successive,1
costly,1
