WORDCOUNTS,WEIGHT
the,1356
of,606
and,570
in,388
court,312
to,305
that,278
a,230
s,196
law,175
new,164
for,132
constitutional,128
as,122
political,110
it,106
was,103
had,98
deal,98
on,83
with,80
history,78
not,73
cushman,71
roberts,70
supreme,69
he,65
by,64
packing,62
is,61
hughes,60
legal,59
have,58
review,57
his,55
politics,50
friedman,49
judicial,49
see,48
american,47
were,46
white,45
an,45
at,44
we,44
more,43
but,42
from,42
which,41
leuchtenburg,41
i,40
or,39
u,38
its,38
justices,38
v,38
who,38
york,37
about,37
would,37
constitution,36
did,36
they,35
when,35
public,34
historians,34
other,32
their,32
state,31
justice,31
revolution,30
social,30
time,30
roosevelt,30
one,29
also,29
while,29
may,28
what,28
commerce,27
case,26
plan,26
science,26
than,25
act,25
because,25
lochner,24
there,24
behavior,24
during,24
so,24
election,23
this,23
change,23
clause,23
fdr,23
parrish,23
some,22
said,21
journal,21
majority,21
power,21
down,21
scientists,20
n,20
kalman,20
decision,20
been,20
even,19
william,19
jones,19
how,19
professors,19
courts,18
externalists,18
might,18
no,18
opinion,18
could,18
legislation,18
decisions,18
many,18
congress,18
like,18
after,18
over,18
be,18
most,17
work,17
laughlin,17
became,17
cases,16
jurisprudence,16
people,16
externalist,16
him,16
scholarship,16
although,16
between,16
early,16
way,15
before,15
are,15
those,15
internalist,15
such,15
liberal,15
view,15
scholars,15
making,15
gillman,15
national,15
charles,15
if,14
rethinking,14
has,14
edward,14
process,14
university,14
president,14
each,14
theory,14
chief,13
nebbia,13
all,13
government,13
interest,13
century,13
rights,13
reborn,13
difficulty,13
out,13
civil,13
us,13
only,13
mark,13
era,13
account,12
doctrinal,12
labor,12
g,12
progressive,12
graber,12
just,12
important,12
schubert,12
ackerman,12
yet,12
perhaps,12
david,12
why,12
liberalism,12
cambridge,12
course,12
chicago,12
schools,11
old,11
well,11
part,11
approach,11
lawyers,11
economic,11
ibid,11
another,11
made,11
frankfurter,11
lost,11
yale,11
any,11
reflected,11
both,11
maintained,11
our,11
tipaldo,11
debate,11
career,10
approaches,10
right,10
howard,10
thus,10
against,10
doctrine,10
strange,10
too,10
conservative,10
depression,10
interpretation,10
thought,10
fact,10
brown,10
ideology,10
wickard,10
michael,10
different,10
virginia,10
twentieth,10
crisis,10
realism,10
d,10
barry,10
evans,9
studies,9
great,9
robert,9
wage,9
taking,9
due,9
importance,9
reason,9
warren,9
age,9
my,9
internalists,9
world,9
pressure,9
murphy,9
choice,9
can,9
story,9
modernism,9
school,9
institutionalism,9
them,9
judges,9
should,9
judging,8
into,8
first,8
long,8
carter,8
minimum,8
amendment,8
relations,8
times,8
back,8
left,8
coal,8
four,8
changed,8
academic,8
focused,8
however,8
example,8
issues,8
won,8
legacy,8
indeed,8
adkins,8
bill,8
security,8
under,8
alton,8
private,8
three,8
continued,8
support,8
rosenberg,8
seriously,8
historical,8
activism,8
terms,8
despite,8
role,8
evidence,8
among,8
does,7
later,7
provisions,7
essays,7
federal,7
coalition,7
modern,7
countermajoritarian,7
upholding,7
context,7
america,7
richard,7
point,7
himself,7
explained,7
development,7
co,7
memorandum,7
van,7
rather,7
clayton,7
came,7
term,7
war,7
seemed,7
will,7
battle,7
critical,7
rehnquist,7
wrote,7
railroad,7
institutionalists,7
business,7
striking,7
regulation,7
do,7
devanter,7
period,7
darby,7
attention,7
analysis,7
butler,7
believe,7
according,7
whether,7
study,7
blaisdell,7
popular,7
through,7
until,7
argument,7
joined,7
jurisprudential,7
much,7
here,7
showed,7
revisionist,6
women,6
every,6
corwin,6
j,6
tushnet,6
reaction,6
say,6
liberals,6
along,6
introduction,6
upheld,6
since,6
without,6
votes,6
retirement,6
attack,6
interstate,6
insisting,6
pointing,6
conservatives,6
vote,6
broad,6
caused,6
insurance,6
still,6
once,6
makes,6
liberties,6
same,6
switch,6
two,6
challenge,6
others,6
end,6
doubt,6
pennsylvania,6
free,6
franklin,6
significance,6
afterward,6
explanation,6
nlrb,6
structure,6
relationship,6
interpretive,6
attitudinalism,6
meant,6
then,6
historian,6
struck,6
december,6
current,6
very,6
mass,6
living,6
little,6
discussion,6
years,6
instead,6
opinions,6
shift,6
c,6
lopez,5
true,5
position,5
occurred,5
princeton,5
sit,5
t,5
attempt,5
liberty,5
take,5
real,5
post,5
interdisciplinary,5
moment,5
poorly,5
benjamin,5
congressional,5
mccloskey,5
policy,5
progressives,5
m,5
legislative,5
rule,5
late,5
further,5
triumph,5
possibility,5
faire,5
taxing,5
observed,5
own,5
either,5
sense,5
politically,5
dealers,5
dramatic,5
protect,5
suddenly,5
provided,5
bringing,5
exile,5
make,5
movement,5
strategic,5
direction,5
criticism,5
switching,5
happened,5
ed,5
these,5
disciplinary,5
lack,5
idea,5
children,5
took,5
model,5
where,5
less,5
eds,5
original,5
demonstrated,5
judge,5
nevertheless,5
glendon,5
james,5
saw,5
institution,5
road,5
five,5
fear,5
life,5
class,5
united,5
hope,5
behavioralist,5
stephen,5
dissertation,5
danelski,5
changing,5
must,5
laissez,5
regime,5
branches,5
board,5
gone,5
themselves,5
inquiry,5
beginning,5
form,5
maintain,5
constitutionalism,5
conn,5
association,5
building,5
major,5
democracy,4
spaeth,4
created,4
announced,4
large,4
integrity,4
second,4
authority,4
majoritarian,4
january,4
unlike,4
cornell,4
something,4
strikes,4
consistent,4
originally,4
action,4
suggesting,4
mr,4
possible,4
treating,4
dirty,4
harold,4
central,4
collapse,4
surely,4
historically,4
nelson,4
columbia,4
y,4
consequently,4
apparently,4
general,4
acted,4
influence,4
whose,4
michigan,4
revisionists,4
adopted,4
bickel,4
enacted,4
emergency,4
gely,4
thomas,4
changes,4
days,4
argued,4
threat,4
show,4
origins,4
beyond,4
dahl,4
helped,4
strategy,4
hours,4
standards,4
arrival,4
big,4
understood,4
treat,4
unemployment,4
opposition,4
failure,4
future,4
industrial,4
actors,4
rise,4
haven,4
alan,4
announcement,4
least,4
correct,4
field,4
lawmaking,4
always,4
results,4
pritchett,4
society,4
opposed,4
unprecedented,4
rational,4
felix,4
democrats,4
e,4
book,4
again,4
pointed,4
smith,4
reform,4
institutionalist,4
progressivism,4
remained,4
understanding,4
spending,4
divided,4
previously,4
elite,4
harvard,4
caldeira,4
evolution,4
full,4
switched,4
distinction,4
outside,4
become,4
hughberts,4
concluded,4
education,4
george,4
sometimes,4
institutions,4
began,4
lawrence,4
transformation,4
itself,4
pressures,4
series,4
conclusion,4
charting,4
set,4
intellectual,4
ph,4
speech,4
ideological,4
research,4
uphold,4
game,4
economy,4
cause,4
particular,4
problem,4
generally,4
agreed,4
biography,4
spiller,4
spring,4
write,4
washington,4
states,4
remains,4
speak,4
maintaining,4
reached,4
uncertainty,4
given,4
final,3
difficult,3
dominant,3
deference,3
done,3
common,3
indicated,3
measures,3
group,3
center,3
join,3
rogers,3
draftsmanship,3
paper,3
reprinted,3
cast,3
explaining,3
stressed,3
creel,3
winning,3
ii,3
adopt,3
nature,3
engaged,3
ahr,3
together,3
reasons,3
timing,3
wade,3
kleinerman,3
cabining,3
daniel,3
papers,3
forthcoming,3
fortas,3
bottom,3
human,3
throughout,3
professor,3
attitudinal,3
decided,3
walter,3
turn,3
flurry,3
adjustment,3
self,3
bills,3
insisted,3
bring,3
completely,3
certain,3
unconstitutional,3
arbor,3
kans,3
understand,3
calif,3
consider,3
duke,3
impact,3
mary,3
bruce,3
invalidating,3
democratic,3
overrule,3
poor,3
willing,3
regulatory,3
union,3
gregory,3
hands,3
search,3
called,3
events,3
owen,3
though,3
reviews,3
gilded,3
explain,3
influenced,3
line,3
attitudinalists,3
data,3
used,3
schlesinger,3
adroit,3
discusses,3
apparent,3
positions,3
purcell,3
place,3
actually,3
shapiro,3
weeks,3
violated,3
published,3
creating,3
phrase,3
involved,3
small,3
consensus,3
few,3
powe,3
annual,3
moved,3
jeffrey,3
led,3
likely,3
production,3
ahistorical,3
exception,3
mainstream,3
coherence,3
included,3
home,3
planned,3
rightly,3
culture,3
acknowledging,3
mich,3
increasingly,3
paul,3
toward,3
death,3
academy,3
put,3
hollow,3
agree,3
larger,3
john,3
contemporary,3
away,3
external,3
men,3
klarman,3
ground,3
existing,3
celebrated,3
shown,3
controversy,3
day,3
break,3
reminds,3
launched,3
largely,3
segal,3
assume,3
maintains,3
versions,3
clear,3
language,3
essay,3
workers,3
try,3
held,3
individual,3
appointment,3
administrative,3
carson,3
presidential,3
never,3
especially,3
mcmahon,3
internal,3
article,3
constructing,3
ann,3
examine,3
probably,3
need,3
fiss,3
casey,3
today,3
transformations,3
novak,3
statutes,3
transformed,3
oddly,3
federalism,3
anxiety,3
length,3
often,3
existed,3
dead,3
table,3
get,3
appointments,3
considered,3
worried,3
version,3
devins,3
note,3
drew,3
bumpy,3
originalism,3
reversal,3
inclined,3
alexander,3
particularly,3
brinkley,3
obviously,3
sustaining,3
proved,3
february,3
governing,3
better,3
turned,3
discuss,3
cooley,3
externalism,3
agricultural,3
attitudes,3
statement,3
property,3
emphasis,3
far,3
introduced,3
regulate,3
alpheus,3
administration,3
conventional,3
focus,3
using,3
question,3
statute,3
ignored,3
sutherland,3
institutional,3
texas,3
followed,3
constructed,3
mccurdy,3
colleagues,3
campaign,3
rest,3
mason,3
pending,3
charged,3
create,3
views,3
roe,3
strong,3
recent,3
conception,3
close,3
literal,2
now,2
gerald,2
o,2
limits,2
invalidated,2
medieval,2
corporate,2
prize,2
bicentennial,2
concern,2
represent,2
taft,2
market,2
personnel,2
affected,2
pushed,2
struggled,2
legitimate,2
alone,2
concurrence,2
benedict,2
employees,2
sixties,2
reverence,2
approved,2
designed,2
stone,2
sudden,2
easily,2
struggle,2
conscious,2
weaker,2
farber,2
attorneys,2
laura,2
filburn,2
test,2
highlight,2
anti,2
highlighted,2
morton,2
undermine,2
alsop,2
davis,2
supposedly,2
exclusive,2
scientific,2
vols,2
address,2
face,2
pack,2
seems,2
words,2
georgia,2
company,2
possibilities,2
principles,2
twenty,2
neal,2
differences,2
narrative,2
confront,2
studied,2
closer,2
kyvig,2
characterizing,2
room,2
subsequent,2
help,2
embrace,2
rafael,2
last,2
keith,2
stayed,2
normal,2
hostile,2
lawmakers,2
voting,2
maveety,2
modernist,2
attacked,2
schechter,2
key,2
paved,2
sought,2
mckenna,2
crowd,2
restoring,2
georgetown,2
international,2
powers,2
obvious,2
whittington,2
projecting,2
waste,2
west,2
catledge,2
overruling,2
exposed,2
deformalization,2
dying,2
component,2
immediate,2
lochnerian,2
dominated,2
analyzing,2
machine,2
gun,2
jr,2
overt,2
polling,2
supremacy,2
overly,2
kind,2
exercise,2
elements,2
nor,2
constitutions,2
blame,2
rejecting,2
perspective,2
pablo,2
body,2
response,2
serving,2
extraordinary,2
ample,2
applying,2
witnessed,2
siegel,2
thin,2
compare,2
fighting,2
beat,2
leadership,2
generation,2
unfortunate,2
higher,2
failed,2
recognized,2
reagan,2
subjected,2
growth,2
ways,2
majorities,2
declaring,2
aggressive,2
vacancies,2
explicit,2
indirect,2
heard,2
earlier,2
quantitative,2
amending,2
leaves,2
republicans,2
biographer,2
insistence,2
cardozo,2
consultation,2
affect,2
wages,2
marks,2
les,2
entry,2
scale,2
organized,2
linked,2
articulated,2
desirability,2
carolina,2
additional,2
defeat,2
hover,2
requires,2
problems,2
yes,2
founding,2
opponents,2
greater,2
advance,2
whom,2
kennedy,2
sooner,2
blamed,2
quoted,2
fortunes,2
found,2
holding,2
effort,2
seven,2
austin,2
primacy,2
vigorous,2
experts,2
unions,2
parenthood,2
cultural,2
equal,2
durham,2
constitutionalizing,2
activist,2
leonard,2
tools,2
produced,2
jim,2
cannot,2
mayeri,2
excellent,2
constitutionality,2
intertwined,2
required,2
taught,2
voice,2
biographies,2
judiciary,2
philip,2
received,2
nine,2
claim,2
horwitz,2
nation,2
criticized,2
got,2
year,2
literature,2
freedom,2
older,2
policies,2
collective,2
beginnings,2
moments,2
structures,2
rebound,2
rowe,2
wheat,2
behavioralists,2
strongest,2
tone,2
solution,2
interpretivist,2
shaping,2
next,2
order,2
moratorium,2
quite,2
calling,2
contingency,2
revisited,2
june,2
choose,2
certainly,2
rabban,2
coast,2
up,2
disagreement,2
notice,2
notes,2
gordon,2
therefore,2
republic,2
myth,2
hegemony,2
taken,2
prophetic,2
short,2
expansion,2
corporation,2
brief,2
forward,2
relentlessly,2
april,2
prove,2
convince,2
reconstruction,2
judgment,2
harry,2
abe,2
intervention,2
pusey,2
collapsed,2
southern,2
ask,2
positive,2
frank,2
oxford,2
tulchin,2
meanwhile,2
interrelationship,2
read,2
continuity,2
challenged,2
neither,2
light,2
teaching,2
corp,2
wright,2
odds,2
noted,2
inference,2
chose,2
volume,2
members,2
fire,2
stronger,2
journey,2
addition,2
troubled,2
stories,2
fundamental,2
fidelities,2
departments,2
proposal,2
classical,2
reacted,2
contends,2
identical,2
discussed,2
forms,2
hand,2
besieged,2
risked,2
handed,2
non,2
foreword,2
spoke,2
practice,2
norms,2
shifts,2
number,2
obsession,2
casting,2
anticipate,2
fight,2
argues,2
local,2
independence,2
situated,2
success,2
birth,2
treated,2
upon,2
winners,2
defied,2
abridged,2
looking,2
entirely,2
virtually,2
affects,2
autobiographical,2
academics,2
poultry,2
questions,2
recovery,2
individuals,2
chosen,2
relegated,2
dismissed,2
complicated,2
arguably,2
charge,2
open,2
historic,2
favorite,2
profession,2
sustain,2
victory,2
counter,2
symposium,2
homes,2
function,2
hammer,2
played,2
ended,2
kramer,2
losing,2
martin,2
forbath,2
possess,2
latter,2
conclusions,2
somehow,2
delano,2
chapel,2
kicking,2
respond,2
effect,2
contracts,2
quarterly,2
achieve,2
regimes,2
separate,2
dudziak,2
discipline,2
suggest,2
progeny,2
backward,2
violation,2
holmes,2
interdependent,2
figure,2
chance,2
foreign,2
vision,2
bound,2
hill,2
celebration,2
hutchinson,2
means,2
jamie,2
lives,2
proposition,2
somersaulted,2
legitimacy,2
executive,2
urofsky,2
ing,2
drafted,2
extremely,2
sound,2
joseph,2
citation,2
serena,2
matters,2
addressed,2
claims,2
presidency,2
shadow,2
thinking,2
associated,2
elected,2
believed,2
grand,2
counterrevolution,2
bush,2
scrutiny,2
willingness,2
sciences,2
affirmative,2
unpersuasive,2
comparative,2
scientist,2
ignoring,2
autonomous,2
confident,2
seem,2
best,2
acts,2
else,2
regard,2
substance,2
report,2
written,2
differed,2
respect,2
person,2
unlikely,2
conservatism,2
reelection,2
kevin,2
reconcile,2
laying,2
want,2
protective,2
episode,2
suggests,2
radioactive,2
categories,2
middle,2
presented,2
conclude,2
resignation,2
convinced,2
subject,2
intended,2
disciplines,2
step,2
simply,2
exceeded,2
watchers,2
reconstruct,2
arguments,2
despised,2
come,2
ultimately,2
north,2
augured,2
finally,2
accept,2
antidemocratic,2
move,2
disagree,2
nonmajoritarian,2
involving,2
philosophy,2
neatest,2
climactic,2
offered,2
surrender,2
chambers,2
hotel,2
including,2
exclusively,2
traditional,2
re,2
broader,2
meeting,2
asked,2
increase,2
stunned,2
hypothesis,2
proposed,1
resolve,1
grasped,1
exhumation,1
ending,1
archives,1
testify,1
formulated,1
vilified,1
allegedly,1
faculties,1
stubbornly,1
deny,1
page,1
deter,1
residing,1
imagining,1
melvin,1
conflicting,1
masterfully,1
avoiding,1
anthony,1
meaning,1
responds,1
commentary,1
thieving,1
rubicon,1
immune,1
go,1
insulated,1
extend,1
strengthen,1
pierce,1
connection,1
methodologies,1
marian,1
ultimate,1
considerably,1
marginalized,1
brilliantly,1
sphere,1
crossing,1
caricatured,1
everybody,1
hearings,1
counters,1
mortgage,1
needed,1
speculated,1
complex,1
lobbying,1
perpetuate,1
envisioned,1
pederson,1
breakup,1
agency,1
larry,1
identify,1
informative,1
live,1
usefully,1
flowering,1
fray,1
interreacting,1
unanswered,1
additionally,1
sure,1
upheaval,1
fly,1
considerations,1
former,1
descriptive,1
flag,1
protection,1
cycles,1
resurgence,1
outmaneuvered,1
detested,1
predicting,1
laid,1
inequality,1
total,1
overturning,1
observing,1
discriminatory,1
criticizing,1
litigation,1
edu,1
arguing,1
eye,1
revision,1
variety,1
pioneers,1
pillar,1
lure,1
permitted,1
contexts,1
disputed,1
baker,1
credence,1
colliers,1
being,1
wistfully,1
anything,1
synonymous,1
defeated,1
justify,1
disputing,1
conforms,1
lobotomy,1
cries,1
electoral,1
wrong,1
lexington,1
commission,1
gallup,1
subscribed,1
posed,1
distinguishing,1
contemptuously,1
regulating,1
interests,1
greatness,1
balm,1
pummeled,1
handle,1
give,1
enforceable,1
cautiously,1
stoff,1
feeling,1
humans,1
expectation,1
articulate,1
promoting,1
emerged,1
ourselves,1
retreat,1
darren,1
extrapolating,1
experiments,1
altering,1
gary,1
memorial,1
dramatically,1
affirmed,1
resemblance,1
obsess,1
saves,1
knowing,1
capitalist,1
libertarianism,1
tradition,1
packed,1
paramount,1
advantage,1
uneasy,1
desire,1
tooth,1
farmers,1
happy,1
sarcastically,1
rich,1
normative,1
scholar,1
inherent,1
able,1
substantive,1
thurgood,1
generalizations,1
concludes,1
anyway,1
survey,1
invalidate,1
yearbook,1
farmer,1
mandate,1
dissents,1
fiske,1
reifying,1
strain,1
strength,1
devised,1
meantime,1
trouble,1
principal,1
geoffrey,1
advantages,1
reading,1
gienapp,1
unswayed,1
surveys,1
harlan,1
credibility,1
forerunner,1
lution,1
stopped,1
producing,1
marketed,1
followers,1
side,1
appreciate,1
con,1
inclusive,1
takes,1
underwent,1
depending,1
ascribed,1
existence,1
epstein,1
badly,1
ltd,1
stupefied,1
courtesy,1
derlining,1
albeit,1
pulled,1
ingeniously,1
task,1
capacity,1
thrown,1
vibrant,1
saying,1
hospital,1
draw,1
killed,1
march,1
twist,1
prescriptions,1
economics,1
thrice,1
shrill,1
backing,1
baum,1
postbehavioralist,1
football,1
prior,1
implies,1
determined,1
marked,1
glasses,1
authentic,1
player,1
stave,1
reaching,1
drive,1
establishing,1
storrs,1
functions,1
assn,1
bibliography,1
taxation,1
insight,1
worker,1
terence,1
biographers,1
calculated,1
forger,1
occurring,1
except,1
uses,1
establishment,1
exchanges,1
indicating,1
politician,1
laws,1
apply,1
anticipated,1
behavioralism,1
keeps,1
herman,1
spurred,1
lodestar,1
spots,1
feldman,1
letter,1
undergone,1
prevented,1
engage,1
warfare,1
utility,1
usurping,1
realizing,1
interestingly,1
revolt,1
expanded,1
mid,1
eschewing,1
manuscript,1
segregation,1
conflict,1
substitut,1
includes,1
denying,1
responded,1
reclaim,1
interdisciplinarity,1
accuracy,1
famously,1
facts,1
roger,1
dynamics,1
inner,1
kingman,1
reject,1
points,1
seventy,1
aha,1
bent,1
vacancy,1
contentions,1
realized,1
assumes,1
crowed,1
unpublished,1
silent,1
police,1
agent,1
corner,1
condemnation,1
told,1
intact,1
lectures,1
forgotten,1
authoritative,1
regarded,1
reproduced,1
portray,1
santa,1
sympathized,1
bone,1
ess,1
barnett,1
application,1
polemics,1
faulted,1
postrevisionist,1
dubbed,1
insofar,1
expected,1
pdf,1
unwilling,1
senate,1
affairs,1
davidson,1
leading,1
schoolboys,1
plausibility,1
tape,1
sibling,1
leff,1
poked,1
squandered,1
document,1
depend,1
bloody,1
differently,1
inspirational,1
ithaca,1
veil,1
determination,1
six,1
bemoaned,1
abortion,1
thickens,1
defeating,1
output,1
extrapolate,1
emphases,1
cohen,1
third,1
bag,1
employers,1
price,1
rendezvous,1
find,1
died,1
formulate,1
rosen,1
explore,1
flip,1
drawn,1
obscure,1
look,1
corrected,1
practically,1
critique,1
poured,1
details,1
colleague,1
deeply,1
brody,1
discovering,1
valuable,1
savage,1
hardly,1
conceded,1
progressed,1
word,1
compromise,1
scholarly,1
celebrating,1
let,1
chronicle,1
ronen,1
industries,1
remind,1
alabama,1
defending,1
unregulated,1
employ,1
drained,1
cherished,1
underscores,1
behave,1
wounds,1
somersault,1
sweeping,1
simultaneously,1
topic,1
winner,1
alleged,1
avoids,1
manipulated,1
americans,1
dangerously,1
shamir,1
reflects,1
ariens,1
acid,1
flop,1
links,1
l,1
aimed,1
bipartisan,1
predictably,1
generations,1
essence,1
compatible,1
activists,1
district,1
stop,1
remain,1
smoking,1
maximize,1
sort,1
semoneche,1
mcreynolds,1
notion,1
highway,1
mean,1
knew,1
christine,1
players,1
politicians,1
represented,1
signaled,1
suffer,1
permanent,1
opportunity,1
populism,1
bias,1
embarking,1
risk,1
anyone,1
colin,1
lasted,1
eight,1
locations,1
thing,1
grew,1
reclaiming,1
coke,1
puzzle,1
reprinting,1
direct,1
electorate,1
ix,1
assuming,1
institutionalized,1
salvation,1
empowered,1
danger,1
crusade,1
echoed,1
rules,1
lawyer,1
list,1
overlooked,1
consequences,1
polite,1
attached,1
matured,1
karen,1
consistency,1
brewster,1
replete,1
indispensable,1
reinterpretation,1
antagonism,1
soul,1
rising,1
pernicious,1
solutions,1
branded,1
puncture,1
remarks,1
presidents,1
developments,1
bad,1
mission,1
wanted,1
servants,1
charges,1
conceptualization,1
dichotomy,1
consumed,1
intellectually,1
leuctenburg,1
kammen,1
emergence,1
aura,1
presumably,1
idiosyncrasy,1
sum,1
elsewhere,1
director,1
ideologies,1
flames,1
air,1
dominate,1
shaking,1
welfare,1
weak,1
corley,1
haunt,1
ignorance,1
decide,1
prevent,1
solid,1
communities,1
mainstreamers,1
hoped,1
fashioned,1
tort,1
ginsburg,1
follow,1
overrated,1
shorthand,1
undertaken,1
bancroft,1
willard,1
labels,1
evaluation,1
putting,1
intrastate,1
dumpster,1
conditional,1
asks,1
acceptant,1
shifted,1
odd,1
dooley,1
reprisals,1
erroneous,1
projected,1
appeals,1
outcomes,1
preference,1
suggested,1
trained,1
participated,1
duel,1
drawing,1
footnote,1
advocated,1
heyrman,1
hot,1
fluid,1
withdraw,1
spillenger,1
causation,1
declarations,1
officials,1
impede,1
result,1
buzzword,1
closely,1
remembered,1
based,1
acceptable,1
rebutting,1
sociological,1
http,1
aftermath,1
walk,1
concentration,1
agenda,1
carmichael,1
harder,1
capitulated,1
entered,1
demise,1
skowronek,1
closeted,1
naturalism,1
access,1
p,1
ambiguity,1
hailing,1
embracing,1
wrongly,1
issue,1
bakers,1
saluting,1
detracted,1
pass,1
criticisms,1
disingenuous,1
missteps,1
prudently,1
noting,1
luxury,1
emerge,1
henretta,1
scheiber,1
nail,1
initial,1
reactionary,1
employee,1
base,1
disruptive,1
respectfully,1
lent,1
historicity,1
remedy,1
pure,1
outset,1
unless,1
blow,1
chortling,1
block,1
hitler,1
skilled,1
bore,1
appears,1
viewed,1
recently,1
persons,1
obsolescent,1
sovereignty,1
younger,1
groundwork,1
grounds,1
wealth,1
record,1
hypothetical,1
perform,1
confirmation,1
approached,1
conferences,1
revived,1
drain,1
corners,1
fundamentalism,1
randy,1
unraveled,1
kersh,1
potshots,1
impression,1
memory,1
eisenhower,1
receive,1
aspects,1
undermined,1
shape,1
watershed,1
almost,1
products,1
legislate,1
parable,1
having,1
participation,1
kreplach,1
traditionalist,1
trial,1
basis,1
allowing,1
reinterpreting,1
douglas,1
scope,1
responding,1
luncheon,1
anachronistically,1
ideal,1
evo,1
skeins,1
overturn,1
kabaservice,1
r,1
coping,1
concept,1
significantly,1
brought,1
rat,1
fared,1
gay,1
criteria,1
reduction,1
transcended,1
routinely,1
feared,1
ten,1
neutrality,1
reminded,1
optimists,1
overview,1
bryant,1
gave,1
reasoned,1
tale,1
describe,1
consistently,1
discussions,1
grownups,1
overtly,1
inherited,1
expansive,1
keep,1
relevance,1
unrestricted,1
constitutionalized,1
passageway,1
runs,1
williams,1
winter,1
tentatively,1
announcing,1
revisioning,1
querying,1
call,1
holdover,1
forces,1
swift,1
nazi,1
focuses,1
employed,1
cat,1
sustains,1
endorsed,1
manage,1
indianapolis,1
status,1
horsemen,1
appointees,1
holy,1
attributed,1
redistribution,1
circumstantial,1
eccentric,1
exaggerates,1
thread,1
deferrals,1
dialogues,1
subtle,1
arkansas,1
viewing,1
cognizance,1
mantra,1
causal,1
good,1
running,1
mahoney,1
steward,1
pluralism,1
robertses,1
giant,1
successful,1
level,1
fulfilled,1
working,1
below,1
overreaching,1
uneasiness,1
lowest,1
overstepped,1
things,1
wished,1
individualism,1
coach,1
tested,1
holes,1
indicators,1
guardians,1
dissatisfaction,1
unbearable,1
fury,1
foist,1
cope,1
precedents,1
pinned,1
gerhardt,1
synthesized,1
gestation,1
merlo,1
settlement,1
admired,1
loan,1
arbitrary,1
atmosphere,1
specifically,1
explicitly,1
transformative,1
sole,1
goldstein,1
several,1
sodomy,1
code,1
balloon,1
proximate,1
wider,1
legitimize,1
breaking,1
trusts,1
blunt,1
transparently,1
characterization,1
boundaries,1
clyde,1
implausible,1
carrier,1
impossible,1
delegated,1
hindrance,1
dedicated,1
maine,1
managed,1
richness,1
inability,1
progress,1
milestones,1
maxwell,1
comfort,1
wife,1
brewing,1
paid,1
correspondence,1
plausible,1
structured,1
value,1
newly,1
ghost,1
grateful,1
untested,1
rodgers,1
frontal,1
evoked,1
settle,1
actions,1
questioning,1
reducing,1
objected,1
champion,1
pope,1
nations,1
subsequently,1
survived,1
barbara,1
transforming,1
tea,1
threatened,1
happen,1
republican,1
judicially,1
demand,1
forever,1
implications,1
advocate,1
crow,1
matter,1
holds,1
nonetheless,1
unaffected,1
practices,1
protecting,1
contended,1
unrealistic,1
contingent,1
pringle,1
buttress,1
identified,1
britain,1
docket,1
infamous,1
synthesis,1
knight,1
loyal,1
irony,1
return,1
unelected,1
onward,1
acknowledged,1
classic,1
nearly,1
interdependence,1
griswold,1
constraints,1
mounting,1
prism,1
whatever,1
bloc,1
levinson,1
echoing,1
landed,1
sponsored,1
standing,1
uninfluenced,1
initially,1
backdrop,1
dagenhart,1
appearance,1
shipped,1
seemingly,1
suppose,1
hold,1
tends,1
authenticity,1
spectacular,1
permanently,1
powerfully,1
antonin,1
label,1
argumentation,1
spoken,1
violate,1
contributing,1
ining,1
pursuant,1
morehead,1
stalled,1
relied,1
wishes,1
elaboration,1
lifting,1
violence,1
fair,1
rulings,1
examined,1
tremendous,1
pp,1
federalist,1
marginal,1
advanced,1
soon,1
lyndon,1
entrenching,1
elmer,1
fifth,1
inspiration,1
nancy,1
b,1
tangled,1
signaling,1
classroom,1
thesis,1
recruited,1
denounced,1
underestimate,1
lapscaldeira,1
marshall,1
processing,1
tax,1
participants,1
lone,1
clothing,1
symptom,1
complete,1
footnoted,1
ky,1
dropped,1
mysterious,1
essentialist,1
tellectual,1
experimental,1
inferences,1
popularized,1
historiography,1
responsive,1
orren,1
reply,1
already,1
wisconsin,1
provocative,1
ratify,1
department,1
unusually,1
dispute,1
disagreed,1
vermont,1
speaking,1
bar,1
operations,1
regional,1
debtors,1
lumberyard,1
payments,1
avoided,1
fill,1
fix,1
persuasive,1
caved,1
party,1
diary,1
resolution,1
wiecek,1
resistance,1
critiques,1
name,1
successfully,1
aspect,1
kagan,1
attacks,1
temporarily,1
strike,1
turner,1
pronoun,1
mattered,1
preferences,1
dictatorship,1
rejects,1
mindedness,1
rel,1
resolving,1
lovell,1
garth,1
release,1
looked,1
usefulness,1
equating,1
conformity,1
populists,1
longer,1
culprit,1
messner,1
breakfast,1
treatment,1
preserve,1
xii,1
ghetto,1
cumulative,1
tolerate,1
minnesota,1
sleep,1
creative,1
appeared,1
ought,1
entitlements,1
disliked,1
germans,1
really,1
practical,1
understandable,1
scrooge,1
demonstrating,1
reaffirmed,1
emphatically,1
debates,1
fetishized,1
everything,1
overwhelmingly,1
seize,1
arthur,1
substantially,1
considerable,1
fashion,1
timeliness,1
man,1
thermidor,1
observes,1
pulp,1
neglected,1
simple,1
rebuke,1
rough,1
maker,1
bargaining,1
armonk,1
enactment,1
readers,1
enough,1
leviathan,1
heart,1
equality,1
journalists,1
ironically,1
correctable,1
disaffection,1
metaphors,1
continuing,1
developing,1
demonized,1
empire,1
aiming,1
unclear,1
vulnerable,1
answer,1
strategies,1
sloppy,1
strategist,1
necessary,1
maturity,1
colony,1
scalia,1
subfield,1
contention,1
cautioning,1
lean,1
confession,1
sec,1
books,1
governance,1
hamilton,1
showcased,1
impoverished,1
style,1
inconsistency,1
coined,1
nlra,1
kersch,1
lauded,1
phil,1
alarmed,1
sledding,1
antibehavioralist,1
interpreting,1
constrains,1
landslide,1
imagine,1
becomes,1
recognizing,1
interrelated,1
frickey,1
predictive,1
gillon,1
meaningful,1
ournalists,1
oil,1
wilderness,1
subjectivity,1
contending,1
dipped,1
discovery,1
completed,1
hamiltonian,1
values,1
speculates,1
limitations,1
onto,1
challenging,1
rediscovery,1
vexed,1
unionization,1
coffin,1
onslaught,1
ruling,1
blum,1
minds,1
wonder,1
reburial,1
host,1
empirical,1
wis,1
arm,1
lecture,1
outliers,1
significant,1
forgot,1
use,1
food,1
clerking,1
unfortunately,1
hypotheses,1
revising,1
persisted,1
confrontational,1
assumption,1
fourteenth,1
landmarks,1
factor,1
aside,1
domination,1
curb,1
inflicted,1
bitter,1
launching,1
welding,1
hour,1
reviled,1
unanimity,1
nothing,1
adaptivity,1
stay,1
branch,1
redistributive,1
tactic,1
encapsulate,1
previous,1
hardened,1
theories,1
dating,1
contribution,1
theoretical,1
ex,1
discontinuities,1
described,1
stung,1
rumors,1
reevaluated,1
iconic,1
futile,1
prices,1
jimmy,1
meanings,1
discovered,1
reality,1
aware,1
stress,1
comprehensive,1
talk,1
publication,1
express,1
modernization,1
accounted,1
logic,1
evils,1
august,1
preceded,1
anachronistic,1
someone,1
characterized,1
claremont,1
revised,1
fellow,1
reformers,1
summer,1
collected,1
obtained,1
inquiring,1
counted,1
devise,1
kept,1
statutory,1
interacted,1
tex,1
black,1
standard,1
inattentive,1
accused,1
exchange,1
promotion,1
hatching,1
invincibility,1
favored,1
retire,1
arena,1
realist,1
commentators,1
systems,1
prohibiting,1
lobbing,1
textbooks,1
realm,1
indicator,1
reads,1
editors,1
relation,1
epistemology,1
declare,1
tactics,1
yankees,1
appoint,1
heighten,1
epp,1
learn,1
patterson,1
concluding,1
offensive,1
seeking,1
capitalism,1
residue,1
ate,1
astonishing,1
parameters,1
kens,1
helvering,1
trendy,1
pepper,1
infidelity,1
tendency,1
relative,1
joint,1
sugar,1
anomaly,1
sandra,1
outright,1
creativity,1
propose,1
emory,1
secret,1
actor,1
busy,1
splintering,1
hollingsworth,1
limiting,1
institutionalisms,1
farm,1
wustl,1
carried,1
fifty,1
panel,1
ambiguous,1
depressed,1
desegregation,1
rejected,1
circle,1
shattered,1
proc,1
initiator,1
belonged,1
astonished,1
fairly,1
provide,1
stearns,1
legalism,1
crucial,1
variously,1
muted,1
plays,1
claimed,1
program,1
fully,1
guffey,1
reasonable,1
watergate,1
handing,1
presumption,1
vertical,1
lines,1
wing,1
bare,1
widespread,1
primarily,1
nexus,1
revisionism,1
disagreements,1
accepted,1
directions,1
un,1
seen,1
detailed,1
scrutinizing,1
bears,1
worse,1
embodying,1
effectively,1
credited,1
deflected,1
pens,1
lucas,1
anxious,1
dietrich,1
utterly,1
crosscutting,1
articles,1
fusing,1
settled,1
successor,1
inspired,1
remolded,1
sharp,1
implementing,1
lowered,1
kill,1
low,1
surprising,1
spark,1
composed,1
months,1
ebb,1
emerging,1
reconcilable,1
canada,1
worlds,1
rationalize,1
surrendering,1
fought,1
pay,1
around,1
fruehauf,1
sara,1
bench,1
souter,1
thick,1
unpacking,1
shaw,1
environment,1
dislikes,1
praise,1
exercised,1
fifteen,1
blocked,1
offshoots,1
defensiveness,1
littleton,1
breach,1
forum,1
reviewing,1
lessons,1
fundamentality,1
comes,1
sidelines,1
intensification,1
embarrassment,1
keck,1
forget,1
detachment,1
regulated,1
trailer,1
steel,1
officially,1
fidence,1
pace,1
implied,1
reignited,1
founders,1
framers,1
ignore,1
supported,1
explicate,1
disapproval,1
elevates,1
bernstein,1
plea,1
blindness,1
alternative,1
print,1
know,1
outcome,1
berkeley,1
exploded,1
mutually,1
rueschemeyer,1
control,1
unconstitutionally,1
hoover,1
guaranteed,1
henry,1
publicly,1
disinterested,1
steven,1
india,1
ross,1
legitimated,1
save,1
interested,1
adjudication,1
westport,1
marginalization,1
sloan,1
argue,1
disappointment,1
jurisprudentially,1
returns,1
beard,1
feed,1
eventually,1
foundation,1
insecure,1
milk,1
alternatively,1
stretching,1
job,1
skirmish,1
mcdonald,1
goods,1
exhausting,1
benefit,1
useless,1
examining,1
section,1
distinctive,1
past,1
alluded,1
passage,1
conrad,1
sarat,1
indeterminate,1
caricature,1
advances,1
elites,1
justiceship,1
centerpieces,1
purported,1
specter,1
tenth,1
regulations,1
drop,1
thanked,1
crediting,1
reaffirmation,1
avoidance,1
purchase,1
recession,1
answered,1
communicate,1
objectivity,1
reverberations,1
investigation,1
reign,1
combined,1
unique,1
implicit,1
overcrowded,1
accounts,1
maryland,1
quote,1
marquette,1
thirty,1
add,1
textbook,1
reiterated,1
disposing,1
writes,1
extent,1
unwise,1
succumb,1
filibuster,1
harmonizing,1
occasions,1
cincinnati,1
foundations,1
mandated,1
w,1
divide,1
dark,1
awarded,1
heroically,1
proposing,1
huge,1
precedent,1
psychology,1
phenomena,1
misunderstood,1
circuit,1
gutted,1
yth,1
library,1
port,1
universe,1
unreasonable,1
arbiter,1
vitiated,1
hurst,1
presume,1
adopts,1
amazed,1
boston,1
xvi,1
remember,1
occasionally,1
unsophisticated,1
merelman,1
ohio,1
decisive,1
marketing,1
joining,1
courses,1
press,1
november,1
easy,1
ken,1
predecessors,1
turns,1
rash,1
went,1
rochester,1
kurland,1
acknowledges,1
lesson,1
manufacturing,1
inaccurately,1
ever,1
aims,1
definitions,1
writing,1
delving,1
harrison,1
voyage,1
coming,1
leap,1
complaints,1
chorus,1
impatience,1
false,1
intent,1
cautioned,1
devoted,1
models,1
unable,1
reapportionment,1
authorized,1
disposal,1
disarray,1
exigency,1
amendments,1
dazzling,1
finding,1
rude,1
oah,1
october,1
steam,1
internally,1
grant,1
balked,1
newsletter,1
decisional,1
doomed,1
dangerous,1
contributed,1
offer,1
employer,1
bedtime,1
include,1
typically,1
destinies,1
define,1
unpopularity,1
mandates,1
green,1
irrefutable,1
managing,1
product,1
unfashionable,1
doctrinally,1
constraining,1
col,1
nominee,1
centrality,1
harbored,1
defined,1
off,1
lytle,1
battleground,1
measured,1
madison,1
tags,1
requesting,1
diss,1
am,1
mobilized,1
dissent,1
waiting,1
privileging,1
modeling,1
reconsidering,1
invited,1
haines,1
buffalo,1
clarify,1
sanford,1
exhaustive,1
mystery,1
truncated,1
rejection,1
johnson,1
skeptically,1
irrelevant,1
reconsideration,1
abroad,1
northwestern,1
persuaded,1
participant,1
abandoned,1
pair,1
comparable,1
xxv,1
zones,1
sustained,1
cross,1
connor,1
conversations,1
tendentious,1
delayed,1
race,1
tragic,1
bury,1
occur,1
mussolini,1
perception,1
willis,1
deeper,1
cooperating,1
lizabeth,1
faction,1
