WORDCOUNTS,WEIGHT
the,1118
of,751
and,526
to,450
in,446
a,288
s,217
that,215
as,170
by,150
her,136
for,124
was,122
this,122
it,110
mary,109
elizabeth,105
english,96
with,93
his,88
from,74
i,70
not,69
be,69
is,62
protestant,61
england,56
queen,56
political,53
see,53
but,52
on,51
have,51
he,48
an,48
their,47
they,46
john,46
at,45
would,45
blood,44
had,43
moray,43
scotland,41
or,40
james,40
scottish,39
two,36
early,36
both,36
one,35
gender,35
woman,35
succession,34
god,34
religion,34
male,34
between,34
king,33
marriage,33
end,33
thomas,33
earl,32
were,32
british,31
historical,31
its,30
which,30
american,29
all,29
start,29
review,28
june,28
men,28
through,28
these,27
she,27
cecil,26
london,26
r,25
history,24
against,24
norfolk,24
who,24
councilors,24
reformation,24
true,23
even,23
scots,22
queens,22
norton,22
did,22
church,22
bull,21
after,21
because,21
female,21
been,21
national,21
if,20
also,20
man,20
crown,20
we,20
buchanan,20
nationalism,19
state,19
century,19
more,19
mclaren,19
new,19
sir,19
status,19
so,19
order,19
foxe,19
rule,18
when,18
time,18
anne,18
william,18
fol,18
into,17
might,17
right,17
no,17
nation,17
vi,17
politics,16
n,16
own,16
only,16
godly,16
him,16
written,16
husband,16
claims,16
are,16
what,16
modern,15
t,15
henry,15
how,15
could,15
throne,15
ed,15
identity,15
modem,15
over,15
reign,15
cambridge,15
made,15
first,14
thus,14
most,14
union,14
good,14
catholic,14
j,14
scot,14
v,14
englishmen,14
figure,14
elizabethan,14
e,13
royal,13
knox,13
sixteenth,13
such,13
than,13
realm,13
discourse,13
up,13
conviction,13
campaign,13
secure,13
papal,13
among,13
should,13
now,12
title,12
book,12
great,12
out,12
csp,12
thought,12
christ,12
match,12
throckmorton,12
edition,12
terms,12
our,12
o,11
authority,11
some,11
late,11
seventeenth,11
churches,11
like,11
means,11
monuments,11
ideological,11
very,11
son,11
must,11
evidence,11
nicholas,10
women,10
hence,10
case,10
has,10
apocalyptic,10
point,10
letter,10
may,10
privy,10
isle,10
mother,10
esp,10
protestantism,10
claim,10
pope,10
power,10
wrote,10
bale,10
yet,10
culture,10
lord,10
law,10
natural,10
particular,10
problem,10
here,10
legitimate,9
nature,9
last,9
de,9
act,9
rather,9
image,9
duke,9
important,9
my,9
well,9
lords,9
during,9
change,9
oxford,9
under,9
death,9
another,9
virgin,9
catholicism,9
other,9
george,9
maternity,9
version,9
role,9
false,9
years,9
deposition,9
given,9
before,8
there,8
move,8
fols,8
central,8
assassination,8
view,8
example,8
realms,8
f,8
indeed,8
still,8
reference,8
same,8
touching,8
upon,8
use,8
period,8
earlier,8
become,8
masculine,8
wilson,8
any,8
works,8
them,8
treatises,8
themselves,8
c,8
way,7
stuart,7
ways,7
majesty,7
europe,7
detectioun,7
those,7
young,7
library,7
threat,7
powerful,7
confessional,7
monarch,7
kingship,7
amity,7
shall,7
produced,7
however,7
hath,7
line,7
project,7
least,7
allegiance,7
acts,7
will,7
identified,7
published,7
viii,7
do,7
where,7
described,7
defense,7
can,7
life,7
loyalty,7
person,7
world,7
father,7
until,7
much,7
since,6
common,6
meaning,6
position,6
desire,6
reading,6
context,6
pretended,6
misogyny,6
journal,6
without,6
identification,6
signaled,6
queenship,6
consequences,6
leicester,6
lust,6
m,6
treason,6
spiritual,6
marie,6
work,6
part,6
actually,6
tudor,6
militant,6
posed,6
provided,6
matter,6
letters,6
return,6
july,6
sex,6
reports,6
l,6
inevitably,6
contemporary,6
question,6
never,6
model,6
renaissance,6
congregation,6
lady,6
especially,6
effect,6
attention,6
establish,6
legitimist,6
then,6
different,6
regard,6
form,6
rebellion,6
character,6
w,6
dangerous,6
difficult,5
page,5
prince,5
murder,5
h,5
chastity,5
being,5
specifically,5
words,5
clothed,5
government,5
hackett,5
committed,5
within,5
papers,5
issue,5
key,5
sought,5
sexual,5
mceachern,5
vol,5
married,5
immediate,5
g,5
author,5
conducted,5
nor,5
response,5
monarchical,5
guardian,5
find,5
sun,5
whose,5
influential,5
catholics,5
b,5
certain,5
revelation,5
represented,5
pateman,5
argued,5
stewart,5
zealous,5
iconography,5
came,5
whom,5
p,5
attack,5
changed,5
shared,5
equally,5
persons,5
grounds,5
opposition,5
literature,5
either,5
family,5
marry,5
monarchy,5
threatened,5
play,5
religious,5
about,5
makes,5
earls,5
polemic,5
conceived,5
many,5
pasiphae,5
hand,5
execution,5
less,5
eds,5
entitlement,5
day,5
remained,5
birth,5
writings,5
pamphlets,5
language,5
august,5
article,5
promote,5
genesis,5
european,5
relationship,5
born,5
france,5
papists,5
why,5
united,5
material,5
regime,5
country,5
nobility,5
december,5
identities,5
better,5
darnley,5
whether,5
add,5
theory,5
imperial,5
presented,5
became,5
come,5
produce,5
shown,5
typology,5
association,5
cousin,5
virtue,5
casket,5
proposed,4
done,4
herself,4
conjoined,4
commitment,4
career,4
revolutionary,4
announced,4
weiner,4
uniting,4
said,4
vols,4
attempt,4
seems,4
jezebel,4
deposed,4
take,4
foolish,4
account,4
tyranny,4
copie,4
himself,4
human,4
moment,4
gendered,4
old,4
body,4
quene,4
dates,4
untemperable,4
aiii,4
though,4
bothwell,4
rights,4
alleged,4
possession,4
conceptions,4
eight,4
studies,4
study,4
enabled,4
university,4
consider,4
maiden,4
latin,4
actes,4
consequence,4
faced,4
boehrer,4
honour,4
further,4
concept,4
brought,4
used,4
virginity,4
resort,4
rage,4
strengthened,4
sic,4
gud,4
shaping,4
appended,4
relating,4
event,4
parliament,4
therefore,4
second,4
above,4
make,4
innovation,4
effectually,4
depicted,4
included,4
stc,4
inheritance,4
french,4
seduced,4
challenge,4
again,4
smith,4
fact,4
nationhood,4
fundamental,4
devil,4
heart,4
present,4
ground,4
necessary,4
original,4
discussion,4
including,4
kingdom,4
continue,4
biblical,4
margaret,4
publication,4
points,4
christopher,4
allowed,4
concluded,4
justice,4
me,4
virile,4
selections,4
leslie,4
seen,4
fortescue,4
poetics,4
hope,4
itself,4
judge,4
meant,4
associated,4
conclusion,4
conjunction,4
circumstances,4
simply,4
forwarded,4
hearts,4
quenis,4
set,4
historians,4
best,4
skinner,4
aston,4
privileged,4
want,4
edinburgh,4
elect,4
middle,4
despite,4
stevenson,4
rebels,4
argument,4
joined,4
printed,4
defined,4
shift,4
virginal,4
ascendancy,4
carole,4
debate,4
matrimony,4
hooke,4
does,3
child,3
later,3
estate,3
contrast,3
effected,3
truth,3
regent,3
extend,3
inferior,3
loades,3
introduction,3
told,3
significant,3
denied,3
join,3
asserted,3
rt,3
largely,3
unnatural,3
princeton,3
claire,3
practices,3
passion,3
every,3
labor,3
hanley,3
certainly,3
ii,3
worked,3
hatred,3
definition,3
societies,3
explores,3
parameters,3
moreover,3
narrative,3
thanks,3
illegitimacy,3
ambition,3
raised,3
mildmay,3
possible,3
establishing,3
election,3
october,3
richard,3
fine,3
say,3
ideologically,3
collection,3
succeed,3
throughout,3
nullify,3
disorder,3
tyrannical,3
inevitable,3
helen,3
hierarchy,3
relations,3
application,3
restore,3
convention,3
supremacy,3
z,3
kind,3
exercise,3
clark,3
taint,3
convincing,3
back,3
ane,3
kinship,3
witnessed,3
mistress,3
y,3
marital,3
vile,3
fellow,3
understood,3
delivered,3
detectio,3
brethren,3
love,3
maisse,3
adopted,3
sarah,3
danger,3
exceptional,3
understand,3
utterly,3
established,3
descent,3
preserved,3
quoted,3
invalidating,3
age,3
additional,3
beyond,3
melville,3
hereafter,3
instance,3
lethington,3
strategy,3
quentin,3
bl,3
future,3
found,3
betwixt,3
haller,3
term,3
heirs,3
informed,3
recently,3
obedience,3
triumph,3
near,3
directly,3
feminine,3
having,3
protected,3
knowledge,3
apparent,3
actors,3
hertford,3
brightman,3
bible,3
gave,3
people,3
away,3
solution,3
legacy,3
bond,3
describing,3
ambassador,3
next,3
autonomy,3
ingram,3
impossible,3
interrogation,3
st,3
solomon,3
estates,3
childless,3
actions,3
gordon,3
agaynst,3
society,3
contest,3
rome,3
noble,3
onward,3
idolatress,3
simultaneously,3
chap,3
once,3
added,3
read,3
evil,3
us,3
neither,3
perceived,3
images,3
increasingly,3
friend,3
persuade,3
murdin,3
others,3
similarly,3
preserve,3
maternal,3
proposal,3
appeared,3
pamphlet,3
warning,3
arthur,3
likelihood,3
existing,3
antichrist,3
degree,3
credit,3
characteristically,3
bondage,3
accession,3
francis,3
band,3
resulting,3
questions,3
roman,3
nothing,3
accepted,3
trust,3
polarity,3
subsequent,3
three,3
dominated,3
david,3
sterility,3
wish,3
hadfield,3
graves,3
britain,3
story,3
northern,3
authorship,3
decision,3
fraternal,3
christian,3
declaration,3
ideology,3
fear,3
begin,3
force,3
construction,3
princes,3
council,3
considered,3
matters,3
small,3
gatherer,3
ceaseless,3
symbolic,3
drew,3
sustained,3
alternative,3
dimension,3
ahr,3
respect,3
subordinate,3
beginning,3
specter,3
according,3
tyrannous,3
doings,3
contrasting,3
cult,3
explored,3
infant,3
attached,3
november,3
protestants,3
writing,3
ambiguously,3
subsumed,3
prepared,3
categorically,3
north,3
conn,3
envisaged,3
write,3
mode,3
crisis,3
instead,3
although,3
d,3
remains,3
anonymous,3
mason,3
adulterous,3
text,3
phillips,3
heir,3
grace,3
famous,3
daughter,3
adulthood,2
handsome,2
parole,2
persecuted,2
sussex,2
anthony,2
stood,2
dangers,2
trans,2
alone,2
disallow,2
paradoxically,2
large,2
minotaurus,2
engendering,2
duinges,2
elaborated,2
identify,2
designed,2
live,2
misogynist,2
candidate,2
maintainers,2
necessarily,2
virtually,2
antithesis,2
yielding,2
haigh,2
martyrs,2
frances,2
intentions,2
experience,2
doeth,2
cast,2
problems,2
wrong,2
cleansed,2
creation,2
gabriel,2
entailed,2
boleyn,2
medieval,2
give,2
proud,2
taken,2
debating,2
admonition,2
official,2
company,2
tutor,2
tradition,2
specially,2
leading,2
together,2
babylon,2
thank,2
follows,2
conspirators,2
concludes,2
providence,2
real,2
harvey,2
mind,2
date,2
sacred,2
keith,2
robert,2
avi,2
kingdoms,2
depending,2
existence,2
forthcoming,2
plea,2
forward,2
courtesy,2
task,2
paved,2
motion,2
mass,2
draw,2
dualities,2
howard,2
ball,2
shame,2
powers,2
illegitimate,2
regnans,2
x,2
issuance,2
far,2
associational,2
familial,2
maccaffrey,2
along,2
identifies,2
eamon,2
witchcraft,2
andrew,2
dynamics,2
reputation,2
whore,2
due,2
continuance,2
embryonic,2
divine,2
interest,2
felch,2
regarded,2
stands,2
brother,2
te,2
rooted,2
affairs,2
seemeth,2
cases,2
pretensions,2
subjects,2
highest,2
ithaca,2
lineage,2
died,2
revised,2
articulating,2
sister,2
commanding,2
popish,2
weal,2
sodomy,2
cultural,2
scottes,2
perfect,2
lesser,2
poor,2
definitively,2
high,2
geneva,2
subordination,2
heaven,2
links,2
main,2
absent,2
remain,2
mieux,2
process,2
knew,2
collinson,2
suffer,2
importance,2
leave,2
represents,2
dyer,2
changes,2
patriarchalism,2
circulated,2
bad,2
reformations,2
possibly,2
dated,2
just,2
numbers,2
weak,2
facsimile,2
too,2
prevent,2
four,2
follow,2
bedford,2
shifted,2
monster,2
mo,2
pocock,2
providing,2
conquest,2
identifying,2
allow,2
hands,2
carol,2
plowden,2
patrick,2
deal,2
bii,2
endeavor,2
inter,2
hants,2
left,2
buttressed,2
pointing,2
let,2
promise,2
wherein,2
absolute,2
public,2
chief,2
patriarchal,2
affair,2
watershed,2
none,2
rectitude,2
basis,2
distinguish,2
mapped,2
writers,2
reader,2
significantly,2
hereditary,2
edn,2
qualified,2
year,2
island,2
corrupt,2
place,2
editorial,2
inherited,2
incest,2
long,2
translated,2
ultimately,2
showing,2
notwithstanding,2
unmarried,2
depicting,2
social,2
intention,2
successful,2
hard,2
cruel,2
revolution,2
dictionary,2
walsingham,2
persecuting,2
phrase,2
settlement,2
episteme,2
openly,2
calling,2
highly,2
ill,2
sodomitical,2
representation,2
master,2
notorious,2
manchester,2
vacuum,2
protect,2
republicanism,2
potent,2
foremost,2
lordship,2
langue,2
using,2
peculiar,2
appropriate,2
newly,2
finds,2
moved,2
seemed,2
survived,2
flourished,2
related,2
sovereign,2
republic,2
critics,2
alia,2
strictures,2
action,2
prophetic,2
glasgow,2
classic,2
fruit,2
april,2
positioned,2
prove,2
theology,2
judgment,2
tully,2
legend,2
sexually,2
bodleian,2
apocalypse,2
convictions,2
guide,2
emerged,2
wake,2
patriotic,2
phenomenon,2
challenged,2
differentiate,2
trumped,2
acting,2
commonwealth,2
xenophobic,2
rightly,2
homology,2
macbeth,2
illustrated,2
armed,2
begins,2
assimilated,2
gentlemen,2
rise,2
affections,2
continued,2
fix,2
paul,2
backed,2
divorce,2
consideration,2
coincidence,2
aldershot,2
scholars,2
monarchic,2
councilor,2
wedded,2
abstract,2
choice,2
daily,2
classical,2
suggested,2
descended,2
simple,2
bannister,2
patterns,2
readers,2
outside,2
answer,2
sorry,2
hamilton,2
explicitly,2
understanding,2
mean,2
situated,2
traitorous,2
laqueur,2
hear,2
robertson,2
excluding,2
alliance,2
polemicists,2
bear,2
limitations,2
woodcut,2
proved,2
lately,2
disclosing,2
assumption,2
deployed,2
rumors,2
significance,2
princess,2
clear,2
provoked,2
moral,2
adding,2
op,2
agreement,2
odious,2
laing,2
depiction,2
stages,2
aiiii,2
peer,2
enactment,2
excelsis,2
latter,2
behest,2
faith,2
internal,2
relation,2
concepts,2
claiming,2
saw,2
haven,2
connections,2
persuading,2
convincingly,2
interrogators,2
offspring,2
suggest,2
concemyng,2
indication,2
fueled,2
claimant,2
dual,2
foreign,2
exacerbated,2
rpt,2
interregnum,2
primarily,2
success,2
translation,2
detailed,2
began,2
faute,2
determination,2
backlash,2
legitimacy,2
peril,2
try,2
often,2
satisfaction,2
existed,2
education,2
centuries,2
perversion,2
problematic,2
susan,2
premier,2
joseph,2
addressed,2
differentiated,2
underpinned,2
ever,2
reinforced,2
polemicist,2
intensely,2
wicked,2
school,2
erected,2
outcome,2
prophylactic,2
principle,2
revolutionaries,2
governance,2
turn,2
paper,2
autonomous,2
capital,2
av,2
maitland,2
argue,2
donaldson,2
half,2
universal,2
scenario,2
particularly,2
grey,2
clearly,2
asserting,2
tracts,2
consciousness,2
evident,2
defend,2
elevation,2
combined,2
burns,2
typologies,2
making,2
males,2
house,2
while,2
tudors,2
pursued,2
constitutional,2
voice,2
categories,2
qua,2
hanoverian,2
bodies,2
providential,2
ladie,2
prospect,2
press,2
dolan,2
williamson,2
subject,2
intended,2
undermining,2
egyptian,2
step,2
explication,2
confronted,2
target,2
secured,2
maintained,2
think,2
comparable,2
confounding,2
promoted,2
editor,2
notes,2
quest,2
contract,2
finally,2
accept,2
jacobean,2
henrician,2
actively,2
justitia,2
eggs,2
centrality,2
you,2
colleagues,2
posterity,2
sexuality,2
increased,2
classification,2
am,2
specific,2
wedlock,2
potential,2
duffy,2
bi,2
charged,2
conceptual,2
traditional,2
ends,2
recent,2
detection,2
rude,2
asked,2
evidently,2
freud,1
ungodly,1
locates,1
bernard,1
ammunition,1
go,1
superiority,1
huntington,1
regnant,1
abolition,1
salutem,1
forsaketh,1
formulated,1
inward,1
vilified,1
equivalence,1
appropriation,1
struggle,1
sui,1
deny,1
poison,1
tainted,1
symbolized,1
declared,1
equipoise,1
memorials,1
obey,1
iibatter,1
commentary,1
democracy,1
particulars,1
groups,1
pull,1
scholar,1
plunging,1
alway,1
emerson,1
grappled,1
luck,1
berkeley,1
ant,1
counsel,1
schism,1
jane,1
reintroduce,1
college,1
fiction,1
worthy,1
cut,1
measures,1
marian,1
adoption,1
deceived,1
considerably,1
argyle,1
mythologized,1
constitution,1
philadelphia,1
manuscript,1
mouth,1
mystically,1
fxm,1
stripped,1
heal,1
reflection,1
needed,1
pm,1
led,1
drawback,1
organizer,1
judged,1
forceful,1
determinant,1
archbishop,1
kinds,1
apologists,1
therewith,1
myth,1
bacheler,1
properly,1
rusbridger,1
essays,1
daye,1
sander,1
anno,1
likely,1
horowitz,1
sons,1
rpter,1
papistry,1
margot,1
sure,1
unbearably,1
propagandists,1
favor,1
conscious,1
effectual,1
suitors,1
ordained,1
considerations,1
beleaguered,1
nostrils,1
decade,1
doubts,1
policy,1
devices,1
fixed,1
dayes,1
unlike,1
occurred,1
admonished,1
subjection,1
holding,1
aversion,1
expressed,1
assisted,1
fragile,1
guise,1
bp,1
fulfillment,1
connotations,1
contested,1
versus,1
irredeemable,1
etof,1
maria,1
proclamation,1
turning,1
ipcefttetfitut,1
arms,1
various,1
knollys,1
remembered,1
hm,1
lower,1
harbin,1
drunken,1
deserved,1
synonymous,1
goodman,1
mast,1
folat,1
explaining,1
ante,1
beneficial,1
undermine,1
lightly,1
sources,1
defects,1
parliamentary,1
geoffrey,1
compelled,1
rtl,1
slaughtered,1
capp,1
fertile,1
production,1
jointly,1
bushnell,1
originally,1
likewise,1
papist,1
path,1
implications,1
chaos,1
restoration,1
culturally,1
contrasted,1
address,1
attempts,1
interjection,1
secretary,1
darkness,1
assist,1
initially,1
expectation,1
demonstrable,1
permanently,1
nationalistic,1
lineally,1
rational,1
reassuringly,1
virulent,1
ourselves,1
advanced,1
freely,1
diseases,1
entreth,1
liberty,1
editions,1
xxxiv,1
vanhoutte,1
parties,1
containing,1
dramatically,1
names,1
divinity,1
rochester,1
maister,1
caligula,1
copy,1
down,1
broken,1
assertion,1
accompanied,1
lincolnshire,1
ofeft,1
puritan,1
feminism,1
rearguard,1
ciiii,1
grafton,1
liverpool,1
fruits,1
anticipatory,1
able,1
atlantic,1
anglorum,1
onto,1
procedure,1
lucy,1
bps,1
scheme,1
survey,1
antipathy,1
risk,1
analogous,1
bridler,1
alignment,1
maurice,1
conjugal,1
commons,1
niiii,1
chancellor,1
disputable,1
meantime,1
reinforcing,1
alert,1
emphasized,1
stand,1
precisely,1
principal,1
duality,1
opposite,1
regiment,1
profitable,1
somewhat,1
ambiguous,1
theodore,1
sermon,1
hostile,1
jurisdiction,1
barred,1
tyrants,1
subjugation,1
engrafted,1
ezf,1
lecturer,1
rethinking,1
betokened,1
violating,1
tragedy,1
seminar,1
salic,1
followers,1
nowhere,1
voting,1
slip,1
appreciate,1
takes,1
forum,1
ascribed,1
lest,1
famously,1
ouvraiderfgate,1
symbolizing,1
beastly,1
morison,1
incriminating,1
formulation,1
bird,1
perfection,1
thralldom,1
oaptti,1
propensity,1
iue,1
iv,1
masked,1
cleared,1
hall,1
womanly,1
march,1
quhen,1
hurault,1
elitmbe,1
disseminated,1
sysuta,1
anticipation,1
opened,1
discrepancies,1
felt,1
probing,1
determined,1
forbidden,1
withdrawal,1
securely,1
pretend,1
burning,1
drive,1
grati,1
adulterer,1
anticatholicism,1
torre,1
oedipus,1
bnto,1
reached,1
apter,1
columnists,1
functions,1
occupy,1
vital,1
terence,1
doth,1
topical,1
extends,1
events,1
infamy,1
wooding,1
hoso,1
conception,1
laws,1
literal,1
anticipated,1
negotiation,1
undoubtedly,1
recapture,1
idolater,1
sithen,1
excommunicating,1
forged,1
safely,1
urging,1
celebrate,1
maneuvered,1
treatise,1
wallace,1
overstressed,1
besides,1
prejudice,1
descend,1
redating,1
aggression,1
icb,1
interestingly,1
winning,1
linked,1
september,1
daughters,1
divorced,1
pen,1
resonated,1
customs,1
amendment,1
impotencie,1
denying,1
collapse,1
announce,1
surely,1
manifest,1
purportedly,1
proceeded,1
duree,1
eventual,1
redeemed,1
spectrum,1
facts,1
roger,1
shelfmark,1
bairns,1
apocalypticism,1
consumed,1
surrounded,1
initial,1
sustain,1
monumental,1
pursuit,1
realized,1
elton,1
unpublished,1
implicating,1
norfolkwhom,1
group,1
agent,1
bodily,1
republica,1
domain,1
tit,1
characteristic,1
destabilized,1
ability,1
mixed,1
decided,1
honest,1
raises,1
attested,1
ancient,1
walter,1
price,1
uniformity,1
coexistence,1
tacit,1
itt,1
forbade,1
complex,1
alison,1
insofar,1
assured,1
sore,1
dudley,1
westport,1
vengeance,1
arena,1
interprets,1
neutralized,1
whores,1
weaknesses,1
pollard,1
bacon,1
uniquely,1
unity,1
detention,1
gun,1
remembering,1
sanders,1
elements,1
unclean,1
deliverer,1
amended,1
impugn,1
glory,1
keep,1
perspective,1
unwavering,1
depend,1
concerning,1
ineligible,1
disproportionately,1
imt,1
honesty,1
extraordinary,1
flawed,1
taynpng,1
served,1
moving,1
wholly,1
displeasure,1
foresaid,1
clare,1
compared,1
arranged,1
third,1
incarceration,1
reginae,1
truly,1
publications,1
adrianna,1
demonization,1
warned,1
momentary,1
hales,1
competition,1
vicar,1
conspiracy,1
drawn,1
exclude,1
gospel,1
consequently,1
stimulating,1
look,1
ofeiz,1
architects,1
ihenry,1
kelley,1
wet,1
itae,1
impudent,1
guard,1
occasion,1
jones,1
identifier,1
rewarded,1
generation,1
word,1
rates,1
lastly,1
virtuous,1
partisan,1
celebrating,1
licentiousness,1
incentive,1
promised,1
jean,1
alive,1
failed,1
decease,1
simultaneous,1
referred,1
interesting,1
cuthbert,1
disallowing,1
wherefore,1
felicity,1
recognized,1
york,1
governed,1
plotted,1
ably,1
teaching,1
declension,1
reconfigured,1
pastimes,1
frustration,1
card,1
oftr,1
regency,1
bring,1
mattered,1
slavery,1
virility,1
growth,1
continent,1
destroy,1
sentences,1
across,1
centered,1
developed,1
upped,1
interpretation,1
preeminently,1
renegotiating,1
illustration,1
smoking,1
repeal,1
anglican,1
en,1
landscape,1
na,1
patrides,1
conflation,1
cii,1
explicit,1
travailing,1
fascinating,1
cohort,1
hughes,1
notion,1
unanimously,1
lasting,1
affective,1
goes,1
abstraction,1
deprived,1
shanley,1
adduces,1
probability,1
iottttteb,1
inhere,1
thing,1
publisher,1
similar,1
michel,1
variant,1
direct,1
parts,1
ftfl,1
special,1
preservation,1
possess,1
despiseth,1
empowered,1
candidates,1
lay,1
lawyer,1
undercut,1
riposte,1
origins,1
adulter,1
triumphalist,1
space,1
ecclefiaficall,1
biographer,1
divided,1
compilation,1
perilous,1
iohnfoxc,1
support,1
reinterpretation,1
reason,1
send,1
tower,1
category,1
posthumously,1
developments,1
clerk,1
arcto,1
tep,1
vastly,1
degenerate,1
portend,1
ardent,1
self,1
calif,1
flyeth,1
greeks,1
lyndon,1
divulged,1
entry,1
cri,1
statistical,1
languages,1
papacy,1
entrenched,1
befibett,1
handled,1
artificial,1
elsewhere,1
disadvantaged,1
elevated,1
resolute,1
handmaid,1
instrument,1
shore,1
ignorance,1
quarters,1
unconvincingly,1
presided,1
retrospective,1
rebounded,1
ministers,1
blandishments,1
emotions,1
superior,1
larkin,1
exploited,1
oi,1
voluminous,1
stripping,1
encouragement,1
macduff,1
polar,1
linkage,1
calleth,1
cotton,1
credentials,1
evaluation,1
cost,1
requires,1
painted,1
oppression,1
tragedies,1
thieves,1
crucially,1
pious,1
imminent,1
antithetical,1
panels,1
tas,1
projected,1
contrary,1
perused,1
antecedents,1
outcomes,1
andre,1
decades,1
drawing,1
dynastic,1
etot,1
croft,1
hot,1
thrust,1
commanded,1
matching,1
draws,1
fierce,1
ei,1
opponents,1
greater,1
daunted,1
basan,1
station,1
plank,1
uses,1
result,1
advance,1
formidable,1
based,1
ftn,1
lead,1
overthroweth,1
greedily,1
iniquity,1
bonds,1
juncture,1
discount,1
appearance,1
protector,1
nt,1
called,1
frye,1
uptb,1
ambitious,1
seven,1
placeholder,1
expression,1
radical,1
invested,1
depictions,1
jdentity,1
metier,1
persist,1
bfp,1
lick,1
tires,1
constantly,1
almost,1
featured,1
inaugural,1
attained,1
base,1
inflamed,1
representative,1
manhoods,1
reverence,1
punishment,1
repudiate,1
shakespeare,1
abomination,1
burghley,1
sword,1
reasons,1
undeniable,1
traced,1
traits,1
fusion,1
valiantly,1
nobles,1
parliaments,1
block,1
apud,1
mislike,1
hanson,1
unique,1
indirect,1
tools,1
nationality,1
population,1
ruffians,1
cannot,1
suffered,1
applied,1
garments,1
standeth,1
berwick,1
excellent,1
younger,1
monograph,1
russell,1
sieur,1
possessor,1
mischievous,1
outlined,1
expedient,1
your,1
perform,1
glossed,1
explain,1
required,1
mariae,1
mythic,1
wide,1
revived,1
brabseaab,1
schema,1
stuarts,1
january,1
bastion,1
possibility,1
randolph,1
provisos,1
briefly,1
silver,1
skillfully,1
torn,1
shape,1
sinful,1
elliott,1
products,1
dutchman,1
scripture,1
abti,1
followed,1
abideth,1
preserver,1
learn,1
bedpost,1
tiii,1
agreed,1
murderous,1
effeminate,1
promiscuous,1
amend,1
suggests,1
maneuvers,1
sanction,1
tool,1
fraser,1
emphasis,1
carry,1
favorites,1
stafford,1
departeth,1
odds,1
restrain,1
breeding,1
rabid,1
virtues,1
civil,1
denial,1
norm,1
reserve,1
calls,1
symbolism,1
forcefully,1
tabled,1
promiscuity,1
tenure,1
tune,1
unbridled,1
buchananesque,1
feminized,1
staunchly,1
sole,1
virulence,1
shocking,1
loss,1
whole,1
misinterpreted,1
accord,1
q,1
laurence,1
older,1
couched,1
wreaks,1
obscured,1
tluw,1
references,1
flight,1
collective,1
constitute,1
contains,1
strenuous,1
cluster,1
thereafter,1
historien,1
antipathetic,1
call,1
forces,1
wittreich,1
personal,1
justification,1
statesmen,1
eii,1
orthography,1
illustrious,1
corollary,1
newspaper,1
institution,1
anticipating,1
participate,1
heated,1
alan,1
ter,1
dishonorable,1
league,1
effectively,1
holy,1
polity,1
carey,1
enterprises,1
approach,1
errors,1
demonstrably,1
substituting,1
suffused,1
entitle,1
gateway,1
exemplary,1
diversion,1
ontumette,1
ensued,1
demonology,1
hiii,1
gotten,1
field,1
anger,1
constituent,1
cold,1
generative,1
lieth,1
embodied,1
aroused,1
tom,1
tigeattlboleo,1
things,1
wished,1
stage,1
socialist,1
excuse,1
protest,1
level,1
behold,1
politically,1
prognosticating,1
betteridge,1
archaeology,1
fury,1
deborah,1
moder,1
destiny,1
quite,1
desires,1
carried,1
acted,1
night,1
sake,1
involved,1
submit,1
scarlet,1
heat,1
beza,1
nullified,1
spiritually,1
aue,1
sufficient,1
apostle,1
few,1
pregnant,1
accomplished,1
wider,1
revealing,1
assimilate,1
oe,1
soever,1
civic,1
prerogative,1
dramatic,1
reported,1
ancestors,1
christendom,1
diversified,1
motherhood,1
telling,1
philip,1
fronted,1
credible,1
vein,1
always,1
customary,1
botb,1
descendants,1
necessity,1
aggressively,1
purpose,1
intent,1
wife,1
ot,1
resistance,1
regardless,1
describes,1
kiii,1
roots,1
regal,1
crime,1
salmon,1
rotten,1
settle,1
fedby,1
reducing,1
incumbent,1
dictated,1
longue,1
invest,1
concomitant,1
objected,1
spare,1
barbara,1
inventive,1
transforming,1
libels,1
battle,1
critical,1
happen,1
kindness,1
lapse,1
highlights,1
clermont,1
nonage,1
seedbed,1
ranging,1
situation,1
arrangement,1
opposites,1
saga,1
offsetting,1
discriminatory,1
bakos,1
colors,1
easy,1
tbfe,1
convinced,1
alarmingly,1
survive,1
buttress,1
sanctity,1
oohe,1
stewarts,1
bastards,1
influentially,1
knight,1
blessed,1
exile,1
arrogancy,1
limited,1
minority,1
deadly,1
wait,1
unremitting,1
revolt,1
brief,1
unstable,1
virulently,1
commit,1
nearly,1
renewed,1
perpetually,1
opposed,1
generis,1
constraints,1
beware,1
object,1
calves,1
community,1
polemical,1
capacity,1
illustrating,1
mainstream,1
wisest,1
veins,1
transgressing,1
bridle,1
strife,1
terrain,1
vii,1
seemingly,1
aii,1
knoxian,1
direction,1
adapted,1
authoritarian,1
evidentiary,1
regiz,1
wta,1
vocabularies,1
majesties,1
powerfully,1
legality,1
informs,1
maryanne,1
denunciation,1
disposed,1
captioned,1
circumspectly,1
christo,1
urged,1
museum,1
permission,1
lloyd,1
compriseth,1
consistently,1
devotion,1
surrogate,1
builds,1
serve,1
extremists,1
subservient,1
morgan,1
fifth,1
inspiration,1
alford,1
roper,1
bote,1
fervent,1
failure,1
thesis,1
symptomatic,1
home,1
damn,1
lone,1
gendering,1
perspectives,1
assistance,1
resolutely,1
liberties,1
dropped,1
passions,1
repercussions,1
hay,1
speaks,1
incarnation,1
acknowledging,1
already,1
fearsome,1
tanner,1
confirmed,1
coeur,1
hallmarks,1
bar,1
foucault,1
hallmark,1
submissively,1
restructuring,1
lee,1
persuasive,1
anb,1
party,1
worst,1
members,1
resolution,1
processwould,1
leader,1
fire,1
lewis,1
name,1
successfully,1
jeffrey,1
reiterating,1
untrue,1
comparison,1
confound,1
business,1
metaphysical,1
untempered,1
mighty,1
sodomites,1
toward,1
affinities,1
redgrave,1
approaching,1
pointed,1
stripes,1
printing,1
safety,1
nearest,1
reasonless,1
addition,1
towards,1
overthrown,1
intending,1
tcttimone,1
devolved,1
investigates,1
efforts,1
equating,1
entrench,1
cutbb,1
cultivated,1
gorboduc,1
inculcated,1
eloquently,1
limit,1
marvellous,1
reputed,1
britons,1
untainted,1
instability,1
agree,1
vision,1
exclusion,1
attempting,1
hpvtbrmthon,1
levin,1
disliked,1
defiled,1
authorized,1
layer,1
reasoning,1
suppressed,1
educated,1
manifested,1
informing,1
uncle,1
hobbes,1
demonstrating,1
reaffirmed,1
proliferation,1
debates,1
outlines,1
doubt,1
modified,1
intermeddling,1
fastness,1
butcherly,1
afterward,1
considerable,1
coveting,1
howsomever,1
discussed,1
vt,1
removal,1
deviancy,1
embattled,1
honor,1
atintge,1
reformed,1
impiety,1
ages,1
forwarding,1
decisively,1
shipwreck,1
inescapably,1
ironically,1
signifying,1
covered,1
ur,1
besmeared,1
vomited,1
innovative,1
reversion,1
consummation,1
figu,1
topefrppre,1
secular,1
giii,1
orthodoxy,1
ptoei,1
marrying,1
rector,1
contracted,1
michael,1
annotations,1
confrontation,1
unanticipated,1
forth,1
duties,1
ejaculation,1
uttered,1
practice,1
rapacity,1
satan,1
counterrevolutionary,1
perhaps,1
teeth,1
manly,1
books,1
children,1
fiiii,1
jolie,1
grave,1
gives,1
disregarded,1
cbetb,1
remarkably,1
moot,1
obsession,1
incestuous,1
historiographical,1
fluidity,1
break,1
larger,1
responded,1
misused,1
charted,1
fight,1
argues,1
mps,1
kindleth,1
local,1
demonstrated,1
grouping,1
complicity,1
trait,1
recognizing,1
private,1
retaining,1
kepe,1
exploring,1
meaningful,1
hilda,1
rulers,1
poore,1
subjectivity,1
sever,1
explanation,1
range,1
eighteenth,1
implicated,1
whoredom,1
schochet,1
israel,1
heroine,1
servant,1
cavalier,1
uteof,1
thereto,1
affinity,1
alas,1
arose,1
bealte,1
consonant,1
dissolve,1
previously,1
deserts,1
strongly,1
telos,1
copies,1
noblemen,1
ruling,1
anathema,1
elite,1
wonder,1
honorable,1
filthy,1
entirely,1
ordering,1
utterance,1
affection,1
phrases,1
prevailed,1
brutish,1
progenitors,1
additions,1
tailtrpes,1
regicide,1
typological,1
causes,1
morality,1
bt,1
vocabulary,1
pauline,1
abstinence,1
net,1
farr,1
rare,1
resolved,1
ofec,1
hour,1
branch,1
unholy,1
chosen,1
full,1
perceptive,1
nightmare,1
propositions,1
office,1
fold,1
deemed,1
ob,1
systemvariants,1
marginalia,1
epic,1
treasonous,1
theoretical,1
puzzlements,1
versions,1
travail,1
rejected,1
priuilegio,1
meanings,1
quotation,1
trump,1
loosely,1
transformation,1
donagan,1
andrews,1
stress,1
hiatus,1
uncontrollable,1
decorated,1
kantorowicz,1
xenophobia,1
held,1
anachronistic,1
isles,1
gate,1
compatriots,1
attach,1
divisions,1
characterized,1
reviewers,1
perverse,1
ef,1
terminus,1
tractates,1
belongs,1
reformers,1
attribution,1
tribal,1
features,1
ongoing,1
miracle,1
ernst,1
dry,1
course,1
trek,1
counted,1
trumpeting,1
shortly,1
ruler,1
offense,1
ascending,1
abundant,1
provides,1
faithful,1
accused,1
glaring,1
margin,1
favored,1
coudert,1
unset,1
thorpe,1
arrayed,1
sentiment,1
guilt,1
distrusted,1
dawson,1
k,1
primogeniture,1
accusation,1
aforesaid,1
judges,1
marryand,1
greeted,1
interpretations,1
plans,1
apologetic,1
sig,1
rupture,1
hierarchical,1
structure,1
enemies,1
scotos,1
archetypes,1
incumbency,1
grudging,1
probably,1
implication,1
unqualified,1
slightly,1
dominance,1
spectacularly,1
dwellying,1
spain,1
below,1
manners,1
figures,1
voiced,1
instances,1
consoled,1
seduction,1
bfbe,1
agenda,1
governor,1
restorative,1
incontinence,1
miiii,1
achieve,1
vain,1
allison,1
la,1
repugnant,1
widely,1
attended,1
separate,1
hereannounces,1
discriminating,1
increasing,1
antonia,1
dealing,1
implicitly,1
enough,1
rachel,1
crete,1
accepting,1
speculate,1
illusory,1
aviii,1
esteemed,1
ihn,1
browne,1
rebel,1
raise,1
note,1
inordinate,1
usurpation,1
interdependent,1
lacan,1
superstitious,1
solid,1
harlot,1
inhabitants,1
mixture,1
assiduously,1
vicissitudes,1
elevate,1
defamed,1
abounded,1
engender,1
blatantly,1
filthiness,1
plays,1
naturally,1
erstwhile,1
claimed,1
program,1
opinion,1
flowed,1
spouse,1
reasonable,1
favour,1
urges,1
pagden,1
binary,1
saith,1
slow,1
becomes,1
meftnpte,1
eliza,1
implicate,1
oblique,1
theater,1
un,1
insist,1
transformed,1
pleading,1
returned,1
dirt,1
importantly,1
contribution,1
shoring,1
rapidly,1
whereby,1
indignity,1
length,1
maleficial,1
paradigmatic,1
antiquity,1
rot,1
intend,1
successor,1
sharp,1
analysis,1
puritans,1
fall,1
commenting,1
ravished,1
deserveth,1
kings,1
tommauiten,1
composed,1
drafted,1
spearheading,1
israelites,1
fields,1
typeface,1
elder,1
ano,1
multitude,1
articles,1
mirror,1
proving,1
figured,1
legitimately,1
kirksville,1
investigate,1
unacceptable,1
inheres,1
earliest,1
fought,1
detail,1
stephen,1
hasten,1
tyrant,1
dissertation,1
sections,1
marshal,1
rebecca,1
proof,1
attaint,1
sampson,1
legitimated,1
rolling,1
exercised,1
updating,1
aspiring,1
following,1
senior,1
comes,1
series,1
exemplified,1
tensions,1
figurehead,1
charting,1
homogeneity,1
incorporated,1
quhilke,1
biography,1
regni,1
monsieur,1
aspersions,1
constituted,1
rearticulated,1
restored,1
perversely,1
carriers,1
theme,1
known,1
loins,1
authenticity,1
lying,1
connived,1
contents,1
ll,1
identifiers,1
proposes,1
membership,1
dramatizing,1
potency,1
lawful,1
symbol,1
dyan,1
sciences,1
sweden,1
dilated,1
perillous,1
whoso,1
qcum,1
triad,1
quickly,1
know,1
possessed,1
defining,1
revealingly,1
ran,1
ordered,1
bishops,1
roared,1
each,1
cryptocatholic,1
printer,1
readily,1
surfaced,1
literary,1
advisement,1
proponents,1
havoc,1
addendum,1
hifory,1
worth,1
aligning,1
contained,1
connection,1
miltonic,1
believe,1
albeit,1
partisans,1
ft,1
alexander,1
infringed,1
equivocal,1
sent,1
prominence,1
slit,1
print,1
appendix,1
victoria,1
emergence,1
propaganda,1
berry,1
recto,1
current,1
guarantor,1
idolaters,1
report,1
speech,1
prone,1
knots,1
eventually,1
deliberately,1
abuses,1
brothers,1
negligent,1
intro,1
plague,1
obviously,1
speculation,1
conflating,1
dft,1
enemy,1
equilibrium,1
stridently,1
raphael,1
anguished,1
audience,1
precarious,1
constant,1
waged,1
jg,1
examining,1
differed,1
nailed,1
secrecy,1
past,1
accepts,1
crucial,1
u,1
edwardian,1
passage,1
encountered,1
emerges,1
excommunicated,1
absolutely,1
turned,1
feminist,1
catalogue,1
lamont,1
counterproductive,1
phd,1
justify,1
jacqueline,1
outlook,1
violateth,1
knows,1
altars,1
game,1
discuss,1
oiii,1
sackville,1
condemning,1
answered,1
tle,1
ones,1
personification,1
bruce,1
cause,1
climacteric,1
quote,1
westminster,1
perversities,1
violent,1
symbolically,1
metaphor,1
maintain,1
attitudes,1
juxtaposed,1
manuscripts,1
signature,1
mere,1
ntaetpzoue,1
axis,1
writes,1
helper,1
brink,1
leaving,1
extent,1
encased,1
dispensation,1
tending,1
christians,1
addicted,1
arran,1
undo,1
allocate,1
nlp,1
vehicle,1
fore,1
number,1
yield,1
backing,1
calendar,1
counteracted,1
generally,1
begirt,1
apathetic,1
episode,1
articulation,1
fidelity,1
benevolence,1
deconstructing,1
virginia,1
esteemeth,1
tragical,1
contain,1
industrious,1
republication,1
maietfatis,1
panegyric,1
popular,1
proper,1
overmastered,1
conference,1
knot,1
stern,1
ylcgatc,1
little,1
capable,1
varieties,1
characters,1
fizzled,1
careful,1
rescued,1
fatally,1
recognition,1
machinations,1
biologically,1
peace,1
met,1
superstition,1
kin,1
resignation,1
revolutions,1
wording,1
show,1
adulteress,1
ashes,1
confirm,1
wisheth,1
monarchs,1
inaugurated,1
die,1
preached,1
assumptions,1
lyndal,1
went,1
headship,1
assassinated,1
acute,1
measure,1
restitution,1
condition,1
recounts,1
welcomed,1
pudding,1
lesson,1
postassassination,1
selfidentification,1
indebted,1
appointed,1
officially,1
tenable,1
gloss,1
jure,1
aims,1
definitions,1
disqualify,1
harrison,1
accorded,1
despised,1
expense,1
cruelty,1
cuateifpoufe,1
eric,1
sanctioned,1
ranks,1
formation,1
pembroke,1
adopting,1
finn,1
models,1
literalization,1
survival,1
imp,1
bracing,1
background,1
deformed,1
disposal,1
murderer,1
patriarchy,1
resist,1
sufficed,1
proclamations,1
donald,1
charts,1
wis,1
paradigm,1
conditions,1
flagged,1
institutional,1
authored,1
jacques,1
samuel,1
catherine,1
burnt,1
ete,1
ended,1
queenly,1
immorality,1
grown,1
include,1
wasserstrom,1
disagree,1
land,1
consumption,1
need,1
upside,1
supply,1
temporal,1
deviated,1
prohibition,1
brighton,1
boys,1
integration,1
immediacy,1
willingness,1
effects,1
tellingly,1
attempted,1
recourse,1
reach,1
countrey,1
salience,1
presenting,1
testament,1
captain,1
counterreformation,1
madison,1
climactic,1
elizabethpreserved,1
incommensurate,1
baffled,1
morally,1
mobilized,1
offered,1
supported,1
drift,1
privileging,1
admitting,1
orchestrated,1
apart,1
safeguard,1
oft,1
dissimulation,1
tace,1
rest,1
certainty,1
compounded,1
clarify,1
single,1
mystery,1
desired,1
headed,1
upbringing,1
enormity,1
obligation,1
fervor,1
transgressive,1
dogged,1
create,1
dark,1
fears,1
outpctt,1
element,1
documentary,1
paving,1
lecherous,1
trumpeted,1
llv,1
incontinent,1
immediately,1
strong,1
prison,1
tired,1
beings,1
weil,1
marveled,1
unpopularity,1
tiaah,1
retracted,1
domini,1
delayed,1
portrait,1
draft,1
predicated,1
minions,1
discern,1
beleagured,1
desultorily,1
flnt,1
