WORDCOUNTS,WEIGHT
pp,414
the,394
and,306
of,280
press,206
new,199
in,185
university,175
york,170
history,99
a,95
paper,67
cloth,65
by,63
american,51
s,51
war,48
number,44
de,41
studies,41
edition,40
paperback,40
world,39
palgrave,39
cambridge,38
oxford,36
politics,33
xi,31
to,31
j,30
editor,30
x,29
london,29
xii,29
series,29
xiii,28
books,27
historical,26
l,24
viii,24
john,24
editors,24
xvi,24
life,24
westport,23
from,23
conn,23
princeton,22
w,22
m,22
xiv,22
r,22
ed,22
c,22
n,21
e,20
robert,20
david,20
ix,20
culture,19
translated,19
america,18
greenwood,17
society,17
i,16
xvii,16
modem,16
on,16
chicago,16
blackwell,15
early,15
james,15
phoenix,15
at,14
other,14
europe,14
daily,14
b,14
xviii,14
xv,14
an,14
la,14
foreword,14
h,13
ii,13
xx,13
longman,13
harvard,13
mass,13
making,13
military,12
for,12
review,12
received,12
reprint,12
end,12
european,12
modern,11
start,11
edited,11
routledge,11
william,11
colonial,11
d,11
france,11
charles,11
di,10
england,10
state,10
east,10
g,10
et,10
june,10
social,10
praeger,10
en,10
michael,10
peter,10
black,10
yale,10
with,10
north,10
malden,9
xxi,9
henry,9
political,9
international,9
cultural,9
xix,9
haven,9
power,9
vii,9
thomas,9
united,9
vi,9
xxii,9
economy,9
states,9
assisted,8
china,8
warfare,8
jr,8
greenhill,8
india,8
cassell,8
origins,8
y,8
civil,8
during,8
pa,8
paul,8
contemporary,8
indiana,8
george,8
lawrence,8
mechanicsburg,8
past,8
middle,8
through,8
stackpole,8
policy,7
western,7
first,7
british,7
richard,7
west,7
k,7
patrick,7
los,7
revolution,7
philip,7
st,7
south,7
ancient,7
bloomington,7
al,7
indian,7
christopher,7
martin,7
biography,7
institute,7
rev,6
germany,6
boulder,6
cornell,6
women,6
since,6
century,6
plumsock,6
german,6
age,6
mesoamerican,6
del,6
il,6
cold,6
rs,6
french,6
smith,6
pennsylvania,6
vt,6
v,6
paris,6
empire,6
kansas,6
identity,6
britain,6
perspectives,6
hill,6
md,6
city,6
centro,6
republic,6
era,6
race,6
medieval,5
investigaciones,5
seura,5
societa,5
ideas,5
asia,5
religion,5
distributed,5
partition,5
helsinki,5
geoffrey,5
p,5
carolina,5
nation,5
people,5
legacy,5
woodstock,5
und,5
f,5
sons,5
short,5
comparative,5
two,5
volume,5
law,5
mark,5
years,5
california,5
problems,5
northern,5
foreign,5
joseph,5
der,5
bologna,5
african,5
regionales,5
struggle,4
environmental,4
essays,4
jonathan,4
duke,4
t,4
that,4
kent,4
government,4
nationalism,4
reading,4
context,4
historica,4
roger,4
bibliotheca,4
human,4
conflict,4
della,4
development,4
xxiii,4
fischer,4
wiley,4
ithaca,4
robin,4
his,4
angeles,4
their,4
contributions,4
suomalaisen,4
beyond,4
before,4
promise,4
part,4
secret,4
gender,4
popular,4
stanford,4
alan,4
research,4
lincoln,4
battle,4
second,4
van,4
ja,4
islamic,4
frank,4
trento,4
thought,4
home,4
guatemala,4
naval,4
rise,4
mulino,4
napoleon,4
tauris,4
antony,4
simon,4
birth,4
istituto,4
court,4
holocaust,4
ireland,4
times,4
chapel,4
italy,4
africa,4
who,4
volumes,4
fall,4
is,4
wars,4
paperbacks,4
athens,4
napoleonic,4
set,4
berkeley,4
kirjallisuuden,4
editrice,4
what,4
virginia,4
des,4
antigua,4
donald,4
association,4
russia,4
arnold,4
xxv,4
o,3
aviation,3
presses,3
berlin,3
village,3
ian,3
monograph,3
rome,3
hong,3
honolulu,3
amsterdam,3
westview,3
zur,3
howard,3
diplomacy,3
ljubljana,3
andrew,3
montreal,3
universitaires,3
clark,3
columbia,3
third,3
jerusalem,3
may,3
rights,3
colin,3
soviet,3
trevelyan,3
denmark,3
edward,3
brunswick,3
impact,3
indonesia,3
histories,3
boydell,3
italian,3
companion,3
oklahoma,3
chinese,3
durham,3
hitler,3
public,3
hogg,3
literature,3
reader,3
casa,3
macaulay,3
elizabeth,3
hawai,3
lanham,3
visions,3
change,3
le,3
family,3
weapons,3
xxvii,3
higham,3
economic,3
community,3
southern,3
guide,3
pacific,3
museum,3
historia,3
toronto,3
lewis,3
slavery,3
ages,3
renaissance,3
japan,3
free,3
palestine,3
israel,3
louis,3
concise,3
annapolis,3
were,3
garibaldi,3
isaiah,3
urbana,3
three,3
kentucky,3
dell,3
class,3
michele,3
hardy,3
postwar,3
greece,3
story,3
morris,3
institution,3
science,3
clinton,3
leslie,3
army,3
wilson,3
transformation,3
why,3
norton,3
canada,3
storia,3
colorado,3
wall,3
guy,3
alabama,3
jean,3
problem,3
transaction,3
xxxii,3
belknap,3
urban,3
boston,3
rochester,3
indians,3
eric,3
illinois,3
national,3
samuel,3
crisis,3
colo,3
jewry,3
sexuality,3
democracy,2
anthony,2
scholar,2
dimensione,2
market,2
iowa,2
tuscaloosa,2
college,2
revolutionary,2
introduction,2
evans,2
one,2
diplomatic,2
larry,2
om,2
harald,2
english,2
mit,2
park,2
nineteenth,2
militare,2
reich,2
du,2
themes,2
notre,2
railroads,2
australia,2
lexington,2
davis,2
frankfurt,2
jackson,2
roman,2
gulbenkian,2
angevin,2
parties,2
georgia,2
frederick,2
allan,2
tradition,2
great,2
feminism,2
reveal,2
harvey,2
roosevelt,2
last,2
johns,2
el,2
seminar,2
alfred,2
eastern,2
matthew,2
iv,2
march,2
changed,2
copenhagen,2
account,2
red,2
cooperation,2
sixteenth,2
den,2
europaische,2
bibliography,2
timothy,2
diversity,2
panamericano,2
ronald,2
riot,2
helen,2
lectures,2
ray,2
relations,2
salisbury,2
jeremy,2
dame,2
encyclopedia,2
learning,2
affairs,2
egypt,2
publications,2
revised,2
artillery,2
tucson,2
dublin,2
jones,2
marx,2
battles,2
meyer,2
wilmington,2
philadelphia,2
velazquez,2
istituzioni,2
how,2
basic,2
square,2
cinema,2
johannes,2
christine,2
michel,2
armada,2
confederate,2
front,2
indispensable,2
och,2
civilizations,2
maiden,2
was,2
literary,2
emergence,2
korea,2
warren,2
ideologies,2
air,2
house,2
most,2
democratic,2
scribner,2
prairie,2
rice,2
buffalo,2
fruhen,2
calgary,2
constitution,2
conflicts,2
nebraska,2
reflections,2
union,2
daniela,2
my,2
bibliotheque,2
dixon,2
search,2
taschenbuch,2
economics,2
events,2
im,2
volo,2
michigan,2
dynasty,2
province,2
moore,2
record,2
jewish,2
hopkins,2
wayne,2
memory,2
silver,2
warriors,2
keeping,2
work,2
schuster,2
future,2
julia,2
sharon,2
its,2
issues,2
nazi,2
dijon,2
project,2
sterling,2
holy,2
siecle,2
working,2
heart,2
insurance,2
castle,2
mitchell,2
spanish,2
xxviii,2
industry,2
edwards,2
manchester,2
massachusetts,2
texas,2
orthodox,2
infantry,2
resistance,2
annali,2
entrepreneurship,2
gordon,2
planter,2
kagan,2
latin,2
lenin,2
nationalsozialismus,2
saga,2
equality,2
lit,2
architecture,2
economica,2
hasan,2
yugoslavia,2
veterans,2
harry,2
storico,2
study,2
southeast,2
lisa,2
modeme,2
victor,2
sex,2
under,2
combat,2
cass,2
geografia,2
islam,2
middleton,2
baltimore,2
hay,2
stalin,2
breuer,2
party,2
carolyn,2
forewords,2
death,2
lund,2
instituto,2
nathan,2
reform,2
children,2
adalen,2
man,2
munster,2
anne,2
honor,2
men,2
monographs,2
centre,2
dorothy,2
council,2
judith,2
private,2
exploring,2
rulers,2
atlantic,2
lake,2
finland,2
asian,2
illusion,2
francis,2
franklin,2
office,2
epic,2
soldiers,2
embrace,2
caribbean,2
trentino,2
mexico,2
course,2
tebbel,2
presidential,2
monografie,2
faith,2
queen,2
enlightenment,2
eyes,2
glenn,2
keith,2
capitalism,2
pubblicazioni,2
we,2
leroy,2
destruction,2
balkans,2
weimar,2
justice,2
anatomy,2
fredricksburg,2
alaska,2
tennessee,2
liberalism,2
christian,2
haythornthwaite,2
edizioni,2
kenneth,2
inside,2
lost,2
rethinking,2
force,2
dans,2
as,2
frontier,2
not,2
education,2
centuries,2
arts,2
susan,2
forests,2
ottoman,2
mushirul,2
anthropological,2
neuzeit,2
following,2
changing,2
peoples,2
ralph,2
sciences,2
here,2
native,2
butler,2
singh,2
hoover,2
december,2
capital,2
leaders,2
donnell,2
money,2
iii,2
brazil,2
australian,2
las,2
geschichte,2
living,2
reign,2
naples,2
attitudes,2
theory,2
alice,2
freedom,2
temps,2
ivan,2
martha,2
paintings,2
kim,2
peace,2
ohio,2
dee,2
tibor,2
writing,2
childhood,2
commercial,2
kong,2
donna,2
washington,2
green,2
whiteside,2
francisco,2
siena,2
carole,2
johnson,2
calouste,2
amy,2
pakistan,2
skog,2
owns,2
og,1
nicholas,1
moulins,1
estudios,1
final,1
principi,1
pitkin,1
bernard,1
it,1
hoflinge,1
margins,1
archives,1
silverman,1
reckoning,1
romischen,1
indonesian,1
kirsten,1
gabor,1
gerald,1
camps,1
avraham,1
historiallinen,1
page,1
milosevic,1
crankshaw,1
mara,1
dalla,1
xxxvi,1
harman,1
helaine,1
edge,1
universal,1
melvin,1
gujarat,1
humaines,1
forschungen,1
pullar,1
disastro,1
boomgaard,1
devitt,1
briefen,1
vienna,1
finnish,1
bicentennial,1
liii,1
emerson,1
huggins,1
esparol,1
glaude,1
jane,1
statualita,1
nationalities,1
deceptions,1
now,1
konflikter,1
pathak,1
lauridsen,1
palmai,1
dembour,1
caenegem,1
federation,1
fathoming,1
lilliput,1
ora,1
per,1
coups,1
lindman,1
azar,1
overland,1
police,1
tigers,1
center,1
settlements,1
mesoamerica,1
criolla,1
banishing,1
megill,1
usn,1
jews,1
meer,1
myth,1
meyerson,1
barracks,1
birmingham,1
yucca,1
pieter,1
vmi,1
rogers,1
beauvoir,1
schools,1
library,1
units,1
chay,1
philippe,1
historiemedvetande,1
ways,1
mexican,1
camiller,1
brotherhoods,1
kaksikymmentaviisivuotisen,1
hampton,1
langum,1
marcus,1
brookhiser,1
meursius,1
shtetl,1
legende,1
millenia,1
xxxi,1
nord,1
spirit,1
greater,1
waltham,1
servitude,1
liberty,1
deetta,1
into,1
ricklefs,1
freeman,1
malik,1
triantaphyllopoulos,1
secretarial,1
saviors,1
murrah,1
barbour,1
hungarians,1
hayes,1
russell,1
contested,1
icarus,1
duggan,1
likud,1
controlled,1
wolff,1
caceres,1
himmler,1
morality,1
contexts,1
dictionaries,1
kosovo,1
fires,1
experience,1
politik,1
joe,1
dreamland,1
gruyter,1
henki,1
oceania,1
humanist,1
romance,1
concepts,1
whisenhunt,1
grays,1
experiencias,1
economico,1
cherokee,1
fairbanks,1
sources,1
comunale,1
wrong,1
long,1
merja,1
revisited,1
swedish,1
caroline,1
heller,1
hospitaller,1
blumhofer,1
islamabad,1
voices,1
ayres,1
shanghai,1
cox,1
wolfango,1
matz,1
gaurav,1
geary,1
moulin,1
central,1
snowden,1
princesses,1
all,1
atkin,1
editions,1
skogsoch,1
xxxiv,1
potere,1
words,1
hinderaker,1
company,1
morshead,1
prejudices,1
compiler,1
moderna,1
speck,1
leading,1
agrarian,1
wizard,1
neal,1
ruurd,1
pittsburgh,1
rodney,1
elmiiii,1
posvet,1
kichilov,1
richards,1
wave,1
blache,1
carney,1
ltalia,1
anila,1
aircraft,1
reed,1
mercenaries,1
kyvig,1
footsteps,1
reunion,1
hannah,1
murti,1
created,1
lucy,1
cairo,1
matrimoni,1
essex,1
survey,1
hubert,1
scheduled,1
postcommunist,1
devils,1
kochavi,1
carta,1
meuniers,1
crook,1
biologists,1
houghton,1
kuklick,1
slovakia,1
trouble,1
cyphers,1
steffian,1
cowan,1
marine,1
miljohistoria,1
wilford,1
tsarist,1
roster,1
regiment,1
bis,1
mail,1
profitable,1
ambiguous,1
deklaracije,1
theodore,1
intelligence,1
pawns,1
eti,1
romanticism,1
daniel,1
chandra,1
stagecoach,1
rolf,1
tragedy,1
neher,1
ant,1
system,1
shindler,1
case,1
perplexities,1
partners,1
vidal,1
moogk,1
afterword,1
forum,1
disarmament,1
mdnniskor,1
hell,1
lebrun,1
gouda,1
webers,1
portugal,1
roy,1
fernando,1
coalfields,1
anthropologists,1
autonomous,1
historians,1
king,1
guenther,1
vorspohl,1
souther,1
continuum,1
maharajah,1
histoire,1
u,1
francoise,1
hall,1
right,1
jack,1
arriola,1
kulutuksen,1
banneker,1
wonders,1
imparatorlugunda,1
soldier,1
supplementum,1
bloom,1
planters,1
rina,1
motono,1
guangqiu,1
evan,1
studi,1
noam,1
alter,1
duleep,1
mcvea,1
driver,1
hacsi,1
bland,1
terence,1
leon,1
sviluppo,1
radicals,1
kairien,1
point,1
siebeck,1
heinonen,1
canning,1
trollope,1
influencia,1
astronomer,1
tccriture,1
controversialist,1
solo,1
spain,1
devlet,1
fitzhenry,1
monastic,1
kaqchikeles,1
salvemini,1
litvin,1
verwaltung,1
smuts,1
evaluating,1
harold,1
reneau,1
eisler,1
karen,1
labor,1
kujala,1
hombre,1
eldik,1
jafri,1
pohjan,1
judaism,1
chapters,1
andy,1
preston,1
deux,1
woods,1
glamorgan,1
marcher,1
jennison,1
negros,1
scriptorium,1
eras,1
koch,1
madrid,1
bison,1
dynamics,1
conant,1
incas,1
hodgson,1
church,1
austryn,1
conboy,1
against,1
resurgimiento,1
olaf,1
group,1
agent,1
ioannes,1
divisa,1
angloamerican,1
forgotten,1
triantaphyllopoulou,1
janet,1
libertos,1
brother,1
overcoming,1
peattie,1
consumer,1
natalie,1
price,1
conrad,1
fiona,1
polling,1
curzel,1
alison,1
dick,1
visa,1
dialogos,1
z,1
satish,1
paysanne,1
bouchayers,1
camillocci,1
unity,1
wim,1
clay,1
cyprus,1
dean,1
gorbachev,1
forensic,1
praviacah,1
tibet,1
asutus,1
tauber,1
perspective,1
epoca,1
chauveau,1
nicholson,1
vom,1
hjalmarson,1
alutiiq,1
subjects,1
bloody,1
mombauer,1
body,1
kitching,1
response,1
quill,1
loreto,1
modernity,1
marlene,1
reuter,1
liverani,1
radio,1
crowell,1
jeffers,1
quit,1
cohen,1
dehoniane,1
sword,1
doyne,1
kinsey,1
zionist,1
arab,1
kelly,1
protostoria,1
look,1
werden,1
patrons,1
etiikka,1
zierden,1
citizen,1
sun,1
vyborg,1
about,1
leadership,1
general,1
hartmann,1
generation,1
samarbejde,1
reischauer,1
smoothbore,1
renewing,1
chan,1
britten,1
brussels,1
vashem,1
master,1
acadiensis,1
cattedrale,1
fulford,1
conflit,1
sabine,1
crossroads,1
costa,1
yorkers,1
champagne,1
site,1
mulatos,1
rigaudiere,1
sirisi,1
foot,1
roadside,1
suomi,1
hero,1
fort,1
builder,1
alamein,1
knoxville,1
afzal,1
octavian,1
expatriates,1
alexandre,1
peterson,1
privilege,1
turmoil,1
luigi,1
links,1
automobile,1
main,1
canonici,1
postmao,1
morrison,1
napoli,1
neutrals,1
akhileshwar,1
jests,1
aube,1
campagnes,1
landscape,1
na,1
hebrew,1
cii,1
irwin,1
ricerche,1
johnston,1
hansen,1
coastal,1
gleach,1
communism,1
highway,1
una,1
maior,1
collinson,1
environments,1
jarausch,1
edwin,1
europiischen,1
familiengedachtnis,1
developers,1
publisher,1
schoolcraft,1
brand,1
japanese,1
strange,1
tidal,1
benjamin,1
adversaries,1
tree,1
lorenzo,1
splosne,1
white,1
earl,1
fixico,1
arbor,1
xxx,1
roth,1
kunstler,1
historiallisia,1
derek,1
nauta,1
perilous,1
civilta,1
raymond,1
dusan,1
ordeal,1
slovenian,1
verghese,1
reason,1
soul,1
directory,1
disasters,1
battlefields,1
over,1
albert,1
lacey,1
winchester,1
monumental,1
genocide,1
wages,1
suharto,1
postmodern,1
gonzales,1
duane,1
les,1
jenrette,1
organization,1
colonialism,1
heiligen,1
peasant,1
elisabeth,1
bibliografi,1
parsi,1
jeannine,1
amid,1
liberal,1
consciousness,1
weather,1
humphrey,1
mireille,1
bruce,1
instrument,1
sudhir,1
shore,1
jaloissa,1
listed,1
delgado,1
four,1
companions,1
montgomery,1
magnifico,1
racing,1
max,1
prima,1
isola,1
electrified,1
vietnam,1
encouragement,1
readings,1
gandhi,1
bender,1
traitors,1
cotton,1
dahl,1
wireless,1
macau,1
antti,1
progressives,1
annike,1
langer,1
votes,1
yakas,1
algerian,1
rable,1
oliveira,1
utah,1
restaurant,1
shmuel,1
pisor,1
mencius,1
malettke,1
ryynanen,1
detroit,1
opinion,1
italiano,1
tyranny,1
decades,1
gottschild,1
dynastic,1
view,1
moderes,1
globalization,1
lori,1
mayas,1
essais,1
cristina,1
ei,1
kulturgeschichte,1
avant,1
uses,1
gregory,1
strum,1
klaus,1
betrayal,1
kennedy,1
societe,1
renie,1
suomalainen,1
walk,1
dempsey,1
hurja,1
mcgill,1
istanbuli,1
brookings,1
tycoon,1
harbor,1
could,1
porter,1
hull,1
kennebunk,1
medicine,1
conservative,1
color,1
serge,1
meddelanden,1
cruces,1
attrition,1
baton,1
foner,1
danmark,1
bomb,1
tucker,1
parillo,1
intellectuals,1
abbey,1
mittelalter,1
austin,1
near,1
poisson,1
maaseudun,1
mcdowell,1
udvarhelyi,1
kamakshi,1
valor,1
brill,1
poetry,1
pontanus,1
denneen,1
big,1
muslim,1
politique,1
banker,1
fourth,1
xxxiii,1
ann,1
hanford,1
occupation,1
holz,1
economia,1
shall,1
equal,1
preistoria,1
ebbert,1
rousseau,1
sodan,1
altroy,1
leonard,1
portland,1
naylor,1
ethel,1
recently,1
comme,1
facade,1
submarines,1
carmona,1
alessandro,1
barroll,1
vivante,1
mohammad,1
gilded,1
timai,1
svensk,1
franco,1
exegetical,1
smashing,1
peplar,1
rossi,1
toulouse,1
volker,1
bhagat,1
welfarismo,1
friedrich,1
ravintola,1
dianne,1
crackel,1
brooks,1
technical,1
eyewitness,1
hampi,1
wainhouse,1
failure,1
taxes,1
syria,1
colonies,1
herzog,1
unequal,1
network,1
ladino,1
apartheid,1
trial,1
don,1
perpetuated,1
perez,1
pugh,1
line,1
fisco,1
romans,1
shopkeepers,1
simone,1
bc,1
douglas,1
collette,1
onyejekwe,1
millenarianism,1
houston,1
reid,1
fraser,1
brophy,1
hogberg,1
storiografia,1
cord,1
cozzens,1
spy,1
elson,1
ranger,1
antico,1
ascesa,1
su,1
litvaks,1
compass,1
nella,1
knowledge,1
claus,1
communication,1
mbeki,1
dzurinda,1
appleton,1
sydney,1
friedland,1
konrad,1
fredericton,1
anand,1
composers,1
dal,1
bible,1
mcmullan,1
q,1
politica,1
universita,1
place,1
editorial,1
rand,1
omnibus,1
beginnings,1
keep,1
eliasson,1
europaischen,1
oaks,1
pandolfo,1
neue,1
historien,1
mallet,1
music,1
mckittrick,1
neohellenic,1
away,1
frederic,1
facolta,1
craftsmen,1
struve,1
seductive,1
kovac,1
mittelalterforschung,1
katz,1
own,1
currents,1
polity,1
airlines,1
drug,1
approach,1
cults,1
bonazza,1
furstenhofen,1
samantha,1
eqchi,1
massacre,1
kuluttajapolitiikkaan,1
messenger,1
noorani,1
iddnin,1
stockholm,1
barriger,1
creating,1
lefler,1
airborne,1
procuratorie,1
tudor,1
sense,1
edib,1
leccio,1
kultur,1
rousso,1
manoel,1
petri,1
afghan,1
secrest,1
debts,1
dictionary,1
almoravids,1
ethnicity,1
frigid,1
alto,1
nasca,1
moder,1
wigoder,1
heidin,1
mediterranean,1
lethen,1
heffer,1
jovene,1
augustan,1
troubles,1
small,1
dimaras,1
royalton,1
makt,1
allison,1
influence,1
consensus,1
suomen,1
few,1
hanley,1
tony,1
munich,1
zaalberg,1
krick,1
eighth,1
marzatico,1
cool,1
julien,1
acts,1
counteroffensive,1
civic,1
constantinople,1
corvallis,1
fire,1
intrepid,1
powe,1
herold,1
husain,1
norris,1
abduction,1
centroamericano,1
sociala,1
silversmithing,1
kotitalousneuvannasta,1
zipes,1
annual,1
perlman,1
when,1
indigena,1
up,1
scott,1
jankovi,1
soljenitsyne,1
lantbrukshistoriska,1
ensemble,1
fortress,1
notarialogie,1
proulx,1
ellen,1
rowman,1
familiengeschichte,1
joel,1
grafron,1
maccoun,1
brenda,1
socialism,1
scarecrow,1
wolfgang,1
holden,1
monarchy,1
interpreters,1
newsinger,1
haunting,1
calvin,1
discontents,1
sueio,1
gibbs,1
sakkoulas,1
grillo,1
jh,1
barbara,1
transforming,1
cerami,1
saich,1
cviii,1
selih,1
naming,1
republican,1
yasin,1
gustav,1
laske,1
edith,1
poland,1
san,1
sail,1
velkoen,1
blight,1
stonewall,1
fly,1
epoque,1
ballad,1
kassimeris,1
client,1
journey,1
vaudeville,1
scientific,1
littlefield,1
famille,1
syed,1
schmidt,1
lynn,1
juifs,1
renessancestudier,1
eva,1
brian,1
velallisensa,1
blessed,1
linden,1
heresies,1
jeffery,1
warwick,1
wings,1
bolman,1
return,1
benson,1
grantham,1
tschuggnall,1
anniversary,1
harris,1
islands,1
female,1
albany,1
fractured,1
johansson,1
suburban,1
visionary,1
allen,1
sushila,1
grande,1
estado,1
mahomet,1
thinkers,1
vinhosa,1
make,1
bill,1
tessza,1
surveyor,1
interactions,1
jihad,1
yad,1
experiences,1
yvette,1
studien,1
petit,1
adjusting,1
aldine,1
frankfort,1
tusculanum,1
clinique,1
dickie,1
religious,1
innovation,1
saussure,1
parker,1
gooding,1
cleopatra,1
vie,1
fighting,1
alenka,1
blythe,1
once,1
steerforth,1
bok,1
flame,1
land,1
criticism,1
anssi,1
alladi,1
capitolo,1
violence,1
hugh,1
doe,1
cleveland,1
rules,1
barker,1
emil,1
unviersity,1
cats,1
morgan,1
technology,1
chaim,1
orange,1
pedrotti,1
us,1
reconciliation,1
yeltsin,1
guerra,1
critical,1
unwin,1
marshall,1
alberti,1
courtauld,1
malay,1
victories,1
railroad,1
counterinsurgency,1
transformations,1
blockmans,1
complete,1
foundaamerican,1
lord,1
choices,1
battered,1
greehill,1
breslauer,1
historiography,1
subdivisions,1
eugenio,1
impero,1
industrial,1
wisconsin,1
tanner,1
lorton,1
memorial,1
stuart,1
parkman,1
mich,1
vermont,1
hibbert,1
revenge,1
bomberger,1
krause,1
altos,1
assensoh,1
present,1
zerffi,1
love,1
lee,1
marat,1
street,1
nova,1
britannica,1
dorsey,1
resolution,1
freeden,1
sungook,1
buckles,1
ozsvath,1
hollander,1
ind,1
seduced,1
rahaa,1
elie,1
heritage,1
jeffrey,1
lubbock,1
chantal,1
business,1
olivares,1
milano,1
libertines,1
factory,1
lva,1
muslims,1
mighty,1
opa,1
marty,1
toward,1
turner,1
academy,1
mifflin,1
desai,1
geyl,1
pavly,1
decorative,1
inquisition,1
crampton,1
niven,1
valladolid,1
lanzinger,1
milltown,1
herbert,1
decadas,1
stenehjem,1
georgian,1
twenty,1
stories,1
ghetto,1
moriarty,1
conduct,1
cour,1
carter,1
holloway,1
tulsa,1
indies,1
okey,1
floyd,1
feather,1
compound,1
sullivan,1
confederacy,1
mangold,1
mathematical,1
yee,1
eddy,1
mandolin,1
seconda,1
time,1
klaniczay,1
casino,1
classical,1
fayard,1
philippenko,1
rica,1
desire,1
foe,1
sturdy,1
arthur,1
navy,1
jung,1
galizianers,1
orpheus,1
nuclear,1
weeds,1
scienze,1
muhammad,1
pure,1
sunburst,1
rhetoric,1
careers,1
readers,1
behind,1
harootunian,1
religiose,1
do,1
everyday,1
thijs,1
gaston,1
corps,1
cambodia,1
leeds,1
advising,1
thirties,1
holli,1
oregon,1
loannou,1
nau,1
rolph,1
mex,1
robbers,1
karl,1
hated,1
macfarlane,1
derthick,1
see,1
strategies,1
habsburg,1
mcmahan,1
puttaswamaiah,1
practice,1
colony,1
agencies,1
politiques,1
incursions,1
giurisprudenza,1
swing,1
benn,1
genealogies,1
heinrich,1
taliban,1
mercy,1
sillanpaa,1
tusculanums,1
circe,1
ekonomi,1
siglo,1
railways,1
entrepreneurial,1
beverley,1
wood,1
tobruk,1
parramore,1
maya,1
barrett,1
mohr,1
another,1
verfassung,1
xli,1
understanding,1
mughal,1
collecting,1
domitian,1
kathleen,1
oil,1
higman,1
campaigns,1
father,1
success,1
turkey,1
alliance,1
ozn,1
fissel,1
doomed,1
kein,1
halidg,1
eighteenth,1
impeachment,1
reparations,1
modstand,1
moody,1
region,1
desperate,1
mirail,1
coffin,1
briitnica,1
looking,1
holt,1
leikkii,1
nikita,1
eta,1
postmoder,1
slobodan,1
cia,1
itek,1
prussia,1
lecture,1
independencia,1
use,1
touchstone,1
discursos,1
petrucci,1
kozo,1
sturm,1
station,1
mortain,1
gestapo,1
arnesen,1
reconstructing,1
streeck,1
duchess,1
congress,1
audion,1
falino,1
verso,1
evolution,1
hearder,1
viipurin,1
kingdom,1
vladimir,1
voice,1
prelude,1
khe,1
graham,1
beaufort,1
vices,1
goverance,1
pleshakov,1
ob,1
stopping,1
eleventh,1
haycox,1
rouge,1
tarter,1
netherlands,1
spoleto,1
panzer,1
cultura,1
rejected,1
whalen,1
meriwether,1
reassessing,1
infamy,1
margaret,1
armas,1
eddie,1
parke,1
archaeological,1
junta,1
torsten,1
authors,1
kampen,1
wylie,1
wesoky,1
seikaly,1
carnival,1
maasai,1
nelle,1
wilfried,1
victory,1
faces,1
grell,1
workers,1
isles,1
controversies,1
newcomb,1
skies,1
georges,1
kane,1
levin,1
tim,1
kiiltiir,1
federal,1
ely,1
moskin,1
fr,1
mnemosyne,1
calvalry,1
genc,1
paths,1
magna,1
wedderburn,1
configurations,1
loeb,1
keeper,1
mourning,1
colbeck,1
ceti,1
legitimating,1
venkatesh,1
fiorello,1
never,1
castilla,1
educational,1
eberhard,1
facing,1
zed,1
pearl,1
labour,1
wilkins,1
ridgway,1
dawson,1
settler,1
catherine,1
salt,1
vlach,1
dokumenten,1
gaetano,1
epistemology,1
coombes,1
interpretations,1
overcome,1
anderson,1
xxvi,1
detente,1
sodassa,1
scotia,1
enemies,1
mr,1
patterson,1
durst,1
conscience,1
rhetorical,1
deloria,1
hume,1
fryde,1
wells,1
zawadzki,1
lawyer,1
macmillan,1
cologne,1
otiiken,1
bock,1
bella,1
hanover,1
louisiana,1
falklands,1
malkasian,1
glenda,1
greek,1
immigration,1
claudia,1
brown,1
barony,1
pesadilla,1
sekatavarakauppiaat,1
muhlethaler,1
ethic,1
mordechai,1
emanuele,1
trails,1
entertainment,1
molly,1
fifty,1
whit,1
gilchon,1
gienapp,1
lo,1
para,1
helmut,1
mcmurry,1
debtors,1
welsh,1
declaration,1
erie,1
stars,1
brandeis,1
schaub,1
lederhendler,1
robins,1
documenti,1
five,1
sports,1
service,1
bowen,1
selections,1
groves,1
foster,1
tech,1
fear,1
osmanli,1
miekka,1
lombardi,1
toma,1
europeennes,1
male,1
medioevo,1
institutions,1
solfaroli,1
un,1
dyer,1
orientalism,1
wiebe,1
juan,1
jensen,1
ster,1
cholsamaj,1
holdsworth,1
markers,1
federalism,1
goetz,1
bohlau,1
lucas,1
comando,1
dietrich,1
annaluisa,1
es,1
literacy,1
methods,1
jongsuk,1
analysis,1
blood,1
allston,1
ward,1
hope,1
gat,1
comercio,1
clovis,1
wiesel,1
charlottesville,1
siedentop,1
preager,1
macgregor,1
bracher,1
poznanski,1
oreg,1
roupnel,1
worlds,1
presences,1
tuxedo,1
gumpert,1
redcoats,1
forest,1
berger,1
nationen,1
xxix,1
consulate,1
meskell,1
legacies,1
gabaccia,1
matters,1
durability,1
stephen,1
shaw,1
environment,1
presidency,1
victoria,1
taracena,1
tribe,1
aslam,1
thinking,1
beast,1
xxiv,1
rothwell,1
cromwell,1
sull,1
neiberg,1
delaforce,1
graff,1
comparison,1
bombay,1
tyske,1
tang,1
signore,1
ve,1
moulton,1
mario,1
manual,1
blom,1
baby,1
carr,1
accounts,1
lise,1
six,1
concord,1
beside,1
tawney,1
starbuck,1
fiery,1
airships,1
isaac,1
truman,1
regime,1
ranch,1
palace,1
tagliaferri,1
blacks,1
einhorn,1
bautizados,1
numeracy,1
temple,1
harbutt,1
funding,1
ame,1
avenement,1
command,1
evelyn,1
jamison,1
drake,1
gilmore,1
viceregal,1
southgate,1
reiches,1
patriot,1
kind,1
eli,1
aron,1
intellectual,1
suuressa,1
danish,1
control,1
geuss,1
country,1
languages,1
gale,1
mousnier,1
are,1
killinger,1
xliii,1
orestes,1
sell,1
commission,1
moral,1
jennet,1
distance,1
whitfield,1
alexander,1
ahr,1
print,1
wollenberg,1
constantine,1
presence,1
current,1
miracolo,1
keel,1
primeras,1
post,1
dennis,1
brogi,1
ideological,1
pritchard,1
theology,1
inca,1
enemy,1
guardia,1
terrorists,1
aspekte,1
raphael,1
pequots,1
cultivation,1
finns,1
eiichi,1
gaytan,1
identities,1
maltby,1
tutkimuksia,1
rural,1
gerber,1
works,1
oliver,1
davidson,1
plantation,1
places,1
piccoli,1
redefined,1
linnaleirit,1
adamses,1
nequette,1
crows,1
unlikely,1
yamamura,1
proceedings,1
investigation,1
fuego,1
interwar,1
millar,1
selected,1
reputations,1
rising,1
rebellion,1
dwyer,1
abraham,1
robinson,1
mayhaven,1
calif,1
concerts,1
sociology,1
monastery,1
jerzy,1
mcgirr,1
maistre,1
passed,1
armies,1
zeit,1
welzer,1
melba,1
maine,1
kaarniranta,1
hupchick,1
dream,1
petra,1
sanh,1
rafique,1
spector,1
culturel,1
tsar,1
foundations,1
heywood,1
xlviii,1
adaptaciones,1
create,1
samuelson,1
divide,1
dark,1
imperial,1
shah,1
property,1
vainovalkeat,1
chaotic,1
anna,1
grafting,1
moller,1
vourlojianis,1
haifa,1
siecles,1
reardon,1
frontiersmen,1
lukowski,1
huvi,1
xu,1
spaces,1
tsushima,1
burden,1
both,1
bodies,1
beitrage,1
gisela,1
richardson,1
avni,1
pain,1
nanda,1
ill,1
shi,1
nonliberal,1
emperor,1
sea,1
prospect,1
eleanor,1
blanchard,1
paolo,1
algonquin,1
november,1
mayor,1
williamson,1
makinen,1
die,1
subject,1
elizabethan,1
transition,1
demaratus,1
administration,1
egyptian,1
reserves,1
went,1
territory,1
margam,1
karoline,1
manhattan,1
generals,1
kingston,1
twenties,1
teodoro,1
manuela,1
rebels,1
symbiosis,1
fergus,1
goldwin,1
homosexuality,1
au,1
battista,1
postcolonial,1
tions,1
pouvoir,1
esclavos,1
our,1
frances,1
portugaises,1
protestantes,1
durante,1
berghahn,1
question,1
fundaqco,1
formation,1
students,1
weissman,1
radicalism,1
kleinschmidt,1
cleary,1
loth,1
albuquerque,1
pinnegar,1
ence,1
frontiers,1
neville,1
mcclain,1
wang,1
kerr,1
courtisans,1
knights,1
scribes,1
twentieth,1
tiibingen,1
paradigm,1
steam,1
defence,1
jacques,1
historiebruk,1
grant,1
vernacular,1
marconi,1
doctrine,1
publishing,1
grenoble,1
dangerous,1
profiles,1
gobiero,1
americas,1
include,1
brocades,1
statesman,1
cooper,1
suomessa,1
consumption,1
hofgesellschaft,1
canadian,1
waltzing,1
mosser,1
countryman,1
exercice,1
evidence,1
holmio,1
philippa,1
legislating,1
altiplano,1
thomson,1
rancher,1
volley,1
clues,1
godeau,1
buchanan,1
philosophy,1
diaspora,1
area,1
pomerans,1
madison,1
secolo,1
sdinnostelty,1
campaign,1
teel,1
clovekovih,1
reformation,1
zsuzsanna,1
marcello,1
siege,1
dissent,1
thousand,1
barry,1
jefferson,1
charlotte,1
between,1
close,1
blainey,1
karelian,1
treasure,1
shukman,1
costituzionale,1
nuova,1
pettegree,1
th,1
haussmann,1
enterprise,1
debate,1
juridictions,1
karla,1
bentley,1
texts,1
within,1
bescettelse,1
abroad,1
phillips,1
hausheer,1
samo,1
traditional,1
victorian,1
focus,1
images,1
marfa,1
lxxix,1
russes,1
arturo,1
cross,1
alberta,1
othmar,1
building,1
liguoir,1
spokane,1
malcolm,1
lilley,1
household,1
arizona,1
marburger,1
mehmet,1
reigns,1
