WORDCOUNTS,WEIGHT
the,51
of,31
and,17
in,16
to,16
a,12
magistrates,11
political,11
that,9
italian,7
is,6
by,6
these,6
start,6
have,6
be,6
their,5
as,5
with,5
also,5
end,5
judicial,5
has,5
this,5
berlusconi,4
his,4
one,4
not,4
or,4
most,4
against,4
italy,4
at,3
will,3
it,3
now,3
been,3
magistracy,3
but,3
more,3
are,3
s,3
other,3
powers,3
prominent,3
arrested,3
so,3
even,3
resist,3
democracy,2
situation,2
no,2
released,2
who,2
di,2
former,2
from,2
only,2
harper,2
party,2
power,2
might,2
many,2
opponents,2
efforts,2
for,2
judge,2
hands,2
person,2
do,2
those,2
investigation,2
them,2
practice,2
find,2
public,2
clean,2
civil,2
people,2
were,2
review,2
such,2
years,2
toga,2
would,2
on,2
charged,2
preventive,1
may,1
rights,1
does,1
misuse,1
film,1
christian,1
he,1
weapon,1
ferociously,1
urged,1
me,1
cow,1
matter,1
eles,1
if,1
names,1
brethren,1
corruption,1
short,1
wrote,1
indeed,1
erratum,1
service,1
created,1
aggressive,1
vague,1
notoriously,1
surer,1
months,1
discredited,1
institutions,1
red,1
implies,1
avvisi,1
yale,1
arm,1
polls,1
they,1
b,1
police,1
american,1
empowered,1
garanzia,1
prime,1
reforms,1
about,1
united,1
formed,1
communications,1
space,1
authority,1
darien,1
citizens,1
reason,1
bias,1
contemplating,1
democrats,1
country,1
favor,1
investigate,1
soon,1
joseph,1
sensationalism,1
university,1
socialists,1
addressed,1
was,1
unlike,1
abuses,1
shamefully,1
any,1
leaked,1
just,1
days,1
objectivity,1
worsened,1
frequently,1
already,1
must,1
footing,1
milan,1
anathema,1
increasingly,1
first,1
dubious,1
follow,1
discretion,1
either,1
surmise,1
ensuing,1
leader,1
name,1
flagrant,1
law,1
innuendo,1
inventive,1
tu,1
toward,1
again,1
others,1
ran,1
concurrence,1
agenda,1
vendettas,1
all,1
official,1
had,1
naught,1
publicly,1
words,1
my,1
came,1
longer,1
whom,1
courageously,1
gorged,1
best,1
leaders,1
ahr,1
pietro,1
governed,1
ambition,1
simple,1
p,1
reform,1
flimsy,1
which,1
seven,1
out,1
government,1
regret,1
new,1
mailed,1
antonio,1
john,1
footsteps,1
omitted,1
lapalombara,1
eu,1
historical,1
partisan,1
nevertheless,1
minister,1
february,1
procedural,1
destroyed,1
turned,1
behind,1
left,1
precisely,1
sacred,1
raised,1
italians,1
what,1
conspire,1
treat,1
recently,1
symbols,1
persons,1
namely,1
reputations,1
hides,1
wearers,1
advocates,1
incursions,1
resigned,1
ungenerously,1
perhaps,1
condemn,1
theory,1
required,1
leaving,1
style,1
number,1
politicized,1
mass,1
wants,1
impression,1
mandated,1
transparent,1
receive,1
because,1
pursued,1
require,1
another,1
thousands,1
having,1
some,1
possible,1
libertarians,1
claim,1
maneuvering,1
point,1
excesses,1
materialize,1
magistrate,1
apparent,1
press,1
related,1
maids,1
along,1
easy,1
infamous,1
facto,1
encouraged,1
caught,1
letter,1
use,1
andreotti,1
oppose,1
causes,1
seethe,1
actually,1
aspect,1
nothing,1
continue,1
analogy,1
come,1
false,1
cry,1
office,1
i,1
silvio,1
reverse,1
j,1
won,1
rendered,1
run,1
polity,1
errors,1
de,1
aided,1
draped,1
avviso,1
course,1
running,1
accidentally,1
times,1
should,1
correct,1
flood,1
evidence,1
media,1
ctivities,1
states,1
mask,1
voters,1
you,1
colleagues,1
giulio,1
after,1
detention,1
davis,1
blank,1
specific,1
few,1
acts,1
editors,1
dramatic,1
narrow,1
succeeded,1
twice,1
clock,1
incarceration,1
can,1
supporter,1
pool,1
fully,1
when,1
elated,1
corrected,1
world,1
among,1
citizen,1
notice,1
than,1
recent,1
crime,1
col,1
prosecutors,1
contaminate,1
activities,1
separate,1
selectively,1
