WORDCOUNTS,WEIGHT
the,83
of,52
and,48
in,40
to,35
s,25
a,18
americanism,18
anti,16
that,15
as,12
with,11
was,9
by,9
roman,8
on,8
is,7
citizenship,7
u,7
it,6
they,6
forum,6
has,6
its,6
were,6
an,6
european,5
their,5
american,5
about,5
not,5
into,5
from,5
but,5
for,5
lunar,5
this,5
world,5
who,4
legal,4
barbarian,4
or,4
moon,4
war,4
empire,4
america,4
region,4
at,3
how,3
asia,3
articles,3
philo,3
history,3
offers,3
marriage,3
drawing,3
are,3
different,3
ahr,3
post,3
very,3
mathisen,3
cressy,3
concept,3
thus,3
years,3
century,3
self,3
article,3
be,3
always,3
early,3
settlers,2
states,2
caracalla,2
americans,2
africa,2
she,2
way,2
indeed,2
created,2
e,2
opportunity,2
asian,2
religious,2
agency,2
use,2
united,2
space,2
wives,2
english,2
determination,2
modern,2
us,2
western,2
then,2
latin,2
liberal,2
growing,2
nineteenth,2
these,2
most,2
first,2
also,2
punish,2
astronomical,2
england,2
had,2
europe,2
could,2
asians,2
eruptions,2
been,2
able,2
contemporary,2
commitment,2
concepts,2
what,2
them,2
less,2
well,2
views,2
travel,2
both,2
upon,2
cold,2
against,2
used,2
largely,2
during,2
policies,2
colonial,2
diversity,2
question,2
i,2
such,2
own,2
tanganyika,2
washington,2
finally,2
judges,2
peterson,2
fostered,2
high,2
defined,2
discourse,2
especially,2
litigants,2
between,2
modernity,2
c,2
looks,2
hardly,2
subsequently,1
contributes,1
courts,1
emulate,1
admire,1
democracy,1
naming,1
christian,1
he,1
fueled,1
deference,1
communist,1
adultery,1
played,1
adulterers,1
provide,1
contest,1
contact,1
difficult,1
bringing,1
stuart,1
inhabitants,1
movements,1
medieval,1
later,1
populations,1
extramarital,1
analyses,1
foreign,1
encompassed,1
wrote,1
plays,1
bound,1
claimed,1
dictators,1
fear,1
limited,1
bridewealth,1
conjoined,1
revolt,1
inclusive,1
barbarians,1
widespread,1
legitimate,1
revolutionary,1
model,1
process,1
concern,1
cole,1
dealt,1
imperialism,1
make,1
polls,1
proportion,1
wake,1
grandin,1
contribution,1
church,1
wilson,1
importance,1
articulating,1
modes,1
large,1
southern,1
parts,1
inhabited,1
payment,1
studies,1
columbian,1
nationalist,1
kinds,1
expectations,1
certificates,1
distant,1
confronting,1
surprising,1
elitism,1
derek,1
broadened,1
defenders,1
creatures,1
support,1
centuries,1
thought,1
citizens,1
sympathy,1
cuba,1
itself,1
face,1
worlds,1
settled,1
interpretive,1
copernican,1
many,1
facilitated,1
monolithic,1
antonine,1
sex,1
east,1
meant,1
technology,1
venezuela,1
fifth,1
god,1
missionaries,1
ideals,1
matters,1
challenged,1
policy,1
claims,1
ancient,1
literary,1
constant,1
necessary,1
behavior,1
emergence,1
serious,1
underlying,1
perspectives,1
warren,1
wrongdoers,1
elsewhere,1
husbands,1
culture,1
same,1
litigation,1
placed,1
tariffs,1
demonstrates,1
lament,1
complexity,1
meaningless,1
partly,1
barbari,1
too,1
w,1
veritable,1
peoples,1
without,1
credence,1
four,1
two,1
extensive,1
begins,1
democratic,1
increasingly,1
regional,1
only,1
vietnam,1
transatlantic,1
recognizable,1
offered,1
social,1
act,1
quantitative,1
ralph,1
peregrini,1
favorable,1
more,1
interests,1
law,1
book,1
bitter,1
scientific,1
power,1
cover,1
inflexible,1
important,1
opinion,1
malleable,1
others,1
cives,1
constitution,1
humans,1
put,1
nancy,1
control,1
all,1
residence,1
scholars,1
cultures,1
efforts,1
words,1
definition,1
marshaled,1
expanding,1
shows,1
company,1
other,1
resentment,1
questioned,1
fundamental,1
disillusionment,1
tradition,1
did,1
advantage,1
rule,1
entered,1
argue,1
propaganda,1
reasons,1
inclusion,1
episodic,1
soared,1
espouse,1
tucker,1
link,1
speculation,1
hundred,1
grievances,1
generalizations,1
goods,1
end,1
romani,1
debates,1
ambivalence,1
granting,1
associated,1
perpetuating,1
take,1
opt,1
historical,1
identities,1
evolving,1
nevertheless,1
pattern,1
man,1
bernkopf,1
interpretations,1
conjugal,1
arrogance,1
lent,1
merely,1
late,1
muslim,1
anglican,1
do,1
likelihood,1
those,1
supporters,1
understood,1
political,1
opposite,1
gienow,1
conventional,1
where,1
circles,1
context,1
whether,1
terms,1
offering,1
see,1
cannot,1
making,1
case,1
issue,1
side,1
pertinent,1
troops,1
record,1
however,1
assortment,1
tension,1
your,1
perhaps,1
jessica,1
eastern,1
books,1
governance,1
opposition,1
fascination,1
wonderment,1
accordance,1
while,1
possibility,1
draw,1
because,1
bureaucratic,1
invasion,1
argues,1
provincial,1
local,1
conservatives,1
when,1
theological,1
opened,1
suggests,1
some,1
greg,1
flip,1
greatest,1
literature,1
psychology,1
romans,1
strain,1
popular,1
foreigners,1
made,1
move,1
writers,1
values,1
churchmen,1
vexed,1
through,1
issuance,1
timely,1
emperor,1
enormous,1
example,1
civil,1
sixth,1
proved,1
contacts,1
over,1
role,1
along,1
undoubtedly,1
african,1
identity,1
subject,1
transition,1
pundits,1
forged,1
whole,1
condition,1
fit,1
consistently,1
assumption,1
virtually,1
critique,1
juan,1
issues,1
morality,1
phenomenon,1
contains,1
ideas,1
learned,1
middle,1
dislocation,1
ethnic,1
central,1
freedom,1
varied,1
taylorism,1
complaints,1
our,1
reinforced,1
throughout,1
personal,1
focuses,1
comments,1
review,1
plurality,1
evidence,1
showing,1
charge,1
mine,1
authorized,1
philippines,1
pursue,1
since,1
three,1
contract,1
moral,1
twentieth,1
legitimacy,1
sprang,1
authors,1
october,1
september,1
spouses,1
grant,1
essay,1
interest,1
logic,1
crisis,1
co,1
creating,1
corrective,1
moment,1
decided,1
relations,1
david,1
land,1
caused,1
define,1
countries,1
would,1
voiced,1
integration,1
sports,1
troubled,1
spans,1
after,1
standpoint,1
sharp,1
doubted,1
adam,1
embodies,1
blame,1
reformation,1
americas,1
concerning,1
wondered,1
contrary,1
commentators,1
systems,1
inspirational,1
eyes,1
response,1
distinctions,1
insists,1
civic,1
served,1
allowing,1
decline,1
elites,1
usual,1
cohen,1
third,1
can,1
find,1
uncertainty,1
generally,1
descendants,1
bounds,1
inability,1
seed,1
predictable,1
even,1
rhetorical,1
little,1
unlimited,1
section,1
images,1
much,1
marital,1
iraq,1
among,1
than,1
notes,1
traditions,1
fordism,1
psychoanalysis,1
hecht,1
clerics,1
general,1
pronounced,1
ca,1
passive,1
attention,1
actions,1
perception,1
perpetual,1
heterogeneous,1
