WORDCOUNTS,WEIGHT
the,1235
of,916
in,584
and,528
a,387
to,357
s,212
was,208
american,164
that,144
new,144
for,135
as,116
it,107
homespun,107
on,105
an,95
york,93
by,85
their,83
with,81
from,78
his,74
had,73
dress,71
see,69
be,63
no,59
not,59
this,58
is,58
at,56
were,53
political,50
all,49
which,48
america,45
but,42
they,40
historical,39
virtue,38
more,37
so,37
review,36
sartorial,36
december,36
life,35
one,34
such,34
republican,34
he,34
would,34
states,34
women,33
its,33
social,33
united,33
revolution,32
or,32
when,31
same,31
franklin,31
history,30
fashion,30
manufactures,30
boston,29
clothing,29
than,28
also,28
society,27
made,27
industry,26
industrial,26
now,25
household,25
who,24
are,24
what,24
cloth,24
century,23
quoted,23
only,23
michael,23
material,23
country,23
them,23
our,23
gazette,23
luxury,22
public,22
other,22
costume,22
j,21
zakim,21
i,21
men,21
washington,21
into,20
could,20
own,20
fact,20
we,20
did,20
even,19
ideologies,19
n,19
world,19
city,19
will,19
man,19
great,18
most,18
civic,18
dressed,18
about,18
john,18
pennsylvania,18
each,18
have,18
state,17
simplicity,17
between,17
economy,17
while,17
became,17
colonial,17
first,16
simple,16
may,16
how,16
age,16
however,16
virtuous,16
bloomer,16
less,16
william,16
early,16
production,15
there,15
politics,15
thus,15
after,15
university,15
people,15
progress,15
been,15
c,15
those,14
magazine,14
cultural,14
nation,14
clothes,14
economic,14
wrote,14
ed,14
these,14
longer,14
foreign,14
then,14
spinning,14
national,14
revolutionary,13
bushnell,13
labor,13
democratic,13
part,13
london,13
order,13
business,13
us,13
time,13
any,13
years,13
manufacture,13
buchanan,13
way,12
e,12
court,12
mass,12
since,12
citizen,12
americans,12
productive,12
textile,12
during,12
good,12
republic,12
make,12
appeared,12
ideology,12
her,12
subject,12
manufacturing,12
declared,11
if,11
before,11
every,11
england,11
frugality,11
british,11
adams,11
philadelphia,11
appearance,11
out,11
president,11
family,11
june,11
massachusetts,11
up,11
thought,11
home,11
culture,11
two,11
where,11
hamilton,11
independence,11
mirror,11
coat,11
wear,11
domestic,11
goods,11
yards,10
corruption,10
english,10
long,10
nature,10
ladies,10
rather,10
l,10
house,10
james,10
because,10
work,10
actually,10
commerce,10
manners,10
present,10
woman,10
class,10
january,10
hunt,10
dissertation,10
making,10
commercial,10
cambridge,10
d,10
jefferson,10
ser,10
democracy,9
meaning,9
market,9
being,9
richard,9
fine,9
times,9
without,9
b,9
benjamin,9
found,9
p,9
sovereignty,9
colonies,9
status,9
fashions,9
indeed,9
elizabeth,9
another,9
upon,9
silverman,9
entirely,9
earlier,9
thomas,9
become,9
quarterly,9
european,9
success,9
arts,9
very,9
virginia,9
both,9
role,9
instance,9
much,9
modern,8
marcy,8
liberty,8
wore,8
southern,8
plain,8
greene,8
against,8
machine,8
general,8
appear,8
county,8
edn,8
middle,8
protest,8
contrast,8
procession,8
once,8
gentleman,8
suit,8
toward,8
smith,8
farmers,8
eds,8
expression,8
congress,8
farmer,8
like,8
george,8
citizens,8
over,8
phd,8
cloths,8
popular,8
era,8
should,8
common,7
imported,7
dressing,7
character,7
t,7
wool,7
jackson,7
book,7
government,7
still,7
explained,7
journal,7
industries,7
coats,7
flax,7
cotton,7
david,7
produced,7
r,7
whole,7
place,7
things,7
gender,7
merchant,7
silk,7
efforts,7
post,7
do,7
empire,7
coarse,7
style,7
wood,7
published,7
classes,7
proved,7
described,7
lady,7
division,7
can,7
white,7
patriotic,7
hill,7
rpt,7
symbol,7
best,7
alexander,7
number,7
past,7
too,7
little,7
presented,7
refinement,7
question,7
bagnall,7
conn,7
observed,7
course,7
you,7
just,6
diplomatic,6
true,6
nineteenth,6
based,6
rested,6
represented,6
words,6
within,6
far,6
interest,6
civilizing,6
looms,6
delivered,6
polite,6
days,6
w,6
m,6
here,6
war,6
persons,6
wealth,6
required,6
well,6
already,6
ideal,6
working,6
discourse,6
small,6
value,6
south,6
sans,6
april,6
july,6
cole,6
company,6
power,6
europe,6
reform,6
classical,6
end,6
worn,6
never,6
took,6
promoted,6
charleston,6
original,6
distinctly,6
identity,6
contemporary,6
trade,6
allowed,6
exchange,6
chapel,6
hartford,6
northern,6
separate,6
relationship,6
souci,6
different,6
happiness,6
chicago,6
terms,6
cause,6
private,6
radicalism,6
campaign,6
among,6
linen,6
willis,6
college,5
connecticut,5
chester,5
h,5
tied,5
certainly,5
georgia,5
tradition,5
robert,5
opposite,5
system,5
issue,5
robes,5
march,5
october,5
himself,5
g,5
quality,5
weaving,5
kind,5
back,5
body,5
young,5
y,5
look,5
town,5
whose,5
act,5
daughters,5
copley,5
similar,5
self,5
organization,5
sorts,5
familiar,5
black,5
mary,5
origins,5
policy,5
result,5
effort,5
your,5
sacrifice,5
representatives,5
having,5
basis,5
consequently,5
pantaloons,5
example,5
year,5
clad,5
et,5
bishop,5
project,5
garb,5
dependent,5
proper,5
led,5
female,5
wheels,5
soon,5
morgan,5
under,5
woolen,5
kasson,5
reigart,5
love,5
bushman,5
practical,5
colony,5
day,5
civilized,5
manufactured,5
stockings,5
full,5
previous,5
ex,5
wheel,5
essay,5
keep,5
especially,5
pocock,5
britain,5
me,5
she,5
continued,5
figure,5
horace,5
susan,5
considered,5
shirt,5
practice,5
histoty,5
spring,5
patriot,5
continental,5
stamp,5
proponents,5
sheep,5
down,5
half,5
report,5
turned,5
imperial,5
ohio,5
breeches,5
themselves,5
th,5
grace,5
doing,5
plainness,4
everyone,4
large,4
telling,4
designed,4
federal,4
spirit,4
arms,4
accumulation,4
interests,4
hood,4
might,4
rush,4
attempt,4
ragsdale,4
happy,4
providence,4
real,4
precisely,4
doc,4
daniel,4
photographer,4
king,4
sought,4
nonimportation,4
some,4
possible,4
sale,4
plenty,4
utility,4
conflict,4
kidwell,4
development,4
de,4
consumer,4
issued,4
stanton,4
adam,4
old,4
response,4
monarchical,4
tyler,4
profit,4
generation,4
let,4
opposed,4
poor,4
recognized,4
woolens,4
opportunity,4
turn,4
means,4
apparel,4
calif,4
improvement,4
conveniences,4
contemporaries,4
stewart,4
beyond,4
important,4
union,4
advance,4
my,4
columbia,4
begun,4
cady,4
hurrah,4
equal,4
garments,4
abroad,4
future,4
civil,4
call,4
marched,4
patriots,4
scarlet,4
severa,4
reported,4
struck,4
provenance,4
gordon,4
f,4
second,4
sons,4
equality,4
standing,4
single,4
yet,4
matson,4
al,4
indian,4
principles,4
again,4
others,4
lack,4
together,4
coarseness,4
puritan,4
rhetoric,4
stuff,4
hand,4
landscape,4
celebrated,4
free,4
session,4
lost,4
birth,4
eighteenth,4
matthews,4
carey,4
nothing,4
significance,4
three,4
moral,4
cunningham,4
peter,4
logic,4
diplomats,4
august,4
him,4
edmund,4
ann,4
embodied,4
liberalism,4
hale,4
manly,4
male,4
institutions,4
began,4
transformation,4
fall,4
face,4
album,4
houdon,4
ever,4
earle,4
natural,4
attired,4
attire,4
ideological,4
form,4
onuf,4
alice,4
problem,4
winterthur,4
through,4
intended,4
broadcloth,4
propertied,4
instead,4
consumption,4
effects,4
defined,4
association,4
offered,4
rest,4
forms,4
gold,4
proclaimed,3
go,3
characterized,3
exhibition,3
fineness,3
anthony,3
later,3
tyranny,3
berkeley,3
trans,3
yankee,3
likewise,3
doodle,3
instructions,3
essays,3
library,3
uniquely,3
active,3
satisfied,3
better,3
wolf,3
greater,3
western,3
raw,3
habits,3
princeton,3
came,3
pleasure,3
davis,3
bloomers,3
nostalgic,3
creation,3
exclusive,3
greatness,3
give,3
military,3
vols,3
secretary,3
genteel,3
containing,3
rhode,3
daily,3
palace,3
display,3
feminism,3
rich,3
narrative,3
skirts,3
hunting,3
products,3
vices,3
take,3
nevertheless,3
spinners,3
pants,3
gibson,3
citizenship,3
sleeves,3
side,3
crystal,3
unostentatious,3
has,3
crowley,3
olmsted,3
jack,3
sheba,3
opened,3
begot,3
beverly,3
obvious,3
point,3
silks,3
census,3
complained,3
human,3
endeavor,3
throughout,3
tailors,3
dependence,3
merchants,3
tryon,3
moment,3
finery,3
thing,3
rank,3
nor,3
slave,3
served,3
club,3
left,3
taste,3
find,3
seal,3
apparently,3
occasion,3
marx,3
influence,3
marching,3
promised,3
rights,3
civilization,3
dilemma,3
principally,3
main,3
basic,3
explicit,3
myself,3
signaled,3
requisite,3
standard,3
supposed,3
support,3
suggested,3
paris,3
organized,3
four,3
ministers,3
gandhi,3
followed,3
notions,3
cut,3
wigs,3
view,3
authority,3
societies,3
called,3
pioneer,3
bug,3
late,3
sword,3
adopt,3
accordingly,3
fashionable,3
opposition,3
used,3
island,3
imports,3
blue,3
baker,3
concept,3
calls,3
comment,3
though,3
must,3
gave,3
skirt,3
weekly,3
portraits,3
prices,3
predilections,3
useful,3
lowest,3
simpler,3
rarer,3
highly,3
brought,3
raiment,3
always,3
necessity,3
wife,3
correspondence,3
french,3
notes,3
nations,3
critical,3
therefore,3
heretofore,3
homemade,3
letters,3
identified,3
above,3
republicanism,3
assigned,3
riches,3
scarcity,3
selling,3
opportunities,3
stuffs,3
sex,3
borrowed,3
official,3
complete,3
baltimore,3
loom,3
rise,3
weavers,3
wreath,3
members,3
buckles,3
paul,3
put,3
addition,3
many,3
joyce,3
agrarian,3
striking,3
importation,3
children,3
personal,3
arthur,3
edward,3
upper,3
model,3
manner,3
yarn,3
necessary,3
perhaps,3
plumage,3
discovery,3
patricia,3
greeley,3
concern,3
use,3
food,3
aside,3
questions,3
ceremonies,3
california,3
coxe,3
directed,3
eve,3
individual,3
practicality,3
period,3
entitled,3
improved,3
solution,3
short,3
imagination,3
favored,3
sentiment,3
satisfy,3
exactly,3
seeking,3
looked,3
etc,3
attention,3
claudia,3
tennessee,3
ethic,3
fifty,3
signs,3
dual,3
grammar,3
independent,3
developing,3
tocqueville,3
celebration,3
widespread,3
constitution,3
itself,3
claimed,3
construction,3
wives,3
thinking,3
impulse,3
walk,3
comparison,3
extensive,3
accounts,3
physical,3
text,3
alternative,3
set,3
know,3
excess,3
save,3
current,3
lancaster,3
matthew,3
cities,3
distinguished,3
ethos,3
february,3
plantation,3
industriousness,3
evident,3
according,3
orleans,3
theory,3
constitutional,3
threat,3
urban,3
art,3
elias,3
peifect,3
bourgeois,3
respectable,3
song,3
lab,3
pa,3
jacksonian,3
energies,3
ranks,3
ulrich,3
argument,3
difference,3
kingdom,3
need,3
product,3
appleby,3
testament,3
davenport,3
assumed,3
softness,3
protested,3
morse,3
given,3
images,3
seemed,3
north,3
householder,3
proposed,2
bernard,2
knee,2
greenfield,2
o,2
ethics,2
stuart,2
prize,2
created,2
emerson,2
wa,2
congressman,2
adoption,2
sphere,2
distributed,2
per,2
former,2
becoming,2
replaced,2
myth,2
cornelius,2
stone,2
shoe,2
referring,2
dialectics,2
sumptuary,2
strictly,2
walker,2
jonathan,2
easily,2
tribune,2
favor,2
conscious,2
dignified,2
antebellum,2
contented,2
straitened,2
something,2
source,2
practices,2
hoping,2
said,2
aesthetic,2
consistent,2
inhibited,2
explaining,2
herald,2
embraced,2
giant,2
connection,2
embroidery,2
implications,2
planting,2
dresses,2
emerged,2
advanced,2
capital,2
leach,2
frederick,2
hoffman,2
allan,2
capitalist,2
clothed,2
leading,2
togas,2
pretense,2
vest,2
achievement,2
able,2
despotism,2
atlantic,2
thanks,2
hundred,2
superfine,2
jacket,2
embrace,2
traditionally,2
forefather,2
mind,2
influences,2
primitive,2
foresters,2
reminiscent,2
advantages,2
ad,2
advances,2
ambitions,2
papers,2
case,2
lamp,2
linear,2
courtesy,2
tie,2
chants,2
amelia,2
admonitions,2
representations,2
changed,2
design,2
porter,2
ball,2
goethe,2
foreigners,2
taxation,2
measuring,2
west,2
apart,2
timothy,2
radical,2
bottom,2
countered,2
wehtje,2
range,2
collection,2
inventory,2
goal,2
andrew,2
includes,2
fit,2
regularly,2
ronald,2
purpose,2
interior,2
pursuit,2
hierarchy,2
plainest,2
author,2
forgotten,2
characteristic,2
ease,2
reproduced,2
draped,2
honest,2
envy,2
walter,2
reformers,2
jr,2
insisted,2
advertiser,2
convention,2
fabrics,2
alphabetization,2
ability,2
assured,2
hat,2
guided,2
resting,2
shearing,2
distinct,2
exhortations,2
attlee,2
clark,2
approved,2
marriage,2
ithaca,2
serving,2
honesty,2
houses,2
fullers,2
gauge,2
maty,2
poem,2
subterranean,2
andover,2
spin,2
mechanical,2
vice,2
gaze,2
colonials,2
pretension,2
columns,2
acknowledge,2
fierce,2
partisan,2
capitals,2
narragansett,2
aim,2
failed,2
foote,2
rock,2
simultaneously,2
circular,2
westport,2
middling,2
destroy,2
happily,2
abundance,2
shammas,2
patronage,2
subsistence,2
mean,2
neatly,2
una,2
singing,2
tel,2
households,2
inquiry,2
humanity,2
grattan,2
suited,2
population,2
k,2
distant,2
lay,2
howe,2
wash,2
debow,2
discernible,2
inauguration,2
romantic,2
facilitated,2
ensure,2
wages,2
servants,2
establishments,2
dwight,2
benefits,2
otherwise,2
why,2
liberal,2
warren,2
elsewhere,2
edition,2
tying,2
decade,2
argued,2
prevent,2
forget,2
doric,2
polanyi,2
additional,2
erupted,2
generally,2
consequence,2
cost,2
servile,2
sterner,2
victorian,2
answers,2
committee,2
wearing,2
strategy,2
bras,2
decades,2
profligacy,2
mathews,2
expressed,2
tax,2
associators,2
carrying,2
ambition,2
search,2
conspicuous,2
feelings,2
suits,2
representative,2
term,2
irony,2
understood,2
informed,2
shall,2
latter,2
engraved,2
appears,2
superfluities,2
strong,2
tailor,2
steele,2
verse,2
tension,2
fox,2
enough,2
cato,2
necessities,2
industrious,2
brooks,2
litchfield,2
excellence,2
extravagance,2
none,2
frontispiece,2
modesty,2
reflection,2
memory,2
ewen,2
knight,2
carrie,2
description,2
officers,2
gottesman,2
templeton,2
winter,2
commissioned,2
advertising,2
doors,2
rivals,2
employed,2
endorsed,2
approbation,2
universally,2
depicting,2
makes,2
change,2
commons,2
legacy,2
painting,2
successful,2
hard,2
shaping,2
trading,2
skeins,2
amidst,2
don,2
shirts,2
several,2
mandeville,2
concerns,2
governments,2
dramatic,2
research,2
niles,2
usual,2
reie,2
st,2
uniform,2
comfort,2
resistance,2
inverted,2
ellen,2
reflected,2
putnam,2
propriety,2
luxuries,2
cloaths,2
subsequently,2
commensurate,2
tea,2
evening,2
tasks,2
farm,2
absence,2
materials,2
laurel,2
alphabetical,2
drama,2
located,2
ought,2
curtis,2
albany,2
innocence,2
monochrome,2
garden,2
civility,2
unprecedented,2
outer,2
eighty,2
reception,2
religious,2
positive,2
guarantor,2
corrupting,2
chronicle,2
edited,2
museum,2
meanwhile,2
arrangements,2
erected,2
consuming,2
albert,2
east,2
seeing,2
roles,2
clothiers,2
inspiration,2
axiomatic,2
thesis,2
denounced,2
imitate,2
ascetic,2
participants,2
gendering,2
supplied,2
collective,2
embellished,2
friend,2
gentlemen,2
baby,2
harper,2
double,2
street,2
lamb,2
resolution,2
flowing,2
idle,2
law,2
fell,2
paean,2
polemic,2
september,2
hoop,2
tailoring,2
paine,2
georgian,2
queen,2
idea,2
reinvention,2
woollen,2
pages,2
versailles,2
really,2
doubt,2
golden,2
away,2
secured,2
bell,2
anne,2
minister,2
match,2
ages,2
everyday,2
available,2
layers,2
duties,2
bridenbaugh,2
native,2
metropolitan,2
books,2
controversy,2
streets,2
plush,2
mccusker,2
imitators,2
thoroughly,2
elevation,2
mills,2
image,2
credit,2
proudly,2
recognizing,2
similitude,2
wilderness,2
indiana,2
korshin,2
easier,2
farming,2
values,2
slaves,2
donned,2
elite,2
crafts,2
honorable,2
bellows,2
significant,2
transcendent,2
resulting,2
unanimity,2
improvements,2
aristocratic,2
exports,2
clear,2
provoked,2
excited,2
restraint,2
express,2
virtues,2
portfolio,2
pride,2
someone,2
exquisite,2
oration,2
summer,2
distinction,2
lie,2
proximity,2
crevecoeur,2
carson,2
freeborn,2
aviv,2
promotion,2
whittier,2
comparing,2
behind,2
include,2
study,2
eyes,2
newspapers,2
sight,2
effect,2
trades,2
godey,2
statue,2
story,2
contracts,2
arisen,2
cape,2
haven,2
celebrity,2
governor,2
quarter,2
arbor,2
spinner,2
brown,2
increasing,2
frontier,2
carried,2
fashionableness,2
pictorial,2
belonged,2
decadent,2
linda,2
vision,2
program,2
confederacy,2
vague,2
directory,2
yale,2
force,2
recognize,2
welters,2
kloppenberg,2
worlds,2
often,2
uncouth,2
pristine,2
quite,2
charlottesville,2
types,2
raising,2
joseph,2
militia,2
meant,2
victorious,2
isaac,2
claims,2
drapery,2
proof,2
contained,2
girls,2
following,2
leveling,2
ornate,2
series,2
version,2
wartime,2
broadway,2
literaty,2
constituted,2
democracies,2
symbolic,2
known,2
stephen,2
machiavellian,2
objects,2
ralph,2
molineux,2
sciences,2
drew,2
dimple,2
equation,2
comparative,2
cousin,2
systems,2
crowds,2
intellectual,2
principle,2
sure,2
rear,2
advertisements,2
paper,2
artifice,2
distinctions,2
acts,2
victoria,2
foundation,2
observe,2
particularly,2
brothers,2
clearly,2
written,2
benefit,2
associations,2
lily,2
innumerable,2
rural,2
consciousness,2
living,2
caricature,2
bands,2
elites,2
person,2
feminist,2
cleared,2
animal,2
elevated,2
abigail,2
realities,2
purchase,2
unique,2
implicit,2
whether,2
reconcile,2
want,2
revere,2
quote,2
metaphor,2
agricultural,2
hoped,2
mere,2
colonists,2
produce,2
kramnick,2
balance,2
almost,2
mercantilist,2
hundreds,2
categories,2
freedom,2
size,2
finished,2
varieties,2
trees,2
son,2
inimical,2
ill,2
breen,2
altogether,2
symbols,2
press,2
immigrant,2
histoiy,2
dismal,2
measure,2
condition,2
spartan,2
commodities,2
treasury,2
maintained,2
evidenced,2
harrison,2
think,2
luxurious,2
wilentz,2
flocks,2
enthusiasm,2
centennial,2
devoted,2
baubles,2
powers,2
florida,2
samuel,2
koepp,2
crisis,2
wish,2
register,2
mause,2
grown,2
although,2
handsomely,2
land,2
appreciated,2
evidence,2
regular,2
genius,2
prosperity,2
area,2
measured,2
showed,2
respective,2
charles,2
replacing,2
thatcher,2
encouraging,2
rudofsky,2
last,2
carole,2
rejection,2
say,2
inasmuch,2
escalating,2
debate,2
nathaniel,2
fancy,2
artisanal,2
permanent,2
livestock,2
famous,2
desiderata,2
building,2
meeting,2
mistaken,2
portrait,2
singleton,2
elegance,2
courts,1
perspicacious,1
woven,1
gentility,1
withington,1
resolve,1
miller,1
cambricks,1
filth,1
fleming,1
archives,1
dictating,1
abolition,1
warping,1
sharpe,1
customers,1
gilbert,1
explosion,1
handsome,1
temporal,1
blazon,1
done,1
continentthis,1
countryside,1
validation,1
along,1
page,1
obligations,1
fathers,1
patience,1
heightened,1
uncorrupted,1
museulm,1
herself,1
heroic,1
protests,1
concerned,1
medieval,1
beth,1
gerrit,1
humphrey,1
effected,1
toned,1
corporate,1
generous,1
revolhution,1
impossibility,1
praised,1
boycott,1
encouraged,1
battle,1
represent,1
dangers,1
widrns,1
defining,1
celebre,1
paraphrased,1
resulted,1
goldsmith,1
highminded,1
cheapness,1
presses,1
pruitt,1
literatute,1
vogue,1
follies,1
ruffled,1
inconvenience,1
resided,1
alone,1
outfit,1
prairie,1
ultimate,1
originating,1
considerably,1
totally,1
kalb,1
introduction,1
celebrate,1
notably,1
haughty,1
expect,1
everybody,1
scottish,1
group,1
told,1
center,1
settlements,1
needed,1
prediction,1
elementary,1
margo,1
touched,1
factories,1
dignity,1
hate,1
lexicon,1
kinds,1
mobility,1
nostalgia,1
nouveau,1
symbolize,1
advised,1
hisoia,1
vickers,1
ma,1
overdue,1
diversification,1
newark,1
vigour,1
services,1
flowering,1
biggest,1
constitutes,1
philippe,1
draftrnaking,1
tallahassee,1
completely,1
bias,1
sower,1
clouted,1
recommendation,1
studies,1
ruled,1
sublime,1
starvelings,1
lavished,1
fidelity,1
denims,1
proclaims,1
proud,1
ms,1
considerations,1
airs,1
linens,1
laborers,1
ideals,1
oppressive,1
ipswich,1
protection,1
devices,1
encumbering,1
distaste,1
smollett,1
colors,1
glickstein,1
thoughtless,1
yard,1
burn,1
unlike,1
encourage,1
intestacy,1
pasture,1
physicians,1
creed,1
promenade,1
cornell,1
cardmakers,1
enriching,1
uses,1
fashioning,1
plantations,1
newbury,1
bethlehem,1
disinterested,1
appropriately,1
chief,1
palpable,1
closely,1
cottage,1
immanent,1
credibly,1
surplus,1
rehearsed,1
steven,1
umbrage,1
footing,1
debilitating,1
anticommercial,1
cutting,1
diaries,1
rub,1
gail,1
rising,1
fabric,1
member,1
inversion,1
dyers,1
cherokee,1
fallen,1
abate,1
husbandman,1
imprints,1
preceding,1
leander,1
norbert,1
majority,1
gilles,1
truer,1
exact,1
statuary,1
rendering,1
blackmar,1
clergymen,1
gather,1
innovations,1
concentrated,1
rapid,1
rita,1
grauman,1
refusal,1
waldo,1
idylls,1
generated,1
sunday,1
actual,1
fastidiously,1
articulate,1
promoting,1
beautiful,1
ourselves,1
noyes,1
knowing,1
eden,1
colley,1
sean,1
excellency,1
furnace,1
gary,1
dramatically,1
announced,1
deal,1
undertakers,1
limb,1
muskets,1
groups,1
toilers,1
stringent,1
professions,1
carter,1
ahr,1
advantage,1
royall,1
khadi,1
contentment,1
warm,1
straightforward,1
featuring,1
desire,1
highland,1
bu,1
confusion,1
thank,1
incongruity,1
centering,1
resuscitate,1
believing,1
clothe,1
disappoint,1
vigor,1
conservative,1
closer,1
mississippi,1
hannah,1
rye,1
anyway,1
histo,1
prevail,1
einerged,1
deemed,1
uniforms,1
semiotics,1
help,1
chiefs,1
articles,1
conjugal,1
hargreaves,1
tangible,1
boys,1
comlemn,1
miles,1
themak,1
solicited,1
diision,1
greatly,1
stallybrass,1
mottoes,1
mr,1
dismissed,1
disencumbered,1
repast,1
edd,1
regard,1
idpedn,1
coordinated,1
dora,1
alabama,1
ambiguous,1
slovenly,1
welsh,1
checked,1
meanest,1
corporation,1
entrepreneur,1
motivated,1
locus,1
obviate,1
context,1
designs,1
existence,1
seminar,1
apprentice,1
amria,1
followers,1
growing,1
agnew,1
empty,1
dismissing,1
fortune,1
albuin,1
forum,1
wardrobe,1
advocates,1
sbisec,1
cabinet,1
ark,1
alfred,1
dr,1
telbayo,1
gimel,1
connoting,1
roy,1
eastern,1
plausible,1
holman,1
key,1
mccoy,1
yarns,1
legitimate,1
money,1
beard,1
versions,1
primary,1
discontent,1
agriculture,1
correspondents,1
draw,1
veterans,1
right,1
emigrant,1
kurtz,1
pierce,1
unite,1
dupont,1
account,1
commencement,1
cents,1
anticipation,1
braking,1
sofas,1
capable,1
fitting,1
applauded,1
leo,1
machinery,1
cooperation,1
sixteenth,1
activity,1
planters,1
realize,1
explorations,1
reaching,1
kerber,1
athew,1
studi,1
earn,1
erased,1
stouter,1
cordwainers,1
lodging,1
functions,1
effacement,1
pronouncements,1
waxed,1
sss,1
crowned,1
terence,1
hawthornes,1
mutuality,1
hair,1
austin,1
suny,1
leon,1
invited,1
upstairs,1
conceptual,1
fences,1
lilliputian,1
colouring,1
establishment,1
magistrate,1
sent,1
uncertain,1
quantity,1
dynamic,1
unrefined,1
cuiltural,1
combing,1
representing,1
facto,1
chronic,1
brew,1
unhappy,1
sovereign,1
atavism,1
acknowledgement,1
expecting,1
sign,1
behavior,1
corresponding,1
nationalism,1
dublin,1
modemn,1
repeatedly,1
peterson,1
central,1
mistake,1
million,1
divorced,1
iron,1
accessible,1
royal,1
ordinaty,1
dismissive,1
nash,1
purportedly,1
disorder,1
integral,1
influx,1
convenient,1
famously,1
pledging,1
spectrum,1
twisting,1
sociability,1
utopian,1
reject,1
axioms,1
eating,1
village,1
fashionability,1
soldiers,1
due,1
visited,1
diaty,1
muscle,1
fate,1
students,1
helen,1
realized,1
unpublished,1
linnen,1
patched,1
circulation,1
monarchy,1
agent,1
remorse,1
neighbors,1
savages,1
popularly,1
reemerged,1
destabilized,1
brotherly,1
sickly,1
relations,1
elegantly,1
salisbury,1
warned,1
excerpted,1
candler,1
afford,1
directive,1
difficulty,1
renew,1
mormon,1
supplies,1
materially,1
lacing,1
sample,1
masters,1
expected,1
cohen,1
asymmetrical,1
underskirts,1
forced,1
conundrum,1
dis,1
campaigners,1
sleeve,1
occasioned,1
unity,1
economical,1
par,1
items,1
rebora,1
taffeties,1
coarser,1
maxims,1
glory,1
patch,1
displays,1
bucolic,1
parker,1
anachronism,1
depend,1
prologute,1
amount,1
star,1
subjects,1
longdenigrated,1
pedestal,1
barbarities,1
highest,1
regions,1
channels,1
six,1
pantaloonery,1
gilman,1
gracefully,1
companion,1
allowing,1
suitable,1
compared,1
bsnssa,1
honour,1
arranged,1
marianne,1
overtaken,1
languishing,1
witnessed,1
wortley,1
jacob,1
monopolization,1
tzaharei,1
longe,1
undertaking,1
irresistible,1
accompaniment,1
ozenbrigs,1
sin,1
mankind,1
communication,1
artillery,1
spite,1
clouting,1
exempted,1
apotheosis,1
fool,1
landmark,1
badges,1
swamps,1
guard,1
modernz,1
kentucky,1
awarded,1
letter,1
surely,1
cottons,1
acted,1
restricting,1
perfectionism,1
tornthey,1
garry,1
striped,1
dandy,1
neutral,1
crusades,1
eihenhcnuy,1
mourning,1
cosmopolitan,1
manufactutre,1
newer,1
fairfax,1
higher,1
ornamentation,1
liveried,1
live,1
site,1
legislators,1
homely,1
hamlet,1
operation,1
asserted,1
nevins,1
adulation,1
wishes,1
sentimental,1
daguerreotpe,1
jeffersonian,1
endorse,1
itfo,1
farms,1
dragging,1
upright,1
youith,1
unravel,1
foreswore,1
flurry,1
landcap,1
techniology,1
observers,1
bring,1
growth,1
portrayed,1
meteoric,1
abolished,1
mclane,1
absent,1
impetus,1
checks,1
antiquarian,1
gerry,1
stop,1
barns,1
remain,1
elasticity,1
ironic,1
illustration,1
avocation,1
auspices,1
paths,1
joan,1
unit,1
institution,1
thrift,1
provocation,1
violence,1
notices,1
observer,1
disapprovingly,1
presentation,1
notion,1
process,1
stranger,1
arendt,1
poses,1
burgesses,1
mechanics,1
suffer,1
freaks,1
probable,1
edwin,1
slothful,1
sarah,1
importance,1
idiosyncratic,1
domestication,1
travels,1
silhouettes,1
parts,1
marcus,1
contributions,1
allegory,1
brutus,1
stephanie,1
winthrop,1
axeis,1
swaraj,1
coln,1
clayton,1
enabled,1
hosier,1
devoid,1
feel,1
antithesis,1
complaining,1
republicans,1
space,1
mediate,1
front,1
necessaries,1
caps,1
figures,1
enlisted,1
gathering,1
trnalni,1
chastisements,1
williamsburg,1
anti,1
soul,1
ij,1
send,1
recalled,1
mrs,1
travelogue,1
garnish,1
escape,1
provinces,1
win,1
finer,1
circulated,1
bad,1
theorists,1
depoliticization,1
eampe,1
wanted,1
maera,1
metropolis,1
charges,1
negative,1
females,1
consider,1
underdeveloped,1
conceptualization,1
possibly,1
siplr,1
fast,1
river,1
established,1
wreathl,1
antidote,1
specialization,1
languages,1
talk,1
yore,1
intertwined,1
yellow,1
clergy,1
qluarterly,1
consolidate,1
branch,1
teaches,1
metaphysics,1
implacably,1
photographs,1
sentimentally,1
sum,1
noticeable,1
kramarae,1
shays,1
traces,1
invariably,1
bruce,1
perspective,1
pateman,1
surpassing,1
ignorance,1
lester,1
exceptionalism,1
listed,1
careful,1
esquire,1
solid,1
walkand,1
unavoidable,1
show,1
initiative,1
max,1
voluminous,1
encouragement,1
ostentation,1
calvinist,1
affectation,1
indications,1
bancroft,1
circulating,1
retire,1
stark,1
plates,1
ideally,1
ceremony,1
intentional,1
problems,1
oppression,1
queue,1
method,1
hobbs,1
destructive,1
orators,1
antithetical,1
respected,1
mowing,1
discouraging,1
alexis,1
warmer,1
adapted,1
rainbow,1
textured,1
admiration,1
forsake,1
quentin,1
hot,1
perceive,1
paragraph,1
unnecessary,1
graduates,1
clements,1
iconography,1
banning,1
pencil,1
friends,1
auspiciously,1
opponents,1
whereas,1
impervious,1
poovey,1
pose,1
worries,1
arrived,1
legislative,1
virtuously,1
diggins,1
dashes,1
urgency,1
pastoral,1
prins,1
featured,1
dyeing,1
cynthia,1
lead,1
whom,1
betrayal,1
sarcastic,1
famesoefid,1
fleeces,1
arrival,1
dearest,1
antidotes,1
declined,1
peculiarity,1
kesselman,1
digested,1
rule,1
plot,1
superfluous,1
puritanical,1
nonconsumption,1
access,1
dystopian,1
elicit,1
narrated,1
southlernz,1
billie,1
seven,1
householders,1
lived,1
underneath,1
economics,1
output,1
bakers,1
shared,1
meanly,1
circa,1
curiosity,1
boycotts,1
carolina,1
symbolically,1
greenough,1
elaborated,1
newcombe,1
beholds,1
euoe,1
fo,1
shoes,1
reactionary,1
philosophical,1
inaugural,1
attained,1
finally,1
kalinowski,1
markets,1
ally,1
wonder,1
involuntarily,1
rescuing,1
tidy,1
wed,1
materiality,1
bemoaned,1
labouring,1
equally,1
neighboring,1
cuffs,1
traced,1
pulled,1
elemental,1
poverty,1
solely,1
ankle,1
displayed,1
promethean,1
heroine,1
onlookers,1
michigan,1
pamela,1
werther,1
activist,1
levees,1
province,1
tools,1
divide,1
recently,1
milton,1
pliancy,1
inches,1
companies,1
iconographical,1
po,1
applied,1
purchased,1
cust,1
brewer,1
acquaintance,1
diatribe,1
appearing,1
grounds,1
confounded,1
masculine,1
prescriptions,1
emulating,1
expedient,1
malthusian,1
congratulated,1
fledgling,1
bow,1
boots,1
approvingly,1
drain,1
triumph,1
schema,1
cornucopia,1
property,1
scene,1
intimating,1
periodical,1
masculinity,1
wants,1
acknowledgements,1
influenced,1
eadlyamerican,1
criteria,1
experiment,1
silver,1
expensive,1
mcclung,1
shape,1
sounded,1
christianity,1
provincial,1
conservatives,1
hybrid,1
feeding,1
spheres,1
mobilization,1
meir,1
protesters,1
genre,1
degrees,1
seminal,1
correctly,1
flourish,1
forsyth,1
shopkeepers,1
shouldered,1
wills,1
tex,1
climb,1
gratton,1
mayer,1
penurious,1
abstracts,1
conjured,1
strict,1
writers,1
preferred,1
del,1
dissatisfaction,1
voted,1
ameerica,1
relegated,1
claim,1
espied,1
surfeit,1
pugh,1
cleaning,1
costumes,1
manual,1
relief,1
disguising,1
knowledge,1
plough,1
faithfully,1
symbolism,1
chooses,1
actors,1
lays,1
red,1
pasts,1
pesre,1
thoughts,1
untame,1
optimists,1
reminiscence,1
arcades,1
distaff,1
got,1
whr,1
jewett,1
plow,1
precipitated,1
v,1
describe,1
consistently,1
morris,1
older,1
patriotism,1
refined,1
ensured,1
inherited,1
poured,1
broad,1
constitute,1
beginnings,1
hearth,1
markedly,1
medley,1
craggy,1
skins,1
strenuous,1
eighteenthcentury,1
perrot,1
ias,1
augment,1
plads,1
aristocrat,1
unreasonable,1
documented,1
recounting,1
demonstration,1
stratum,1
sinutiu,1
elegant,1
credo,1
corollary,1
hampshire,1
hubris,1
craftsmen,1
ultimately,1
tendom,1
participate,1
favourite,1
colonzies,1
abolitionist,1
flatter,1
showing,1
stanford,1
artifact,1
friendly,1
five,1
skills,1
ethnicity,1
wheat,1
cloathed,1
sitters,1
polity,1
interpreted,1
escalated,1
oreyo,1
weeks,1
count,1
refuse,1
either,1
traders,1
near,1
ev,1
tranisformation,1
malcontents,1
aspired,1
arkansas,1
aided,1
grazia,1
tool,1
wariness,1
wholesale,1
responses,1
callaghan,1
carolyne,1
whilst,1
least,1
apparatus,1
nurture,1
sense,1
viable,1
describing,1
specie,1
tight,1
cold,1
savage,1
ambassador,1
tom,1
parentages,1
chose,1
humble,1
sattins,1
amy,1
hired,1
geoigia,1
next,1
sewing,1
theater,1
condemnatory,1
atrlo,1
sixty,1
apocryphal,1
pennsylvanian,1
serges,1
lords,1
arbitrary,1
emerging,1
event,1
sake,1
around,1
sole,1
allegany,1
antipode,1
autonomy,1
fok,1
sufficient,1
few,1
purdue,1
wider,1
republics,1
mercuty,1
bridge,1
wetting,1
grow,1
leather,1
receptions,1
breaking,1
master,1
florentine,1
politesse,1
decline,1
goddess,1
torrent,1
staged,1
texas,1
judanne,1
concluded,1
mixing,1
selfappointed,1
potent,1
enquire,1
credible,1
manufactutres,1
mechanic,1
maine,1
parliament,1
linseys,1
cincinnati,1
barely,1
graduated,1
quixotic,1
helene,1
graduating,1
ensemble,1
gloria,1
maxwell,1
intent,1
lowell,1
disconnected,1
reverend,1
dropping,1
paid,1
peculiar,1
anatomy,1
beauty,1
training,1
appropriate,1
axes,1
newly,1
gross,1
noticed,1
lincoln,1
increments,1
passive,1
se,1
moved,1
disconcertingly,1
valuable,1
maidens,1
questioning,1
landlords,1
dickens,1
cityartisan,1
corruptions,1
planter,1
heritage,1
sobriety,1
diffusive,1
jeffrey,1
wonzen,1
prescribed,1
transforming,1
purposefully,1
threatened,1
nonexportation,1
affixed,1
feminine,1
tenet,1
ride,1
awakenings,1
san,1
mariana,1
suppliers,1
personage,1
situation,1
arrangement,1
reduced,1
steady,1
wane,1
middlemen,1
condemnation,1
apprehensive,1
sophisticates,1
beloved,1
zakin,1
troop,1
nativism,1
succumbing,1
damasks,1
citizenry,1
thread,1
scientific,1
bred,1
marketplace,1
cathy,1
reminiscences,1
demoralizing,1
indicative,1
miasma,1
lynn,1
spectacle,1
imagery,1
relieving,1
synthesis,1
labors,1
igs,1
newest,1
myron,1
resisted,1
sunset,1
thrifty,1
diego,1
archetype,1
play,1
bereft,1
tide,1
ordonez,1
classic,1
greenleaf,1
anniversary,1
forward,1
lamentation,1
lace,1
preached,1
nearly,1
flock,1
meaner,1
founding,1
warner,1
sitting,1
object,1
gift,1
fixture,1
prove,1
housework,1
rowley,1
convince,1
community,1
iniiul,1
dollar,1
echoing,1
syllogism,1
copyists,1
currency,1
selfflattery,1
squth,1
woods,1
daytime,1
manifest,1
motive,1
newton,1
shipped,1
sketches,1
dumont,1
suppose,1
cultivate,1
adamant,1
va,1
innovation,1
virginian,1
nggg,1
legged,1
eelskin,1
vie,1
sufet,1
percentage,1
cheap,1
daguerreotype,1
depicted,1
oxford,1
competition,1
dressmakers,1
kent,1
inimitable,1
bridged,1
valerie,1
mao,1
interpretation,1
victor,1
encyclopedie,1
peruser,1
swept,1
kingston,1
wake,1
security,1
rubric,1
laurence,1
read,1
federalist,1
devotion,1
adrienne,1
americanmade,1
begged,1
opulent,1
appareling,1
technology,1
columbus,1
steeply,1
restricted,1
rom,1
fervent,1
clouts,1
neither,1
favorable,1
indifferently,1
specimens,1
management,1
musick,1
compiled,1
rua,1
citoyens,1
foremost,1
cod,1
ferenz,1
activa,1
nefarious,1
lamented,1
liberties,1
shock,1
propounded,1
lord,1
shifting,1
skin,1
warmth,1
pseudonym,1
declaim,1
fluttering,1
freer,1
hay,1
deliver,1
infused,1
cooke,1
largest,1
costs,1
illustrated,1
delaware,1
dames,1
department,1
reports,1
included,1
lined,1
mention,1
badge,1
increasingly,1
bar,1
inheritance,1
revenge,1
transatlantic,1
shows,1
avoided,1
schumacher,1
engravings,1
testimony,1
idealized,1
sam,1
fellow,1
prince,1
diary,1
ofrale,1
laid,1
ignatieff,1
leader,1
fire,1
philadelphiad,1
successfully,1
tour,1
focused,1
aspect,1
centuty,1
attacks,1
challenge,1
request,1
factory,1
kenneth,1
mark,1
spend,1
offer,1
paula,1
rumored,1
pointed,1
finety,1
similarly,1
procured,1
slavery,1
notables,1
usually,1
motifs,1
bowling,1
primitivism,1
projects,1
financial,1
ape,1
complementary,1
adherence,1
locating,1
cartoon,1
ernst,1
herbert,1
speaks,1
daguerreotypes,1
monopolized,1
twenty,1
cambets,1
stories,1
breakfast,1
preserve,1
allow,1
fundamental,1
conduct,1
collar,1
xii,1
myrtie,1
bourgeoisie,1
temples,1
banal,1
bienvenu,1
across,1
prepared,1
predominant,1
revenue,1
antique,1
crop,1
striving,1
layer,1
nabobs,1
clasping,1
oneself,1
larger,1
arriving,1
banks,1
warning,1
cosqecs,1
hobbes,1
gray,1
proposal,1
forging,1
plin,1
personality,1
debated,1
impassioned,1
variation,1
administrations,1
intimated,1
venture,1
considerable,1
clearing,1
massey,1
copywriter,1
habit,1
townshend,1
prerevolutionary,1
inquired,1
honor,1
genteeler,1
wean,1
outside,1
proverbial,1
dominion,1
abstract,1
learn,1
tench,1
ascent,1
ground,1
corps,1
chain,1
emmeline,1
handed,1
covered,1
sophism,1
ridicule,1
byfield,1
touted,1
janecek,1
stony,1
continuing,1
calicoes,1
champion,1
cappon,1
refrain,1
newport,1
accepted,1
establish,1
centenary,1
wright,1
relevant,1
karl,1
secularizing,1
jenny,1
verbatim,1
renaissance,1
judith,1
tattered,1
valverde,1
conviction,1
barbarity,1
cassimere,1
minneapolis,1
austere,1
gait,1
assortment,1
decorations,1
parted,1
tenich,1
dictatorial,1
regarded,1
reasoning,1
aimed,1
reconciled,1
vestige,1
acquire,1
integrity,1
perseverance,1
laudable,1
break,1
remained,1
wrapped,1
contriving,1
relation,1
sir,1
simon,1
demonstrated,1
disappearance,1
proceedings,1
aggregation,1
analyzed,1
apt,1
pastiche,1
primitiveness,1
greatest,1
rasson,1
moderns,1
persona,1
vast,1
discussion,1
sculpture,1
father,1
knew,1
venus,1
yom,1
personages,1
completed,1
chiefly,1
conduce,1
sober,1
courtiers,1
refused,1
hinder,1
sides,1
opera,1
writings,1
augured,1
setmn,1
martial,1
ridiculous,1
including,1
exalted,1
proclamations,1
sworn,1
enormous,1
depended,1
increase,1
billy,1
warrior,1
individuality,1
identification,1
louis,1
beds,1
imbued,1
brigham,1
gilt,1
sycophantic,1
ordering,1
affection,1
characteristically,1
convenience,1
neighborhood,1
canes,1
exciting,1
assume,1
aesthetics,1
causes,1
shopping,1
herds,1
autographs,1
pauline,1
harvard,1
submitted,1
shorn,1
render,1
conflicted,1
evolution,1
reveled,1
roman,1
idealization,1
gazetteer,1
styles,1
hour,1
engaged,1
ruffles,1
impatient,1
merit,1
examination,1
voice,1
wormely,1
holdzkonm,1
waist,1
ntepltcl,1
prosaic,1
stayed,1
unsuited,1
banners,1
remini,1
lectured,1
catherine,1
roberts,1
journeymen,1
rippling,1
putative,1
negotiating,1
low,1
princess,1
ungraceful,1
corrupted,1
urbana,1
margaret,1
historic,1
leads,1
reality,1
welcomed,1
language,1
williamstown,1
chrctr,1
safety,1
shelly,1
spawned,1
amounts,1
workers,1
servility,1
illinois,1
gestures,1
symposium,1
attach,1
revised,1
everywhere,1
naive,1
inventing,1
vita,1
pavel,1
strange,1
high,1
played,1
collected,1
static,1
selfsacrifice,1
valentine,1
dry,1
alacrity,1
redeems,1
filled,1
furlough,1
comforts,1
epoch,1
volumes,1
blight,1
elusive,1
kans,1
presidential,1
corrupt,1
bleachers,1
tastelessness,1
ars,1
felling,1
bemoaning,1
bankrupted,1
janacek,1
arrayed,1
maxim,1
incapable,1
parade,1
culley,1
allusion,1
assures,1
foppish,1
rectify,1
responsible,1
editors,1
thriftiness,1
ceconomy,1
trouble,1
plans,1
respectively,1
wise,1
consciously,1
supported,1
anderson,1
perchance,1
millers,1
unites,1
attendant,1
tradesmen,1
abreast,1
armor,1
structure,1
concepts,1
enthusiastically,1
improbable,1
expand,1
femininity,1
comfortably,1
fame,1
probably,1
capitalism,1
schlesinger,1
mimicry,1
enlarged,1
pathway,1
manufacturers,1
hume,1
textrina,1
attracted,1
whirling,1
delightful,1
selfishness,1
sweep,1
grain,1
tassie,1
occupied,1
hind,1
bounties,1
destruction,1
relative,1
joint,1
castors,1
combmakers,1
sugar,1
ago,1
merino,1
abu,1
greek,1
trials,1
wearer,1
widely,1
opulence,1
justice,1
cary,1
concerted,1
emily,1
fiering,1
perform,1
visit,1
sunshine,1
stott,1
talked,1
genesis,1
hands,1
fanfares,1
profitable,1
trustees,1
breasts,1
yields,1
lance,1
contemptuous,1
kaplan,1
saturation,1
compulsory,1
posted,1
fueled,1
debts,1
availability,1
emulation,1
backward,1
trautman,1
whomever,1
doubly,1
note,1
frugal,1
tentative,1
prodigality,1
richest,1
ostensible,1
stoiy,1
bake,1
customizing,1
histolical,1
housewives,1
recall,1
popularity,1
addressing,1
apprentices,1
johns,1
gaillard,1
france,1
curiosities,1
tiously,1
mihian,1
impressive,1
buckley,1
berated,1
pieces,1
rough,1
gleason,1
lines,1
politeness,1
exhorted,1
helmet,1
regalia,1
peden,1
debtor,1
monuments,1
army,1
reflections,1
off,1
itinerarium,1
transformed,1
consonant,1
festival,1
rational,1
economists,1
lawrence,1
visual,1
nakedness,1
understand,1
threaten,1
contribution,1
husbanding,1
aeic,1
wilson,1
vulnerable,1
anxious,1
pecuniary,1
delicacy,1
stage,1
antiquity,1
businesses,1
pertinence,1
foner,1
oikos,1
sunrise,1
howard,1
cloathing,1
extra,1
reare,1
cease,1
puritans,1
existed,1
puerile,1
inferior,1
jeremiad,1
slogan,1
abetting,1
entertainment,1
istvan,1
elderly,1
respect,1
stratified,1
wig,1
shooting,1
supporting,1
mother,1
coordination,1
backwoodsman,1
fields,1
cigars,1
centuries,1
hackling,1
instances,1
get,1
aboriginal,1
obstacle,1
handles,1
pithily,1
laws,1
wurth,1
unwoven,1
publica,1
capt,1
figured,1
weeden,1
gathered,1
jaffe,1
paying,1
scant,1
pressures,1
thick,1
attachment,1
earliest,1
imitated,1
dickinson,1
res,1
door,1
hancock,1
recognizably,1
addressed,1
scobey,1
supply,1
mathematically,1
freeze,1
remonstration,1
voso,1
school,1
acquired,1
assistant,1
spun,1
neatness,1
publicist,1
cover,1
wars,1
eschewed,1
exercised,1
shadow,1
sexes,1
heavy,1
suppression,1
associated,1
going,1
manufactory,1
redemptive,1
impersonating,1
morning,1
jeans,1
conclusion,1
exemplified,1
dishes,1
accordance,1
ascribed,1
cuilture,1
bedizened,1
grand,1
antediluvian,1
finest,1
biography,1
aetei,1
circumstances,1
eschatology,1
thzreads,1
needs,1
athens,1
detachment,1
believed,1
instructed,1
invoked,1
toll,1
characteristics,1
laying,1
plaint,1
barbarism,1
authenticity,1
recognizable,1
irrationality,1
undressed,1
mortal,1
recruits,1
excel,1
membership,1
borrow,1
aspire,1
groomed,1
wondered,1
carl,1
md,1
temple,1
kesslerharris,1
ila,1
sustained,1
command,1
livery,1
hollander,1
column,1
ersatz,1
fictions,1
colorado,1
tinctly,1
ry,1
locomotion,1
drafting,1
replace,1
legislature,1
jackets,1
respecting,1
favorably,1
midnineteenth,1
banished,1
fraying,1
ordered,1
safeguard,1
zankowich,1
marina,1
alleviate,1
stem,1
control,1
revolutionaries,1
governance,1
sekura,1
eighth,1
hunters,1
officials,1
forge,1
novel,1
inclined,1
commission,1
seriously,1
hosiery,1
interested,1
resentment,1
gone,1
ebenezer,1
unknown,1
rolla,1
kammen,1
effusive,1
discloses,1
unpropertied,1
yeomen,1
gwilliam,1
wall,1
hector,1
classed,1
wealthy,1
universal,1
masses,1
fastidious,1
thy,1
directly,1
returns,1
macaroni,1
circulate,1
feed,1
dennis,1
eventually,1
altered,1
dared,1
porcelain,1
brilliance,1
separating,1
fail,1
countrified,1
twirling,1
finishing,1
speech,1
useless,1
examining,1
explicitly,1
pictures,1
virtule,1
humblest,1
sailor,1
thompson,1
passage,1
stripped,1
works,1
frocks,1
ticknor,1
purdy,1
gardeners,1
tastes,1
latest,1
obfuscated,1
englanders,1
cosmopolitanism,1
barnouw,1
gorgeous,1
born,1
wit,1
heads,1
deeme,1
literature,1
answered,1
regimentals,1
divided,1
capita,1
carefully,1
lands,1
redefinition,1
stability,1
list,1
tow,1
ones,1
jeanantoine,1
desires,1
rebellion,1
maryland,1
met,1
abraham,1
rudeness,1
tailored,1
linsey,1
vests,1
despite,1
lemire,1
maintain,1
suspicions,1
seasonal,1
pains,1
rededicating,1
ruin,1
transactions,1
supporter,1
adaptation,1
extent,1
dream,1
surveying,1
tending,1
zealousness,1
insightful,1
shine,1
hont,1
greedy,1
foundations,1
harrow,1
isti,1
secure,1
dark,1
changing,1
annual,1
reviewed,1
vol,1
proposing,1
huge,1
lifted,1
restoring,1
agreed,1
rumination,1
dedication,1
susswein,1
graceful,1
sable,1
contain,1
port,1
fourteen,1
anxieties,1
institutionalize,1
fedor,1
noticeably,1
frozen,1
soldier,1
oath,1
radically,1
nervous,1
intention,1
lithograph,1
emergent,1
poems,1
hurd,1
attentive,1
code,1
furniture,1
edwards,1
disparate,1
reinstituted,1
indigestible,1
acquisitiveness,1
asprto,1
tangibility,1
technologies,1
diderot,1
revolutions,1
strangers,1
renounce,1
processions,1
november,1
churn,1
gaudy,1
tapestries,1
buy,1
commonly,1
transition,1
polemicizing,1
administration,1
simply,1
congenial,1
went,1
synopsizing,1
antiquatedness,1
confronted,1
publick,1
matches,1
substance,1
harvesting,1
affront,1
penny,1
transcontinental,1
entry,1
bettye,1
marrett,1
sinking,1
riche,1
appointed,1
vsulyfate,1
families,1
rebels,1
indians,1
using,1
opposing,1
scarcely,1
isolated,1
dispensed,1
representation,1
burning,1
firms,1
gain,1
coming,1
grandeur,1
dulany,1
buttons,1
kersey,1
betraying,1
remarks,1
wordcruncher,1
ay,1
named,1
eric,1
doerflinger,1
producer,1
invested,1
formation,1
adopting,1
ab,1
postrevolutionary,1
presence,1
englishman,1
instructive,1
touch,1
conscience,1
gloves,1
guild,1
reaction,1
ignored,1
electronic,1
officially,1
chapeau,1
toga,1
intensified,1
sparkling,1
similarity,1
copies,1
rationalization,1
lately,1
unqu,1
splendor,1
fhi,1
conventionalities,1
write,1
fibers,1
charge,1
cheris,1
anachronistic,1
aware,1
mode,1
fulling,1
amalgam,1
compromise,1
reversed,1
brady,1
hewson,1
wears,1
manufactories,1
immorality,1
joined,1
reigel,1
mobilizing,1
enlightenment,1
integrated,1
fop,1
define,1
ye,1
printed,1
green,1
constriction,1
imrvmn,1
etiquette,1
lipovetsky,1
avert,1
manry,1
manufacturer,1
build,1
wornbut,1
inflection,1
jephcott,1
integration,1
asked,1
centrality,1
defiance,1
mock,1
reach,1
philosophy,1
wheelwrights,1
wholesalers,1
captain,1
madison,1
increased,1
brook,1
underlined,1
posed,1
russo,1
repealed,1
ruth,1
attempts,1
remonstrating,1
observation,1
specific,1
endeavors,1
searching,1
merideth,1
news,1
artisan,1
removed,1
charlotte,1
drying,1
scabbard,1
dyehouse,1
schedule,1
mason,1
commodifying,1
marginality,1
parody,1
commercializing,1
hills,1
henry,1
huston,1
cook,1
buckskin,1
scorn,1
norman,1
duplicitous,1
civilian,1
rable,1
bargain,1
substantial,1
throats,1
import,1
element,1
consequent,1
entire,1
corn,1
traditional,1
sensibility,1
token,1
wellingtons,1
immediately,1
banned,1
avoid,1
intelligent,1
frighted,1
arifc,1
colonel,1
crucible,1
coordinating,1
resist,1
tired,1
beings,1
pulling,1
ga,1
proponent,1
arithmetic,1
resources,1
adorn,1
denim,1
built,1
pillions,1
documentaty,1
update,1
landlady,1
sion,1
inventories,1
fervently,1
row,1
looking,1
perpetual,1
irma,1
