WORDCOUNTS,WEIGHT
the,1179
of,805
and,690
in,523
posture,458
a,453
to,416
as,194
for,186
was,169
that,160
on,147
with,146
new,136
american,117
were,117
not,101
by,99
but,97
more,96
children,94
an,92
be,91
or,86
s,82
body,82
this,80
at,75
from,74
it,71
also,71
their,68
standards,67
school,64
physical,64
had,63
york,62
about,58
other,57
is,52
could,47
child,46
they,46
some,45
good,45
which,45
social,44
historical,42
october,41
review,41
even,41
health,41
might,39
education,39
no,38
when,37
one,36
century,36
n,35
have,35
such,34
up,34
parents,33
began,33
growing,33
campaign,33
medical,32
well,32
people,31
life,31
between,31
stearns,30
its,30
only,30
furniture,29
d,29
should,29
attention,28
while,28
than,27
concerns,27
rise,27
did,27
early,27
peter,26
training,26
erect,26
david,26
m,25
all,25
most,25
through,25
discipline,24
these,24
time,24
particularly,24
schools,23
modern,23
doctors,23
changes,23
would,23
both,23
programs,23
etiquette,23
now,22
women,22
yosifon,22
important,22
part,22
relaxed,22
larger,22
been,22
here,22
against,21
many,21
see,21
continued,21
philadelphia,20
into,20
straight,20
including,20
fall,20
if,19
advice,19
character,19
out,19
concern,19
stance,19
are,19
emphasis,19
sitting,19
college,18
habits,18
first,18
development,18
back,18
bad,18
still,18
formal,18
widely,18
society,18
over,18
need,18
history,17
thus,17
after,17
because,17
literature,17
personal,17
so,17
problems,17
course,17
there,16
interest,16
general,16
too,16
involved,16
decline,16
less,16
made,16
use,16
itself,16
along,15
yet,15
trends,15
sense,15
proper,15
variety,15
various,15
book,15
another,15
support,15
must,15
what,15
bodies,15
became,15
much,15
great,14
may,14
medicine,14
experts,14
though,14
least,14
movement,14
efforts,14
we,14
who,14
them,14
our,14
specific,14
c,14
focus,14
nineteenth,13
sit,13
stand,13
key,13
young,13
his,13
how,13
care,13
greater,13
own,13
change,13
several,13
same,13
two,13
increasingly,13
men,13
legs,13
spinal,13
like,13
claims,13
simply,13
themselves,13
e,12
spine,12
exercise,12
individual,12
aper,12
americans,12
clearly,12
impact,12
decades,12
result,12
used,12
manners,12
toward,12
again,12
where,12
students,12
vassar,12
often,12
any,12
parental,12
rigid,12
you,12
t,11
america,11
far,11
old,11
mechanics,11
importance,11
victorian,11
late,11
public,11
work,11
older,11
issues,11
long,11
revealing,11
comfort,11
onward,11
settings,11
during,11
culture,11
contemporary,11
poses,11
manuals,11
held,11
earlier,11
field,11
table,11
control,11
very,11
problem,11
middle,11
careful,11
clothing,11
organs,11
twentieth,11
commentary,10
group,10
h,10
defects,10
military,10
j,10
magazine,10
served,10
journal,10
required,10
edn,10
approach,10
certainly,10
pictures,10
hold,10
included,10
childhood,10
number,10
nude,10
i,10
finally,10
professional,10
suggest,10
why,10
then,10
little,10
youth,10
way,9
later,9
groups,9
each,9
being,9
class,9
diseases,9
issue,9
dr,9
has,9
measurement,9
sign,9
behavior,9
bodily,9
consumer,9
urged,9
special,9
means,9
university,9
beyond,9
helped,9
called,9
further,9
your,9
lounging,9
league,9
correct,9
wider,9
research,9
appropriate,9
provided,9
he,9
standing,9
once,9
home,9
available,9
longer,9
lack,9
john,9
forms,9
do,9
real,9
remained,9
evolution,9
postural,9
methods,9
quite,9
mirrors,9
post,9
better,9
curvature,9
given,9
argued,8
spock,8
position,8
before,8
source,8
styles,8
hygiene,8
human,8
y,8
leaning,8
interesting,8
essential,8
explicit,8
presentation,8
study,8
age,8
schooling,8
effort,8
healthy,8
however,8
comment,8
whole,8
discussions,8
place,8
will,8
role,8
lewis,8
photographs,8
teachers,8
took,8
books,8
chair,8
persisted,8
individuals,8
moral,8
high,8
crucial,8
efficiency,8
girls,8
extensive,8
relaxation,8
best,8
living,8
carefully,8
adults,8
her,8
boston,8
until,8
institutional,8
chicago,8
informality,8
among,8
final,7
does,7
archives,7
encouraged,7
shoulders,7
ways,7
sure,7
interests,7
emerged,7
help,7
vital,7
point,7
doctor,7
consumerism,7
rather,7
ongoing,7
poor,7
followed,7
cultural,7
leisure,7
level,7
carriage,7
family,7
few,7
second,7
matter,7
identified,7
make,7
guide,7
index,7
enough,7
dance,7
practice,7
campaigns,7
host,7
significant,7
slump,7
clear,7
spread,7
standard,7
practical,7
set,7
natural,7
fitness,7
different,7
past,7
washington,7
corrective,7
offered,7
traditional,7
difficult,6
common,6
anxieties,6
postures,6
becoming,6
kinds,6
designed,6
authority,6
occurred,6
service,6
experience,6
leading,6
daily,6
carnegie,6
alike,6
case,6
recommended,6
orthopedic,6
times,6
g,6
cases,6
developments,6
student,6
adult,6
l,6
developed,6
sort,6
b,6
amid,6
just,6
additional,6
bancroft,6
suggested,6
deal,6
almost,6
war,6
criteria,6
basis,6
claim,6
london,6
positions,6
elizabeth,6
noted,6
systematic,6
around,6
always,6
results,6
beauty,6
led,6
soon,6
informal,6
counterattack,6
emotional,6
others,6
growth,6
shows,6
deterioration,6
beliefs,6
end,6
discussed,6
casual,6
parlor,6
causes,6
products,6
previous,6
passim,6
played,6
emily,6
carried,6
pediatric,6
tests,6
usually,6
naturally,6
success,6
chairs,6
analysis,6
grade,6
types,6
articles,6
authorities,6
norms,6
theme,6
innovations,6
job,6
scoliosis,6
terms,6
references,6
easy,6
subject,6
maintained,6
chest,6
ultimately,6
although,6
effects,6
association,6
major,6
pittsburgh,5
january,5
press,5
elbows,5
historians,5
suggesting,5
display,5
room,5
emphasized,5
march,5
possible,5
professionals,5
obvious,5
adolescents,5
dignity,5
exercises,5
baby,5
collapse,5
component,5
ease,5
kind,5
look,5
william,5
newer,5
failed,5
surprisingly,5
basic,5
similar,5
certain,5
front,5
insistence,5
maintaining,5
proved,5
looser,5
show,5
disappeared,5
found,5
applied,5
otherwise,5
nothing,5
tension,5
kelly,5
strict,5
stiff,5
example,5
related,5
teenagers,5
miss,5
world,5
lincoln,5
moved,5
rigidity,5
f,5
implications,5
happy,5
colleges,5
opportunities,5
under,5
ed,5
goals,5
attacks,5
fact,5
areas,5
prior,5
oneself,5
examinations,5
personality,5
claimed,5
fashion,5
serious,5
present,5
woman,5
belief,5
eds,5
widespread,5
values,5
elite,5
dress,5
period,5
instruction,5
especially,5
article,5
elaborate,5
feet,5
become,5
can,5
mellon,5
save,5
particular,5
fairly,5
provide,5
seen,5
anxiety,5
sheldon,5
rigorous,5
associated,5
impulse,5
bit,5
half,5
person,5
warnings,5
form,5
w,5
arguments,5
writing,5
years,5
intensified,5
sat,5
contributed,5
states,5
off,5
measured,5
walking,5
toddlers,5
recent,5
receded,4
struggle,4
frequent,4
concerned,4
personnel,4
treatise,4
largely,4
backs,4
remedy,4
arguing,4
faulty,4
themes,4
relaxing,4
stressed,4
lateral,4
sources,4
nature,4
europe,4
tradition,4
simple,4
indeed,4
sprawling,4
robert,4
expanded,4
motion,4
sexual,4
right,4
design,4
recommendations,4
taking,4
upholstered,4
stress,4
central,4
surely,4
severe,4
bent,4
september,4
relatively,4
issued,4
forced,4
elements,4
systematically,4
compared,4
ingredient,4
influence,4
insisted,4
kenyon,4
focused,4
mentioned,4
preventive,4
awkward,4
air,4
generations,4
process,4
illustrations,4
awareness,4
cause,4
mary,4
prevent,4
origins,4
surge,4
shifted,4
causing,4
gymnastics,4
management,4
slouch,4
expressed,4
came,4
method,4
holding,4
noting,4
shoes,4
teaching,4
undermined,4
directly,4
r,4
revealed,4
received,4
prominent,4
infant,4
genuine,4
fit,4
deformities,4
forces,4
away,4
presentations,4
either,4
successful,4
diagnostic,4
atmosphere,4
propriety,4
reducing,4
seats,4
battle,4
stiffness,4
casualness,4
european,4
overall,4
forward,4
female,4
comments,4
initially,4
worked,4
portrayed,4
muscles,4
added,4
put,4
treatment,4
come,4
pamphlet,4
man,4
patterns,4
ivy,4
model,4
developing,4
slouching,4
banner,4
recording,4
behaviors,4
discussion,4
thanks,4
sandage,4
virtually,4
ideas,4
questions,4
full,4
margaret,4
homes,4
marked,4
him,4
features,4
thomas,4
greatly,4
lay,4
normal,4
relationship,4
bureau,4
wisdom,4
she,4
program,4
deteriorating,4
fewer,4
leslie,4
ordinary,4
institutions,4
context,4
seventeenth,4
expert,4
diagnosis,4
mirror,4
casually,4
united,4
surprising,4
addressed,4
wars,4
judgments,4
truslow,4
measurements,4
manual,4
symbolic,4
advertisements,4
novel,4
connection,4
task,4
rearing,4
assessment,4
beginning,4
helping,4
maintain,4
produce,4
suggests,4
upper,4
spaces,4
introduced,4
went,4
gain,4
varied,4
question,4
argument,4
charts,4
shift,4
showed,4
observation,4
develop,4
bedding,4
go,3
reference,3
generated,3
extreme,3
marian,3
introduction,3
per,3
needed,3
complex,3
properly,3
stone,3
remind,3
injuries,3
studies,3
devices,3
western,3
causation,3
corset,3
arms,3
round,3
mechanistic,3
ii,3
bork,3
active,3
editions,3
professions,3
correspondingly,3
able,3
reveal,3
launched,3
anyway,3
failures,3
strain,3
state,3
previously,3
precisely,3
those,3
somewhat,3
iowa,3
stopped,3
system,3
preventing,3
dancing,3
admitted,3
bending,3
eastern,3
capacity,3
mass,3
opened,3
logical,3
enforcement,3
condition,3
richard,3
measuring,3
west,3
mental,3
enter,3
urging,3
government,3
throughout,3
fun,3
relationships,3
costumes,3
simmons,3
machine,3
stands,3
provides,3
encyclopedia,3
overt,3
topic,3
turn,3
immigrants,3
demand,3
concerning,3
radio,3
varieties,3
weight,3
corrected,3
backache,3
eased,3
parks,3
linked,3
assessed,3
whose,3
picking,3
without,3
identification,3
illustration,3
ceased,3
notion,3
incidence,3
opportunity,3
benjamin,3
offering,3
facilitated,3
tensions,3
flexibility,3
histoty,3
established,3
director,3
frequently,3
commonly,3
strongly,3
definite,3
putting,3
dominant,3
providing,3
trained,3
appear,3
pain,3
advance,3
walk,3
diverse,3
declined,3
p,3
inappropriate,3
behavioral,3
changed,3
scenes,3
adolescent,3
ironically,3
adolescence,3
vigorous,3
base,3
respects,3
let,3
constraining,3
suffered,3
teach,3
placed,3
outside,3
fashionable,3
popularized,3
slumping,3
taught,3
eager,3
wide,3
photo,3
scene,3
failure,3
having,3
vincent,3
industrial,3
ideal,3
writers,3
slightly,3
brought,3
data,3
urge,3
year,3
partly,3
actually,3
proliferation,3
status,3
creating,3
outmoded,3
caused,3
hard,3
tight,3
responsibility,3
generation,3
order,3
contrast,3
highly,3
dramatic,3
tended,3
babies,3
occasions,3
fashions,3
ellen,3
altogether,3
activities,3
noteworthy,3
reduced,3
instructors,3
absence,3
vanderbilt,3
materials,3
taken,3
functioning,3
requirement,3
letters,3
relax,3
wrote,3
revival,3
play,3
classic,3
transition,3
april,3
necessary,3
modes,3
parker,3
structural,3
depicted,3
springs,3
thought,3
complete,3
already,3
department,3
enforce,3
evaluating,3
fundamental,3
rocking,3
towards,3
conduct,3
head,3
slumped,3
pressure,3
engineering,3
sleep,3
appeared,3
inevitably,3
daniels,3
since,3
newcomb,3
manner,3
emotion,3
socialization,3
fundamentals,3
shifts,3
disease,3
treated,3
eighteenth,3
unquestionably,3
enhanced,3
advent,3
sold,3
assume,3
pleasure,3
actual,3
services,3
aesthetic,3
raising,3
mattresses,3
three,3
authors,3
lady,3
resultant,3
allowed,3
thom,3
summer,3
repeated,3
qualities,3
relation,3
embarrassment,3
sensible,3
displayed,3
james,3
costume,3
story,3
indulgence,3
breckenridge,3
tendency,3
infants,3
increasing,3
glass,3
jessie,3
diagrams,3
raise,3
sometimes,3
practitioners,3
lines,3
attitude,3
indicate,3
jolrnal,3
mother,3
pressures,3
meant,3
occasional,3
series,3
grier,3
changing,3
nervous,3
mackenzie,3
supported,3
alternative,3
dwight,3
replace,3
principle,3
hemphill,3
leaders,3
down,3
style,3
wall,3
current,3
obviously,3
longstanding,3
audience,3
tracings,3
factors,3
distinctive,3
slenderness,3
merely,3
virtual,3
heads,3
economy,3
physiology,3
whether,3
supports,3
remedies,3
require,3
information,3
graceful,3
urban,3
art,3
popular,3
deformity,3
presented,3
lillian,3
scott,3
city,3
intended,3
assumptions,3
measure,3
neglect,3
promoted,3
devoted,3
cambridge,3
observed,3
formality,3
overstuffed,3
lounge,3
poise,3
upon,3
area,3
sexuality,3
potential,3
assumed,3
era,3
sits,3
fervor,3
element,3
abandoned,3
images,3
drew,3
infancy,3
building,3
broader,3
roles,3
fads,2
adulthood,2
miller,2
bernard,2
fraudulent,2
attendant,2
lears,2
advertised,2
o,2
paralleled,2
derided,2
heightened,2
projected,2
stuart,2
herself,2
flourished,2
mensendieck,2
cent,2
corporate,2
directors,2
created,2
career,2
everyone,2
affected,2
revealingly,2
environmental,2
determine,2
portrayals,2
clio,2
notably,2
slouched,2
expect,2
center,2
measurable,2
elementary,2
screening,2
instructions,2
identify,2
live,2
true,2
rounded,2
employers,2
conscious,2
perfect,2
decade,2
encourage,2
ambitious,2
physicians,2
incentive,2
evil,2
contested,2
contest,2
annals,2
practices,2
test,2
lower,2
said,2
overcoming,2
lead,2
posed,2
spencer,2
interference,2
attempt,2
script,2
seems,2
definition,2
principles,2
advantage,2
accompanied,2
differences,2
stood,2
rich,2
admittedly,2
studied,2
disappearance,2
check,2
take,2
yearbook,2
achieved,2
feature,2
invoked,2
strength,2
last,2
caleb,2
improving,2
influences,2
raised,2
reserved,2
political,2
signs,2
checked,2
within,2
suppleness,2
racial,2
baldridge,2
magazines,2
advocates,2
stuffed,2
inadequate,2
bird,2
unaware,2
money,2
primary,2
twist,2
chapter,2
account,2
fetishism,2
placement,2
capable,2
politics,2
drive,2
worry,2
patient,2
professor,2
dutch,2
slumps,2
prolonged,2
indicating,2
cited,2
scandal,2
prevented,2
ectomorphic,2
learned,2
hierarchy,2
royal,2
measurably,2
angles,2
author,2
movie,2
facts,2
difficulties,2
representations,2
quality,2
inevitable,2
eating,2
begin,2
due,2
dominated,2
intensifying,2
ability,2
mixed,2
raises,2
justifications,2
pediatricians,2
walter,2
price,2
adams,2
regarded,2
expected,2
sustain,2
resting,2
burgeoning,2
uniformly,2
disproportionately,2
contrary,2
momentum,2
response,2
machines,2
modernity,2
allowing,2
emphases,2
continuous,2
single,2
truly,2
find,2
think,2
apparently,2
language,2
educators,2
tired,2
adjust,2
efficient,2
intruded,2
ubiquity,2
van,2
civilization,2
knoxville,2
deviations,2
youthful,2
floor,2
upright,2
links,2
mattered,2
redress,2
cas,2
stiffly,2
main,2
lie,2
levels,2
preparing,2
mean,2
represented,2
arm,2
flexible,2
diffuse,2
leave,2
introversion,2
derived,2
direct,2
strange,2
fat,2
matched,2
scales,2
feel,2
space,2
risks,2
reason,2
rising,2
chiropractic,2
dean,2
females,2
possibly,2
signed,2
physically,2
benefits,2
antidote,2
literary,2
slowly,2
edition,2
spirit,2
threat,2
operate,2
athletic,2
spur,2
cotton,2
trifles,2
cost,2
requires,2
mix,2
braces,2
abandonment,2
curvatures,2
opinion,2
view,2
talking,2
troubling,2
my,2
kennedy,2
introduce,2
demise,2
hands,2
attack,2
centers,2
consulting,2
repetitive,2
shared,2
radical,2
insisting,2
assistance,2
initial,2
term,2
wonder,2
topics,2
furthermore,2
traced,2
mainly,2
something,2
deportment,2
posters,2
teacher,2
ethel,2
population,2
inches,2
sport,2
explain,2
fox,2
brooklyn,2
somatic,2
revived,2
symbolically,2
possibility,2
aspects,2
shape,2
percent,2
traditionalist,2
points,2
line,2
correlation,2
listening,2
looks,2
advertisement,2
deans,2
purpose,2
competing,2
knowledge,2
excessive,2
gave,2
rand,2
broad,2
collective,2
records,2
williams,2
advertising,2
ventured,2
teenage,2
elegant,2
participate,2
rage,2
injunctions,2
won,2
lungs,2
correction,2
josephine,2
garb,2
start,2
normally,2
syndrome,2
working,2
dieting,2
things,2
protest,2
next,2
grass,2
television,2
tenn,2
insurance,2
sake,2
guidance,2
every,2
goucher,2
bowed,2
grow,2
cool,2
industry,2
roodenburg,2
psychological,2
presence,2
massachusetts,2
essentially,2
redefinition,2
impossible,2
yielded,2
annual,2
generally,2
aside,2
universities,2
majority,2
poorly,2
roots,2
breed,2
heyday,2
miserable,2
enjoy,2
small,2
beery,2
friendliness,2
reduction,2
critical,2
film,2
business,2
ramifications,2
temperament,2
opening,2
scientific,2
action,2
economic,2
distorted,2
imagery,2
gradual,2
sweeny,2
routinely,2
limited,2
tried,2
brief,2
harris,2
musical,2
exception,2
civility,2
torso,2
unprecedented,2
backdrop,2
simultaneously,2
straightened,2
innovation,2
zeal,2
hollywood,2
juxtaposition,2
sweeping,2
photographed,2
observer,2
examined,2
addition,2
entitled,2
technology,2
beget,2
us,2
confidence,2
today,2
dropped,2
handled,2
florence,2
nineteenthcentury,2
stars,2
love,2
affairs,2
corsets,2
organizations,2
name,2
comfortable,2
flapper,2
subjected,2
comparison,2
sherbon,2
similarly,2
smith,2
skills,2
kasson,2
keeve,2
insidious,2
idea,2
preserve,2
deficient,2
striking,2
homework,2
murphy,2
sloppy,2
really,2
demonstrating,2
doubt,2
venture,2
considerable,2
habit,2
reasons,2
afraid,2
hand,2
newspaper,2
imperatives,2
backaches,2
armed,2
interview,2
strategies,2
defense,2
judith,2
emma,2
focusing,2
deep,2
perhaps,2
conceivably,2
explicitly,2
free,2
encountered,2
distortions,2
image,2
classes,2
referred,2
extended,2
birth,2
limitations,2
instructor,2
undue,2
skirts,2
looking,2
desks,2
europeans,2
findings,2
admiring,2
expression,2
characteristically,2
waking,2
factor,2
harvard,2
trend,2
engineers,2
diagnosed,2
relegated,2
initiatives,2
involves,2
distortion,2
open,2
barnard,2
facets,2
nursing,2
maintenance,2
nirvana,2
behind,2
function,2
parts,2
ended,2
martin,2
retreat,2
educational,2
remember,2
internal,2
commentators,2
edmund,2
neck,2
effect,2
availability,2
recalled,2
probably,2
wouters,2
rickets,2
conveyed,2
evaluated,2
shaftesbury,2
pupils,2
secret,2
brown,2
separate,2
dealing,2
imply,2
procedures,2
george,2
waltz,2
movements,2
figure,2
five,2
sports,2
suggestive,2
defiance,2
parent,2
male,2
gomorrah,2
army,2
detailed,2
force,2
visual,2
lives,2
blood,2
achieve,2
elderly,2
fields,2
centuries,2
get,2
amy,2
face,2
coincided,2
short,2
unclad,2
yearbooks,2
plus,2
sections,2
acquired,2
springfield,2
farfan,2
sketches,2
rarely,2
liked,2
thinking,2
lessons,2
hanging,2
depending,2
version,2
ilg,2
throw,2
jekyll,2
known,2
symbol,2
compensation,2
letitia,2
offers,2
invalids,2
lovett,2
quickly,2
message,2
frequency,2
commonplace,2
fault,2
readily,2
proponents,2
paper,2
confident,2
seem,2
villain,2
argue,2
reclining,2
universal,2
regard,2
domestic,2
report,2
feed,2
perrin,2
sofa,2
victorianism,2
reflected,2
narrowed,2
cities,2
section,2
faddish,2
february,2
remediation,2
suffering,2
nonsyndrome,2
rests,2
reactions,2
twisted,2
making,2
supplemented,2
attitudes,2
despite,2
kunzle,2
poughkeepsie,2
calisthenics,2
limbs,2
institute,2
boys,2
fruitfully,2
hyde,2
u,2
observations,2
vigor,2
chesterfield,2
involving,2
martha,2
alterations,2
gatherings,2
occasionally,2
ill,2
thistle,2
strangers,2
november,2
demonstrate,2
respectable,2
conventional,2
photograph,2
bulletins,2
democratic,2
structured,2
detect,2
precision,2
complaints,2
frances,2
heralded,2
enthusiasm,2
song,2
laments,2
models,2
commercial,2
north,2
ignored,2
conn,2
national,2
aristocratic,2
offer,2
joined,2
actively,2
enabling,2
range,2
specialists,2
evidence,2
manufacture,2
displaced,2
centrality,2
colleagues,2
hours,2
presenting,2
rothenburg,2
prugh,2
needs,2
charles,2
spines,2
therefore,2
sectors,2
wellesley,2
civilian,2
predictable,2
applicants,2
germs,2
strong,2
grace,2
taylor,2
rosenbaum,2
meeting,2
signals,2
chambers,2
cordelia,2
carved,1
endemic,1
trick,1
democracy,1
literal,1
ending,1
currently,1
mostly,1
accidents,1
cuiltural,1
deny,1
oriented,1
troy,1
polish,1
tainted,1
evaluations,1
lane,1
intimately,1
mawr,1
rev,1
names,1
recalls,1
know,1
identity,1
defy,1
faced,1
skeletal,1
commitment,1
ready,1
compensate,1
truth,1
represent,1
fanfare,1
reconsidered,1
ant,1
nationwide,1
resulted,1
insufficiently,1
legitimate,1
revolutionary,1
wooing,1
intriguing,1
calm,1
cowards,1
measures,1
noticing,1
alone,1
adoption,1
poorer,1
houlse,1
totowa,1
cholesterol,1
invocations,1
gowans,1
childreni,1
interestingly,1
pushed,1
distributed,1
defenses,1
germany,1
minutes,1
buttocks,1
told,1
large,1
womanhood,1
upbraid,1
replaced,1
misalignments,1
shreeve,1
unsatisfactory,1
drastically,1
downplayed,1
effective,1
mutch,1
elaboration,1
reminders,1
enhance,1
tend,1
essays,1
picked,1
howarth,1
stays,1
sideways,1
formed,1
carpenter,1
openness,1
apelike,1
units,1
animallike,1
accommodating,1
specialist,1
english,1
withered,1
drinks,1
shamed,1
approaches,1
akerblom,1
jonathan,1
easily,1
competence,1
respectability,1
favor,1
park,1
notwithstanding,1
considerations,1
dressing,1
former,1
radcliffe,1
tied,1
personally,1
tempered,1
allow,1
lawn,1
policy,1
justified,1
distaste,1
necessarily,1
description,1
concomitant,1
pose,1
lowry,1
hulman,1
recidivist,1
detrimental,1
variants,1
total,1
observing,1
faded,1
combated,1
assisted,1
naturalness,1
uses,1
defiant,1
impeded,1
seventh,1
induced,1
interfering,1
descriptions,1
proliferating,1
eye,1
nice,1
dansville,1
humanities,1
diversity,1
synthesis,1
signal,1
contortions,1
permitted,1
assaults,1
canvassed,1
recourse,1
firmness,1
inattention,1
painful,1
urgency,1
smoothly,1
olive,1
orthopedists,1
visually,1
gutiding,1
failing,1
lightly,1
freshmen,1
wrong,1
corrector,1
specifically,1
swedish,1
caroline,1
nurse,1
ballet,1
jackson,1
identifying,1
creation,1
distinguishing,1
sad,1
solidify,1
voiced,1
nefarious,1
exclusive,1
conduced,1
exaggerated,1
corsetless,1
originally,1
processes,1
give,1
proud,1
gait,1
tera,1
culturally,1
concentrated,1
vols,1
rapid,1
pictured,1
secretary,1
illogical,1
ornum,1
rare,1
irrelevance,1
promoting,1
degree,1
cessation,1
heavens,1
advanced,1
chittenden,1
overnight,1
genteel,1
blasts,1
reevaluation,1
brock,1
toddler,1
words,1
senzd,1
dramatically,1
frederick,1
theodosia,1
incorporating,1
company,1
comparatively,1
tutor,1
reach,1
insouciance,1
attractive,1
recipes,1
scientists,1
wooden,1
secondary,1
assess,1
lessen,1
harmoniously,1
cceptance,1
feminism,1
predated,1
instill,1
thank,1
potentially,1
rearguard,1
analyses,1
pressed,1
sacrifice,1
vest,1
condie,1
shot,1
nonexistence,1
theoiy,1
verbal,1
preoccupied,1
hackett,1
link,1
harriet,1
farther,1
onto,1
toes,1
escalate,1
cultism,1
providence,1
expense,1
jouirnal,1
resulting,1
swimsuits,1
vices,1
histo,1
atrocities,1
nevertheless,1
alignment,1
subsequent,1
semiotics,1
inadvertently,1
writes,1
jill,1
forefathers,1
respond,1
mr,1
principal,1
seriousness,1
demeanor,1
opposite,1
tortures,1
indoors,1
detection,1
suspension,1
china,1
gibson,1
reversions,1
superficially,1
tell,1
papers,1
designs,1
contents,1
winifred,1
quietly,1
promptings,1
british,1
ernest,1
concealed,1
slip,1
side,1
appreciate,1
patents,1
published,1
cue,1
forthcoming,1
iii,1
plain,1
reissued,1
seven,1
weakened,1
king,1
republished,1
chronicled,1
continuum,1
repercussions,1
adverse,1
constraint,1
bones,1
amelia,1
standardizing,1
me,1
draw,1
discuss,1
ventures,1
cakewalk,1
admonitions,1
solving,1
disseminated,1
ridicule,1
sclerosis,1
identical,1
satisfying,1
gardens,1
vol,1
wonders,1
angiel,1
staggering,1
sofas,1
determined,1
compensatory,1
wannabes,1
kaplan,1
suburban,1
franits,1
needlessly,1
facilitating,1
polloi,1
restraints,1
offices,1
reaction,1
feasible,1
pediatrics,1
alter,1
consciousness,1
inflated,1
insight,1
countered,1
mastery,1
apart,1
expectedthrowback,1
peggy,1
recede,1
stiffest,1
seco,1
x,1
lyric,1
classics,1
alert,1
panic,1
grandiose,1
uncertain,1
masturbation,1
posturepedic,1
relate,1
desirable,1
clultivation,1
chart,1
requirements,1
nightlife,1
midwifery,1
transient,1
himself,1
uninviting,1
demanded,1
ginott,1
interviews,1
nd,1
chronic,1
tographic,1
permissive,1
brazelton,1
disorders,1
letter,1
sweet,1
furnishings,1
disputed,1
collection,1
descend,1
harold,1
controlled,1
framework,1
exposed,1
succeed,1
labor,1
maynard,1
bizarre,1
attentiveness,1
schematographs,1
daughters,1
counterthrust,1
goal,1
corseting,1
reprobates,1
talisman,1
accessible,1
wilkes,1
solrtcebook,1
exemplifying,1
slender,1
foil,1
express,1
dependence,1
alignments,1
accustoming,1
proceeded,1
reverse,1
conditions,1
reputation,1
marguerite,1
schoolsthe,1
jlg,1
reactionary,1
cultutre,1
aversion,1
tables,1
helen,1
realized,1
comnmoni,1
de,1
underpinned,1
proliferated,1
corner,1
noel,1
lectures,1
registered,1
civilizing,1
tutelage,1
rebecca,1
characteristic,1
incarnations,1
moment,1
menelaus,1
enjoying,1
plotting,1
highlighting,1
conducted,1
taper,1
quantitative,1
discontinued,1
dozen,1
backdrops,1
convention,1
type,1
janet,1
pay,1
codified,1
fischer,1
dealings,1
theaters,1
slick,1
vengeance,1
accelerating,1
yourself,1
arena,1
z,1
goff,1
guided,1
priority,1
progressive,1
viewing,1
rank,1
popularization,1
anacc,1
adjustment,1
stomach,1
items,1
self,1
blame,1
sibling,1
heinz,1
recollection,1
bay,1
keep,1
perspective,1
document,1
sag,1
furnishing,1
fond,1
intercourse,1
comparative,1
amount,1
subjects,1
differently,1
highest,1
inspirational,1
speed,1
shadowgraphs,1
serving,1
pho,1
syracuse,1
concert,1
restrict,1
six,1
cranks,1
houses,1
inclusion,1
races,1
site,1
suitable,1
brace,1
guardian,1
left,1
tattooing,1
third,1
suggestion,1
ness,1
elementaty,1
criterion,1
estimate,1
publications,1
carrying,1
mechanical,1
steamss,1
warned,1
fighting,1
momentary,1
aspect,1
purported,1
revised,1
mirrored,1
obscure,1
memoir,1
reassessment,1
beauity,1
preserving,1
hoary,1
practically,1
critique,1
details,1
semblance,1
advised,1
departed,1
precise,1
shuttered,1
leadership,1
occasion,1
hygienic,1
hardly,1
catalogues,1
weakness,1
forbade,1
cars,1
acknowledge,1
sisters,1
master,1
evenly,1
businessmen,1
unfortunate,1
bathrooms,1
marching,1
realization,1
alarm,1
sears,1
endomorphic,1
promised,1
lf,1
vantage,1
jean,1
youlr,1
uipon,1
hotly,1
mechanisms,1
rights,1
excessively,1
mesomorphic,1
steps,1
inspections,1
wilbert,1
gaining,1
mrozek,1
seeming,1
architectutre,1
excruciatingly,1
asserted,1
normalcy,1
briefly,1
manipulated,1
hoi,1
adequate,1
remedied,1
german,1
verbrugge,1
hesitant,1
westport,1
racism,1
potent,1
flurry,1
act,1
dilemma,1
tait,1
bring,1
wanting,1
grid,1
aimed,1
selling,1
across,1
adds,1
fuller,1
scoliometer,1
edward,1
counterpoise,1
lagged,1
amnerican,1
paralysis,1
extroversion,1
fascinating,1
barometer,1
demonstration,1
ills,1
levine,1
swath,1
signaled,1
sulphur,1
suffer,1
goes,1
dealt,1
commending,1
deprived,1
granted,1
donw,1
persistent,1
shimmy,1
implicit,1
guiidance,1
interwar,1
graces,1
borkian,1
brand,1
adjustments,1
catalogs,1
therapists,1
generating,1
revelation,1
schlereth,1
produced,1
lacking,1
complication,1
crusade,1
echoed,1
reassess,1
earl,1
persons,1
discoveries,1
sophia,1
morse,1
dismiss,1
consequences,1
scattered,1
polite,1
periodic,1
bounce,1
derek,1
ames,1
enlisted,1
fraternities,1
rosters,1
dan,1
pleasures,1
suffice,1
sidonie,1
soul,1
send,1
katherine,1
mrs,1
spencers,1
mentality,1
perceptions,1
win,1
circulated,1
consultation,1
mission,1
coiled,1
adopt,1
wanted,1
sidestepped,1
independently,1
wheaton,1
improvement,1
sorts,1
motions,1
discouraged,1
countercurrents,1
rated,1
familiar,1
dandies,1
organized,1
targeted,1
imposed,1
emergence,1
berry,1
sick,1
teaches,1
presumably,1
meshing,1
sum,1
beleaguered,1
fabled,1
constrain,1
dominate,1
record,1
invariably,1
beecher,1
k,1
preoccupation,1
childien,1
excitement,1
exploratory,1
instrument,1
athleticism,1
gets,1
differs,1
decide,1
surgery,1
periodically,1
covers,1
economics,1
hair,1
overseen,1
initiative,1
carolina,1
favored,1
fashioned,1
bemoaning,1
ison,1
uncomfortably,1
shorter,1
ugly,1
ruideness,1
statement,1
schwarz,1
wondering,1
lifelong,1
hover,1
blasted,1
annually,1
enamored,1
queen,1
shrillness,1
punishable,1
patent,1
fronts,1
convincing,1
hansson,1
reorientation,1
robbie,1
restaurant,1
signification,1
willing,1
subsidiary,1
rendered,1
untrained,1
popularizers,1
reconciliation,1
odd,1
feeble,1
erroneous,1
painstakingly,1
discouraging,1
symbolized,1
detroit,1
boosterism,1
drawing,1
cut,1
systems,1
myths,1
roundshouldered,1
vine,1
louisville,1
commanded,1
assessments,1
cultivating,1
baldwin,1
pennyroyal,1
behaviour,1
thorpe,1
ordinarily,1
worries,1
impede,1
noyes,1
phrased,1
based,1
esq,1
arrayed,1
columbia,1
practitioner,1
evolutionist,1
vhen,1
agenda,1
bearing,1
avenue,1
blamed,1
societies,1
appearance,1
jolt,1
train,1
marion,1
conservative,1
entered,1
perform,1
difficulty,1
traditionally,1
nagging,1
typical,1
perennially,1
henceforth,1
whistle,1
treatments,1
inception,1
coeducation,1
billie,1
confinement,1
codify,1
rooms,1
cornell,1
infrequent,1
graphically,1
monitoring,1
dispute,1
dunglison,1
pioneer,1
near,1
sight,1
emerge,1
persist,1
percentages,1
illness,1
captured,1
distressing,1
diaty,1
attained,1
sleeping,1
liver,1
solution,1
evaluate,1
run,1
circulation,1
academic,1
feels,1
companion,1
spotted,1
lorna,1
undeniable,1
heirs,1
urgent,1
informed,1
saloon,1
habituis,1
stressing,1
ectomorphs,1
leonard,1
careless,1
treat,1
lowbrow,1
recently,1
attracts,1
symbols,1
companies,1
litany,1
pins,1
cannot,1
priorities,1
meet,1
payable,1
excellent,1
acquaintance,1
phoebe,1
hare,1
vivid,1
chided,1
flaws,1
ortho,1
sites,1
projects,1
spiritual,1
jolting,1
confirmation,1
foreshadowed,1
absolute,1
jessica,1
acceleration,1
triumph,1
performers,1
periodization,1
kirkus,1
corners,1
accelerated,1
tease,1
wayne,1
expressions,1
impression,1
proliferate,1
receive,1
kitchen,1
strikingly,1
passed,1
representatives,1
steppin,1
elliott,1
lost,1
gained,1
aging,1
ruggieri,1
conservatives,1
keeping,1
therapeutics,1
anna,1
distinctiveness,1
distinguish,1
stances,1
closed,1
sprawled,1
missed,1
figurative,1
redoing,1
broadly,1
slouches,1
intense,1
rupp,1
instituted,1
turning,1
framed,1
cord,1
imagined,1
future,1
childs,1
unless,1
prompted,1
interfered,1
decrepitude,1
attacked,1
breeding,1
stiffen,1
ot,1
sharon,1
explains,1
civil,1
hubbard,1
reserve,1
apparent,1
inevitability,1
esp,1
faithfully,1
clearer,1
confined,1
verbiage,1
aged,1
crawl,1
tune,1
caught,1
highlight,1
cabinets,1
repeating,1
composers,1
ambivalences,1
overview,1
consistently,1
edulcation,1
postitre,1
mythically,1
deaden,1
developmental,1
reynolds,1
amberson,1
probes,1
beginnings,1
groveling,1
snap,1
laggard,1
knees,1
structures,1
schoolchildren,1
hammerstein,1
hot,1
boom,1
infantile,1
device,1
backbones,1
et,1
call,1
mightily,1
annealing,1
optional,1
somet,1
gear,1
frederic,1
prescriptive,1
pittsbtiigh,1
hygienist,1
nor,1
physician,1
firming,1
butterfield,1
awkwardness,1
manage,1
alan,1
facial,1
predictive,1
bodymeasurement,1
muller,1
graded,1
challenging,1
starlet,1
sitters,1
concurrent,1
ali,1
vacation,1
betraying,1
graduate,1
sink,1
alarmist,1
highbrow,1
admonition,1
divergences,1
citing,1
compass,1
earth,1
asymmetries,1
stockholm,1
contests,1
olson,1
staple,1
tone,1
pick,1
haber,1
legacy,1
erenberg,1
outfits,1
nurture,1
davison,1
giant,1
describing,1
postpaid,1
regardless,1
rochelle,1
carry,1
wearer,1
shaping,1
revolution,1
wished,1
panel,1
involve,1
dictionary,1
foy,1
lois,1
applicability,1
misaligned,1
robley,1
chairmakers,1
ward,1
heart,1
troubles,1
reporter,1
desire,1
intervals,1
fatigue,1
calling,1
concept,1
nutritional,1
spiritually,1
characteristics,1
sufficient,1
cultulre,1
june,1
choose,1
components,1
routine,1
undergarments,1
classmates,1
stake,1
sacpling,1
reported,1
vacuum,1
codes,1
deviant,1
portions,1
berthold,1
oklahoma,1
weapons,1
seeds,1
philip,1
palatable,1
managed,1
condemned,1
visible,1
orthodox,1
seed,1
progress,1
compressing,1
slackening,1
dependent,1
cleaning,1
degeneration,1
leiter,1
rivalry,1
wife,1
mofe,1
lary,1
grunge,1
confluence,1
underwear,1
conceptions,1
reassuring,1
housing,1
preliminary,1
rodgers,1
criminals,1
novices,1
pervasive,1
waiting,1
valuable,1
massive,1
meshed,1
readership,1
mechanism,1
mantles,1
supposed,1
stephens,1
straightest,1
crouching,1
piercing,1
schoolwork,1
awards,1
appeal,1
survived,1
south,1
tea,1
span,1
benches,1
sidney,1
uncommon,1
defended,1
girl,1
harland,1
culprits,1
differed,1
usable,1
rheumatic,1
highlights,1
overblown,1
seedbed,1
ranging,1
situation,1
patronize,1
forever,1
hegemony,1
bloomer,1
architecture,1
noble,1
steadily,1
contended,1
vaudeville,1
hyperbole,1
strictures,1
inadequacy,1
spell,1
dane,1
logically,1
disappearparipassu,1
deteriorations,1
conmplete,1
abusive,1
drama,1
lag,1
labeled,1
expansion,1
motivated,1
genital,1
acknowledged,1
indicated,1
approval,1
funny,1
founding,1
oscar,1
jitterbug,1
deviation,1
standardization,1
reduce,1
prove,1
collide,1
converted,1
whatever,1
hing,1
wh,1
above,1
echoing,1
testable,1
garden,1
outlet,1
currency,1
folded,1
interactions,1
nudity,1
unfamiliar,1
loss,1
decisions,1
direction,1
positive,1
chap,1
phrenologists,1
sponsorship,1
unduly,1
trickle,1
fitz,1
undermining,1
contributing,1
foreboding,1
outlets,1
simultaneous,1
competition,1
criticism,1
disappear,1
interpretation,1
subperiods,1
fringe,1
surpassed,1
lloyd,1
unattractive,1
salvation,1
recommendation,1
read,1
auistralia,1
bodice,1
riveted,1
paradox,1
renaming,1
serve,1
counterparts,1
sex,1
array,1
east,1
fail,1
fifth,1
restricted,1
exposure,1
substantiate,1
chronology,1
sororities,1
specifics,1
loosening,1
latitude,1
termination,1
ergonomics,1
fidget,1
classroom,1
prestigious,1
delamont,1
checks,1
salutary,1
marshall,1
suiccess,1
constant,1
participants,1
assimilation,1
editorial,1
release,1
incapacity,1
light,1
eagerness,1
eliza,1
correcting,1
watson,1
lord,1
newcomer,1
choices,1
ky,1
lacked,1
baltimore,1
literally,1
coaching,1
lament,1
darkened,1
al,1
phenomenon,1
insights,1
friendly,1
couch,1
warranted,1
disagreed,1
speaking,1
assimilated,1
bar,1
latent,1
isolated,1
relevance,1
picture,1
disciplinary,1
declining,1
knapp,1
proceedinigs,1
lee,1
delivery,1
showing,1
gentleman,1
wightman,1
street,1
mattress,1
stemmed,1
members,1
leader,1
critiques,1
successfully,1
admit,1
bushman,1
gymnasium,1
surpass,1
paul,1
talked,1
shots,1
derangement,1
naivete,1
challenge,1
power,1
upset,1
stated,1
lifespan,1
monitor,1
stream,1
mark,1
hurlock,1
tavel,1
restaurants,1
pointed,1
recline,1
officer,1
piled,1
chance,1
energy,1
ecumenical,1
daring,1
ape,1
gladys,1
performance,1
misguided,1
analytical,1
charting,1
generational,1
conformity,1
lengthy,1
twenty,1
marker,1
unaccustomed,1
consideration,1
coincidence,1
turner,1
professed,1
penelope,1
recurrent,1
superficial,1
music,1
diagnoses,1
sayre,1
stoop,1
behaviorally,1
outdated,1
educated,1
couches,1
together,1
classical,1
lumpiness,1
never,1
omitted,1
shoulder,1
brindle,1
granting,1
variation,1
pittsbulrgh,1
brochure,1
vt,1
surrounding,1
maker,1
selectivity,1
disproportionate,1
transit,1
nag,1
learn,1
joan,1
trot,1
psychic,1
stecher,1
ron,1
brookline,1
cuiltutre,1
covered,1
slackness,1
innovative,1
luggage,1
dio,1
straub,1
bess,1
continuing,1
dorothy,1
existing,1
accepted,1
watrir,1
eliciting,1
karl,1
jobs,1
contorted,1
michael,1
foot,1
ecline,1
wishy,1
informally,1
viii,1
reshaped,1
hunched,1
blaming,1
simplicity,1
swing,1
metropolitan,1
lean,1
bengt,1
manly,1
compelled,1
ignoring,1
sell,1
laced,1
breast,1
montanye,1
erred,1
compete,1
slanting,1
obsession,1
day,1
artifact,1
arrant,1
recreational,1
institutionalization,1
civilized,1
charleston,1
argues,1
encompassed,1
grounds,1
instructional,1
chide,1
upholstering,1
aultobiography,1
backbone,1
proudly,1
apt,1
understanding,1
anzd,1
cure,1
spending,1
vast,1
clients,1
gymnastic,1
intimate,1
generate,1
survive,1
invested,1
caring,1
effectiveness,1
attendants,1
touched,1
currents,1
completed,1
chiefly,1
shaky,1
stuck,1
mothers,1
sanitized,1
contours,1
decent,1
wedding,1
yo,1
precedence,1
keating,1
arose,1
rehabilitation,1
manufactured,1
inexorably,1
depended,1
behooved,1
contacts,1
wacky,1
complexities,1
medium,1
wore,1
louis,1
yale,1
beautiftil,1
empirical,1
lamppost,1
rendering,1
reified,1
waste,1
combining,1
steady,1
barwell,1
pervasiveness,1
businesslike,1
orthopedics,1
francis,1
ectomorph,1
morality,1
engaging,1
grander,1
sequence,1
dances,1
thin,1
slipped,1
inflicted,1
haim,1
meck,1
ethnic,1
developnment,1
circumstance,1
resolved,1
pamphlets,1
canon,1
merit,1
stay,1
injurious,1
write,1
bifurcation,1
office,1
crook,1
jazz,1
pittsbuirgh,1
stopping,1
improvements,1
complicated,1
banners,1
dating,1
bedroom,1
lessened,1
described,1
harvey,1
maid,1
emboldened,1
low,1
careers,1
significance,1
explorations,1
leach,1
ambiguities,1
cameras,1
subtle,1
distracted,1
alienating,1
individualized,1
reality,1
directed,1
emphasizing,1
adding,1
kidneys,1
upholstery,1
worrying,1
favorite,1
restraint,1
publication,1
hewlett,1
creditability,1
movies,1
profession,1
perpendicular,1
bracket,1
damage,1
leaned,1
essay,1
supportive,1
roleplaying,1
interpret,1
advocacy,1
workers,1
august,1
counter,1
eve,1
sed,1
afffordable,1
organism,1
robinow,1
diagonally,1
teal,1
optimum,1
creates,1
duties,1
premium,1
yoiwg,1
distinction,1
stages,1
mountain,1
neb,1
kept,1
households,1
sneaky,1
prescription,1
preservation,1
divergent,1
uncompromising,1
abundant,1
expressing,1
permitting,1
assuming,1
minimal,1
institutionalized,1
theatref,1
herman,1
lighting,1
promotion,1
eugenic,1
mind,1
graphic,1
sternly,1
random,1
sentiment,1
somehow,1
silly,1
date,1
mining,1
catherine,1
cultutral,1
anemia,1
constructing,1
craft,1
twirled,1
trouble,1
interpretations,1
suit,1
brattleboro,1
campuses,1
ann,1
bryn,1
exactly,1
anderson,1
richfield,1
plate,1
guiidanzce,1
v,1
expand,1
seeking,1
comfortably,1
neandertal,1
phrenology,1
lacing,1
hunter,1
captivity,1
figures,1
fell,1
saw,1
destruction,1
relative,1
davies,1
soften,1
ago,1
walked,1
embodied,1
outright,1
inferior,1
ske,1
encompassing,1
decay,1
deterfhination,1
animals,1
hinckes,1
hopeless,1
offspring,1
experienced,1
decision,1
anatomy,1
coordinated,1
unwittingly,1
emergenice,1
necks,1
unexpected,1
genesis,1
luxuriously,1
disciplining,1
implicitly,1
uniited,1
flopping,1
dawn,1
aspirations,1
enrollment,1
edith,1
relying,1
compulsory,1
liberalism,1
progeny,1
assigned,1
diminution,1
touted,1
browne,1
circle,1
mattersvmight,1
commentator,1
visits,1
peers,1
note,1
ballantine,1
relates,1
duffin,1
redefine,1
hostile,1
science,1
bulk,1
traditionalism,1
guests,1
psychology,1
buyers,1
outsiders,1
generalized,1
vision,1
plays,1
bealutiful,1
staples,1
testing,1
entities,1
berated,1
fully,1
fear,1
reasonable,1
insecure,1
gleason,1
rpt,1
preferably,1
metia,1
insufficient,1
primarily,1
bags,1
predict,1
remediate,1
pleasanter,1
harmed,1
nagged,1
abnormal,1
implicate,1
oblique,1
directions,1
insist,1
interfere,1
clothes,1
loring,1
team,1
distorting,1
assignments,1
lawrence,1
nunn,1
shone,1
oddly,1
rotc,1
transformation,1
intensive,1
rapidly,1
sheer,1
covering,1
length,1
stage,1
instinct,1
guilt,1
serpentine,1
furthered,1
responsible,1
corsetry,1
construction,1
cease,1
goldthwaite,1
jeremiad,1
schooled,1
replacements,1
frontier,1
directives,1
endure,1
supporting,1
months,1
exists,1
instances,1
event,1
isadora,1
iri,1
lingers,1
repeat,1
problematic,1
resemble,1
sound,1
susan,1
clinical,1
extensions,1
seat,1
immensely,1
hapless,1
evaluation,1
houlsehold,1
dramatization,1
sara,1
matters,1
detail,1
multiple,1
bench,1
enigma,1
cues,1
bates,1
proof,1
warrants,1
shaw,1
environment,1
inspect,1
valuing,1
suggestions,1
duncan,1
earliest,1
brassieres,1
eschewed,1
condulct,1
shadow,1
coat,1
problematiclay,1
aspiring,1
material,1
inculcate,1
ahead,1
categorizations,1
worsened,1
zolafan,1
overriding,1
comes,1
dallett,1
armin,1
artifices,1
complexity,1
intensification,1
bill,1
pointless,1
ve,1
founded,1
suggestively,1
regulated,1
wear,1
cruelties,1
constituted,1
ever,1
rigidly,1
damaging,1
weighty,1
reinforced,1
beside,1
bedrooms,1
medically,1
elicited,1
inferiority,1
implied,1
mesomorphs,1
scrutiny,1
jacobi,1
permissiveness,1
etiqulette,1
seating,1
ll,1
recruits,1
shapes,1
organization,1
darwin,1
besides,1
md,1
tenor,1
inescapable,1
rocky,1
sciences,1
organizational,1
sustained,1
statistical,1
staked,1
equation,1
swan,1
correctness,1
discomfort,1
bright,1
contingents,1
ran,1
enters,1
flow,1
unavailable,1
teenager,1
deficiencies,1
intellectual,1
chewing,1
tendencies,1
stuffy,1
bravery,1
ungenteel,1
anthropology,1
guarding,1
gertrude,1
ancestor,1
reversal,1
vaguer,1
worth,1
neglected,1
inclined,1
interested,1
exploration,1
board,1
variable,1
international,1
illnesses,1
flowing,1
entertainments,1
embraced,1
chiropractors,1
restrictive,1
klein,1
manipulations,1
intrusive,1
printed,1
garnered,1
inquiry,1
mood,1
degenerates,1
calabrella,1
expresses,1
journals,1
loll,1
countering,1
goods,1
indispensable,1
anguished,1
towne,1
liberal,1
convey,1
chairman,1
sought,1
stereopticon,1
going,1
mouthj,1
desk,1
anomalous,1
utilized,1
invocation,1
disputes,1
passage,1
endomorph,1
middleclass,1
pending,1
pushing,1
turned,1
stamps,1
begun,1
counterproductive,1
justify,1
weathersfield,1
jacqueline,1
ladies,1
elevated,1
drop,1
born,1
quiet,1
delineated,1
purchase,1
vacations,1
memorandum,1
vary,1
automatically,1
reverberate,1
kris,1
shaffer,1
proceedings,1
combined,1
circles,1
designers,1
deriding,1
furnishes,1
selected,1
list,1
ones,1
rebellion,1
coast,1
reification,1
rudeness,1
tailored,1
expostulation,1
vests,1
thirty,1
fidgets,1
corps,1
muscular,1
strictly,1
contrasting,1
beaches,1
ineradicable,1
theory,1
warn,1
imageries,1
unnecessary,1
gruenberg,1
instantiation,1
therapy,1
dream,1
clinics,1
interpreting,1
scrupulous,1
athletics,1
useful,1
getting,1
contagions,1
foundations,1
attaining,1
interviewers,1
rating,1
abruptly,1
kaufman,1
glee,1
recurrently,1
cents,1
balance,1
intake,1
encounters,1
effete,1
therapeutic,1
lampooned,1
doran,1
frontiersmen,1
freedom,1
periodicals,1
danforth,1
soldier,1
ioatcihes,1
stern,1
marking,1
gesler,1
waist,1
naked,1
paintings,1
atkinson,1
imparted,1
poems,1
son,1
preserved,1
trivial,1
entrance,1
recognition,1
private,1
refinement,1
exercising,1
respect,1
ohio,1
uniform,1
beach,1
pomposity,1
backless,1
langulage,1
faculty,1
glimm,1
prevalent,1
alternatives,1
vagaries,1
republic,1
stairs,1
parlormaking,1
predecessors,1
impose,1
administration,1
step,1
straighten,1
histoiy,1
curtvatutre,1
sheets,1
confronted,1
matches,1
strand,1
screen,1
contribute,1
demanding,1
joel,1
indebted,1
partake,1
abbott,1
smacked,1
graduation,1
colonial,1
gurus,1
languid,1
geared,1
using,1
hedonism,1
evidenced,1
commented,1
ensuing,1
coed,1
wave,1
accorded,1
categorization,1
paula,1
jan,1
adviser,1
suppressed,1
named,1
louise,1
charlie,1
villains,1
inefficient,1
entrants,1
formation,1
soft,1
spring,1
notes,1
consult,1
bartholomew,1
deformed,1
zella,1
sufficed,1
sensibilities,1
donald,1
finding,1
quest,1
paradigm,1
ailments,1
authored,1
boosted,1
samuel,1
embarked,1
lures,1
vernacular,1
stanhope,1
aware,1
artificial,1
explanation,1
publicized,1
wish,1
twisting,1
move,1
instead,1
lively,1
grown,1
typically,1
correlated,1
realism,1
linkage,1
define,1
consumption,1
green,1
facilitates,1
guiding,1
disciplines,1
staying,1
tamplin,1
smaller,1
deforming,1
writer,1
disruption,1
regular,1
attributes,1
willingness,1
vividness,1
piece,1
harbored,1
gentry,1
willard,1
attempted,1
caption,1
posterity,1
counseling,1
foiur,1
battleground,1
blunders,1
burdens,1
increased,1
catharine,1
surgeons,1
worried,1
computer,1
am,1
evelyn,1
flawed,1
news,1
pioneering,1
passages,1
penetrated,1
withdrew,1
close,1
window,1
gesell,1
mystery,1
deployment,1
oversimplification,1
carole,1
inducements,1
consisted,1
aerating,1
say,1
spurred,1
patented,1
improved,1
obligation,1
loraine,1
mixture,1
asymmetry,1
substantial,1
instance,1
handicaps,1
atop,1
gracovetsky,1
cyclopaedia,1
re,1
patients,1
visibly,1
seemed,1
technological,1
establishment,1
resist,1
subjecting,1
famous,1
beings,1
arnold,1
darling,1
tract,1
asked,1
doing,1
attendance,1
conversations,1
garrison,1
built,1
termed,1
contradictions,1
race,1
choice,1
household,1
occur,1
costly,1
increase,1
hovered,1
richly,1
ploy,1
eagerly,1
