WORDCOUNTS,WEIGHT
the,1196
of,614
in,512
and,456
to,401
a,261
women,178
that,170
was,153
as,146
s,140
for,130
on,123
workers,93
this,92
it,85
with,83
their,80
poland,79
by,77
not,75
were,74
had,73
is,72
communist,70
polish,63
one,62
strike,62
state,61
at,60
i,59
or,58
they,55
see,53
be,52
gender,51
men,51
solidarity,48
also,47
could,46
social,46
political,45
from,44
opposition,43
regime,41
but,40
an,40
we,40
more,39
lodz,38
party,37
which,36
even,35
have,34
all,33
his,31
who,31
review,30
has,30
resistance,30
he,30
american,29
such,29
communism,29
work,29
its,29
been,29
april,28
these,28
new,28
after,28
are,28
historical,28
there,27
about,27
would,27
them,27
when,26
factory,26
strikers,26
how,25
most,25
protest,25
society,25
gierek,25
between,25
demands,24
did,24
other,23
than,23
will,23
national,23
economic,22
only,22
szczecin,21
no,21
well,21
power,21
family,21
while,21
politics,20
kenney,20
time,20
leaders,20
what,20
thus,19
worker,19
so,19
hospital,19
warsaw,19
some,18
against,18
people,18
law,18
like,18
over,18
both,18
first,17
europe,17
martial,17
communists,17
my,17
padraic,17
example,16
woman,16
free,16
years,16
shipyard,15
those,15
march,15
labor,15
february,15
textile,15
two,15
she,15
you,15
factories,14
government,14
soviet,14
history,14
union,14
out,14
because,14
nation,14
many,14
made,14
mothers,14
jaroszewicz,14
food,14
male,14
struggle,13
ways,13
into,13
consumers,13
price,13
yet,13
just,13
n,13
realm,13
sk,13
during,13
up,13
same,13
rhetoric,13
masculine,13
gdan,13
if,12
december,12
long,12
conflict,12
right,12
radio,12
york,12
though,12
however,12
city,12
way,11
protests,11
gomulka,11
jaruzelski,11
came,11
community,11
three,11
august,11
authorities,11
down,11
kuroni,11
research,11
much,11
household,10
eastern,10
central,10
back,10
general,10
result,10
public,10
part,10
issues,10
socialist,10
world,10
might,10
children,10
less,10
eds,10
me,10
ideology,10
fall,10
should,10
committee,9
before,9
sphere,9
gendered,9
chap,9
leadership,9
poznan,9
university,9
found,9
symbols,9
can,9
stores,9
t,9
am,9
us,9
culture,9
mill,9
january,9
began,9
simply,9
different,9
consumption,9
socialism,9
common,8
experience,8
take,8
help,8
within,8
east,8
likely,8
pay,8
strikes,8
similar,8
image,8
important,8
least,8
discourse,8
led,8
july,8
movement,8
slavic,8
leader,8
fact,8
zalewski,8
do,8
background,8
language,8
division,8
interview,8
force,8
life,8
then,8
szejnert,8
report,8
freedom,8
families,8
era,8
images,8
meeting,8
asked,8
difficult,7
go,7
later,7
revolutionary,7
every,7
j,7
system,7
very,7
forced,7
left,7
promised,7
may,7
earlier,7
wages,7
w,7
societies,7
war,7
prices,7
working,7
order,7
motherhood,7
wife,7
too,7
second,7
attempt,7
put,7
shipyards,7
hunger,7
members,7
poles,7
day,7
identity,7
largely,7
maria,7
him,7
often,7
wives,7
mother,7
itself,7
meat,7
particularly,7
identities,7
turned,7
believed,7
whether,7
her,7
course,7
need,7
states,7
early,7
little,7
among,7
increase,7
large,6
stalinist,6
certainly,6
give,6
marchlewski,6
nature,6
shaped,6
strajk,6
key,6
mass,6
relations,6
times,6
jacek,6
german,6
rather,6
matuszak,6
certain,6
study,6
support,6
old,6
threatening,6
care,6
helped,6
trybuna,6
term,6
late,6
london,6
laba,6
et,6
sense,6
hard,6
revolution,6
contrast,6
concerns,6
roots,6
notes,6
situation,6
fighting,6
street,6
again,6
reform,6
took,6
another,6
mills,6
own,6
values,6
shopping,6
nothing,6
hand,6
attention,6
raise,6
chmielewska,6
success,6
class,6
monument,6
any,6
control,6
weitz,6
particular,6
generally,6
comrade,6
role,6
jan,6
needs,6
now,5
faced,5
miners,5
authority,5
studies,5
something,5
princeton,5
being,5
secretary,5
andrzej,5
memorial,5
czas,5
deal,5
leading,5
differences,5
able,5
wage,5
reading,5
october,5
promises,5
dignity,5
tabako,5
surely,5
since,5
september,5
police,5
industries,5
main,5
demonstration,5
b,5
organization,5
workplace,5
elsewhere,5
days,5
quoted,5
powerful,5
suggested,5
based,5
lead,5
whom,5
events,5
understood,5
almost,5
year,5
place,5
keep,5
hikes,5
away,5
creating,5
several,5
few,5
industry,5
impossible,5
budgets,5
republic,5
equality,5
indeed,5
make,5
thought,5
under,5
management,5
al,5
organizations,5
toward,5
gwiezdny,5
outside,5
everyday,5
michael,5
streets,5
private,5
memoirs,5
slowik,5
described,5
clear,5
period,5
standard,5
especially,5
effect,5
regimes,5
provide,5
movements,5
usually,5
ordinary,5
premier,5
increased,5
struck,5
each,5
best,5
sought,5
living,5
aniela,5
economy,5
unrest,5
peace,5
through,5
press,5
became,5
our,5
question,5
until,5
spring,5
cambridge,5
contract,5
although,5
traditional,5
focus,5
grzegorz,5
roles,5
verdery,5
democracy,4
does,4
recalls,4
stood,4
created,4
germany,4
group,4
told,4
bpp,4
boulder,4
former,4
position,4
ii,4
military,4
worked,4
daily,4
marches,4
precisely,4
lodzi,4
crowd,4
felt,4
hungry,4
build,4
explained,4
reported,4
moment,4
z,4
items,4
machines,4
underground,4
higher,4
without,4
na,4
mean,4
knew,4
leave,4
front,4
moreover,4
clearly,4
walentynowicz,4
method,4
international,4
really,4
recently,4
promise,4
gone,4
your,4
feminine,4
line,4
jancar,4
edn,4
esp,4
winter,4
realms,4
weeks,4
good,4
change,4
ludu,4
next,4
night,4
june,4
coast,4
seemed,4
barbara,4
battle,4
various,4
nearly,4
above,4
violence,4
official,4
months,4
others,4
experienced,4
lack,4
striking,4
rebuilding,4
angry,4
personal,4
end,4
edward,4
charges,4
minister,4
feminism,4
where,4
understandings,4
confrontation,4
material,4
violent,4
understanding,4
lost,4
easier,4
wojciech,4
use,4
ideas,4
harvard,4
points,4
dominated,4
individual,4
someone,4
article,4
eyes,4
editors,4
postwar,4
joanna,4
story,4
lines,4
atmosphere,4
gathered,4
meant,4
version,4
implied,4
shop,4
quickly,4
stalinism,4
believe,4
half,4
ski,4
activism,4
kpd,4
havel,4
anna,4
suggests,4
must,4
kubik,4
tried,4
went,4
aspect,4
think,4
song,4
survival,4
prl,4
finally,4
crisis,4
dangerous,4
contributed,4
attempted,4
association,4
shift,4
speak,4
campaign,4
c,4
supply,4
recent,4
kruks,3
marszalkowski,3
possessed,3
o,3
announced,3
forcing,3
church,3
true,3
sons,3
easily,3
decade,3
policy,3
necessarily,3
husbands,3
source,3
advance,3
said,3
stabilization,3
commutnist,3
piotr,3
gained,3
wiadyslaw,3
advanced,3
seems,3
paternalism,3
reestablish,3
uncatalogued,3
tradition,3
short,3
strength,3
last,3
case,3
sexual,3
great,3
changed,3
occupying,3
activity,3
shared,3
sent,3
collection,3
million,3
throughout,3
temat,3
health,3
g,3
author,3
consumer,3
century,3
kind,3
thing,3
polityka,3
response,3
difficulty,3
young,3
dates,3
find,3
beginning,3
y,3
traditions,3
hardly,3
let,3
manipulated,3
kissing,3
whose,3
strajku,3
tomasz,3
kobiety,3
risk,3
turn,3
importance,3
talk,3
contributions,3
dialogue,3
productive,3
fulfill,3
katherine,3
rumors,3
consider,3
organized,3
amid,3
impact,3
show,3
cotton,3
problems,3
media,3
m,3
opinion,3
cut,3
disappeared,3
greater,3
kennedy,3
rule,3
conservative,3
hands,3
called,3
access,3
p,3
attack,3
become,3
radical,3
struggles,3
czechoslovakia,3
skilled,3
province,3
failure,3
professionals,3
masculinity,3
huge,3
representatives,3
spheres,3
used,3
received,3
civil,3
calls,3
secret,3
reminded,3
got,3
gave,3
collective,3
shouted,3
won,3
week,3
olsztyn,3
hungary,3
things,3
soltysiak,3
parliament,3
fully,3
progress,3
bogdan,3
founding,3
small,3
appeal,3
action,3
play,3
return,3
forward,3
still,3
direction,3
once,3
portrayed,3
reference,3
meanwhile,3
thursday,3
read,3
arguments,3
home,3
light,3
assistance,3
ed,3
floor,3
rise,3
stalin,3
lewis,3
walki,3
kraju,3
challenge,3
ended,3
paternalist,3
ask,3
idea,3
head,3
appeared,3
choice,3
man,3
paris,3
ground,3
increases,3
vulnerable,3
zdzislaw,3
answer,3
goven,3
imagine,3
father,3
upon,3
including,3
herself,3
significant,3
individuals,3
office,3
nevertheless,3
david,3
pride,3
allowed,3
started,3
summer,3
high,3
played,3
colo,3
kept,3
latter,3
exchange,3
never,3
katowice,3
goods,3
ten,3
percent,3
probably,3
saw,3
weimar,3
justice,3
european,3
reports,3
bureau,3
vision,3
independence,3
becomes,3
means,3
understand,3
recognize,3
analysis,3
united,3
citizens,3
face,3
marchers,3
fought,3
council,3
considered,3
solidarnosci,3
going,3
following,3
comes,3
grand,3
accounts,3
symbolic,3
known,3
ll,3
set,3
why,3
know,3
berkeley,3
refused,3
country,3
strajki,3
seem,3
money,3
speech,3
contradictory,3
sandwiches,3
cities,3
explicitly,3
works,3
better,3
places,3
delineated,3
nationalist,3
stability,3
list,3
boys,3
don,3
threat,3
library,3
martha,3
siemieniska,3
four,3
staged,3
graffito,3
mention,3
writing,3
youth,3
ignored,3
initiated,3
write,3
accept,3
aware,3
dudek,3
defined,3
off,3
lech,3
showed,3
themselves,3
elites,3
say,3
create,3
stefania,2
proposed,2
frequent,2
archives,2
complaint,2
mostly,2
elite,2
groups,2
renata,2
truth,2
market,2
pushed,2
trans,2
variety,2
alone,2
guy,2
rniesiqcy,2
thrust,2
expression,2
prime,2
gdynia,2
live,2
h,2
modern,2
protection,2
virtually,2
allies,2
unlike,2
total,2
ussr,2
nineteenth,2
controlled,2
proclamation,2
uprising,2
member,2
gap,2
either,2
zakowski,2
promissory,2
learned,2
unexpected,2
rapid,2
gdanisk,2
bloomington,2
words,2
grudzien,2
woznicki,2
broken,2
suggesting,2
sang,2
potentially,2
train,2
thanks,2
hanna,2
real,2
nationalism,2
spinners,2
mind,2
date,2
greatly,2
respond,2
raised,2
china,2
eiirope,2
czternascie,2
confused,2
lampland,2
similarities,2
pads,2
side,2
typist,2
published,2
recognized,2
mueller,2
task,2
mine,2
discuss,2
saturdays,2
holzer,2
account,2
indirectly,2
poznaniski,2
etc,2
reaction,2
point,2
cited,2
hagemann,2
along,2
dirty,2
delegations,2
demanded,2
minimum,2
temma,2
shut,2
biddies,2
goal,2
immediate,2
accounted,2
ferenc,2
de,2
featured,2
center,2
ability,2
decided,2
participating,2
barrier,2
expected,2
admitted,2
given,2
weaknesses,2
clashes,2
ithaca,2
served,2
explore,2
look,2
vice,2
dear,2
destabilize,2
coal,2
dla,2
book,2
rights,2
site,2
hero,2
asserted,2
urged,2
legitimation,2
heroes,2
observers,2
hana,2
activists,2
remain,2
agitator,2
exhausted,2
responded,2
process,2
represented,2
coffee,2
direct,2
magnates,2
eulrope,2
overlooked,2
kobiet,2
supposed,2
ludut,2
acquisition,2
win,2
strollers,2
female,2
cause,2
delegation,2
familiar,2
peasant,2
presumably,2
receiving,2
anid,2
sat,2
observations,2
ministers,2
resource,2
followed,2
boundary,2
exploitation,2
plenum,2
injustice,2
pious,2
fed,2
opponents,2
hours,2
talking,2
ordinarily,2
remembered,2
extent,2
location,2
included,2
nancy,2
begun,2
traditionally,2
centers,2
economics,2
informal,2
fainting,2
dzieni,2
constantly,2
unions,2
further,2
tygodnik,2
chinese,2
informed,2
cultural,2
durham,2
ciszewska,2
placed,2
outlined,2
explain,2
ttybuna,2
tadeusz,2
died,2
sacrifice,2
memory,2
aspects,2
none,2
participation,2
seeking,2
abroad,2
industrial,2
volgyes,2
claim,2
brought,2
advancement,2
discusses,2
schrand,2
knowledge,2
related,2
revealed,2
thoughts,2
elizabeth,2
dozens,2
discussions,2
policies,2
easiest,2
participated,2
emancipation,2
forces,2
employed,2
preparation,2
cornerstone,2
rendered,2
grassroots,2
tense,2
uliczne,2
lityniski,2
responsibility,2
chose,2
wished,2
wiadomosci,2
theater,2
clothes,2
quite,2
subvert,2
involved,2
fast,2
around,2
leggings,2
openly,2
pregnant,2
lynne,2
comfort,2
dramatic,2
decline,2
zlotys,2
boundaries,2
telling,2
crazy,2
fats,2
productivity,2
appropriate,2
passive,2
inhabiting,2
survived,2
critical,2
bator,2
bringing,2
limited,2
description,2
dressed,2
brief,2
veterans,2
havelkova,2
convince,2
intervention,2
indicates,2
president,2
comments,2
seemingly,2
madonna,2
edited,2
weekend,2
paradox,2
message,2
predecessor,2
god,2
historia,2
needed,2
acting,2
complete,2
cried,2
lord,2
colored,2
deliver,2
largest,2
malgorzata,2
already,2
unusually,2
moments,2
baby,2
mieczkowski,2
name,2
ind,2
skill,2
jeffrey,2
similarly,2
safety,2
underestimated,2
headquarters,2
shows,2
fundamental,2
conduct,2
scholars,2
powerless,2
demonstrations,2
gray,2
everything,2
discussed,2
honor,2
forms,2
readers,2
nie,2
thank,2
remarkable,2
refrain,2
necessary,2
spoke,2
perhaps,2
belief,2
desires,2
remained,2
argues,2
sir,2
fundamentally,2
meals,2
formal,2
liga,2
entirely,2
wonderful,2
vaclav,2
refers,2
sacks,2
returned,2
solidarno,2
injustices,2
raising,2
previous,2
banners,2
students,2
versions,2
subtle,2
moral,2
emphasizing,2
gesture,2
achieved,2
divisions,2
mines,2
distinction,2
thomas,2
disintegration,2
siegelbaum,2
hungarian,2
statements,2
stand,2
structure,2
capitalism,2
workshop,2
sanitary,2
attend,2
payment,2
sugar,2
hopes,2
visit,2
separate,2
suggest,2
accepting,2
kaplan,2
circle,2
visits,2
window,2
continued,2
george,2
recall,2
figure,2
crucial,2
chance,2
inside,2
seen,2
strongly,2
rational,2
legitimacy,2
changes,2
blood,2
entertainment,2
composed,2
politicized,2
get,2
zbigniew,2
matters,2
burned,2
dissertation,2
rarely,2
practice,2
hirszowicz,2
senior,2
dlaczego,2
postrevolutionary,2
ever,2
committees,2
elzbieta,2
theme,2
offered,2
plea,2
symbol,2
colorado,2
intellectual,2
paper,2
reversal,2
historians,2
michal,2
propaganda,2
current,2
roku,2
feed,2
eventually,2
foundation,2
ideological,2
far,2
director,2
consciousness,2
phd,2
purported,2
funk,2
weapons,2
polka,2
penn,2
purchase,2
heads,2
evocation,2
circles,2
rose,2
form,2
making,2
involvement,2
want,2
calif,2
sociology,2
imposed,2
maintain,2
despite,2
writes,2
shortages,2
problem,2
revoluttion,2
baltic,2
voice,2
information,2
emblematic,2
patriotism,2
ridicule,2
popular,2
remember,2
recognition,2
marked,2
met,2
auntie,2
november,2
duty,2
stairs,2
buy,2
transition,2
assumptions,2
completed,2
ost,2
memories,2
using,2
pole,2
goals,2
complaints,2
eric,2
buying,2
difference,2
trusted,2
revert,2
offer,2
laborious,2
instead,2
d,2
constructed,2
smaller,2
paychecks,2
centrality,2
prosperity,2
colleagues,2
playing,2
area,2
recalled,2
ships,2
moved,2
russia,2
scholarship,2
succeeded,2
chicago,2
negotiate,2
reached,2
immediately,2
strong,2
drew,2
observed,2
famous,2
built,2
major,2
evidently,2
perception,2
truce,1
resolve,1
mechanizmy,1
pediatric,1
librarian,1
superiority,1
judge,1
karin,1
receded,1
panicked,1
tiybuna,1
transportation,1
thwarted,1
respected,1
currently,1
gentility,1
rate,1
appropriation,1
done,1
child,1
adulthood,1
page,1
accomplish,1
celestyna,1
edge,1
horizontal,1
estimated,1
declared,1
heroic,1
enter,1
rev,1
meaning,1
commentary,1
locates,1
milieu,1
generous,1
threatened,1
retreated,1
prize,1
gigantomania,1
separated,1
represent,1
culminated,1
parade,1
everyone,1
adela,1
revived,1
nationwide,1
discredited,1
fiction,1
shipbuilding,1
fences,1
louisa,1
implies,1
diane,1
combine,1
ultimate,1
mundane,1
prochnik,1
marginalized,1
ewa,1
notably,1
feministki,1
distributed,1
crushed,1
forth,1
per,1
helicopter,1
passing,1
connect,1
speakers,1
articulating,1
reflection,1
reinforce,1
numbly,1
belts,1
elementary,1
complex,1
engendering,1
replaced,1
touched,1
rescinded,1
rolicki,1
agency,1
myth,1
communnism,1
marianne,1
properly,1
allegedly,1
join,1
denby,1
services,1
uniquely,1
salvation,1
english,1
parachuting,1
unstructured,1
approaches,1
sudden,1
comnmunism,1
additionally,1
sure,1
rediscovered,1
tractor,1
upheaval,1
favor,1
park,1
conscious,1
weydenthal,1
incidentally,1
figuratively,1
monolithic,1
supervised,1
bedkowski,1
tied,1
ideals,1
overlook,1
polski,1
perestroika,1
western,1
hysterical,1
warszawy,1
throwing,1
doctor,1
oppositional,1
stefan,1
title,1
encourage,1
occurred,1
stan,1
debacle,1
tells,1
dress,1
fragile,1
communicating,1
solidarnogci,1
unite,1
nominally,1
stakhanovism,1
feigon,1
wyborcza,1
eye,1
revision,1
kaczyiiska,1
attuned,1
hearts,1
societal,1
reich,1
morality,1
du,1
materials,1
fearful,1
disputed,1
themes,1
expenditures,1
disturbances,1
arms,1
test,1
cutting,1
predominantly,1
lower,1
round,1
painful,1
brodkin,1
gamarnikow,1
fabric,1
karen,1
grabbed,1
aside,1
ostromecki,1
explaining,1
coercioni,1
sources,1
maciej,1
feminizm,1
upholding,1
progressed,1
human,1
voices,1
krystyna,1
rfe,1
exclusive,1
researched,1
quoting,1
fund,1
implications,1
attempts,1
taken,1
restoration,1
contrasted,1
undermining,1
address,1
investments,1
season,1
refusal,1
frasyniuk,1
sunday,1
vhat,1
stanu,1
anywhere,1
articulate,1
housewives,1
emerged,1
shortage,1
stretch,1
turewicz,1
results,1
liberty,1
revival,1
historiography,1
miedzy,1
ninth,1
dramatically,1
reproached,1
okay,1
height,1
flowers,1
capitalist,1
schylkul,1
skills,1
textiles,1
professions,1
ahr,1
bogucka,1
warm,1
accompanied,1
remembrance,1
tampere,1
borders,1
display,1
appearance,1
prefeminist,1
careers,1
confusion,1
sovietique,1
courthouse,1
gradual,1
hesitation,1
pressed,1
emotion,1
rich,1
appearances,1
narrative,1
shot,1
regional,1
mcbride,1
theoiy,1
link,1
closer,1
kor,1
onto,1
concludes,1
deployed,1
shelves,1
beds,1
jouirnal,1
rda,1
foutglht,1
lasting,1
subsequent,1
mischievously,1
embrace,1
poczqtkujqcych,1
ziemi,1
totalitarian,1
abusing,1
loose,1
written,1
reinforcing,1
replicated,1
emphasized,1
edwaard,1
staff,1
reminiscent,1
routines,1
opposite,1
physical,1
california,1
dimmed,1
swoich,1
izabela,1
behind,1
livelihood,1
context,1
morgen,1
tragedy,1
coinciding,1
mothering,1
donated,1
nowhere,1
issue,1
dmochowska,1
empty,1
governmental,1
stochowa,1
anniversary,1
elided,1
suspect,1
alfred,1
podziemnej,1
recorded,1
rigby,1
owing,1
attribute,1
unaware,1
gdy,1
adopts,1
motion,1
categoiy,1
primary,1
viola,1
bases,1
exploit,1
america,1
saying,1
signifier,1
stepped,1
shrill,1
replacement,1
prior,1
ursus,1
logical,1
understated,1
upward,1
nadziei,1
thrown,1
blaming,1
pracy,1
admission,1
reaching,1
clav,1
obviously,1
pursue,1
loads,1
pronouncements,1
moscow,1
move,1
occupy,1
dinner,1
meanings,1
vital,1
obvious,1
rid,1
regretted,1
solidarnosc,1
purchases,1
mastery,1
west,1
taking,1
mental,1
desired,1
allemande,1
except,1
euirope,1
sporadically,1
diffused,1
uncertain,1
laws,1
literal,1
keeps,1
himself,1
interviews,1
ritual,1
chore,1
nowa,1
identifies,1
safely,1
cze,1
engage,1
piotrkow,1
liberated,1
denoting,1
unrecognized,1
reliably,1
shouting,1
bolsheviks,1
hudson,1
guilty,1
exposed,1
hygiene,1
complained,1
regarding,1
punishing,1
homage,1
ystow,1
strutggle,1
subsume,1
rebulilding,1
kicked,1
reservoir,1
alina,1
mouth,1
announce,1
famously,1
weakened,1
severe,1
reassert,1
facts,1
difficulties,1
dynamics,1
inevitable,1
killed,1
run,1
professor,1
deserving,1
inflation,1
visited,1
polsce,1
heroines,1
outrage,1
asceticism,1
janina,1
relatively,1
logic,1
helena,1
ratifies,1
wojennzy,1
raises,1
repressions,1
shaft,1
pwec,1
walter,1
montias,1
operator,1
wielsaw,1
restore,1
ease,1
convention,1
meyer,1
topic,1
avalanche,1
horrific,1
hat,1
walery,1
judged,1
funds,1
estimates,1
hold,1
cases,1
czternakcie,1
defense,1
distinct,1
nor,1
adopted,1
magda,1
reluctance,1
pushing,1
concrete,1
violently,1
liters,1
orbis,1
convincing,1
subjects,1
ltudut,1
disproportionately,1
encompass,1
differently,1
body,1
withdraw,1
ttybulna,1
determination,1
qualitatively,1
radom,1
neater,1
repress,1
stacey,1
ally,1
libraries,1
effective,1
clock,1
pure,1
employers,1
warski,1
thin,1
pressures,1
carrying,1
quintessentially,1
warned,1
heavy,1
zamosc,1
facet,1
competition,1
protestu,1
touraine,1
lublin,1
peasantry,1
student,1
communication,1
journal,1
bitterest,1
reformulate,1
chrzanowski,1
kelley,1
citizen,1
augustyniak,1
consumerism,1
occasion,1
pointing,1
liliczne,1
delivered,1
regain,1
generation,1
ina,1
weakness,1
coopt,1
preferred,1
suffering,1
bonuses,1
master,1
politycznego,1
milic,1
intuition,1
cites,1
weathering,1
poorly,1
typing,1
sensed,1
bottlenecks,1
walls,1
honored,1
remind,1
unlikely,1
ze,1
awkward,1
disbanded,1
presidium,1
underlay,1
starving,1
interesting,1
normalcy,1
thinker,1
alleged,1
infant,1
assured,1
folder,1
aaass,1
biura,1
hesitant,1
air,1
heroism,1
leaping,1
russian,1
leszek,1
act,1
dilemma,1
devastating,1
links,1
bring,1
l,1
virility,1
growth,1
destroy,1
stiffly,1
dry,1
influenced,1
heels,1
illustration,1
worldly,1
socjologiczne,1
adapt,1
baba,1
joan,1
basic,1
oversee,1
square,1
od,1
levels,1
gum,1
gregorz,1
observer,1
capture,1
myself,1
broaden,1
killing,1
milczenie,1
neighborhood,1
pointedly,1
associate,1
persistent,1
expenditure,1
supplement,1
diffuse,1
breeze,1
costs,1
politbiuro,1
unity,1
emerges,1
janusz,1
democratize,1
pages,1
special,1
denise,1
jeopardize,1
emergency,1
soap,1
lay,1
rules,1
quench,1
empowerment,1
laying,1
ambled,1
consequences,1
lutym,1
space,1
kneeling,1
stefaniski,1
reinterpretation,1
vera,1
firing,1
cuba,1
gazeta,1
eighteen,1
send,1
mrs,1
category,1
sovereignty,1
perceptions,1
circulated,1
monumental,1
financial,1
freeze,1
televisions,1
fundaments,1
les,1
signed,1
prze,1
benefits,1
rebutilding,1
slowly,1
grounds,1
troops,1
warren,1
disadvantaged,1
dislodge,1
monde,1
elevated,1
ybimna,1
jadwiga,1
stressed,1
mary,1
k,1
house,1
northeastern,1
verse,1
formally,1
frequently,1
kopstein,1
situations,1
doesn,1
age,1
krajewski,1
commuter,1
attitudes,1
initiative,1
hoped,1
democratic,1
crosses,1
exploited,1
occupied,1
follow,1
statement,1
promissoty,1
beyond,1
shed,1
efficient,1
credentials,1
arrests,1
servitude,1
cost,1
feudal,1
filtered,1
putting,1
bartyzel,1
ceremony,1
always,1
sanford,1
christmas,1
terminology,1
overcame,1
rayna,1
hereafter,1
willing,1
plight,1
maj,1
guidance,1
prowess,1
providers,1
vehicles,1
symbolized,1
detroit,1
appeals,1
obyty,1
providing,1
decades,1
polske,1
refrigerators,1
view,1
laslett,1
conflicts,1
reflections,1
bureaucracy,1
mommy,1
thinks,1
zdrowia,1
pose,1
outstanding,1
expressed,1
standards,1
ou,1
suffered,1
pledges,1
minimize,1
acceptable,1
explode,1
participants,1
introduce,1
aftermath,1
concentration,1
habits,1
transmission,1
harder,1
emblazoned,1
habitually,1
exaggeration,1
sixteenthto,1
protector,1
erosion,1
search,1
bounds,1
typical,1
forming,1
apron,1
effort,1
noting,1
luxury,1
insulted,1
eat,1
captured,1
possibility,1
shoes,1
commulnism,1
nam,1
spinning,1
herman,1
ltdiu,1
cancellation,1
wolchik,1
evaluate,1
benefit,1
academic,1
reply,1
intervening,1
fourth,1
equally,1
avuncular,1
equal,1
focused,1
henryk,1
checinski,1
religiosity,1
flagship,1
indirect,1
treat,1
sharpened,1
brenner,1
undermined,1
litany,1
pins,1
cannot,1
wlodzimierz,1
cegielski,1
erratic,1
surrounded,1
otherwise,1
energy,1
wealth,1
babysit,1
contesting,1
democratization,1
sites,1
overalls,1
tension,1
spiritual,1
guarantee,1
gilmartin,1
required,1
exiting,1
noticed,1
prayer,1
creates,1
package,1
symbolically,1
governing,1
suspended,1
walysa,1
patriarchal,1
biographies,1
wallach,1
exert,1
directly,1
provincial,1
feeding,1
minimal,1
figurative,1
slogans,1
basis,1
piec,1
competent,1
future,1
closed,1
journals,1
reinterpreting,1
rocks,1
nameless,1
parades,1
mobilization,1
zaworski,1
fraser,1
start,1
emphasis,1
vote,1
writers,1
leisure,1
locus,1
voted,1
overturn,1
imagined,1
concept,1
episode,1
unless,1
prominent,1
fired,1
attacked,1
bylo,1
borne,1
sharon,1
crane,1
denial,1
apparent,1
familistic,1
actors,1
studia,1
comment,1
crying,1
insuperable,1
feared,1
fence,1
restructuring,1
sprees,1
whole,1
roll,1
sta,1
describe,1
shana,1
older,1
inherited,1
meet,1
doomed,1
literally,1
partly,1
oaks,1
versus,1
announcing,1
organizing,1
documented,1
ivan,1
huta,1
recounting,1
bishop,1
border,1
eutropean,1
highlighted,1
lucrative,1
strategist,1
thunderous,1
deserved,1
mniesihcy,1
breadwinning,1
tears,1
rationing,1
interpreted,1
league,1
bohdan,1
challenging,1
relative,1
holy,1
concurrent,1
twerp,1
manipulation,1
messages,1
washing,1
reputation,1
ekiert,1
remake,1
staple,1
exemplary,1
broadcast,1
sketch,1
governs,1
solution,1
legacy,1
punctuated,1
correct,1
successful,1
morishige,1
brutality,1
billion,1
tight,1
below,1
allegiance,1
voiced,1
cold,1
ltidowej,1
impeccable,1
tom,1
recast,1
involve,1
excuse,1
level,1
framed,1
catholic,1
warrant,1
television,1
enlist,1
enrich,1
moratorium,1
nearest,1
emerging,1
event,1
paydays,1
happen,1
autonomy,1
consensus,1
workshops,1
foundered,1
munich,1
genderless,1
choose,1
eighth,1
roodenburg,1
invoke,1
erected,1
denotes,1
massachusetts,1
convey,1
suddenly,1
usual,1
villages,1
regular,1
miracles,1
zofia,1
core,1
balagan,1
visible,1
descendants,1
echoed,1
scott,1
grudniem,1
fouglt,1
jumps,1
leaflet,1
rapp,1
pa,1
paid,1
reproach,1
notice,1
bremmer,1
deepened,1
kid,1
provided,1
substituted,1
pandemonium,1
newly,1
grateful,1
gross,1
paul,1
displaced,1
foreign,1
auto,1
evoked,1
wheelchairs,1
sporadic,1
pienikowska,1
massive,1
incumbent,1
activities,1
nianczyc,1
teleology,1
avoid,1
mazur,1
culminate,1
spare,1
addiction,1
periods,1
mess,1
hair,1
rocznik,1
benches,1
liberation,1
reduction,1
f,1
kaim,1
fortieth,1
defended,1
evening,1
therefore,1
lenin,1
originally,1
laughed,1
unofficial,1
furnished,1
keane,1
chains,1
forever,1
ceremonial,1
reexamine,1
matter,1
contest,1
absence,1
antiquated,1
practices,1
protecting,1
ludzie,1
rested,1
fortunately,1
hutngaty,1
feminize,1
pilgrimage,1
pomnikszpital,1
logically,1
greta,1
imagery,1
wiadomnosci,1
drama,1
blessed,1
comparative,1
surprisingly,1
resisted,1
alliance,1
borusewicz,1
bolshevik,1
kilometers,1
revolt,1
impose,1
edges,1
yugoslavia,1
lies,1
brings,1
beside,1
constraints,1
object,1
oppressed,1
prove,1
useless,1
wh,1
starve,1
reserves,1
underpaid,1
experiences,1
railway,1
degree,1
za,1
inhabited,1
va,1
religious,1
bread,1
exceeded,1
improper,1
buses,1
single,1
zniewalania,1
biological,1
goscimiiiska,1
guide,1
calculate,1
repression,1
allegations,1
communities,1
philadelphia,1
wishes,1
interpretation,1
tighter,1
push,1
security,1
taunted,1
coverage,1
makes,1
accident,1
happened,1
reinterpreted,1
serve,1
soon,1
friends,1
counterparts,1
kochanowicz,1
insofar,1
sex,1
gati,1
reshaping,1
seeing,1
paradoxes,1
uniontex,1
declaration,1
lyrical,1
clash,1
challenged,1
lipiniska,1
neither,1
busy,1
perceived,1
comradeship,1
ascetic,1
riots,1
earned,1
polak,1
planned,1
wywiad,1
modestly,1
wspomnieni,1
gendering,1
supplied,1
matactwa,1
keeping,1
abandon,1
journeyed,1
enthusiast,1
sharply,1
cahiers,1
punishment,1
refocused,1
determine,1
acknowledging,1
stakhanoviste,1
rebels,1
jaw,1
insights,1
matrosowa,1
department,1
qualified,1
historycznej,1
kolankiewicz,1
directionless,1
mich,1
lldu,1
nanette,1
enterprises,1
kolekcja,1
fairly,1
tropes,1
longer,1
double,1
retired,1
lee,1
delivery,1
ale,1
fellow,1
transformative,1
worst,1
woinicki,1
shops,1
laid,1
needy,1
resolution,1
birthplace,1
fire,1
successfully,1
french,1
commodification,1
upset,1
fell,1
workmates,1
renewed,1
punish,1
rzecz,1
grazyna,1
responsibilities,1
printing,1
schoolbooks,1
chaps,1
notables,1
patriotic,1
redress,1
addition,1
evoking,1
roliiiski,1
missing,1
collar,1
efforts,1
drumbeat,1
faster,1
twenty,1
admit,1
formacji,1
stories,1
hollow,1
jedrychowski,1
maternal,1
slowo,1
regret,1
lives,1
pressure,1
walked,1
plan,1
depict,1
armonk,1
abstract,1
culltulre,1
crush,1
kurofi,1
pretty,1
holc,1
together,1
steered,1
niedzielska,1
larger,1
jezierski,1
hear,1
circling,1
john,1
rebuilt,1
withering,1
strikebreakers,1
contemporary,1
doubt,1
towering,1
celebrations,1
slain,1
prose,1
venture,1
considerable,1
chrysalis,1
pattern,1
triumphed,1
kociolek,1
serious,1
closets,1
anne,1
simple,1
rebuke,1
jako,1
beforehand,1
stuff,1
populationpoliticized,1
remade,1
evoke,1
newspaper,1
drove,1
reminder,1
intervene,1
contemporaiy,1
szablewski,1
operating,1
greenbelts,1
developing,1
dorothy,1
homoethnic,1
soften,1
biblioteka,1
butterfly,1
accepted,1
coercion,1
czestochowa,1
celebrated,1
marched,1
sorry,1
unveiled,1
judith,1
stirred,1
ports,1
riley,1
unskilled,1
ahead,1
droga,1
norms,1
near,1
minneapolis,1
incursions,1
persuade,1
resigned,1
banner,1
daunting,1
shower,1
idiosyncrasies,1
socialization,1
guarantees,1
przerywam,1
civilian,1
khrushchev,1
gives,1
shifts,1
waged,1
wood,1
pilgrimages,1
third,1
przodownika,1
break,1
beautiful,1
sroda,1
organize,1
local,1
wanda,1
demonstrated,1
meetings,1
silesia,1
costello,1
greatest,1
reveals,1
lap,1
anzd,1
aptly,1
encounter,1
discussion,1
campaigns,1
supplies,1
consunption,1
tajne,1
thirst,1
apprenticeships,1
accelerate,1
considering,1
upsetting,1
archiwum,1
craig,1
petz,1
explanation,1
sacrifices,1
active,1
fqught,1
region,1
nazzari,1
sehse,1
walczymy,1
backed,1
previously,1
muriel,1
depended,1
looking,1
nikita,1
ruling,1
deepening,1
dekada,1
worsen,1
top,1
finland,1
findings,1
wound,1
budget,1
knock,1
franciszek,1
anld,1
robinson,1
factor,1
engaging,1
congress,1
renunciation,1
net,1
books,1
shrewdly,1
assign,1
jowitt,1
actual,1
predictors,1
scheduled,1
bookman,1
engaged,1
baffling,1
germaniy,1
trust,1
chosen,1
full,1
literate,1
poczqtkuqjacych,1
stayed,1
complicated,1
wladyslaw,1
soup,1
rzeka,1
theoretical,1
underwent,1
jumped,1
feisty,1
yields,1
trade,1
helpless,1
open,1
worry,1
crises,1
substitutes,1
discovered,1
kristi,1
reality,1
mowa,1
adding,1
authors,1
wiedzmy,1
comprehensive,1
modernization,1
agreement,1
craftiness,1
soldiers,1
chocolate,1
victory,1
oleksy,1
interpret,1
uprisings,1
held,1
eve,1
gate,1
screaming,1
spread,1
przykladem,1
unexamined,1
mariusz,1
plant,1
spokespeople,1
negotiator,1
collected,1
meets,1
staniszkis,1
karpiiiska,1
obtained,1
lie,1
jastrzebie,1
scripted,1
comforts,1
households,1
interacted,1
doszlo,1
smuggled,1
pension,1
transcript,1
alive,1
artificial,1
accused,1
strangely,1
educational,1
collectivization,1
honorary,1
comparing,1
namiotkiewicz,1
internal,1
reshape,1
trying,1
inspired,1
parallel,1
zwoliniska,1
methods,1
chapel,1
dollars,1
relatibnships,1
narrow,1
sensible,1
ruissian,1
wise,1
ann,1
acquire,1
unruly,1
organizers,1
konspira,1
brzydkie,1
enjoyed,1
jerzy,1
enthusiasts,1
femininity,1
bloc,1
conscience,1
statue,1
refrained,1
retorted,1
equivalent,1
zycie,1
geneza,1
figures,1
slowdown,1
gospodarcza,1
save,1
anger,1
dunham,1
paczkowski,1
industrialization,1
connections,1
attwood,1
poputlar,1
embodied,1
sandra,1
propose,1
irresponsible,1
la,1
szklarska,1
hopeless,1
concluded,1
jqdrychowskiego,1
examines,1
decision,1
performing,1
glowiiiski,1
kazimierz,1
increasing,1
staffed,1
carried,1
depth,1
rollback,1
asking,1
yesim,1
apolitical,1
monitor,1
reliable,1
marilyn,1
negotiations,1
crowds,1
kaniewski,1
caressing,1
assigned,1
relationship,1
imply,1
slavenka,1
tireless,1
perry,1
belonged,1
note,1
humanities,1
wisdom,1
lot,1
independent,1
seventeen,1
segments,1
trenchcoat,1
continue,1
gunned,1
five,1
minorities,1
guests,1
inculcated,1
holiday,1
naturally,1
claimed,1
program,1
hill,1
begin,1
centuries,1
celebration,1
attitude,1
lockout,1
ryan,1
insufficient,1
bare,1
primarily,1
homemakers,1
marczak,1
referred,1
mood,1
beep,1
opportunity,1
army,1
un,1
insist,1
chides,1
interfere,1
rethinking,1
faces,1
worse,1
antoni,1
organ,1
oddly,1
contribution,1
transformation,1
try,1
jobs,1
privileges,1
proletarian,1
reconsider,1
cathartic,1
responsible,1
arat,1
pity,1
expectations,1
construction,1
maternity,1
slovenia,1
dokumentacji,1
achieve,1
slogan,1
workplaces,1
hzungaty,1
dead,1
table,1
directives,1
spark,1
education,1
forgotten,1
types,1
sympathy,1
repressed,1
recalling,1
tantamount,1
articles,1
documents,1
problematic,1
insurrectionary,1
grounded,1
bucher,1
crowded,1
cam,1
joseph,1
formless,1
wana,1
addressed,1
detail,1
founders,1
claims,1
circumscribed,1
subfields,1
acquired,1
regularly,1
unmask,1
publicly,1
neglected,1
seriously,1
wars,1
roughly,1
trafi,1
bojowy,1
fifteen,1
associated,1
precedence,1
girls,1
heckling,1
harness,1
reviewing,1
broke,1
habermas,1
series,1
szafar,1
kultura,1
przeszkadzajcie,1
conjunction,1
szlag,1
forget,1
nadszedl,1
gmitrzykowski,1
wear,1
steel,1
tych,1
reinforced,1
pace,1
delegates,1
forests,1
stefana,1
objects,1
sonia,1
hit,1
histoty,1
proposes,1
supported,1
einhorn,1
accomplished,1
patients,1
offers,1
here,1
sustained,1
command,1
germanized,1
allegation,1
vinton,1
downfall,1
forty,1
highly,1
machinations,1
ran,1
tryb,1
rolesmother,1
hennecke,1
chewing,1
embezzlement,1
spreading,1
burdened,1
monthly,1
commonplace,1
readily,1
halt,1
cultures,1
impelling,1
officials,1
spontaneous,1
triska,1
nobility,1
stetson,1
auxiliary,1
bafoil,1
commission,1
roman,1
shrine,1
rolling,1
masculinist,1
plate,1
hopefulmoments,1
prominence,1
print,1
strongholds,1
argue,1
else,1
fearless,1
domestic,1
visiting,1
motherho,1
displaying,1
provoke,1
milk,1
ludui,1
awans,1
cominform,1
arnd,1
linked,1
expresses,1
slanda,1
enemy,1
moskit,1
ruissia,1
andjelka,1
audience,1
number,1
emancipate,1
reintroducing,1
placing,1
u,1
rural,1
sermons,1
russe,1
protested,1
absolutely,1
middleclass,1
paradoxically,1
ideally,1
respect,1
person,1
feminist,1
subordinate,1
fala,1
drop,1
lashed,1
warnings,1
according,1
scholarly,1
jean,1
avoidance,1
ruins,1
communicate,1
reactions,1
terms,1
brutal,1
articulated,1
revere,1
proven,1
bernhard,1
erupted,1
bastille,1
mere,1
firmly,1
theory,1
leaving,1
censorship,1
dream,1
supplemented,1
poreba,1
listen,1
illustrated,1
getting,1
sierpiefi,1
thousands,1
studying,1
project,1
divide,1
amy,1
calhoun,1
explored,1
awarded,1
discourses,1
kunicki,1
agreed,1
scenarios,1
oxygen,1
ideal,1
dedication,1
bargain,1
hundreds,1
inability,1
urban,1
tear,1
wielki,1
aren,1
categories,1
podgorski,1
fourteen,1
rendition,1
strain,1
radically,1
dialogues,1
pants,1
naked,1
intense,1
intention,1
presented,1
occasionally,1
possible,1
protectiveness,1
ghostwritten,1
watched,1
conclude,1
daughters,1
testimonials,1
ohio,1
decisive,1
introduced,1
revolutions,1
subsidies,1
adolf,1
content,1
charisma,1
easy,1
ken,1
turns,1
essayists,1
rendering,1
sitting,1
step,1
histoiy,1
ignorant,1
territory,1
adapted,1
measure,1
generals,1
devout,1
contribute,1
alain,1
obtain,1
reconstruct,1
angered,1
indebted,1
describes,1
appointed,1
ilnder,1
phenomenon,1
centrum,1
vocal,1
representation,1
associating,1
accorded,1
budapest,1
lalem,1
drugi,1
rachtan,1
drive,1
prepared,1
greeted,1
false,1
democracies,1
mockery,1
promoted,1
enthusiasm,1
iuidit,1
francois,1
models,1
examples,1
stagnant,1
argument,1
unable,1
birth,1
disposal,1
patriarchy,1
resist,1
finding,1
conditions,1
opens,1
temperature,1
discursive,1
mode,1
newsletter,1
motives,1
koenker,1
identify,1
depressing,1
robotnicy,1
ycil,1
afraid,1
wasserstrom,1
define,1
accompanying,1
surreal,1
publicznym,1
guiding,1
geiider,1
alojzy,1
score,1
dokitmenty,1
involving,1
politicizing,1
ukraine,1
magdalena,1
limitations,1
gorsuch,1
terribly,1
magnified,1
wroclaw,1
measured,1
saturday,1
remains,1
ranged,1
femnale,1
sides,1
morning,1
anonymous,1
akcji,1
halina,1
thousand,1
charles,1
searching,1
potential,1
anticommunist,1
news,1
orchestrated,1
substitute,1
assumed,1
rest,1
nineteen,1
portrait,1
attending,1
tenderly,1
marxist,1
rejection,1
ham,1
wola,1
reneging,1
marcin,1
stalowa,1
partial,1
resistanice,1
fears,1
views,1
opanowal,1
guys,1
intended,1
hymn,1
instance,1
entire,1
stanislaw,1
interaction,1
participant,1
fellowship,1
angrily,1
luxuries,1
seek,1
anthem,1
swept,1
cross,1
building,1
christina,1
doing,1
attendance,1
kisses,1
echoing,1
close,1
customs,1
johanna,1
bury,1
wilk,1
rusztowah,1
deeper,1
lopiniski,1
