WORDCOUNTS,WEIGHT
the,55
pp,49
of,43
and,38
by,30
press,25
university,23
new,19
a,16
york,13
foreword,13
edited,13
editor,12
to,10
in,9
war,9
on,9
history,8
j,8
m,7
s,7
edition,7
william,7
modern,6
w,6
series,6
books,6
editors,6
american,5
h,5
reprint,5
volume,5
paper,5
for,5
number,5
cloth,5
civil,5
xv,5
columbia,5
c,5
l,4
foreign,4
e,4
benjamin,4
united,4
xi,4
xxi,4
great,4
p,4
xiii,4
john,4
works,4
robert,4
paperback,4
des,4
die,4
lanham,4
d,4
md,4
world,4
mexico,3
publishing,3
military,3
introduction,3
life,3
rs,3
xxix,3
delhi,3
from,3
t,3
sources,3
documents,3
viii,3
historical,3
state,3
selected,3
early,3
autobiography,3
boston,3
writings,3
african,3
wm,3
franklin,3
office,3
manohar,3
g,3
lakes,3
states,3
thomas,3
lincoln,3
miller,2
knoxville,2
second,2
philadelphia,2
africa,2
with,2
keller,2
amin,2
rights,2
edward,2
harris,2
shahid,2
k,2
guide,2
tannerritchie,2
jamieson,2
hugh,2
devoto,2
dische,2
sacred,2
napton,2
n,2
ed,2
erinnerungen,2
these,2
notre,2
ahlgren,2
bennitt,2
lexington,2
bedford,2
frankfurt,2
phillips,2
letters,2
paul,2
der,2
detroit,2
mark,2
bluffton,2
nebraska,2
xxxiv,2
europe,2
zeit,2
ahr,2
fry,2
taschenbuch,2
ju,2
printing,2
government,2
schmid,2
brill,2
political,2
gillian,2
lebensbilder,2
clapperton,2
wayne,2
america,2
hitler,2
trial,2
r,2
journals,2
literature,2
xxxv,2
nach,2
translated,2
richard,2
ohio,2
rufus,2
elizabeth,2
barclay,2
asian,2
records,2
voyage,2
pennsylvania,2
catherine,2
cambridge,2
conn,2
zeugnisse,2
walton,2
helen,2
de,2
f,2
washington,2
bibliographies,2
christopher,2
field,2
an,2
revolution,2
fischer,2
jefferson,2
eyes,2
regierung,2
ivan,2
chicago,2
sie,2
y,2
infantry,2
robbins,2
woodrow,2
und,2
we,2
xxv,2
nations,1
jean,1
critics,1
south,1
european,1
bernard,1
nonwestern,1
renate,1
fog,1
recueil,1
judge,1
gutmann,1
chives,1
emy,1
film,1
blight,1
o,1
pickens,1
bruen,1
essential,1
dittenhoefer,1
lovejoy,1
stars,1
his,1
clinton,1
medieval,1
anthony,1
littlefield,1
rev,1
economic,1
pittsburgh,1
haverstick,1
hasan,1
service,1
how,1
comparative,1
premodern,1
basic,1
elected,1
nationaleurope,1
inside,1
tuscaloosa,1
expedition,1
univerhouse,1
ordinary,1
peden,1
institutions,1
morts,1
portrayals,1
bonds,1
visionary,1
christine,1
seen,1
harry,1
editura,1
alabama,1
lawrence,1
wilson,1
potter,1
b,1
lockhart,1
movement,1
respondence,1
hacker,1
folklorist,1
japanese,1
memorable,1
goff,1
jak,1
ix,1
stalinka,1
witness,1
flaming,1
britain,1
fighting,1
hope,1
von,1
ume,1
francisca,1
oxford,1
dolores,1
nessee,1
bia,1
joshua,1
english,1
showell,1
types,1
acadanne,1
cuba,1
nilor,1
security,1
canada,1
oldenbourg,1
dominican,1
wakechatham,1
conservation,1
xlvi,1
fifth,1
aldrich,1
ia,1
mallmann,1
committee,1
compliation,1
bary,1
grimm,1
css,1
into,1
duncan,1
peasant,1
home,1
dorrance,1
shenandoah,1
guyana,1
xlix,1
latin,1
greenberg,1
liberty,1
before,1
assisted,1
culture,1
ghraib,1
nineteenth,1
lessons,1
alismus,1
ters,1
civilizations,1
bruce,1
beasecker,1
contemporaries,1
bimal,1
naval,1
communes,1
friedrich,1
armin,1
indian,1
reviewed,1
listed,1
women,1
cardqueen,1
heitzenrater,1
athens,1
joe,1
volunteers,1
mich,1
being,1
first,1
karen,1
albuquerque,1
tiedemann,1
kay,1
truman,1
published,1
jon,1
diary,1
lewis,1
more,1
gescheiterten,1
french,1
voices,1
diawara,1
heritage,1
jeffrey,1
ronald,1
carolyn,1
ii,1
david,1
raphy,1
rush,1
stripes,1
intellectual,1
burlington,1
inquisition,1
khilafat,1
bibliogdavid,1
union,1
country,1
england,1
narayan,1
xxxvii,1
smith,1
asia,1
altamira,1
my,1
steven,1
sommers,1
andthe,1
company,1
hilde,1
other,1
dixon,1
international,1
arlin,1
sachusetts,1
tradition,1
xii,1
torture,1
wesley,1
alonzo,1
akten,1
guerrant,1
yee,1
trust,1
report,1
galax,1
carol,1
ella,1
missouri,1
als,1
patrick,1
paragraphen,1
bicentennial,1
as,1
dratel,1
brian,1
cornelia,1
xc,1
nary,1
religion,1
lawson,1
boccard,1
exile,1
i,1
harvey,1
verbannt,1
xx,1
jude,1
im,1
geschichte,1
huddle,1
sponses,1
sozialismus,1
wolfenhaut,1
readers,1
board,1
surgeon,1
grierson,1
sword,1
do,1
v,1
paris,1
encyclopaedia,1
zlei,1
izing,1
regiment,1
sibirien,1
penn,1
fitzgibbons,1
reading,1
hartmannsgruber,1
cruise,1
theodore,1
road,1
intelligence,1
michigan,1
gluck,1
tario,1
daniel,1
papers,1
recently,1
greenwood,1
mechanicsburg,1
cannot,1
british,1
camden,1
pact,1
pernau,1
royal,1
otherwise,1
keynesian,1
mcnamara,1
jayaprakash,1
xvii,1
jane,1
einer,1
x,1
conferences,1
lxxii,1
east,1
public,1
xxxii,1
translators,1
hall,1
right,1
alan,1
highlanders,1
secure,1
isaacson,1
voice,1
treatises,1
simon,1
vojtech,1
private,1
xlii,1
kathleen,1
gatherers,1
middle,1
disability,1
indiana,1
evan,1
relamich,1
received,1
viziunea,1
october,1
ings,1
reid,1
tenby,1
information,1
xlviii,1
reader,1
west,1
volwalter,1
through,1
newfoundland,1
onthoulet,1
dover,1
ıˆn,1
two,1
republic,1
abingdon,1
its,1
elizabethan,1
artillery,1
emigration,1
budge,1
arthur,1
holliday,1
lunardini,1
jr,1
treasury,1
serpedicaˆ,1
colonial,1
diaries,1
bodea,1
pole,1
willey,1
dictiopress,1
sity,1
budapest,1
doubleday,1
central,1
london,1
tions,1
frances,1
bucharest,1
prasad,1
national,1
were,1
masfuehrer,1
archive,1
personal,1
review,1
whittle,1
california,1
ofilson,1
sutton,1
project,1
won,1
negro,1
president,1
bison,1
muller,1
julius,1
volunteer,1
memoirs,1
since,1
barton,1
enciclothe,1
interior,1
andrews,1
letdame,1
comprehensive,1
concise,1
annotated,1
peter,1
pendleton,1
good,1
warsaw,1
social,1
janet,1
dialogos,1
relations,1
lawler,1
columrecollections,1
labyrinth,1
mcgillmastny,1
dame,1
estritto,1
revolut,1
quaker,1
writ,1
cold,1
abu,1
crooke,1
trail,1
century,1
westport,1
france,1
edcruse,1
affairs,1
byrne,1
suid,1
martin,1
nielsen,1
mushirul,1
hoogenboom,1
nashville,1
ited,1
illiam,1
geant,1
castle,1
xxviii,1
random,1
barry,1
munich,1
delano,1
lyn,1
ithaca,1
romaˆni,1
normally,1
julien,1
schuster,1
tactics,1
czernowitz,1
scott,1
xvi,1
jamie,1
anderson,1
caribbean,1
philip,1
stackabridged,1
mineola,1
be,1
james,1
jason,1
keynes,1
amy,1
bursting,1
dufour,1
st,1
gospel,1
gil,1
kim,1
documentary,1
skidxxviii,1
contemporaworld,1
abram,1
re,1
pa,1
ind,1
rowman,1
among,1
north,1
observers,1
margrit,1
laurie,1
kentucky,1
jurgen,1
lang,1
scarecrow,1
manthia,1
wolfgang,1
nationalsozibuchenau,1
malcolm,1
rouleaux,1
la,1
benz,1
haiti,1
screen,1
hunt,1
gold,1
society,1
songquest,1
tennessee,1
