WORDCOUNTS,WEIGHT
the,1214
of,791
and,648
in,506
to,404
a,382
cooperatives,262
that,215
as,177
by,173
for,153
is,153
was,137
it,125
s,125
were,119
from,118
cooperative,110
social,106
on,105
or,99
not,95
an,93
this,93
with,91
their,89
be,83
they,79
gaia,75
german,73
movement,68
which,65
lovelock,63
one,61
new,61
are,59
but,58
raiffeisen,56
schulze,52
had,49
germany,47
its,47
society,47
other,47
consumer,46
rural,46
at,45
his,44
see,44
also,43
these,42
more,42
would,42
economic,41
american,40
system,40
margulis,40
historical,40
have,40
history,39
members,38
review,37
only,37
october,36
theory,36
he,35
all,34
some,34
und,34
what,34
state,33
spread,33
could,32
can,32
ecological,32
environment,32
them,32
growth,31
credit,31
cooperation,30
than,30
there,29
such,28
so,28
who,28
der,28
did,28
associations,28
change,27
after,27
life,27
human,26
into,25
may,25
organisms,25
own,24
political,23
perspective,23
no,23
ideas,23
earth,22
idea,22
des,22
die,22
way,21
agricultural,21
out,21
feedback,21
those,20
even,20
many,20
forms,20
perhaps,20
i,20
organism,20
first,19
might,19
has,19
brett,19
most,19
example,19
small,19
fairbairn,19
communities,19
artisans,19
when,19
evolution,18
systems,18
because,18
individual,18
like,18
evolutionary,18
any,18
conditions,18
central,17
view,17
will,17
competition,17
local,17
institutions,17
while,17
both,17
through,17
federation,16
based,16
part,16
bank,16
banks,16
ages,16
time,16
trade,16
symbiosis,16
workers,16
mittelstand,16
been,16
each,16
living,16
if,15
help,15
business,15
about,15
then,15
different,15
national,15
complex,14
within,14
prussian,14
important,14
well,14
people,14
innovation,14
single,14
yet,14
under,14
membership,14
capital,14
early,14
world,14
between,14
berlin,13
farmers,13
edn,13
zur,13
behavior,13
how,13
helped,13
structures,13
few,13
grew,13
success,13
association,13
hypothesis,13
market,12
environmental,12
being,12
groups,12
organization,12
organized,12
genes,12
percent,12
up,12
provided,12
regional,12
party,12
do,12
processes,12
effect,12
federations,12
changing,12
equilibrium,12
stability,12
form,12
large,11
politics,11
against,11
peasants,11
however,11
work,11
shopkeepers,11
forces,11
sense,11
genossenschaftsbewegung,11
community,11
positive,11
largest,11
two,11
model,11
made,11
niche,11
support,11
must,11
natural,11
over,11
survival,11
dawkins,11
does,10
darwinism,10
village,10
before,10
scientists,10
million,10
study,10
liberal,10
came,10
order,10
niches,10
haas,10
scientific,10
lynn,10
selfish,10
make,10
founders,10
individuals,10
modernization,10
class,10
itself,10
joseph,10
global,10
following,10
terms,10
balance,10
far,10
became,10
role,10
increased,10
among,10
limits,9
case,9
side,9
geschichte,9
g,9
interest,9
century,9
without,9
von,9
means,9
impact,9
strategy,9
found,9
conservative,9
changed,9
late,9
scale,9
concept,9
collective,9
savings,9
atmosphere,9
generally,9
verband,9
biological,9
evolved,9
included,9
same,9
organizations,9
others,9
fact,9
took,9
number,9
allgemeiner,9
another,9
questions,9
period,9
species,9
vision,9
rapidly,9
why,9
officials,9
agriculture,9
economy,9
particular,9
extent,9
needs,9
symbiotic,9
created,8
nature,8
less,8
existence,8
activity,8
dynamic,8
relationships,8
guilds,8
competitive,8
york,8
rather,8
peal,8
democratic,8
union,8
unions,8
failure,8
whole,8
league,8
research,8
death,8
toward,8
where,8
ecology,8
deutschen,8
general,8
curve,8
article,8
we,8
aid,8
movements,8
practical,8
biology,8
leaders,8
particularly,8
quoted,8
metaphor,8
question,8
difference,8
themselves,8
create,8
should,8
just,7
ways,7
nineteenth,7
historians,7
possible,7
development,7
david,7
mechanism,7
hamburg,7
parts,7
changes,7
population,7
used,7
results,7
am,7
various,7
wrote,7
selection,7
once,7
suited,7
culture,7
planet,7
name,7
benefits,7
deutsche,7
together,7
pattern,7
man,7
patterns,7
use,7
services,7
him,7
become,7
james,7
revolution,7
farm,7
interdependent,7
figure,7
reichsverband,7
considered,7
associated,7
known,7
sciences,7
sociobiology,7
half,7
whether,7
making,7
our,7
until,7
deutschland,7
instead,7
although,7
democracy,6
o,6
cells,6
join,6
something,6
logistic,6
rapid,6
principles,6
available,6
agrarian,6
context,6
fittest,6
benefited,6
framework,6
cooperate,6
needed,6
kind,6
influence,6
developed,6
process,6
certain,6
too,6
followed,6
nr,6
whereas,6
called,6
im,6
understood,6
related,6
axelrod,6
place,6
least,6
catholic,6
saw,6
genossenschaften,6
thought,6
spd,6
independent,6
fill,6
power,6
intended,6
end,6
years,6
significant,6
assumption,6
random,6
businesses,6
tendency,6
attention,6
evolve,6
seen,6
began,6
hesse,6
stable,6
darwinian,6
eventually,6
beginning,6
game,6
n,6
almost,6
oxygen,6
popular,6
conference,6
come,6
formation,6
temperature,6
land,6
need,6
voluntary,6
specific,6
struggle,5
meaning,5
modern,5
negative,5
lower,5
every,5
taken,5
j,5
words,5
simple,5
rhineland,5
government,5
robert,5
growing,5
mass,5
planetary,5
e,5
mutual,5
supply,5
key,5
kulemann,5
since,5
response,5
find,5
apparently,5
gaian,5
behave,5
l,5
environments,5
legal,5
marks,5
m,5
appear,5
arms,5
greater,5
effort,5
homeostasis,5
big,5
appears,5
cannot,5
aspects,5
conservatives,5
network,5
london,5
approach,5
good,5
level,5
below,5
individualism,5
politically,5
claim,5
pfeiffer,5
gene,5
kaufmann,5
hermann,5
marketing,5
led,5
critics,5
action,5
limited,5
play,5
uber,5
still,5
sponsored,5
liability,5
neither,5
law,5
reporting,5
reproductive,5
accepted,5
degree,5
remained,5
original,5
examples,5
including,5
businesslike,5
force,5
three,5
creating,5
successful,5
separate,5
european,5
christian,5
she,5
provide,5
claimed,5
analysis,5
existed,5
founded,5
characteristics,5
genossenschaftswesens,5
offered,5
reichstag,5
control,5
country,5
innovations,5
best,5
better,5
urban,5
bacteria,5
intention,5
officially,5
reinforced,5
promoted,5
defined,5
off,5
supported,5
point,5
undermined,5
much,5
major,5
mars,4
affected,4
filled,4
center,4
kinds,4
true,4
microorganisms,4
operated,4
charitable,4
total,4
leipzig,4
source,4
reich,4
root,4
leads,4
either,4
destabilizing,4
creation,4
interests,4
emerged,4
definition,4
book,4
heinrich,4
zu,4
concepts,4
dr,4
den,4
interdependently,4
move,4
richard,4
split,4
exist,4
throughout,4
adopted,4
application,4
elements,4
legally,4
oxford,4
billion,4
weuster,4
ideals,4
opposed,4
holistic,4
staatsarchiv,4
earlier,4
turn,4
animals,4
wanted,4
w,4
tried,4
powerful,4
surface,4
result,4
das,4
search,4
cell,4
ocean,4
further,4
supporters,4
though,4
provincial,4
basis,4
future,4
industrial,4
purpose,4
later,4
jahre,4
member,4
nor,4
prices,4
grow,4
massive,4
second,4
symbioses,4
wurttemberg,4
expansion,4
unconscious,4
konsumgenossenschaftsentwicklung,4
financial,4
already,4
provocative,4
again,4
theorie,4
regulation,4
striving,4
outside,4
hand,4
remarkable,4
metaphors,4
purposes,4
agencies,4
represented,4
band,4
clear,4
neuwied,4
points,4
started,4
short,4
favored,4
emphasized,4
structure,4
expand,4
figures,4
increasing,4
factors,4
wage,4
suggest,4
surpassed,4
science,4
usually,4
program,4
referred,4
countries,4
wilhelm,4
inspired,4
creatures,4
consumers,4
share,4
practice,4
organizational,4
here,4
alternative,4
know,4
believe,4
down,4
very,4
mutation,4
turned,4
according,4
surpluses,4
plants,4
maintain,4
writes,4
problem,4
adaptation,4
her,4
produce,4
suggests,4
middle,4
circumstances,4
despite,4
huber,4
giving,4
subject,4
adapted,4
programs,4
goals,4
ein,4
d,4
evidence,4
states,4
remains,4
reached,4
enterprise,4
little,4
darling,4
fur,4
wholesale,4
mostly,3
rate,3
done,3
common,3
mystical,3
decades,3
distress,3
franz,3
highly,3
formed,3
likely,3
fitness,3
georg,3
conscious,3
decade,3
laborers,3
necessarily,3
expressed,3
intentions,3
incomplete,3
invention,3
gases,3
generalverband,3
attempts,3
attempt,3
england,3
marburg,3
bavaria,3
arises,3
service,3
hundred,3
achieved,3
tangible,3
bis,3
behind,3
konsumgenossenschaften,3
issue,3
money,3
exception,3
clearly,3
interdisciplinary,3
say,3
conceptual,3
apply,3
himself,3
diversity,3
labor,3
thus,3
utopian,3
pursue,3
initial,3
pay,3
progressive,3
distinct,3
theorists,3
concerning,3
back,3
machines,3
claw,3
left,3
competitor,3
publications,3
drawn,3
helping,3
generation,3
loans,3
biosphere,3
higher,3
interesting,3
recognized,3
biographie,3
whose,3
essential,3
aimed,3
main,3
adds,3
sort,3
westphalia,3
mean,3
risk,3
similar,3
importance,3
standard,3
summarized,3
space,3
tooth,3
facilitated,3
locally,3
daisies,3
familiar,3
exponential,3
peasant,3
producers,3
proposed,3
numbers,3
abteilungen,3
instance,3
opinion,3
providing,3
methodology,3
my,3
conflict,3
typical,3
none,3
founder,3
cultural,3
let,3
otherwise,3
explain,3
numerous,3
improve,3
mobilization,3
altruism,3
competing,3
civil,3
apparent,3
data,3
aspirations,3
year,3
gave,3
diffusion,3
statistics,3
personal,3
away,3
systematic,3
t,3
computer,3
eine,3
field,3
hardly,3
things,3
debts,3
long,3
around,3
altered,3
web,3
industry,3
brought,3
goddess,3
exponentially,3
bavarian,3
symbiogenesis,3
always,3
bundesarchiv,3
progress,3
using,3
potsdam,3
fester,3
organs,3
roots,3
activities,3
hauptverband,3
investigating,3
driven,3
matter,3
variety,3
imagery,3
synthesis,3
inclusive,3
expanded,3
indicates,3
genossenschaftswesen,3
landwirte,3
makes,3
marginal,3
soon,3
official,3
miquel,3
broad,3
costs,3
insights,3
increasingly,3
volume,3
reach,3
majority,3
unlimited,3
renewed,3
ask,3
efforts,3
shows,3
pledge,3
areas,3
choice,3
larger,3
benevolent,3
everything,3
contemporary,3
fashion,3
never,3
readers,3
present,3
relevant,3
karl,3
strategies,3
spoke,3
material,3
konsumvereine,3
commercial,3
free,3
encountered,3
day,3
organize,3
fundamentally,3
interrelated,3
nonliving,3
explanation,3
deposits,3
increase,3
strongest,3
arm,3
entirely,3
net,3
full,3
previous,3
regions,3
moral,3
welcomed,3
cruger,3
times,3
allowed,3
function,3
features,3
blackbourn,3
thomas,3
especially,3
enough,3
edmund,3
statistik,3
probably,3
looks,3
equivalent,3
adaptations,3
industrialization,3
ago,3
embodied,3
widely,3
relationship,3
note,3
crucial,3
suggestive,3
begin,3
rpt,3
modified,3
threaten,3
legitimacy,3
often,3
efficiency,3
achieve,3
exists,3
dissertation,3
proof,3
mainly,3
complexity,3
economically,3
partnerships,3
beitrag,3
offers,3
microbial,3
shares,3
gierke,3
internationale,3
goods,3
benefit,3
past,3
leagues,3
degler,3
unique,3
joined,3
cause,3
taxes,3
thousands,3
presented,3
careful,3
classes,3
regulate,3
lies,3
assumptions,3
mention,3
argument,3
argues,3
cambridge,3
twentieth,3
allgemeine,3
open,3
sought,3
insight,3
typically,3
integrated,3
carbon,3
intensely,3
entire,3
interaction,3
beings,3
meeting,3
asked,3
tournaments,2
associationism,2
liberals,2
founding,2
now,2
decentralized,2
stores,2
creditvereine,2
bedeutung,2
names,2
gellately,2
truth,2
episodes,2
intriguing,2
burke,2
eliminated,2
fragmented,2
compensated,2
distributed,2
denmark,2
police,2
factories,2
approved,2
myth,2
effective,2
dairy,2
rebates,2
ihr,2
merged,2
tat,2
live,2
motivation,2
solidarity,2
easily,2
abriss,2
opponents,2
socialists,2
trace,2
policy,2
protection,2
character,2
organic,2
observing,2
assisted,2
assume,2
chief,2
controlled,2
test,2
experience,2
peaked,2
round,2
consistent,2
modest,2
hence,2
frankfurt,2
certainly,2
deren,2
production,2
originally,2
individualist,2
feeling,2
vols,2
spencer,2
thrive,2
verbande,2
billions,2
promoting,2
worked,2
nice,2
parties,2
latent,2
twenty,2
accommodate,2
advantage,2
warm,2
unionist,2
great,2
right,2
altruistic,2
origin,2
heim,2
inherent,2
able,2
real,2
reproduction,2
evolving,2
hans,2
centrals,2
feature,2
integrate,2
loose,2
mind,2
elm,2
influences,2
duality,2
normal,2
explosive,2
british,2
acknowledged,2
depending,2
governmental,2
fertilizers,2
catastrophes,2
alfred,2
heuristics,2
courtesy,2
motion,2
active,2
bases,2
retailers,2
design,2
account,2
red,2
felt,2
reaching,2
reaction,2
desired,2
schill,2
conception,2
household,2
radical,2
representing,2
economies,2
holland,2
wilhelminischen,2
sign,2
pursuing,2
mainstream,2
usage,2
succeed,2
centralized,2
umsatzsteuer,2
collapse,2
differential,2
quality,2
noted,2
personalities,2
stasis,2
europe,2
aus,2
eduard,2
group,2
tit,2
untersuchungen,2
occurs,2
price,2
saxony,2
conducted,2
expected,2
accelerating,2
thing,2
nelson,2
developments,2
depend,2
refer,2
gottingen,2
approval,2
body,2
speed,2
six,2
compared,2
despair,2
look,2
ecologies,2
kleinhandel,2
leadership,2
adult,2
reformers,2
loan,2
master,2
cites,2
failed,2
mechanisms,2
poor,2
ever,2
rooted,2
simultaneously,2
improved,2
dilemma,2
purely,2
leading,2
soviet,2
notable,2
activists,2
remain,2
edward,2
basic,2
administrative,2
patronage,2
capture,2
politicians,2
systemstreit,2
proportion,2
errichtung,2
b,2
assuming,2
rhetoric,2
deputy,2
attached,2
risks,2
moves,2
malaise,2
reason,2
discounts,2
maintaining,2
invalidates,2
partnership,2
affect,2
inkling,2
established,2
sociocultural,2
meshing,2
produktion,2
traces,2
argued,2
four,2
commonly,2
sagan,2
experienced,2
origins,2
follow,2
xiv,2
beyond,2
efficient,2
notions,2
advocated,2
verhaltnisse,2
bundes,2
conflicts,2
opening,2
entwicklung,2
lead,2
participants,2
affiliated,2
vereinigung,2
societies,2
discount,2
jewish,2
doolittle,2
behavioral,2
centers,2
lived,2
users,2
international,2
criticisms,2
events,2
relate,2
lamarckist,2
markets,2
consortial,2
zentralverband,2
schulzedelitzsch,2
war,2
volksbanken,2
indirect,2
province,2
produced,2
thin,2
appearing,2
handled,2
democratization,2
tension,2
guarantee,2
gained,2
january,2
possibility,2
illiberal,2
eliminate,2
deutscher,2
christianity,2
directly,2
having,2
scope,2
heart,2
prominent,2
psychological,2
discusses,2
amplifier,2
esp,2
intermediate,2
size,2
beginnings,2
keep,2
actually,2
winter,2
prisoner,2
mathematical,2
institution,2
sulfur,2
intertwined,2
gratitude,2
interpreted,2
traders,2
rates,2
published,2
solution,2
working,2
useful,2
hanover,2
aroused,2
tested,2
modifications,2
next,2
contrast,2
emphasizes,2
owned,2
quite,2
roles,2
involved,2
calling,2
several,2
munich,2
adversely,2
temporary,2
governments,2
acts,2
decline,2
suddenly,2
villages,2
seeds,2
tended,2
dem,2
annual,2
aggressively,2
cattle,2
notice,2
undergoing,2
finds,2
cheating,2
actions,2
lend,2
appeal,2
sidney,2
spirituality,2
f,2
reduced,2
practices,2
punitive,2
biologist,2
bringing,2
logically,2
concentrated,2
onward,2
nearly,2
interdependence,2
administration,2
strains,2
mittelstandes,2
soziale,2
says,2
garden,2
interactions,2
domination,2
registered,2
sustainability,2
put,2
religious,2
korthaus,2
rational,2
interpretation,2
housing,2
intuitively,2
examined,2
fit,2
greenhouse,2
addition,2
added,2
rules,2
builds,2
threat,2
selective,2
us,2
revitalization,2
acting,2
complete,2
choices,2
ed,2
friedrich,2
qualified,2
ph,2
konservatismus,2
inheritance,2
enterprises,2
naive,2
leader,2
gain,2
lewis,2
suit,2
passed,2
bring,2
instabilities,2
edeka,2
tradition,2
communal,2
limit,2
fundamental,2
mittelstandspolitik,2
striking,2
wholesaling,2
dividends,2
reform,2
inevitably,2
als,2
parteien,2
germans,2
diverse,2
incorporation,2
debates,2
desire,2
munster,2
minister,2
organizing,2
operating,2
essentially,2
secular,2
competitors,2
konsumgenossenschaftsbewegung,2
rounds,2
mitochondria,2
eds,2
socialization,2
scattered,2
compete,2
microbiologist,2
runaway,2
sir,2
analyzed,2
greatest,2
antisemitism,2
ignored,2
survive,2
alliance,2
sacrifices,2
unquestionably,2
arose,2
identity,2
collectivism,2
top,2
host,2
expression,2
combining,2
unfair,2
affects,2
morality,2
bund,2
partisan,2
reinforcing,2
theories,2
significance,2
quotation,2
expelled,2
language,2
peter,2
ireland,2
interpret,2
restabilize,2
high,2
played,2
stresses,2
course,2
keen,2
opposition,2
faith,2
internal,2
promote,2
references,2
plans,2
deliberate,2
trades,2
chloroplasts,2
eley,2
delitzsch,2
wholesales,2
sales,2
haven,2
professional,2
concluded,2
front,2
suggestion,2
testable,2
liberalism,2
kurzer,2
me,2
today,2
lot,2
ministry,2
liberalismus,2
foreword,2
wygodzinski,2
populist,2
widespread,2
primarily,2
bears,2
lawrence,2
suggestions,2
wilson,2
length,2
helpful,2
responsible,2
hierarchical,2
united,2
geoff,2
education,2
fields,2
centuries,2
get,2
nevertheless,2
meant,2
retailing,2
definitive,2
faust,2
claims,2
magnitude,2
historian,2
obtain,2
complexes,2
contradiction,2
regulated,2
satisfying,2
favors,2
erlangen,2
carl,2
text,2
grabein,2
wider,2
set,2
dualism,2
outcome,2
retained,2
principle,2
illuminate,2
scientist,2
branches,2
authorities,2
ubiquitous,2
cooperators,2
argue,2
rochdale,2
universal,2
report,2
iii,2
losses,2
speculation,2
sustaining,2
build,2
closest,2
works,2
preussischer,2
william,2
catastrophic,2
reproduce,2
combined,2
concedes,2
regulates,2
namely,2
equilibria,2
ones,2
era,2
geognosy,2
attitudes,2
inputs,2
earners,2
reordering,2
supporting,2
vorschussund,2
intensive,2
imperial,2
huge,2
phenomena,2
ideal,2
millions,2
attain,2
bodies,2
boston,2
balances,2
met,2
given,2
sea,2
city,2
atmospheric,2
dorion,2
disciplines,2
simply,2
went,2
acute,2
conventional,2
landwirthschaftlichen,2
phenomenon,2
maintained,2
max,2
moderate,2
ultimately,2
models,2
score,2
restrictions,2
conn,2
finding,2
chemical,2
translated,2
identify,2
ended,2
involving,2
willingness,2
france,2
doing,2
limitations,2
puhle,2
extremely,2
bigger,2
showed,2
summary,2
sulfide,2
wirtschaftliche,2
mobilized,2
inclination,2
thousand,2
materialism,2
reductionism,2
chambers,2
combination,2
c,2
sectors,2
debate,2
element,2
adolph,2
develop,2
artisanal,2
recent,2
owners,2
building,2
close,2
otto,2
occur,2
deeper,2
final,1
difficult,1
surroundings,1
survived,1
margins,1
smoke,1
forceful,1
sermons,1
mania,1
along,1
deny,1
oriented,1
erganzungsheft,1
ethics,1
imagining,1
estimated,1
lamarckian,1
flourished,1
avoiding,1
enter,1
intimately,1
adopt,1
antecedents,1
lassalle,1
entities,1
dictate,1
hesitation,1
adapting,1
functional,1
ready,1
concern,1
represent,1
financed,1
bolstering,1
personnel,1
ant,1
extend,1
resulted,1
touting,1
ferdinand,1
legitimate,1
revolutionary,1
determine,1
vociferously,1
worthy,1
liquidity,1
resisting,1
implies,1
rhine,1
disastrously,1
swiftly,1
alone,1
elections,1
extends,1
notably,1
lecture,1
per,1
expect,1
sympathetic,1
bei,1
ruckversicherte,1
told,1
becoming,1
watchmaker,1
jahrbiicher,1
genossenschaftssektors,1
organizer,1
hate,1
denied,1
civilization,1
systematically,1
hosted,1
jews,1
atmosphenc,1
confidence,1
designed,1
unstated,1
symbolize,1
diversification,1
referring,1
rogers,1
alive,1
asserted,1
uniquely,1
english,1
collectivist,1
h,1
approaches,1
pressing,1
sensed,1
salinity,1
studies,1
analyse,1
paradigms,1
favor,1
jubildumsschrzften,1
satisfied,1
incidentally,1
ms,1
former,1
fitter,1
acceptance,1
position,1
justified,1
western,1
cycles,1
presents,1
unlike,1
encourage,1
occurred,1
variants,1
ambitious,1
perceptive,1
regensburg,1
biographical,1
petite,1
clarion,1
uses,1
accomplishments,1
purchased,1
beispiel,1
arguing,1
kreditvereine,1
icarus,1
antisemitic,1
operates,1
bark,1
unstudiable,1
properties,1
limestone,1
charity,1
protecting,1
grain,1
parteiengeschichte,1
summarize,1
landwirtschaftsministerium,1
said,1
statist,1
highlighted,1
aside,1
tracy,1
evil,1
neuere,1
criminals,1
stabilization,1
landwirthschaftliche,1
sources,1
embraced,1
geoffrey,1
pennies,1
preceding,1
complained,1
posed,1
press,1
exclusive,1
concerned,1
hyperinflation,1
ii,1
deterministic,1
implications,1
wane,1
estate,1
culturally,1
motivations,1
hire,1
rathgeber,1
encouraged,1
brien,1
farmer,1
terrain,1
anywhere,1
fiinfzigjahre,1
tivioli,1
antiliberalismus,1
recovery,1
seems,1
experiments,1
supplied,1
lage,1
historiography,1
sozialdemokratie,1
possibilities,1
effecting,1
shaped,1
prejudices,1
volatility,1
predecessor,1
route,1
continue,1
wholeness,1
entstehungsgeschichte,1
lessen,1
reichsamt,1
governed,1
culminates,1
atmospheres,1
feminism,1
indefinite,1
relieving,1
schnften,1
rich,1
assembled,1
achievement,1
follows,1
borne,1
theoiy,1
studied,1
finanzministerium,1
sometime,1
venus,1
quintessential,1
reveal,1
cooperating,1
beds,1
religion,1
commitment,1
survey,1
rechtsund,1
nationalism,1
flour,1
extreme,1
approve,1
wealthy,1
speeches,1
invoked,1
biologists,1
mai,1
fullest,1
greatly,1
respond,1
precisely,1
bismarck,1
access,1
embody,1
discipline,1
reading,1
somewhat,1
signs,1
everyone,1
relations,1
surveys,1
hostility,1
turmoils,1
dissolved,1
interlinkage,1
verbdnde,1
stopped,1
racial,1
intermingled,1
rethinking,1
accused,1
legend,1
fulfilling,1
traits,1
inquiry,1
explosively,1
departures,1
partners,1
delights,1
classic,1
takes,1
preussischen,1
collectives,1
suspect,1
sophisticated,1
spatphase,1
vernadsky,1
indebtedness,1
landlichen,1
besides,1
resembles,1
recorded,1
tie,1
eventual,1
autonomous,1
ideologically,1
formulation,1
mill,1
procreation,1
aldenhoff,1
adverse,1
unchangingness,1
primary,1
bones,1
bismarcks,1
sexual,1
draw,1
killed,1
rests,1
geophysical,1
tempting,1
solving,1
bandwagon,1
economics,1
financing,1
vol,1
restoring,1
demands,1
powerlessness,1
responses,1
miniature,1
howard,1
fitting,1
compelling,1
leo,1
machinery,1
concentrating,1
paleontologist,1
vulnerable,1
illustrate,1
characterize,1
drive,1
beverly,1
earn,1
willy,1
etc,1
alter,1
stronger,1
taxation,1
reinstill,1
match,1
obvious,1
optima,1
purchases,1
dioxide,1
nurtured,1
occurring,1
invited,1
except,1
treating,1
associational,1
eliminating,1
sparkassen,1
establishment,1
pairs,1
indicating,1
genetic,1
chart,1
compares,1
reconciled,1
decreasing,1
promises,1
reveals,1
unities,1
interviews,1
visited,1
hinrichtung,1
analyzing,1
marginalized,1
lars,1
letter,1
golding,1
hasselmann,1
innovative,1
denoting,1
thinkers,1
collection,1
problems,1
objectives,1
attract,1
pillar,1
colonized,1
wherever,1
exposed,1
optimism,1
september,1
oldenburg,1
specifically,1
mistake,1
unaffiliated,1
homage,1
phase,1
priests,1
grosseinkaufsgesellschaft,1
reservoir,1
electron,1
responded,1
surely,1
proceeded,1
reverse,1
standing,1
explained,1
distinctive,1
peculiarities,1
raiffetsen,1
losers,1
proportionate,1
dynamics,1
inevitable,1
run,1
professor,1
bent,1
forerunners,1
illustrates,1
due,1
dominated,1
spurt,1
usurers,1
pursuit,1
wo,1
manic,1
hierarchy,1
unpublished,1
machine,1
britain,1
author,1
sozialgeschichte,1
gaining,1
collapsed,1
relatively,1
regarded,1
ability,1
precise,1
inefficiency,1
kaiserreich,1
helena,1
moment,1
kaufmannischen,1
raises,1
histories,1
envy,1
ess,1
vanguard,1
dozen,1
insisted,1
funded,1
materially,1
dubbed,1
employing,1
interchangeably,1
seeming,1
topic,1
innern,1
haupt,1
comprised,1
prosperous,1
arena,1
z,1
praising,1
pinpointed,1
nazis,1
democratically,1
estimates,1
unity,1
uncounted,1
cases,1
spawn,1
recirculated,1
flourishing,1
lahore,1
urbanization,1
praktische,1
illuminates,1
rejecting,1
geochemists,1
moralistic,1
fond,1
profound,1
amount,1
macroeconomically,1
contrary,1
differently,1
highest,1
simplest,1
blend,1
recrimination,1
regierung,1
difficulty,1
rabattsparvereine,1
ursprung,1
gauge,1
wholly,1
genossenschaftsrecht,1
suitable,1
warehousing,1
third,1
twice,1
drives,1
employers,1
estimate,1
opposing,1
databases,1
compare,1
profit,1
died,1
systematische,1
unify,1
weight,1
businesspeople,1
y,1
geological,1
factions,1
stepchild,1
bittel,1
stimulating,1
unbounded,1
diffu,1
spite,1
constructs,1
practically,1
roaring,1
grundung,1
overemphasize,1
strengthening,1
deeply,1
conceive,1
kleinbuirgerlichen,1
secularism,1
cronin,1
talent,1
subversion,1
acknowledge,1
overt,1
sachsen,1
impressions,1
businessmen,1
aime,1
einrichtungen,1
depths,1
morphogenesis,1
landrat,1
revitalize,1
jurist,1
newer,1
aristocracy,1
employ,1
rights,1
landwirtschaftlichen,1
assessed,1
profoundly,1
thinker,1
town,1
subordination,1
fiinfzig,1
agitation,1
monopolists,1
collateral,1
russian,1
eleven,1
operations,1
disassociated,1
minimal,1
erwin,1
exhausted,1
prince,1
abolished,1
selling,1
generations,1
everett,1
borrowers,1
unstudied,1
midi,1
maximize,1
lie,1
breadth,1
strictly,1
investigation,1
unit,1
mehler,1
borrowing,1
biggest,1
levels,1
observer,1
doctrine,1
notion,1
neglected,1
remote,1
johannes,1
unsettled,1
jelle,1
programmed,1
cult,1
darmstadt,1
opportunity,1
dealt,1
arrangements,1
abstraction,1
neighborhood,1
heard,1
rigor,1
humanity,1
talk,1
hessian,1
interacted,1
leave,1
pressured,1
direct,1
jena,1
fat,1
plots,1
perkins,1
inventor,1
ix,1
special,1
tree,1
magnates,1
black,1
offering,1
retail,1
collecting,1
discoveries,1
companies,1
productive,1
consequences,1
reinforce,1
utilities,1
neale,1
periodic,1
moreover,1
discoverers,1
guides,1
unchanging,1
unseres,1
soul,1
involvement,1
eighteen,1
understand,1
anweisung,1
sown,1
amassing,1
biocybernetic,1
acquisition,1
win,1
proving,1
gaja,1
bad,1
gewerblichen,1
ensure,1
praise,1
latter,1
calif,1
tensions,1
schen,1
university,1
consider,1
capitalization,1
merseburg,1
nationalist,1
reinforcement,1
tellus,1
doctrinaire,1
unclear,1
spreading,1
borrowed,1
cellulose,1
ahr,1
fertilizer,1
ldndlichen,1
emergence,1
abuses,1
presumably,1
metaphysics,1
sum,1
zeitraum,1
realities,1
stabilizing,1
air,1
receiving,1
invariably,1
mary,1
k,1
hierarchically,1
downs,1
recycling,1
weak,1
michael,1
malthus,1
termite,1
frequently,1
reviewed,1
exemplify,1
upper,1
exchange,1
xi,1
totaled,1
situations,1
age,1
show,1
pulpit,1
americanjournal,1
ups,1
exploited,1
digesting,1
calcium,1
freed,1
wondering,1
bestand,1
crystallize,1
reichsbank,1
defines,1
modeled,1
circulating,1
memorandum,1
rente,1
bitte,1
putting,1
geometric,1
votes,1
convincing,1
blute,1
onequarter,1
expulsion,1
enormousthe,1
aristocrats,1
dying,1
einzelnen,1
plight,1
unserer,1
event,1
erroneous,1
cooperatively,1
publicity,1
corresponding,1
changeability,1
suggested,1
undermines,1
funktionen,1
dependency,1
consortia,1
reflections,1
konigliche,1
unproductive,1
experimentation,1
authority,1
arrived,1
standards,1
tariffs,1
suffered,1
sowie,1
klaus,1
searched,1
rivals,1
identifying,1
applications,1
priori,1
introduce,1
nicest,1
concentration,1
plateau,1
zeit,1
canada,1
industrializing,1
rule,1
marion,1
begun,1
parliamentarian,1
determines,1
suchsland,1
zwischen,1
homeostatic,1
attack,1
young,1
molecules,1
seven,1
equations,1
wiped,1
served,1
transference,1
intentionality,1
staunchest,1
fatherland,1
curiosity,1
endosymbiosis,1
requirements,1
owen,1
fourier,1
dicta,1
preussische,1
persist,1
governing,1
constantly,1
reactionary,1
effects,1
base,1
disruptive,1
term,1
punishment,1
rescuing,1
landkreis,1
banker,1
fourth,1
topics,1
equally,1
onto,1
informed,1
polishing,1
institute,1
genossenschaftsstatistik,1
neunziger,1
communitarian,1
experimental,1
treat,1
afforded,1
toured,1
viewed,1
constraining,1
sonderabdruck,1
intensity,1
meet,1
truly,1
broich,1
energy,1
organizers,1
biogeochemists,1
placed,1
contesting,1
ford,1
revision,1
hypothetical,1
thrives,1
spiritual,1
amassed,1
malthusian,1
saving,1
approached,1
vehicles,1
balanced,1
reluctantly,1
taught,1
overwhelmed,1
eager,1
public,1
approvingly,1
encroachment,1
property,1
agrarbewegungen,1
impression,1
receive,1
pointers,1
marx,1
globally,1
jim,1
feminine,1
multipurpose,1
shape,1
stellungnahme,1
glossed,1
tonics,1
animated,1
keeping,1
kreditverein,1
arnulf,1
junkers,1
relatives,1
distinguish,1
line,1
landmark,1
nineteenthcentury,1
flourish,1
gains,1
landwirtschaftlicher,1
idealistic,1
reinterpreting,1
permitted,1
implement,1
noncredit,1
fashionably,1
benevolence,1
received,1
zeitung,1
responding,1
investment,1
blue,1
start,1
emphasis,1
carries,1
vote,1
surrounded,1
decisions,1
stellung,1
weitere,1
reader,1
r,1
simplification,1
heavily,1
tens,1
hereditary,1
miss,1
explains,1
fleissner,1
knowledge,1
italy,1
correctly,1
nation,1
department,1
danish,1
multiplied,1
journal,1
mitteilungen,1
bezogen,1
caught,1
ecologist,1
ten,1
geology,1
incremental,1
surprise,1
northern,1
sillen,1
literature,1
staat,1
armchair,1
genuine,1
describe,1
paints,1
consistently,1
older,1
instinctive,1
partei,1
festgabe,1
bayern,1
capitalize,1
overtly,1
thunderous,1
expansive,1
cfcs,1
honoraria,1
literally,1
flight,1
probes,1
constitute,1
faint,1
relevance,1
concentrate,1
unmistakable,1
mentioning,1
strain,1
runs,1
deadness,1
sozialreformatorische,1
staid,1
et,1
call,1
rene,1
accord,1
oceans,1
believes,1
endorsed,1
achieving,1
ausgewahlte,1
manage,1
environmentalism,1
won,1
visions,1
universally,1
graph,1
assembly,1
lionel,1
challenging,1
trends,1
markedly,1
presentations,1
nationwide,1
kluthe,1
researchers,1
thrived,1
numerically,1
probleme,1
quarterly,1
contests,1
preceded,1
supplying,1
multiplicity,1
statistically,1
untried,1
psychologically,1
strove,1
optimal,1
closing,1
los,1
composite,1
caused,1
kultur,1
thundered,1
hard,1
symbionts,1
subvisible,1
lowest,1
erhebung,1
shaping,1
heinz,1
involve,1
coupled,1
trading,1
son,1
methane,1
cope,1
repetition,1
phrase,1
midst,1
formen,1
unorthodox,1
arbitrary,1
nationalismus,1
mitchell,1
soil,1
mineral,1
separately,1
driving,1
june,1
objectively,1
components,1
resolution,1
invoke,1
presence,1
regierungsprasident,1
thereby,1
genossenschaft,1
corporations,1
credible,1
engages,1
core,1
hindrance,1
regionalism,1
visible,1
offspring,1
necessity,1
folge,1
ihv,1
dependent,1
memberships,1
filling,1
proper,1
paid,1
minuscule,1
peculiar,1
resignation,1
cycle,1
notes,1
kulturbesitz,1
appropriate,1
grateful,1
sociobiological,1
wolfgang,1
saturated,1
multifunctional,1
servants,1
funfzig,1
bolstered,1
teleology,1
purchasing,1
avoid,1
juni,1
budget,1
input,1
subsequently,1
periods,1
fascists,1
thrust,1
multiplying,1
modulation,1
collectivity,1
eternal,1
sammlungspolitik,1
critical,1
industriegesellschaften,1
naming,1
therefore,1
scored,1
challenge,1
educator,1
betrieb,1
film,1
san,1
approximate,1
units,1
mahnung,1
roughness,1
november,1
steady,1
creed,1
middlemen,1
thanks,1
vaterlandsfreunde,1
elimination,1
keeps,1
requirement,1
aktueller,1
letters,1
aim,1
populations,1
identified,1
mayor,1
overlapped,1
divergence,1
indeed,1
bourgeois,1
appearances,1
revival,1
overall,1
comparative,1
oberprasidium,1
resisted,1
subversive,1
techniques,1
observations,1
gaza,1
competitively,1
cloud,1
return,1
low,1
released,1
retort,1
edges,1
verbanden,1
rebuttals,1
rita,1
prevailing,1
hutton,1
object,1
converted,1
inhibiting,1
specifying,1
above,1
emulated,1
capacity,1
intervention,1
reichsgrundung,1
surviving,1
bewildering,1
studien,1
feeds,1
blending,1
turbulent,1
betray,1
reception,1
cooler,1
acquisitive,1
structural,1
measure,1
veranstaltung,1
resilient,1
sponsorship,1
percentage,1
comforting,1
guide,1
dimethyl,1
authoritarians,1
collect,1
outlets,1
simultaneous,1
criticism,1
quenched,1
elaboration,1
victor,1
reference,1
statisticians,1
meanwhile,1
push,1
prof,1
foreseen,1
represents,1
creditors,1
alongside,1
serve,1
coevolution,1
sounds,1
continuity,1
seeing,1
god,1
formally,1
inspiration,1
during,1
vociferousness,1
erwerbsund,1
favorable,1
cheat,1
denounced,1
ancient,1
technical,1
inherently,1
posture,1
subset,1
schutzbverbande,1
besprechung,1
geheimes,1
raise,1
light,1
rabbits,1
assistance,1
ranks,1
sharply,1
deutschlands,1
formalized,1
baltimore,1
issues,1
humanities,1
al,1
experiment,1
hopes,1
reprint,1
aeronautics,1
winnows,1
sheehan,1
reinforcedgrew,1
reports,1
quotations,1
enforce,1
speaking,1
revealed,1
innate,1
propagated,1
staatswesens,1
resemblance,1
labour,1
limnologist,1
pihhjii,1
wegen,1
declining,1
regardless,1
investors,1
irt,1
alteration,1
sunlight,1
starting,1
ajudge,1
wuirttemberg,1
comfortable,1
punjab,1
attacks,1
temporarily,1
coming,1
metaphysical,1
inflexible,1
rationalism,1
preserve,1
similarly,1
safety,1
agrarians,1
supportive,1
towards,1
tiny,1
smith,1
analytical,1
herbert,1
usefulness,1
paine,1
speaks,1
speciation,1
expose,1
abdruck,1
curiosities,1
microbes,1
forming,1
treatment,1
device,1
langton,1
scholars,1
arising,1
bourgeoisie,1
auditing,1
pressure,1
tolerate,1
broadly,1
proposal,1
plan,1
rivalled,1
powerless,1
appeared,1
documents,1
sprachraum,1
occupations,1
extended,1
magdeburg,1
remarked,1
imuir,1
contradict,1
ideology,1
classical,1
hobbes,1
john,1
laypeople,1
grows,1
personality,1
reacts,1
debated,1
arthur,1
navy,1
variation,1
minimize,1
functionally,1
heddesdorf,1
reflect,1
yearbook,1
discussed,1
advocacy,1
removal,1
germanic,1
ought,1
puzzling,1
multiplication,1
leviathan,1
drinking,1
wild,1
peacock,1
abstract,1
v,1
iodine,1
ground,1
dortmunder,1
risked,1
posits,1
budgets,1
covered,1
influential,1
receptiveness,1
creature,1
entity,1
existing,1
novelist,1
establish,1
income,1
disturbed,1
orthodoxy,1
shown,1
flesh,1
answer,1
tell,1
affective,1
council,1
imperialists,1
lines,1
reflectiveness,1
jahrhundert,1
blind,1
consultant,1
einer,1
inert,1
metropolitan,1
halle,1
books,1
compelled,1
ignoring,1
sell,1
impoverished,1
distance,1
alle,1
fundamentes,1
gives,1
coined,1
counterpart,1
conceivably,1
shifts,1
wood,1
regionally,1
unable,1
outgrowth,1
redfield,1
institutionalization,1
shaved,1
remove,1
fight,1
interpreting,1
calculation,1
imagine,1
disappearance,1
stabilize,1
manageable,1
parish,1
exhibit,1
nutrition,1
clergy,1
casual,1
electronic,1
investigated,1
vast,1
divided,1
admits,1
intimate,1
link,1
thirst,1
invested,1
courses,1
background,1
observable,1
comprise,1
handwritten,1
konsumvereinen,1
virgin,1
molecular,1
dresden,1
values,1
speculates,1
helps,1
aggregated,1
servant,1
formal,1
assessment,1
transformed,1
ridiculous,1
backed,1
distinctly,1
clerical,1
winemaking,1
sufficiently,1
khakhina,1
illumination,1
genetically,1
wonder,1
conceived,1
prussia,1
holocaust,1
thriving,1
lesser,1
food,1
breakaway,1
oppose,1
unprofitable,1
virtually,1
exceed,1
inneren,1
physiocrats,1
contends,1
engaging,1
stegmann,1
mutability,1
shades,1
sequence,1
pleasure,1
satisfactorily,1
take,1
actual,1
styles,1
vladimir,1
pamphlets,1
engaged,1
auf,1
besonderer,1
chosen,1
raising,1
bildungswesen,1
connected,1
stultifying,1
shortly,1
advantages,1
nuclei,1
munding,1
unsurpassed,1
theoretical,1
discontinuities,1
described,1
lobby,1
alarming,1
platform,1
neuzeitlichen,1
cassel,1
rejected,1
bacterial,1
xv,1
hindrances,1
clarifications,1
mahlstedt,1
jump,1
aspired,1
deduce,1
provoked,1
adding,1
officialdom,1
publication,1
aided,1
express,1
health,1
evils,1
august,1
held,1
suddenness,1
determinist,1
someone,1
collaboration,1
zeitschnzft,1
federal,1
rewarded,1
collected,1
tubingen,1
static,1
paths,1
serial,1
contributed,1
unintentionally,1
democrats,1
practiced,1
households,1
subcellular,1
last,1
fancy,1
krebs,1
fred,1
provides,1
kaye,1
nationalokonomie,1
frankreich,1
men,1
promotion,1
furthering,1
communists,1
educational,1
bowler,1
cup,1
annually,1
weimarer,1
somehow,1
outcomes,1
geochemist,1
improving,1
westfalen,1
imaginative,1
rambler,1
parallel,1
easy,1
electricity,1
chapel,1
newspapers,1
urteilen,1
greeted,1
narrow,1
rechtsgeschichte,1
respectively,1
scales,1
deceiving,1
exactly,1
charles,1
ihre,1
shied,1
excluded,1
enjoyed,1
armor,1
genossenschaftspolitik,1
electric,1
deduction,1
staatswissenschaft,1
capitalism,1
implication,1
depends,1
analyze,1
nutzen,1
lay,1
parameters,1
attracted,1
invented,1
occupied,1
baeck,1
erben,1
cologne,1
hulling,1
green,1
codetermined,1
evaluated,1
chain,1
adaptive,1
controversial,1
kreuznach,1
schriften,1
chemist,1
daisyworld,1
grundriss,1
greek,1
decay,1
specialty,1
competed,1
gleaned,1
swelled,1
applies,1
justice,1
concerted,1
decision,1
hunt,1
deviated,1
tortured,1
ethic,1
solar,1
unexpected,1
hindered,1
carried,1
frankreiwh,1
depth,1
asking,1
indication,1
hiding,1
saturation,1
hoyle,1
groupings,1
statistischen,1
monstrous,1
helmut,1
erhaltung,1
stony,1
transgressions,1
perspectives,1
scrutinized,1
sche,1
reviewer,1
continued,1
konsumgenossenschaftswesens,1
danrin,1
segments,1
desires,1
sometimes,1
sozialpolitik,1
five,1
minorities,1
guideline,1
circulatory,1
dreamed,1
obtained,1
errchtung,1
rough,1
hill,1
scratched,1
averse,1
photograph,1
months,1
productively,1
remotely,1
konsumgenassenschaften,1
prevent,1
slow,1
independence,1
statutes,1
sachsisches,1
salle,1
aiming,1
symbionticism,1
collections,1
strongly,1
contemplating,1
economists,1
philosophy,1
tradespeople,1
denotes,1
face,1
interplay,1
wilhelmine,1
recognize,1
socialreform,1
expert,1
conterminous,1
gegenwart,1
intend,1
successor,1
furthered,1
examine,1
expectations,1
cease,1
researcher,1
baron,1
surprising,1
dead,1
respect,1
drafted,1
geobiological,1
types,1
horace,1
hutchinson,1
gaea,1
dent,1
recalling,1
worlds,1
sicht,1
eugene,1
ausbau,1
paying,1
landwirtschaftliche,1
investigate,1
seat,1
pronouncements,1
matters,1
austria,1
interessenverbande,1
entertain,1
mathematically,1
distantly,1
treue,1
acquired,1
nebst,1
reciprocal,1
seriously,1
infusion,1
necessary,1
punished,1
subsystem,1
flies,1
albedo,1
proprietors,1
rh,1
believed,1
lessons,1
norddeutschen,1
mentioned,1
version,1
twentiethcentury,1
comparison,1
grand,1
biography,1
dieter,1
predictions,1
struck,1
risky,1
dirk,1
maverick,1
accounts,1
tiered,1
nasa,1
scrutiny,1
shop,1
burgerlichen,1
dualistic,1
rebate,1
darwin,1
md,1
contains,1
artificiall,1
listeners,1
parteiprogramme,1
belief,1
cover,1
methodologically,1
milieu,1
detector,1
lindlichen,1
competitions,1
exploded,1
continental,1
mutually,1
hardpressed,1
stadt,1
partner,1
socialdemocratic,1
colonization,1
finance,1
metaphorically,1
guaranteed,1
proponents,1
cultures,1
broaching,1
specialized,1
worth,1
india,1
assertions,1
expanding,1
gunter,1
commission,1
connection,1
seem,1
guarantees,1
blesius,1
ample,1
print,1
propaganda,1
guild,1
returns,1
proportional,1
followers,1
feed,1
foundation,1
ideological,1
alternatively,1
manchester,1
contradictory,1
grievances,1
chlorofluorocarbons,1
houses,1
ir,1
energize,1
ueber,1
lexikon,1
winkler,1
poisonous,1
happiness,1
urbanizing,1
replication,1
climate,1
provinzen,1
faster,1
thompson,1
pour,1
ethos,1
type,1
mutated,1
linkages,1
recruiting,1
wied,1
politische,1
interactive,1
evident,1
segmented,1
consisted,1
saying,1
winners,1
rep,1
born,1
trying,1
lotka,1
succeeded,1
unlikely,1
purchase,1
cruise,1
eons,1
horizontallyopening,1
communicate,1
beneficiaries,1
reactions,1
implicit,1
prefers,1
reconcile,1
darwinist,1
sociology,1
imposed,1
zentralgenossenschaft,1
bacterium,1
add,1
proven,1
deventer,1
statement,1
coop,1
firmly,1
microcosm,1
novelty,1
moneylenders,1
tightly,1
penetration,1
understandably,1
appropriated,1
surpassing,1
rating,1
extract,1
complain,1
localities,1
climbing,1
vansittart,1
strings,1
schlack,1
patience,1
treatises,1
listed,1
episode,1
fricke,1
incorporated,1
hundreds,1
vereins,1
permeated,1
meetings,1
contain,1
universe,1
periodicals,1
radically,1
staudinger,1
naked,1
transplanted,1
occasionally,1
trees,1
preserved,1
proprietorships,1
multiple,1
lifetime,1
conclude,1
fiunfzigjahre,1
hyperbolically,1
introduced,1
jahrhunderts,1
revolutions,1
subsidies,1
content,1
alternatives,1
darwinistic,1
konig,1
militantly,1
suspiciously,1
possession,1
lowenstam,1
intents,1
buy,1
predecessors,1
redwood,1
radiation,1
histoiy,1
sion,1
substance,1
centralism,1
gesamtverbandes,1
screen,1
democracywere,1
contribute,1
operate,1
hese,1
resistance,1
arguments,1
summarizes,1
manufacturing,1
connotation,1
hydrogen,1
inventions,1
kapitalistischen,1
teachings,1
motivate,1
exceptionally,1
isolated,1
evidenced,1
crossick,1
sank,1
definitions,1
erupted,1
writing,1
waves,1
detect,1
moeller,1
analysen,1
multiply,1
analysts,1
socialpsychological,1
reshaping,1
anaerobic,1
environmentalist,1
buying,1
guttsman,1
false,1
inefficient,1
interessenpolitik,1
vertically,1
statute,1
conducive,1
overview,1
prescribe,1
ence,1
leveled,1
algae,1
nominal,1
average,1
contract,1
rationalization,1
paradigm,1
institutional,1
sparund,1
zum,1
finally,1
accept,1
motives,1
visser,1
crisis,1
wish,1
sat,1
revolutionize,1
offer,1
applicable,1
actively,1
darwinists,1
grown,1
include,1
materialsammlung,1
judges,1
resembled,1
usa,1
socially,1
mutations,1
upside,1
suiting,1
blueprint,1
guiding,1
unified,1
product,1
clearest,1
smaller,1
zentralverbandes,1
suffix,1
dogma,1
functionalist,1
integration,1
predestined,1
acted,1
piece,1
disadvantaged,1
colleagues,1
playing,1
derive,1
seeks,1
attempted,1
organ,1
assumed,1
area,1
inertness,1
kassel,1
cost,1
francisco,1
gutachten,1
campaign,1
associationen,1
anonymous,1
microcosmos,1
evelyn,1
treats,1
vessel,1
potential,1
evolutionism,1
taking,1
intentional,1
removing,1
rest,1
interlinked,1
pride,1
clarify,1
industrialists,1
allegedly,1
tribes,1
reticent,1
russia,1
marxist,1
elites,1
rejection,1
charged,1
hills,1
landesamts,1
historischer,1
jahren,1
handwerk,1
temperatures,1
privatrechtliche,1
th,1
appealed,1
supporter,1
odum,1
partial,1
dark,1
texts,1
views,1
predictable,1
plexity,1
warenhausern,1
equipment,1
charging,1
divergent,1
propertied,1
traditional,1
invest,1
re,1
benefactors,1
images,1
minds,1
technological,1
whenever,1
drew,1
kreditgenossenschaften,1
behaves,1
longer,1
politischen,1
deficiency,1
scanty,1
built,1
draft,1
cited,1
ende,1
eagerly,1
plunkett,1
