WORDCOUNTS,WEIGHT
the,910
and,601
of,545
in,432
a,205
de,124
s,111
la,99
e,97
l,94
et,74
pp,72
new,62
d,54
on,54
und,52
der,52
to,51
m,47
j,43
john,43
di,42
des,42
history,40
le,40
press,40
war,39
york,38
american,37
editor,37
c,37
du,35
i,35
university,35
historical,34
at,33
introduction,33
w,33
editors,33
r,32
world,31
guerra,31
david,31
essays,30
for,30
revolution,29
h,28
richard,28
vandalisme,28
st,28
from,28
political,27
politics,27
les,27
german,26
f,26
del,25
early,25
as,24
french,23
james,23
national,23
women,22
die,22
an,21
al,21
paul,21
number,21
della,20
en,20
v,20
church,19
g,19
society,19
michael,19
dans,19
ii,18
state,18
b,18
im,18
culture,18
collected,18
education,18
william,18
robert,17
october,17
review,17
century,17
thomas,17
modern,16
soviet,16
un,16
city,16
sur,16
germany,15
studies,15
europe,15
america,15
den,15
dunstan,15
resistance,15
rome,15
social,15
empire,15
black,15
zur,15
states,15
france,15
perspective,14
christine,14
n,14
its,14
or,14
children,14
margaret,14
peter,14
bernard,13
t,13
england,13
dutch,13
von,13
late,13
xiv,13
houston,13
art,13
second,13
italia,13
cosimo,13
science,13
gli,13
past,13
role,13
elites,13
first,12
politique,12
south,12
period,12
martin,12
with,12
question,12
jews,11
henry,11
east,11
sodomy,11
tra,11
during,11
poor,11
une,11
two,11
albania,11
ethnic,11
nationalism,11
christopher,11
britain,11
kulturkampf,11
au,11
nell,11
charles,11
child,10
pizan,10
nelson,10
jean,10
his,10
revolutionnaire,10
sovereignty,10
jewish,10
berzelius,10
comparative,10
revolt,10
southern,10
medici,10
lawrence,10
united,10
stephen,10
medieval,9
giorgio,9
revolutionary,9
english,9
na,9
white,9
mary,9
problems,9
constitution,9
nel,9
republic,9
economic,9
reform,9
ethnicity,9
identity,9
una,9
k,9
africa,9
life,9
joseph,9
cincinnati,9
statuti,9
enlightenment,9
between,9
authority,8
diritto,8
great,8
cash,8
case,8
citta,8
cameron,8
z,8
policy,8
union,8
das,8
radical,8
literature,8
nach,8
il,8
poland,8
chase,8
military,8
power,8
paris,8
netherlands,8
after,8
italiani,8
paper,8
geschichte,8
cloth,8
middle,8
colonial,8
cambridge,8
polish,7
service,7
some,7
medical,7
roger,7
relations,7
jr,7
van,7
michel,7
study,7
age,7
victorian,7
italiana,7
moderne,7
nella,7
osterreich,7
play,7
movement,7
si,7
rise,7
time,7
habsburg,7
wartime,7
elite,7
dell,7
christian,7
note,7
george,7
linda,7
emigrazione,7
class,7
school,7
series,7
plutarch,7
propaganda,7
maya,7
problem,7
race,7
andrew,6
tradition,6
mind,6
british,6
eastern,6
x,6
janet,6
walter,6
ecclesiastical,6
jerusalem,6
surgery,6
p,6
cultural,6
xix,6
romanian,6
london,6
gender,6
music,6
philip,6
dem,6
giovanni,6
under,6
deutsche,6
by,6
nachkriegszeiten,6
smith,6
xii,6
renaissance,6
council,6
eighteenth,6
steven,6
maria,6
vii,6
archaeological,6
offentlichkeit,6
eve,6
diana,6
immigration,6
european,6
croissance,6
whites,6
roman,6
alexander,6
conrad,6
imperial,6
delle,6
papal,6
mondiale,6
norman,6
images,6
hans,6
nord,5
western,5
royal,5
zwischen,5
ou,5
experience,5
historiographie,5
address,5
kent,5
regionale,5
context,5
consciousness,5
labor,5
nelle,5
emigration,5
chez,5
prophecy,5
y,5
osterreichischen,5
edward,5
presentation,5
crusade,5
latin,5
bruce,5
weltkriegen,5
xi,5
droit,5
view,5
gregory,5
nicola,5
among,5
wright,5
elliott,5
concept,5
stato,5
elizabeth,5
politica,5
xviii,5
destruction,5
chemistry,5
coloniali,5
catholic,5
ward,5
massachusetts,5
germania,5
reeves,5
domesticity,5
nation,5
gerard,5
community,5
allen,5
islam,5
law,5
contemporary,5
ages,5
routledge,5
alan,5
religion,5
grecia,5
auf,5
high,5
chapel,5
canterbury,5
china,5
coloniale,5
susan,5
marjorie,5
intellectual,5
preface,5
making,5
institute,5
views,5
popular,5
beiden,5
donald,5
texas,5
reformation,5
vi,5
mesoamerican,5
morineau,4
diane,4
osvobodilna,4
scottish,4
franz,4
arlen,4
committee,4
into,4
fronta,4
forschung,4
ussr,4
boston,4
nobility,4
conflict,4
xiii,4
letih,4
russia,4
daniel,4
labanca,4
djordjevic,4
king,4
mass,4
italian,4
evan,4
west,4
development,4
pour,4
modernity,4
oxford,4
jacob,4
cardinal,4
rhodesia,4
decline,4
reich,4
rights,4
no,4
earl,4
perceptions,4
immigrant,4
russell,4
impact,4
welfare,4
crusader,4
democratic,4
olivier,4
schooling,4
francesco,4
opposition,4
medicine,4
rudolf,4
paolo,4
work,4
terre,4
planning,4
future,4
people,4
regional,4
holy,4
love,4
tom,4
anni,4
family,4
munich,4
ohio,4
gottfried,4
weiss,4
fransaise,4
civil,4
pope,4
barbara,4
exeter,4
idea,4
grande,4
religious,4
frank,4
thought,4
god,4
sulla,4
politiques,4
home,4
hurezeanu,4
ed,4
luigi,4
writing,4
frederick,4
toward,4
nei,4
peasant,4
end,4
arthur,4
rhetoric,4
honor,4
hansen,4
wood,4
opera,4
eta,4
louis,4
use,4
regions,4
office,4
rustung,4
probleme,4
caso,4
educational,4
italy,4
nazi,4
brown,4
islamic,4
perspectives,4
kenneth,4
foreign,4
who,4
fall,4
developpement,4
changing,4
dieter,4
gert,4
gerhard,4
guerre,4
are,4
domestic,4
iii,4
assessment,4
economy,4
orleans,4
theory,4
therapy,4
hitler,4
baltic,4
bodies,4
howard,4
african,4
sodomites,4
formation,4
francois,4
radicalism,4
arnold,4
americas,4
surgical,4
jost,4
era,4
micheletti,4
malcolm,4
nicholas,3
humanism,3
o,3
negli,3
anthony,3
later,3
commentary,3
melhado,3
scholar,3
career,3
jane,3
jelavich,3
distributed,3
per,3
patrimoine,3
schools,3
federal,3
jonathan,3
fra,3
naroda,3
source,3
claire,3
themes,3
klaus,3
intelligence,3
approche,3
accueil,3
restoration,3
nature,3
historiography,3
book,3
cathedral,3
deutschen,3
graham,3
exiles,3
murray,3
blackwell,3
keith,3
industrialisation,3
papers,3
roy,3
exil,3
matthew,3
iv,3
cooperation,3
literary,3
bibliography,3
timothy,3
representing,3
diversity,3
karen,3
central,3
lorenzo,3
collapse,3
fur,3
spinoza,3
friedensforschung,3
dei,3
aus,3
large,3
kirk,3
fischer,3
basil,3
clay,3
immigrants,3
transformation,3
pierre,3
response,3
honour,3
brescia,3
breuilly,3
economia,3
influence,3
kontrolle,3
americanization,3
patronage,3
their,3
benjamin,3
nos,3
grafenauer,3
raymond,3
averil,3
we,3
old,3
byzance,3
emergence,3
warren,3
byzantine,3
columbus,3
winnifrith,3
piety,3
dello,3
actes,3
friars,3
care,3
distribution,3
italie,3
reflections,3
iconography,3
conquest,3
siele,3
ehrard,3
societies,3
esposizioni,3
reuter,3
rule,3
search,3
classic,3
occupazione,3
international,3
mick,3
slovenskega,3
hospitals,3
muslim,3
gidley,3
introduzione,3
occupation,3
discours,3
industria,3
sport,3
near,3
simone,3
training,3
knowledge,3
angelic,3
konrad,3
issues,3
winter,3
durch,3
hambledon,3
stadter,3
deac,3
minds,3
balkans,3
legacy,3
tudor,3
working,3
shaping,3
deborah,3
small,3
civic,3
annali,3
monarchy,3
boj,3
gordon,3
cite,3
letters,3
brian,3
reconstruction,3
christ,3
intervention,3
innovation,3
acculturation,3
interpretation,3
americans,3
security,3
etat,3
ancient,3
chiesa,3
but,3
weltkrieg,3
territoriale,3
double,3
other,3
vandales,3
death,3
pickstone,3
herbert,3
josef,3
mito,3
hekma,3
reformed,3
lindsay,3
georgescu,3
viii,3
antonio,3
anne,3
do,3
landscape,3
karl,3
seconda,3
atala,3
woman,3
native,3
books,3
antony,3
byzantines,3
writings,3
hsiung,3
signoria,3
socialism,3
sieles,3
dm,3
evolution,3
dulffer,3
catherine,3
xv,3
significance,3
diplomacy,3
three,3
oder,3
health,3
dominique,3
tim,3
general,3
vita,3
padua,3
tranberg,3
bishops,3
wijnand,3
pluralism,3
commerce,3
hungarian,3
analysis,3
traniello,3
rochester,3
slovenskem,3
maier,3
escott,3
vision,3
lost,3
army,3
seen,3
joachim,3
wilson,3
charlton,3
construction,3
frontier,3
not,3
kings,3
suisse,3
centuries,3
italiano,3
arts,3
sara,3
ottoman,3
mijnhardt,3
practice,3
ruth,3
levine,3
historischen,3
estate,3
dimension,3
natural,3
cittadini,3
conflitto,3
bologna,3
report,3
intelligentsia,3
epilogue,3
rural,3
italiane,3
form,3
bogo,3
alice,3
shore,3
cattolici,3
simon,3
u,3
andrea,3
beck,3
through,3
cooter,3
innocent,3
prophetic,3
niedhart,3
rio,3
childhood,3
jan,3
eric,3
durante,3
kimball,3
refugees,3
ulrich,3
gilje,3
background,3
deutschland,3
washington,3
aspetti,3
comunita,3
effects,3
secolo,3
politischer,3
erziehung,3
jahrhunderts,3
scholarship,3
debate,3
texts,3
dimitrije,3
little,3
cross,3
building,3
meeting,3
saladin,3
scandinavian,2
reichstag,2
dale,2
gerald,2
romance,2
contadini,2
common,2
clarendon,2
emigres,2
osterreichische,2
patriot,2
alle,2
fiction,2
wissenschaften,2
contributions,2
over,2
editura,2
manuscript,2
they,2
center,2
mesoamerica,2
aymard,2
sovietisation,2
socialist,2
osma,2
artistic,2
philippe,2
subsidia,2
prince,2
civile,2
mcknight,2
marcus,2
boulder,2
grove,2
ramsay,2
protection,2
terzo,2
organic,2
cornell,2
nancy,2
before,2
posthumus,2
consecration,2
nineteenth,2
diffusion,2
papalism,2
magdalino,2
australia,2
sources,2
that,2
reconstructions,2
caroline,2
frankfurt,2
selon,2
creation,2
norbert,2
theologiens,2
fifteenth,2
implications,2
logsdon,2
ruolo,2
font,2
episcopal,2
stratification,2
liberty,2
frucht,2
als,2
keil,2
allan,2
avec,2
feldpostbriefen,2
iosa,2
naissance,2
emigranti,2
erforschung,2
juristes,2
deux,2
fase,2
colloque,2
government,2
lamentacion,2
miller,2
court,2
sous,2
exile,2
harvey,2
loi,2
grandshaw,2
maurice,2
mai,2
sacred,2
discipline,2
theodore,2
wolfram,2
gunther,2
politico,2
baton,2
teologia,2
maux,2
histoire,2
jam,2
leur,2
gunn,2
ilincioiu,2
appunti,2
sixteenth,2
laine,2
election,2
guy,2
zvi,2
alter,2
percy,2
conciliarism,2
regnum,2
letter,2
monastic,2
sweet,2
forme,2
collection,2
behavior,2
harold,2
langewiesche,2
hudson,2
fondazione,2
xxiii,2
belgique,2
angelo,2
representations,2
since,2
debus,2
due,2
against,2
ferenc,2
group,2
droste,2
forgotten,2
club,2
adams,2
works,2
terminal,2
dudley,2
nigeria,2
ai,2
stokes,2
salisbury,2
gary,2
pred,2
body,2
columbia,2
enquete,2
akademie,2
remarques,2
cohen,2
joyce,2
third,2
publications,2
giacomo,2
sin,2
mckinley,2
patrons,2
presentazione,2
chinese,2
generation,2
franpaise,2
guido,2
romania,2
crusades,2
economique,2
romano,2
webster,2
leisure,2
riesenberger,2
meyjes,2
etudes,2
michelson,2
dilemma,2
slovenska,2
patron,2
cardot,2
main,2
joan,2
operai,2
cinema,2
od,2
doctrine,2
notion,2
serbia,2
preachers,2
sikcles,2
walker,2
opportunity,2
shapiro,2
cittadina,2
cesare,2
tedesca,2
importance,2
brett,2
ix,2
mit,2
origins,2
consequences,2
helmstadter,2
front,2
lesley,2
recherches,2
katherine,2
problemi,2
ugo,2
metropolis,2
organization,2
force,2
revolutionaries,2
conserver,2
jersey,2
house,2
remaking,2
denys,2
ville,2
attitudes,2
spence,2
prima,2
organisation,2
env,2
slovene,2
galicia,2
gombrich,2
signification,2
answers,2
opinion,2
protestant,2
qui,2
fronte,2
greater,2
rustungspolitik,2
petersen,2
famiglia,2
campagne,2
conservative,2
darwin,2
patrick,2
scotland,2
temples,2
etnografico,2
abbey,2
province,2
espagnole,2
czech,2
warfare,2
frauen,2
library,2
henryk,2
campagna,2
something,2
michigan,2
miti,2
persons,2
pfaff,2
ford,2
toulouse,2
public,2
wayne,2
brooks,2
musique,2
experiment,2
kathryn,2
deutscher,2
provincial,2
gay,2
urbano,2
romans,2
industrial,2
los,2
charity,2
usa,2
strategy,2
example,2
urban,2
bowl,2
northern,2
cittadino,2
dal,2
bible,2
obmocju,2
place,2
critique,2
san,2
bildungswesens,2
nasaw,2
sort,2
versus,2
bewegung,2
bucharest,2
bishop,2
personal,2
rene,2
emilian,2
sebastiano,2
contending,2
my,2
balcani,2
opinione,2
alcune,2
rochat,2
earth,2
beitrage,2
good,2
change,2
tone,2
creating,2
siecle,2
solution,2
presented,2
field,2
brigands,2
lovers,2
prophecies,2
mediterranean,2
osvobodilni,2
mergen,2
davis,2
june,2
governo,2
bridge,2
industry,2
peace,2
manchester,2
research,2
quaderno,2
bernd,2
bezug,2
stadler,2
churches,2
machtpolitik,2
slavica,2
otmar,2
padagogischen,2
woodrow,2
roots,2
notes,2
fronti,2
wahrend,2
revolutions,2
wolfgang,2
zunz,2
nicolson,2
russian,2
jeffrey,2
repatriation,2
tore,2
battle,2
republican,2
clifton,2
aristocracy,2
pastor,2
grohmann,2
petrik,2
equality,2
noble,2
scientific,2
supreme,2
cathy,2
schmidt,2
dusan,2
sans,2
drama,2
revival,2
ferrari,2
minnich,2
adolescence,2
harris,2
coleman,2
female,2
sheridan,2
willem,2
cole,2
harry,2
bergeron,2
roumaine,2
storico,2
communist,2
elmar,2
sarna,2
about,2
victor,2
hugh,2
read,2
devotion,2
paradox,2
albert,2
trent,2
technology,2
fifth,2
morrell,2
wechselwirkungen,2
commonwealth,2
light,2
aux,2
ending,2
dan,2
indians,2
methodologie,2
melzer,2
martino,2
only,2
volume,2
frangsmyr,2
bolton,2
lewis,2
challenge,2
north,2
figure,2
others,2
lechner,2
bald,2
servants,2
dirk,2
kirby,2
comparison,2
decor,2
pouvoir,2
monks,2
ad,2
plan,2
mulino,2
claudio,2
forces,2
germans,2
ideology,2
wu,2
museu,2
district,2
how,2
detruire,2
men,2
wette,2
monographs,2
hirsch,2
present,2
orangist,2
bettoni,2
produzione,2
museo,2
sten,2
krieg,2
material,2
bilan,2
charter,2
real,2
nigel,2
leslie,2
flint,2
homosexual,2
saunders,2
sir,2
gesellschaft,2
crown,2
brabant,2
jameson,2
divided,2
adolfo,2
examples,2
birth,2
discovery,2
northampton,2
upon,2
helmut,2
values,2
cult,2
siena,2
giles,2
patricia,2
hartmut,2
lowe,2
europeans,2
finland,2
sawyer,2
diplomatic,2
assisi,2
francis,2
robinson,2
dietmar,2
approach,2
survey,2
yorkshire,2
bitter,2
premiere,2
examination,2
zum,2
franklin,2
aspects,2
pendant,2
janko,2
rouge,2
print,2
weindling,2
economiche,2
low,2
innocenzo,2
immagini,2
historic,2
reality,2
andrews,2
carol,2
language,2
blois,2
soldiers,2
victory,2
essay,2
centrale,2
illinois,2
xvii,2
countries,2
erich,2
willoweit,2
mexico,2
avray,2
administrative,2
ethos,2
patriotism,2
municipal,2
barocca,2
comparing,2
labour,2
nationality,2
postrevolutionary,2
rouse,2
eyes,2
ferdo,2
glenn,2
rudolph,2
nie,2
binfield,2
ann,2
xvi,2
condition,2
morris,2
cape,2
legislazione,2
cologne,2
harding,2
walsh,2
wille,2
bibliographical,2
greek,2
claudia,2
piombo,2
marin,2
brenda,2
wilks,2
besonderer,2
moses,2
rebel,2
perry,2
musei,2
independent,2
colonia,2
ecole,2
foster,2
foreword,2
bogdan,2
archaeology,2
male,2
medioevo,2
eliten,2
institutions,2
juan,2
gestrin,2
wilhelm,2
antiquity,2
sack,2
successor,2
illyrian,2
perspektiven,2
teresa,2
bildung,2
system,2
commemoration,2
seifert,2
comaroff,2
photographs,2
bismarck,2
goldberg,2
rite,2
wars,2
any,2
vox,2
neuzeit,2
girls,2
dati,2
politic,2
conclusion,2
nationale,2
peoples,2
japan,2
beeth,2
kaplan,2
francesca,2
rabine,2
rotterdam,2
kraus,2
bernardino,2
sciences,2
einer,2
gian,2
kedar,2
klemens,2
moran,2
nouvelle,2
brooke,2
grover,2
principle,2
image,2
hoover,2
gale,2
par,2
worboys,2
peasants,2
edick,2
games,2
sorelle,2
rocke,2
okupacija,2
luther,2
carl,2
twelfth,2
hattin,2
aspekte,2
jennifer,2
cities,2
guinea,2
popescu,2
ernsten,2
pubblica,2
beginning,2
horns,2
spatial,2
physiology,2
rose,2
accounts,2
pact,2
lane,2
jugoslavia,2
clyde,2
fox,2
brunello,2
bernhard,2
novelty,2
postclassic,2
ersten,2
lill,2
rodolfo,2
calendar,2
anna,2
moller,2
were,2
port,2
spaces,2
swanson,2
morte,2
madelyn,2
jung,2
academiei,2
homilies,2
ockham,2
somerset,2
milan,2
alain,2
protestants,2
esilio,2
superpower,2
diocese,2
homosexuality,2
representation,2
paula,2
ein,2
kohn,2
our,2
webb,2
come,2
xxe,2
politici,2
models,2
worcester,2
fascista,2
years,2
difference,2
kingdom,2
poverty,2
twentieth,2
have,2
theologie,2
jacques,2
warsaw,2
colo,2
bezugnahme,2
land,2
ipotesi,2
relics,2
levy,2
writer,2
romane,2
nachkriegszeit,2
urbana,2
sirefman,2
sidle,2
diaspora,2
freie,2
sexuality,2
association,2
cordell,2
istituto,2
vucinich,2
flora,2
irreligion,2
fourth,2
benedicta,2
mignemi,2
chicago,2
jahren,2
civilian,2
diphtheria,2
burden,2
hiden,2
iordache,2
taylor,2
anton,2
louisiana,2
daughter,2
portrait,2
werner,2
citizenship,1
courts,1
amherst,1
incorporations,1
final,1
svet,1
buffa,1
uganda,1
umetnosti,1
democracy,1
hussey,1
steedman,1
verger,1
morel,1
moreno,1
alleato,1
ora,1
boroughs,1
changes,1
portuguese,1
sharpe,1
ambiente,1
eickelman,1
transportation,1
castelli,1
wadad,1
anatomists,1
kaschuba,1
publique,1
czechs,1
curami,1
struggle,1
bretagne,1
vor,1
polyarchie,1
leibeserziehung,1
homefront,1
neutral,1
damian,1
bahn,1
entrailles,1
industrielle,1
commentaty,1
kivisto,1
dore,1
roncayolo,1
cubitt,1
odnosu,1
reno,1
yeshayahu,1
etude,1
warrior,1
jealousy,1
stuart,1
massip,1
retallack,1
kapitalismuskritik,1
heroic,1
scholer,1
francev,1
roumain,1
morisiguerra,1
hannes,1
meaning,1
garment,1
mozambique,1
mantelli,1
cagnetta,1
wellcome,1
chief,1
creches,1
hadjidaki,1
tematiche,1
channon,1
laray,1
vienna,1
lazzarini,1
bicentennial,1
dunkeld,1
edouard,1
boje,1
unpleasant,1
falmer,1
svizzera,1
concern,1
tomatoes,1
dalton,1
negro,1
truth,1
transnational,1
rovescio,1
christos,1
reconsidered,1
sull,1
prefazione,1
perilous,1
college,1
ferdinand,1
heslop,1
homeless,1
vues,1
presses,1
galliver,1
connection,1
popovich,1
milorad,1
montenegrin,1
messianic,1
marian,1
bildungsforschung,1
comuni,1
bosworth,1
loades,1
centerbury,1
ragusan,1
deak,1
sensa,1
regroupements,1
chenier,1
gem,1
sua,1
myths,1
mcdonald,1
berlin,1
beier,1
ismail,1
passing,1
tamara,1
dossier,1
weber,1
antifederalists,1
litvak,1
police,1
magocsi,1
settlements,1
emanuela,1
boca,1
mews,1
guillen,1
nabhan,1
paoletti,1
graphic,1
conquering,1
logique,1
casebook,1
councile,1
dubrovnik,1
varanini,1
weimar,1
karel,1
spite,1
myth,1
mobility,1
nostalgia,1
leib,1
larry,1
anfang,1
maize,1
stone,1
defreitas,1
cours,1
fathers,1
word,1
forgeries,1
hoi,1
anno,1
rogers,1
zero,1
garver,1
miriam,1
territoire,1
services,1
massa,1
regis,1
jongste,1
rearden,1
nikolai,1
byelorussia,1
autograph,1
tullio,1
unterricht,1
eidintas,1
unstructured,1
braziers,1
colonie,1
republique,1
primato,1
psychiatry,1
ignoro,1
annees,1
rolf,1
mommsen,1
sinnesverwirrung,1
paradigms,1
industriel,1
yates,1
basilique,1
affortunati,1
benedictine,1
park,1
youngs,1
dixie,1
specialia,1
hillsman,1
procopius,1
busek,1
carolinians,1
ms,1
considerations,1
spirit,1
unmaking,1
parochialism,1
gr,1
ideals,1
territori,1
theatre,1
scribner,1
vivo,1
servitude,1
immigres,1
zanotti,1
babener,1
trye,1
materiels,1
rey,1
macedonia,1
ian,1
stefan,1
latynski,1
amaranth,1
branch,1
tokov,1
assignment,1
mlakar,1
mercanti,1
knox,1
subjection,1
leonore,1
autres,1
carvajal,1
royalism,1
trippen,1
daniela,1
clynick,1
frenchcanadian,1
mawdsley,1
unite,1
pirmin,1
limits,1
seventh,1
dash,1
beispiel,1
ladies,1
migration,1
constitucional,1
eye,1
pietsch,1
duggan,1
lanfranc,1
princeton,1
bryder,1
wolff,1
amongst,1
hostilite,1
egidio,1
glossary,1
iconoclastes,1
polloi,1
segre,1
arbeitskreis,1
practices,1
ascani,1
contexts,1
proclamation,1
disputed,1
artifice,1
squire,1
journalism,1
clericalism,1
ottavia,1
arms,1
test,1
politik,1
bucur,1
nicolai,1
nero,1
bono,1
archibishop,1
being,1
humanist,1
doll,1
ottonian,1
concepts,1
haynes,1
tyerman,1
based,1
farleigh,1
esquisse,1
hutchings,1
engulfed,1
smiles,1
twilight,1
deniz,1
aldo,1
mauro,1
gionale,1
leon,1
please,1
maciej,1
glossopdale,1
invention,1
long,1
revisited,1
well,1
palladium,1
likeman,1
potestas,1
razi,1
lyman,1
znanosti,1
universalism,1
distinguishing,1
regulating,1
dossiers,1
was,1
primorskem,1
setting,1
dimensions,1
beethoven,1
morelli,1
sidelights,1
byzantin,1
exploration,1
prosperi,1
napoletana,1
usher,1
historians,1
slave,1
malleable,1
rede,1
diego,1
musical,1
viewer,1
posvetovanja,1
ascheri,1
saul,1
fabbriche,1
brien,1
chloroform,1
subasio,1
rentierism,1
corsini,1
pluralist,1
chili,1
shari,1
hoffmann,1
all,1
doig,1
rollason,1
luiz,1
botromley,1
switzerland,1
nefarious,1
editions,1
faits,1
fosterage,1
narodne,1
jelisaveta,1
pretoria,1
aeronautica,1
memorial,1
legitimite,1
stolen,1
componente,1
prazmowska,1
bellici,1
salmon,1
concert,1
andjohn,1
rappresentata,1
vajda,1
charlemagne,1
moderna,1
garth,1
harem,1
boynton,1
asburgica,1
secondary,1
refugee,1
mechoulan,1
seigneurial,1
regond,1
bedeski,1
complexities,1
whiteclay,1
nuovo,1
industrie,1
rutgers,1
franck,1
babylon,1
quinoa,1
feminism,1
civis,1
italien,1
tackling,1
mehlhausen,1
so,1
pittoriche,1
landi,1
exotic,1
scott,1
narrative,1
appendix,1
styleman,1
liverpool,1
follows,1
jungfraulichkeit,1
bruschi,1
vecchio,1
warr,1
padagogische,1
stanojevich,1
lindt,1
woodson,1
seicentesche,1
harriet,1
scheme,1
composizione,1
vietmeyer,1
loud,1
cecile,1
doctrinale,1
demografiche,1
room,1
cohesion,1
liturgy,1
hanna,1
aulide,1
figurationen,1
bullard,1
legistes,1
applewhite,1
angling,1
reproduction,1
tombeaux,1
reitzel,1
griswold,1
diggings,1
xx,1
iski,1
jill,1
tormentato,1
conjugal,1
biber,1
earldom,1
whitby,1
han,1
persistence,1
chancellor,1
last,1
iconoclasm,1
intuitive,1
scenario,1
pereat,1
daces,1
miles,1
zu,1
inconstance,1
dorinson,1
stereographs,1
stand,1
martellini,1
wintz,1
myln,1
those,1
plebiscito,1
poggio,1
verucci,1
croce,1
kacin,1
comique,1
unternehmerverbande,1
funzionamento,1
mckitterick,1
joie,1
kandiyoti,1
vugt,1
ambiguous,1
perfyt,1
libo,1
renzo,1
garesa,1
simona,1
focus,1
behind,1
nina,1
johns,1
truppe,1
swat,1
byzantium,1
forerunner,1
katechetischen,1
priprave,1
nazism,1
ellenblum,1
jaap,1
vigezzi,1
el,1
atombewaffnung,1
contents,1
photographer,1
landless,1
nagel,1
bartoliano,1
etiopia,1
courage,1
ernest,1
jeismann,1
issue,1
valachie,1
reculver,1
est,1
cathedrals,1
ritualists,1
con,1
liahna,1
seicentesca,1
apostles,1
dome,1
brief,1
lens,1
cabinet,1
hammond,1
alfred,1
grupiranje,1
continuite,1
adrian,1
burgerlichen,1
westview,1
identities,1
rustungsfragen,1
pretese,1
krekic,1
dying,1
espace,1
martel,1
merry,1
conquests,1
jones,1
submerged,1
sicilienne,1
task,1
irvin,1
shahrough,1
uomine,1
advice,1
fiat,1
marina,1
automne,1
epochal,1
primary,1
militarpolitik,1
salviati,1
haykal,1
geschichtswissenschaft,1
agostino,1
demography,1
sexual,1
criminel,1
trumbach,1
hall,1
right,1
victims,1
protestantismus,1
tucker,1
buttercup,1
remak,1
vlada,1
pisa,1
anderung,1
gough,1
szabad,1
chapter,1
mythology,1
spaull,1
suicide,1
knife,1
unter,1
choniate,1
haitsma,1
miniature,1
teddy,1
collettiva,1
bohemian,1
dennison,1
krise,1
ordinances,1
chronicler,1
suburban,1
tenthand,1
popkin,1
nijenhuis,1
pelling,1
wotke,1
quod,1
prehispanic,1
reply,1
fritz,1
sale,1
worlds,1
cuza,1
anarchist,1
willy,1
appendices,1
krasusiu,1
chocolate,1
moscow,1
oestreicher,1
ordre,1
dianella,1
holiness,1
magnificat,1
bland,1
rubin,1
wonderlands,1
bakaniche,1
mantovani,1
transit,1
measuring,1
ljubica,1
teoteoi,1
renato,1
reflection,1
emile,1
apories,1
regulae,1
bande,1
cornelia,1
anderes,1
ivljenju,1
peripatetic,1
point,1
allemande,1
prieto,1
dr,1
carmo,1
powell,1
capkova,1
funfzigerjahren,1
canning,1
establishment,1
backgrounds,1
headley,1
periodisierung,1
conception,1
regionaux,1
blooming,1
ttudes,1
nicolaas,1
rvolution,1
delany,1
neave,1
apocalypsis,1
simcoe,1
voila,1
inasprimento,1
basilica,1
miethke,1
ritual,1
dagmar,1
udine,1
ciperle,1
zone,1
interventi,1
bibliotheca,1
lars,1
bildungsbewegungen,1
gail,1
carolingian,1
cretan,1
furnishings,1
milica,1
analyse,1
destitution,1
methodius,1
leben,1
barisa,1
commercial,1
wyger,1
aggression,1
ronny,1
doria,1
ernesto,1
mid,1
usage,1
forschungsgeschichte,1
evans,1
learned,1
segregation,1
terror,1
risorgimento,1
levillain,1
cannibals,1
daughters,1
narodnoosvobodilni,1
exemple,1
galatians,1
hofmann,1
icons,1
conciliar,1
liberalismo,1
terra,1
karnten,1
venetians,1
partire,1
fracture,1
rouen,1
itzkowitz,1
selves,1
sulle,1
another,1
ronald,1
industriali,1
stasis,1
outdoor,1
proietti,1
moore,1
eras,1
relationships,1
urbanism,1
disorder,1
quiche,1
merchants,1
tractatus,1
mcginn,1
faulenbach,1
pise,1
loro,1
campbell,1
sociability,1
utopian,1
accommodation,1
toney,1
vecchi,1
krynen,1
incas,1
tranfaglia,1
cattolico,1
jozef,1
dallet,1
approches,1
maio,1
pursuit,1
paulus,1
bei,1
hroch,1
hierarchy,1
luca,1
nic,1
cosse,1
lindholm,1
silent,1
desenti,1
arminians,1
noel,1
toys,1
divine,1
breitman,1
savages,1
pier,1
golder,1
pensatore,1
dag,1
valerie,1
iure,1
ray,1
sergei,1
czechoslovak,1
ramella,1
mott,1
gunnar,1
croisade,1
revolucije,1
dreyfus,1
zane,1
te,1
antifascistes,1
polly,1
mildred,1
durant,1
buhle,1
catholique,1
motyl,1
considerazioni,1
jeremy,1
toy,1
orto,1
projects,1
wajda,1
liaison,1
fruihen,1
supplies,1
lessons,1
klanjstek,1
somalia,1
baldissara,1
oboussier,1
nationalsozialistischen,1
fruneuzeit,1
alison,1
legislators,1
burz,1
vanilla,1
supremacy,1
raum,1
badoer,1
glebo,1
ferguson,1
marseille,1
learning,1
susanna,1
hs,1
whores,1
drijvers,1
armoiries,1
turn,1
rathkolb,1
unity,1
santo,1
weigley,1
veille,1
absalom,1
father,1
wendy,1
sanders,1
helmwart,1
strohmeyer,1
elements,1
militari,1
locali,1
self,1
constitutions,1
nationalities,1
objets,1
okupaciji,1
esistenza,1
interim,1
woodcutters,1
iat,1
amalric,1
times,1
moldavia,1
wohinc,1
isomorphism,1
vom,1
veneta,1
density,1
statuta,1
memorandum,1
polo,1
subjects,1
gonner,1
architect,1
lapidge,1
theologicans,1
perceived,1
ha,1
salvatore,1
ane,1
ithaca,1
props,1
denken,1
meister,1
veil,1
gair,1
honesty,1
six,1
grijzenhout,1
esser,1
gal,1
moving,1
siai,1
spiritualism,1
davidson,1
poem,1
ius,1
oltremare,1
compared,1
tipton,1
rehabilitierung,1
libraries,1
baviera,1
imposta,1
countryside,1
theologia,1
traveler,1
hood,1
dopoguerra,1
ranking,1
fowler,1
deryck,1
modele,1
citizens,1
eriksson,1
waller,1
bonds,1
bundeswehr,1
rosen,1
glastonbury,1
deputies,1
weltkrieges,1
baroque,1
franciscan,1
cather,1
potthoff,1
instruments,1
lavorare,1
macrides,1
gegen,1
solitudine,1
tucson,1
squilibri,1
dear,1
yan,1
verso,1
raitt,1
armonk,1
than,1
luzac,1
formative,1
clientele,1
traditions,1
luscombe,1
jitneys,1
protobyzantine,1
luna,1
antifascisti,1
wyattbrown,1
reformers,1
slovenski,1
pontificibus,1
ruiz,1
rusinow,1
reinserimento,1
dunstani,1
mair,1
liberte,1
stanley,1
lavinia,1
medaglia,1
cortisone,1
claude,1
stereoscope,1
gillespie,1
sabine,1
irace,1
walls,1
pitre,1
manuel,1
neighborhoods,1
janssen,1
repatriated,1
planungshorizont,1
subversive,1
anders,1
exponents,1
fascist,1
sacri,1
crow,1
ellenoff,1
immagine,1
pest,1
teodor,1
fanget,1
site,1
civilization,1
gwalther,1
party,1
idols,1
freidel,1
romanenko,1
regnative,1
goerdeler,1
viterbo,1
grassl,1
giulia,1
apresj,1
diffidenza,1
pojavov,1
philadelphia,1
wishes,1
octavian,1
pirie,1
veroffentlichungen,1
mot,1
bluestone,1
hamburg,1
heaven,1
lanfranci,1
ordinamento,1
tomasz,1
istituzioni,1
companions,1
decretales,1
cotte,1
orientale,1
without,1
dilemmas,1
autobiographies,1
sicherheitsbediirfnis,1
commune,1
leitner,1
reichspartei,1
reel,1
gluck,1
encounters,1
istruzione,1
konca,1
moluccans,1
canonists,1
middling,1
liris,1
growth,1
finzi,1
kommen,1
culinary,1
murder,1
bojan,1
operativa,1
angeles,1
denmark,1
arlettaz,1
velema,1
bind,1
gonzaga,1
reinhold,1
wissenschaft,1
donnees,1
pol,1
razkosanje,1
roi,1
basic,1
gossec,1
leonard,1
sozialismusdebatte,1
afterwards,1
fasano,1
appreciation,1
heresy,1
fatto,1
yezierska,1
centralization,1
myself,1
process,1
holistic,1
altar,1
politicnem,1
lofty,1
heeresverfassung,1
guerrieri,1
johannes,1
recentes,1
friedenssicherung,1
scardigli,1
zeeland,1
ce,1
stefanutto,1
parents,1
tout,1
county,1
catholics,1
arm,1
liberale,1
rescue,1
akademija,1
vicki,1
pogue,1
associate,1
lithuanian,1
disagio,1
hwasser,1
thing,1
mighty,1
tripier,1
chambers,1
kossmann,1
ons,1
brand,1
entre,1
burnham,1
asia,1
principe,1
wary,1
tristan,1
strange,1
hodges,1
rus,1
gouron,1
schneider,1
dialogue,1
pages,1
koonz,1
zalmonah,1
witness,1
frati,1
enigmatic,1
universitas,1
clayton,1
rusconi,1
illustrations,1
usmeritev,1
bldtter,1
meyronnes,1
arca,1
lucerne,1
oboro,1
kyrk,1
alex,1
arbor,1
adam,1
archivio,1
volpilhac,1
bach,1
supposed,1
departement,1
kennethjensen,1
wyclif,1
string,1
conservatoire,1
espionage,1
italiens,1
cerkev,1
osterreichs,1
faschismus,1
hook,1
chateaux,1
reason,1
lambert,1
mrs,1
will,1
brunswick,1
relating,1
adolescents,1
escape,1
scourby,1
franziszeische,1
crownlands,1
dominican,1
evangelical,1
kampf,1
labyrinth,1
snelders,1
teatro,1
financial,1
wages,1
antikomunizma,1
rainer,1
franfaise,1
cowdrey,1
eheleben,1
didaktischen,1
tensions,1
grier,1
battilossi,1
bosniaken,1
challiss,1
aqua,1
kessner,1
erecting,1
wolf,1
lucca,1
fait,1
frishberg,1
sex,1
macqueen,1
colonialism,1
committenze,1
institutio,1
daisies,1
theologische,1
lister,1
operaia,1
languages,1
cookstoves,1
finanziario,1
india,1
louise,1
mcloughlin,1
observants,1
elisabeth,1
lehrstuicks,1
berry,1
boon,1
comune,1
radovan,1
bildungspolitik,1
zdravko,1
detruisont,1
victoria,1
proposed,1
edition,1
indulgences,1
carter,1
realities,1
secondo,1
patricians,1
numbers,1
amerique,1
verfassungsstaat,1
joze,1
contemporaries,1
legislator,1
venetian,1
northeastern,1
joachimist,1
arilje,1
colas,1
geyer,1
vitality,1
moyen,1
lester,1
listed,1
exchange,1
steinbach,1
serviceman,1
halfte,1
mellor,1
socialists,1
spiess,1
austrian,1
moldavie,1
jacobus,1
ministers,1
camisa,1
antiguerriglia,1
sertorius,1
dragisic,1
semicycle,1
atom,1
abbeville,1
wozniak,1
lus,1
genfer,1
occidentale,1
idiots,1
cattolica,1
nascita,1
hungarica,1
synods,1
genesis,1
officer,1
visionary,1
sinke,1
stelian,1
isolation,1
depart,1
notions,1
beverly,1
altun,1
willard,1
wartimejudicial,1
subways,1
mere,1
weimarer,1
brieger,1
aquinas,1
pommier,1
buffalo,1
budny,1
portuaire,1
sung,1
unbound,1
oppression,1
evil,1
reconsideration,1
sklepna,1
variante,1
pane,1
yes,1
bruno,1
schor,1
ba,1
carlo,1
internal,1
zatetki,1
fruhen,1
politicnih,1
stig,1
triangle,1
kleinkinderziehung,1
regularis,1
vp,1
pocock,1
tas,1
senegal,1
haworth,1
goriskem,1
respecter,1
censimento,1
plancy,1
apel,1
basler,1
beinart,1
funktionen,1
verhaltnisse,1
williamj,1
einflussbereich,1
fragment,1
charcoal,1
vondung,1
royaliste,1
displaced,1
levant,1
visti,1
behaviour,1
badea,1
metropole,1
naturae,1
wege,1
entwicklung,1
uses,1
warmiors,1
landowners,1
ruotger,1
elshtain,1
bodin,1
uniti,1
wayward,1
isabella,1
bibliotheque,1
pastoral,1
pontificalis,1
bayerns,1
cynthia,1
geoffrey,1
suppression,1
societe,1
nob,1
aftermath,1
chris,1
unfolding,1
mccluskey,1
tacite,1
nadal,1
constructing,1
curtright,1
gianfranco,1
realta,1
reconquista,1
lasting,1
wilder,1
histories,1
haygood,1
republik,1
taschenbuch,1
ils,1
boydell,1
serge,1
rozenbaum,1
mantovana,1
attack,1
helton,1
amsterdam,1
frisia,1
iconoclastie,1
temptations,1
sovranita,1
collezionismo,1
effort,1
missouri,1
leyser,1
kate,1
organizzazione,1
razmerje,1
pyrrhus,1
domesticated,1
ocean,1
quandaries,1
benedictis,1
carleton,1
pino,1
dispute,1
hicks,1
barry,1
disorders,1
beate,1
contemporaine,1
poore,1
zweiten,1
senso,1
mense,1
territorio,1
lowlands,1
marguerite,1
focsani,1
longman,1
identita,1
detlev,1
modernisatrice,1
poetry,1
basi,1
krieges,1
albany,1
marco,1
shrewsbury,1
abbayes,1
psychic,1
kommission,1
wim,1
circulation,1
engel,1
braun,1
lat,1
begunska,1
beziehung,1
picazo,1
sword,1
dorello,1
zeitabschnitt,1
suffering,1
mackay,1
memory,1
engen,1
staatsrechtliche,1
codification,1
ethnics,1
montfort,1
civitas,1
bandinello,1
rent,1
leta,1
isterreichischen,1
mrozek,1
leitsch,1
strategijo,1
pelagio,1
rousseau,1
hatfield,1
reviews,1
iliescu,1
wynot,1
skull,1
rubinger,1
fisher,1
advertise,1
dernier,1
wilharm,1
freund,1
teacher,1
comics,1
reformes,1
recently,1
greenwood,1
boyd,1
unemployment,1
criterion,1
wlodzimierz,1
promise,1
binghamton,1
quattrocento,1
scheipl,1
klassiker,1
normans,1
constitutional,1
augustinus,1
franco,1
imago,1
smashing,1
verse,1
keddie,1
questione,1
bulgarian,1
ilde,1
quartermaine,1
creativity,1
refuge,1
brunanburh,1
guidance,1
polonsky,1
andre,1
lachance,1
sodomite,1
gabaccia,1
ces,1
deiman,1
peters,1
armor,1
population,1
hierarchies,1
prayer,1
caryn,1
gods,1
schema,1
illegale,1
cognition,1
giampasquale,1
hopkins,1
strategia,1
dynamik,1
demi,1
fishman,1
affair,1
randolph,1
criteria,1
sauli,1
spinei,1
obbedienza,1
remi,1
preparations,1
sovrano,1
wallach,1
failure,1
penit,1
vendee,1
pigs,1
glossed,1
albanians,1
christianity,1
nichols,1
tardomedioevali,1
ferrante,1
periodical,1
sanatorium,1
having,1
kingmaking,1
kruppa,1
carte,1
learn,1
paradoxes,1
judiciary,1
genre,1
julia,1
scritti,1
contemplative,1
coscienza,1
relief,1
stata,1
friedensbewegung,1
sozialen,1
socialization,1
egalitarian,1
minute,1
schreiber,1
tr,1
nello,1
broszat,1
douglas,1
ceva,1
holland,1
impero,1
mayer,1
received,1
gospel,1
sanction,1
mckillop,1
whiteism,1
lamanai,1
millenarianism,1
conscience,1
anticlericalismo,1
que,1
teotihuacan,1
assaults,1
writers,1
firenze,1
hyman,1
lords,1
angus,1
tasse,1
goldstein,1
tedesco,1
basdanube,1
illustrated,1
perez,1
orange,1
brusasca,1
part,1
morgagni,1
hereditary,1
katharine,1
technischgewerblichen,1
pryor,1
civilisation,1
byzantinologie,1
frontispiece,1
casa,1
kulturforschung,1
ermatinger,1
curriculum,1
communication,1
fonti,1
tombs,1
lemeunier,1
authenticated,1
heavenly,1
related,1
tyre,1
indigenous,1
afrikaner,1
circle,1
plahuta,1
anja,1
newest,1
venaient,1
appenninico,1
geology,1
holenstein,1
fairy,1
jacoway,1
mitte,1
attila,1
year,1
weinberg,1
finetti,1
placido,1
private,1
christin,1
brodwin,1
capitula,1
nikolay,1
millet,1
earlier,1
policies,1
prigionieri,1
bianchi,1
collective,1
ofjim,1
sheehan,1
authorship,1
johann,1
dulmen,1
prelate,1
round,1
amministrativa,1
construct,1
anxieties,1
eighteenthcentury,1
perrot,1
fotino,1
historische,1
oldson,1
abriistungskonferenz,1
salad,1
tatjana,1
tinland,1
emancipation,1
midwestern,1
steiermark,1
napadom,1
link,1
pavone,1
consolidamento,1
schullesebuchern,1
mantegazza,1
eliot,1
mariehpltne,1
formations,1
perimetre,1
institutionellen,1
arbitrium,1
oblige,1
klemperer,1
fitznigel,1
missions,1
sicily,1
vaticani,1
genet,1
beirut,1
artifact,1
estrategia,1
caracteristicas,1
martindale,1
rod,1
status,1
madam,1
netter,1
this,1
toponomastica,1
wolsey,1
inizi,1
nj,1
ali,1
passion,1
natal,1
norberg,1
winifried,1
memoria,1
xve,1
cults,1
josephine,1
preda,1
lurie,1
napoleonien,1
jeudy,1
exchequer,1
anastase,1
bildungswesen,1
odmevi,1
prisca,1
cobban,1
uomini,1
jerry,1
archdiocese,1
discovering,1
grain,1
lucio,1
teutonicum,1
mager,1
arezzo,1
taschenbucher,1
entretiennent,1
erziehungspolitische,1
regionalgeschichte,1
least,1
bertram,1
interregional,1
ati,1
sectorielle,1
eine,1
whitehead,1
lindroth,1
sense,1
ioan,1
burghartz,1
monarchie,1
kultur,1
netak,1
hard,1
eglise,1
prestwich,1
selma,1
peterson,1
supranationalitat,1
buildings,1
constance,1
parish,1
cardinals,1
straight,1
monarchia,1
vue,1
poet,1
sema,1
practising,1
germ,1
catalogues,1
adriano,1
crisman,1
nakanyike,1
order,1
wendepunkte,1
renters,1
eadred,1
militant,1
medievale,1
sepultures,1
ancona,1
royale,1
ain,1
rigauditre,1
auch,1
zinn,1
concernant,1
serbian,1
brint,1
koszel,1
augustan,1
chant,1
cienciala,1
dobbs,1
prunk,1
storti,1
brundage,1
berg,1
bendotti,1
byzentine,1
fenske,1
havlicek,1
contingency,1
reed,1
williamsen,1
ranieri,1
beza,1
autonomy,1
eco,1
stresemann,1
decay,1
workshops,1
pasquale,1
trienio,1
wider,1
luisa,1
noordam,1
cacao,1
choses,1
valk,1
yves,1
chrysostom,1
aharon,1
legislateur,1
alchemical,1
sodomitical,1
bonnet,1
acts,1
movies,1
constantinople,1
decentralization,1
rapone,1
augustinos,1
zentrale,1
secrecy,1
dacian,1
countermind,1
alluvial,1
oklahoma,1
polycracy,1
alleati,1
felipe,1
sebaste,1
denzer,1
seeds,1
ofjohn,1
hermeticism,1
uffici,1
friedensmahnung,1
lordship,1
stoie,1
christians,1
regionalism,1
popes,1
former,1
diocesi,1
alfredo,1
concordia,1
basle,1
helene,1
universities,1
necessity,1
eglises,1
ensemble,1
natio,1
revolucija,1
pays,1
forrest,1
reverend,1
politicas,1
aktivitaten,1
deakin,1
nazionale,1
tractarians,1
sakmyster,1
padagogik,1
periode,1
beauty,1
widerspiegelung,1
collaboration,1
appropriate,1
pontano,1
sociali,1
crime,1
seville,1
gross,1
sheehy,1
up,1
pot,1
jules,1
sj,1
tofik,1
reaya,1
bartlett,1
humanistic,1
gavin,1
zielsetzungen,1
dickens,1
activities,1
geschwatzgeschichte,1
heard,1
niccoli,1
sparks,1
raj,1
gh,1
heritage,1
content,1
lend,1
taktiko,1
priscian,1
rischin,1
belize,1
wallachia,1
erring,1
serban,1
orientamenti,1
sistine,1
costen,1
anita,1
degli,1
fringes,1
liberation,1
winckelmann,1
hymns,1
therefore,1
belgium,1
brenk,1
gustav,1
vial,1
tasks,1
edith,1
gilley,1
schulreform,1
cuiv,1
xixe,1
rebekka,1
sons,1
business,1
georg,1
mostra,1
pictures,1
hongrois,1
clive,1
epoque,1
hegemony,1
dall,1
summa,1
matter,1
variety,1
iconoclaste,1
gibbs,1
tabu,1
disputation,1
beloved,1
architecture,1
heart,1
diferenciacija,1
mondo,1
sheila,1
pringle,1
esplosione,1
sanctity,1
houtjies,1
macgill,1
mossman,1
unification,1
irena,1
mark,1
failed,1
lynn,1
hellenism,1
orr,1
merle,1
thoughts,1
labors,1
bonaventure,1
judy,1
essex,1
alberto,1
expansion,1
purge,1
jerah,1
consacre,1
ancien,1
elizabethan,1
railway,1
minority,1
curtis,1
dompnier,1
agostini,1
sandro,1
anniversary,1
gwendolyn,1
islands,1
yugoslavia,1
framing,1
prehistoric,1
operation,1
riforme,1
quaglioni,1
kornbluh,1
slovakia,1
song,1
transfiguration,1
gift,1
strains,1
hofstra,1
zoning,1
cornwall,1
letu,1
july,1
polemical,1
ruistungsstopp,1
assumptions,1
capsicums,1
prophet,1
capitulary,1
make,1
mezzogiorno,1
bill,1
artisan,1
bellico,1
footnote,1
landlichen,1
gewerkschaften,1
tregle,1
hoyle,1
studien,1
haldon,1
copan,1
kirchenhistorikers,1
liberalism,1
modes,1
girolamo,1
newton,1
artist,1
noire,1
paracadutisti,1
crouch,1
kriegerdenkmale,1
arbeiterbewegung,1
resurrection,1
strategic,1
country,1
mexican,1
reception,1
printing,1
philosophie,1
cavallo,1
authenticity,1
yosef,1
vetrina,1
roberto,1
silvio,1
chichele,1
leggi,1
culturali,1
humaine,1
gilbert,1
hirth,1
apocalypse,1
hedley,1
centrali,1
volkerund,1
investors,1
cicalese,1
gegee,1
creoles,1
seton,1
problematique,1
uppsala,1
chr,1
agli,1
communities,1
guarini,1
gave,1
apples,1
julio,1
khabar,1
bodea,1
frankish,1
yet,1
elaboration,1
mentor,1
operazioni,1
violence,1
yugoslavs,1
peukert,1
aj,1
caribbean,1
bonacolsi,1
treaty,1
lloyd,1
sullo,1
stephanie,1
cleveland,1
mieczyslaw,1
territories,1
lahore,1
mcgrade,1
lucinda,1
mission,1
castle,1
schulsystem,1
lerman,1
fun,1
declich,1
message,1
continuity,1
clergy,1
peake,1
lampe,1
definitions,1
steakley,1
goals,1
bull,1
chaim,1
ryszard,1
scolastica,1
historia,1
zurich,1
promethean,1
frieden,1
bermani,1
het,1
childcare,1
markowski,1
opportunist,1
minders,1
lederer,1
veneration,1
verna,1
jens,1
parte,1
laguardia,1
matson,1
santomassimo,1
assimilation,1
interpretationen,1
property,1
botany,1
vatican,1
borgherini,1
asprokastron,1
reynolds,1
lieux,1
rejet,1
ainslie,1
dewerpe,1
testimoniorum,1
rain,1
watson,1
middleton,1
josephinejungic,1
choices,1
fouche,1
massimo,1
kowalewski,1
islington,1
reinheit,1
sylviane,1
baltimore,1
bemerkungen,1
uldricks,1
arend,1
um,1
sforzo,1
hay,1
supervision,1
iranian,1
families,1
indian,1
akhavi,1
corporate,1
leppig,1
storchi,1
these,1
narratives,1
cavaioli,1
exodus,1
artists,1
steve,1
prussiano,1
algeria,1
superiorita,1
dames,1
negroes,1
star,1
denis,1
cum,1
ph,1
pedetta,1
noted,1
periferica,1
lernen,1
praxis,1
hebrews,1
nalty,1
rifugio,1
chiozzi,1
lysander,1
filosofo,1
colleen,1
abroad,1
suzanne,1
abweichungen,1
lyons,1
elect,1
schindler,1
angel,1
optimus,1
seymour,1
dante,1
pando,1
nova,1
outbreak,1
diary,1
wickham,1
ordinance,1
revelateurs,1
vignaux,1
zacek,1
ebraica,1
dravograda,1
more,1
incorruptible,1
name,1
femina,1
sharland,1
vicissitudes,1
amateurs,1
hautes,1
principles,1
lafrica,1
harrison,1
doniphon,1
sitzungsberichte,1
ethnohistory,1
elie,1
mulier,1
rushton,1
malev,1
carolyn,1
gulliford,1
camp,1
rationalism,1
ebel,1
forschungsamt,1
offentliche,1
fin,1
polemic,1
razvoja,1
clinicians,1
herzen,1
responsibilities,1
slavery,1
amour,1
towns,1
decorative,1
rock,1
beseda,1
towards,1
gutwirth,1
risorse,1
erhard,1
documenti,1
memorialistica,1
erasmus,1
barber,1
parnell,1
crops,1
midlo,1
terlecki,1
fief,1
lingua,1
danasnje,1
pinchuk,1
froshdorf,1
indicators,1
birgit,1
detlef,1
paesi,1
enrico,1
luis,1
revell,1
turner,1
treatment,1
archivistici,1
theorie,1
experimenters,1
langton,1
friedrich,1
lazio,1
manliness,1
attin,1
zapotec,1
tillich,1
pologne,1
marbeck,1
minnesota,1
lichtenburg,1
morandi,1
loyalism,1
jours,1
dixey,1
documents,1
liedman,1
christoph,1
bismarckian,1
hudon,1
foods,1
sywottek,1
choice,1
huussen,1
schirripa,1
volontari,1
possidendo,1
clover,1
mccagg,1
agamemnon,1
panzerschiff,1
dujlffer,1
finance,1
socialiste,1
physiologists,1
francaise,1
caballero,1
hungary,1
petre,1
largo,1
atomic,1
gillingham,1
proposal,1
quelques,1
journalists,1
prospects,1
sepulcher,1
sturdy,1
papacostea,1
celebrations,1
afterword,1
ceausescu,1
korey,1
golden,1
away,1
reilly,1
popoli,1
nuclear,1
travail,1
man,1
orphans,1
theatricality,1
mcmillan,1
archisante,1
dead,1
destiny,1
chilies,1
attenuated,1
fanatisme,1
fear,1
premessa,1
channel,1
virginie,1
versailles,1
serfdom,1
statut,1
tarn,1
organizations,1
valentin,1
patterns,1
conclusions,1
agricoltura,1
antropologia,1
youngest,1
hand,1
clemens,1
religiose,1
contemporains,1
patrimony,1
dressman,1
geography,1
tales,1
niederlagen,1
porte,1
ron,1
organizing,1
noblesse,1
conquete,1
hattula,1
ravenni,1
tittarelli,1
manner,1
bruna,1
paridis,1
vivona,1
paradoxography,1
road,1
religiosen,1
secular,1
revolucijo,1
sergio,1
isabelle,1
competitors,1
dunbabin,1
mcfarlane,1
richards,1
execution,1
puteo,1
eberhard,1
somersaulting,1
manly,1
villey,1
knetsch,1
lepetit,1
ch,1
celebrated,1
collectio,1
geoff,1
slowenische,1
davie,1
dales,1
confrontation,1
roosevelt,1
ports,1
kaiser,1
serbianism,1
emma,1
historiographic,1
jahrhundert,1
origin,1
morocco,1
zofia,1
gabriele,1
alchemy,1
jordi,1
poles,1
offentlichen,1
lumen,1
elpida,1
sunni,1
greene,1
vaccine,1
hankins,1
belief,1
menozzi,1
reardonanderson,1
pendergast,1
stoletja,1
hazlett,1
dusseldorf,1
pears,1
zodiac,1
vasoli,1
drachkovitch,1
feminisms,1
patriziato,1
pugh,1
siewierski,1
spazi,1
free,1
elaine,1
differentiation,1
rovereto,1
armi,1
autonomie,1
richardson,1
congress,1
magdalene,1
nicole,1
elettorato,1
break,1
digging,1
hughes,1
bolognesi,1
jelinek,1
labaree,1
croatia,1
indomitable,1
benedetto,1
bradley,1
kreisau,1
torino,1
local,1
organising,1
appendice,1
spector,1
pladoyer,1
margolin,1
arwad,1
cavazzoli,1
triste,1
classes,1
londres,1
franpais,1
militarische,1
collecting,1
albertan,1
childers,1
exploring,1
nichts,1
hackett,1
machiavel,1
lotta,1
painter,1
industrialism,1
neolatin,1
northumberland,1
rulers,1
abbe,1
fest,1
disease,1
uncle,1
encounter,1
periferia,1
lavoratori,1
becker,1
langlois,1
alliance,1
milletr,1
terminologie,1
made,1
hobbes,1
tutti,1
lincoln,1
okolico,1
mothers,1
courtiers,1
prohibition,1
randall,1
augustus,1
churchmen,1
vaticinia,1
soggetti,1
endowment,1
israel,1
aleas,1
ezio,1
perrie,1
prudentia,1
region,1
comprensione,1
persecutions,1
outports,1
graebner,1
miroslav,1
walton,1
berrol,1
dinnerstein,1
objekt,1
martina,1
sixth,1
recovery,1
radio,1
strategie,1
langdon,1
madame,1
judge,1
tuin,1
orisom,1
gianni,1
protestanti,1
morellet,1
parlamentarische,1
razmere,1
cia,1
solemn,1
theological,1
lojze,1
prussia,1
steward,1
chanteur,1
itat,1
asian,1
festival,1
storici,1
moitie,1
food,1
juhant,1
repertory,1
along,1
phanomens,1
parigi,1
station,1
kaiserliche,1
dubie,1
strasse,1
dalmatia,1
staufer,1
aesthetics,1
arizona,1
applebaum,1
autobiographical,1
chichester,1
educating,1
pauline,1
ideas,1
pleasure,1
bostonian,1
cerutti,1
templars,1
zwischenkriegszeit,1
krimom,1
plainsong,1
lord,1
aspinwall,1
torrey,1
coblence,1
canon,1
places,1
watt,1
hitlerfluchtlinge,1
laboratory,1
housing,1
aesthetic,1
heinrich,1
markus,1
rab,1
partisan,1
bujra,1
tanzanian,1
evolving,1
ob,1
slovenia,1
eleventh,1
california,1
theories,1
vu,1
symbolic,1
continuities,1
discontinuities,1
grant,1
quasi,1
versions,1
jtat,1
ties,1
nastopu,1
mack,1
isaiah,1
landscapes,1
eugenejones,1
nurith,1
ethnique,1
genocide,1
styles,1
werk,1
nemici,1
rifle,1
antifranquista,1
teeter,1
se,1
parlament,1
montuoro,1
modernization,1
rubini,1
samardzic,1
ireland,1
sande,1
rowan,1
mesiens,1
tierney,1
workers,1
ambiguites,1
classe,1
gronowicz,1
newburyport,1
defense,1
transylvania,1
symposium,1
romaniae,1
giroust,1
arbeiterpresse,1
ellis,1
like,1
thom,1
grundlingh,1
republicain,1
pionier,1
obvescevalno,1
federation,1
function,1
valery,1
filipih,1
summer,1
fr,1
kostis,1
eines,1
socratic,1
gorizia,1
division,1
kleinen,1
holdsworth,1
mariella,1
guarino,1
tracey,1
trek,1
appalachian,1
systeme,1
tuscany,1
mrvit,1
contributo,1
chiosso,1
reunification,1
ungarn,1
poetic,1
prescription,1
bailiffs,1
primer,1
italienischen,1
bethke,1
mortensen,1
kriegsgewinne,1
mccalman,1
presidential,1
courtyard,1
syriac,1
chattel,1
ultima,1
antonietta,1
promotion,1
protic,1
communists,1
cranbury,1
venezia,1
supplying,1
hoerder,1
migrants,1
barruel,1
lombardo,1
altsprachlichen,1
jurisdiction,1
sentiment,1
prosecution,1
lunghi,1
dawson,1
caffarelli,1
parallel,1
iska,1
evolutionary,1
grunewald,1
saurer,1
gessele,1
nightingale,1
reclutamento,1
scrophula,1
relation,1
thacker,1
successors,1
mare,1
agressive,1
tiers,1
unkontrollierten,1
titias,1
propos,1
garcia,1
prisons,1
anderson,1
cooper,1
berndt,1
influences,1
urwin,1
buonomini,1
monica,1
tulips,1
rupture,1
decretistes,1
bianco,1
himka,1
godfather,1
priests,1
herzog,1
seeking,1
femininity,1
sacro,1
probably,1
representativite,1
celata,1
looks,1
physiological,1
rucksicht,1
adenauer,1
episcopi,1
tishkov,1
sweatshop,1
wanted,1
zame,1
henderson,1
holger,1
transvaal,1
eley,1
pod,1
pesek,1
workshop,1
figures,1
pepper,1
theo,1
brake,1
nurek,1
verbrechen,1
rosenhaft,1
infidel,1
ludwig,1
panzerkreuzerverbot,1
premiers,1
dreifort,1
cattoliche,1
riess,1
jacyna,1
bella,1
green,1
paese,1
sugar,1
rubinstein,1
antisepsis,1
congregazione,1
seebass,1
sandra,1
andreas,1
chemist,1
otvoritev,1
sylvie,1
batista,1
fork,1
kellogg,1
bewertung,1
ulfried,1
retgionale,1
cultura,1
metropolitan,1
offspring,1
olympe,1
cary,1
intellettuali,1
barrow,1
hunt,1
motivations,1
lagorio,1
praier,1
calvin,1
lagueuniere,1
johnson,1
ethic,1
antonia,1
becket,1
vodola,1
sage,1
ideologische,1
marshall,1
gtajerskem,1
molly,1
merline,1
gruner,1
take,1
fifty,1
dulac,1
propagandistica,1
eritrea,1
twelve,1
soziale,1
gibson,1
topography,1
fraternal,1
lo,1
senatore,1
kleve,1
table,1
primi,1
logistica,1
vag,1
principesco,1
daniele,1
alfonsas,1
me,1
komenskys,1
commentator,1
dignite,1
melancholiediskussion,1
delhi,1
lehrerschaft,1
humanities,1
sche,1
alcuni,1
wisdom,1
willa,1
zambia,1
herwig,1
hymnbook,1
embree,1
misbehavior,1
roma,1
variorum,1
danubian,1
elam,1
bis,1
rolle,1
patriotic,1
gestione,1
finsbury,1
five,1
tiberias,1
bourdua,1
fontana,1
hommes,1
maramerican,1
sextyping,1
onore,1
nectar,1
origine,1
maps,1
treatises,1
gymnasiums,1
pagus,1
prose,1
heeresvorlage,1
viaggiatori,1
hill,1
sas,1
bildungspolitische,1
decretalistes,1
fuhrungsschicht,1
regia,1
nasprotovanja,1
colored,1
novak,1
nikki,1
attitude,1
gestrich,1
reba,1
universitatshistoriker,1
mirror,1
johnpaul,1
vzroki,1
macnicol,1
bissell,1
consul,1
ubereinstimmungen,1
puissance,1
dabbs,1
crusading,1
tin,1
dai,1
nadeau,1
vander,1
contrary,1
translation,1
kano,1
ricordo,1
yale,1
whigs,1
biilow,1
imposition,1
gerber,1
ligure,1
casellario,1
eumenes,1
ideologia,1
balut,1
bewaltigung,1
non,1
sr,1
lives,1
cisleitana,1
contribution,1
varnostna,1
wilhelmine,1
hsia,1
legitimacy,1
pia,1
pens,1
paradoxical,1
publicola,1
wagner,1
remnants,1
similarities,1
plains,1
discourse,1
rectal,1
robyn,1
armed,1
margolis,1
slovenije,1
angelus,1
volumes,1
corpi,1
envoi,1
hansjurgen,1
rosamond,1
methods,1
inquietudes,1
christianisimi,1
embarrassment,1
kershaw,1
gillows,1
globalism,1
norton,1
adventure,1
sailors,1
puritans,1
bakisian,1
chabanon,1
vaccarino,1
reihe,1
hope,1
is,1
baron,1
problematic,1
istvan,1
has,1
holmes,1
crisis,1
academie,1
macgregor,1
romantic,1
tomis,1
jugoslavijo,1
months,1
moldavian,1
kingship,1
mots,1
serbs,1
face,1
frijhoff,1
hadjiiossif,1
arme,1
maureen,1
liberia,1
bluchet,1
publica,1
migliore,1
shlomi,1
gathered,1
fascismo,1
sheldon,1
amcas,1
royaute,1
impressario,1
militia,1
colette,1
legnani,1
varsori,1
todorova,1
dickinson,1
clinical,1
creole,1
communal,1
hendrick,1
res,1
rightful,1
peacetime,1
buhrer,1
bund,1
toul,1
santucci,1
sheils,1
claims,1
haviland,1
ganz,1
ordine,1
obstetrics,1
comic,1
vocelka,1
grimm,1
forest,1
cannon,1
meer,1
historique,1
antifascista,1
aquin,1
reciprocal,1
suggestions,1
ethnonymes,1
iberia,1
cherchi,1
gavins,1
lopasic,1
chitrolini,1
shadow,1
reduci,1
donors,1
tema,1
storia,1
armistice,1
associated,1
facolt,1
upor,1
latzel,1
parlor,1
melancton,1
soggette,1
pushcart,1
nachkriegsspielfilmen,1
habermas,1
milza,1
radulescu,1
guatemala,1
pratiche,1
greeks,1
scialuga,1
homosocial,1
aroldo,1
kulturhistorisches,1
angelika,1
autorite,1
ism,1
falaschi,1
fringe,1
sutton,1
jurists,1
revolutionaire,1
boris,1
ulysses,1
mario,1
bourchier,1
lindner,1
trask,1
siekierski,1
simply,1
struck,1
ronde,1
ever,1
culturale,1
sam,1
danzig,1
biagi,1
woytak,1
sita,1
pace,1
austria,1
photography,1
textes,1
marcel,1
forhan,1
kay,1
donna,1
shop,1
schlosser,1
stadtregion,1
kemp,1
objects,1
soucinkovanja,1
framers,1
ideologischen,1
physical,1
tourtellot,1
beans,1
palace,1
disguise,1
ralph,1
gerasimos,1
dualistic,1
trenches,1
tuchtigen,1
uno,1
temple,1
text,1
chapels,1
vergleich,1
godesa,1
ricerca,1
meinung,1
command,1
stigger,1
alternative,1
unten,1
klasse,1
napoleonic,1
italianamericans,1
eni,1
reichsheer,1
louvet,1
eugenius,1
novelties,1
besonderen,1
consanguinity,1
downfall,1
stae,1
dwight,1
europeo,1
sarum,1
jugoslovanska,1
nuremberg,1
miner,1
remedial,1
stati,1
viel,1
galinat,1
continental,1
leder,1
volksentscheid,1
sociales,1
hellenistic,1
obcine,1
asylum,1
egida,1
meta,1
bertrand,1
cox,1
governance,1
readily,1
museum,1
cadres,1
historica,1
ceiling,1
irmgard,1
hamilton,1
erasme,1
presidency,1
tomb,1
operatic,1
tuberculosis,1
stalinism,1
espafiol,1
azur,1
december,1
anzia,1
flockerzie,1
schutt,1
merrill,1
realite,1
key,1
innovations,1
board,1
ciuspin,1
kostas,1
capital,1
popularer,1
gagliani,1
best,1
kriegsrustung,1
cassander,1
ahr,1
bought,1
bowers,1
pietro,1
preludio,1
editrice,1
militargeschichtlichen,1
darline,1
democrazia,1
gilmore,1
philosophes,1
nicol,1
blanck,1
marvin,1
ochsenbein,1
universal,1
vallois,1
current,1
regard,1
intrusion,1
staatliche,1
ratification,1
epistemological,1
dennis,1
nadia,1
foundation,1
milk,1
gruppeninteressen,1
saloman,1
newman,1
pellegrini,1
nicolle,1
reale,1
remond,1
souverainete,1
staaten,1
contradictory,1
theology,1
mason,1
ehegericht,1
bosco,1
verne,1
seeley,1
dalla,1
brezeanu,1
raphael,1
jesi,1
pollmann,1
accademia,1
qemal,1
geese,1
mori,1
cultures,1
napolitaine,1
bildungsgeschichte,1
section,1
gibney,1
las,1
ps,1
hostilities,1
maltby,1
unterrichtswesens,1
edwardian,1
landern,1
expenses,1
tacere,1
options,1
zeldin,1
accademie,1
laicismo,1
danischen,1
lending,1
mccray,1
glory,1
islamov,1
subordinate,1
volkszeitung,1
elena,1
dolini,1
animal,1
jacqueline,1
temime,1
classbook,1
tenth,1
noise,1
sala,1
ideologies,1
activism,1
landes,1
regulations,1
augustine,1
differences,1
hotel,1
kommentare,1
wit,1
barth,1
argumentationsmustern,1
assuncao,1
tuttle,1
historiographical,1
sinai,1
sotto,1
recollections,1
osvobodilne,1
condendi,1
dilcher,1
ahmann,1
proceedings,1
conservation,1
investigation,1
reign,1
seals,1
exilio,1
circles,1
burns,1
antebellum,1
reactions,1
aston,1
interwar,1
binns,1
professors,1
balkan,1
ion,1
list,1
tractarian,1
trstu,1
altankov,1
rebellion,1
da,1
abraham,1
coulaines,1
parlamentskontrolle,1
quartet,1
sociology,1
antiken,1
glorious,1
alston,1
leonardo,1
westminster,1
lore,1
civilized,1
vollnhals,1
slums,1
socialne,1
amministrazione,1
housley,1
passed,1
armies,1
sefton,1
gameson,1
prekmurju,1
seconde,1
slu,1
platonic,1
rosalind,1
perestroika,1
ist,1
marta,1
ukrainians,1
angela,1
albrecht,1
extent,1
hiner,1
dream,1
forma,1
hierdeis,1
clinics,1
skelton,1
jack,1
couvrai,1
waters,1
culturel,1
archeologiques,1
utopianism,1
sechziger,1
summis,1
commander,1
gabriella,1
recreation,1
gouges,1
yorker,1
beginnings,1
trenard,1
rapports,1
bertuzzi,1
agardh,1
benes,1
mozet,1
jacobins,1
migrations,1
soffer,1
kwiet,1
wahre,1
information,1
reappraising,1
medskupinsko,1
vineyard,1
oxygen,1
goodman,1
loher,1
wilcox,1
bey,1
indalecio,1
projets,1
bistarelli,1
senza,1
fulbrook,1
pleterski,1
behrenbeck,1
espagne,1
militarkosten,1
kosciuszko,1
freedom,1
pratiquejudiciaire,1
travel,1
temps,1
situe,1
profile,1
kansas,1
europeen,1
porta,1
bob,1
conference,1
aprila,1
league,1
stern,1
popolare,1
eracles,1
tschechischen,1
miscellanea,1
varieties,1
uminowicz,1
iaccio,1
hiddinga,1
oresko,1
volkes,1
teufel,1
chequered,1
machin,1
enjeu,1
paradise,1
oblike,1
code,1
varnier,1
mcbride,1
volk,1
kriegsgewinnlerei,1
booke,1
administration,1
outspoken,1
acton,1
bibliophile,1
acte,1
shi,1
kin,1
meditations,1
emperor,1
sea,1
brant,1
perspektive,1
historiographique,1
synagogue,1
lucille,1
mcclymer,1
joining,1
musician,1
eleanor,1
livres,1
interdisziplinaritat,1
fothergill,1
janine,1
substantial,1
november,1
duty,1
ken,1
salonique,1
bourgeois,1
egard,1
plans,1
humbert,1
girelli,1
signes,1
entrepreneur,1
agraire,1
egyptian,1
disparu,1
worst,1
reappraisal,1
annie,1
nussbaum,1
went,1
sredine,1
kathleen,1
hayden,1
conventional,1
heir,1
substance,1
pencak,1
uwe,1
politisent,1
target,1
iphige,1
alla,1
italienne,1
liliane,1
bari,1
teodoro,1
materials,1
naturelle,1
lesson,1
solitary,1
tikal,1
hsisheng,1
buon,1
accountability,1
redefinitions,1
asbury,1
wycliffite,1
excommunicates,1
kriegserfahrung,1
conflits,1
takeover,1
giudizio,1
ghislaine,1
ho,1
counts,1
coming,1
expositor,1
moeller,1
canavero,1
fungic,1
vittoria,1
fondation,1
schermaier,1
euan,1
rewarding,1
getes,1
qu,1
okonomie,1
frances,1
generale,1
meja,1
gernot,1
lateran,1
buying,1
szlajfer,1
properziana,1
horvath,1
suffrage,1
sickness,1
intent,1
students,1
centennial,1
until,1
kps,1
economie,1
zimmermann,1
survival,1
wilbur,1
youth,1
cowgill,1
londonski,1
seit,1
todorov,1
ljubljana,1
covenant,1
genova,1
poteri,1
jorgen,1
bartholomew,1
cas,1
canis,1
gerbod,1
territoriali,1
politicna,1
abused,1
weltkriege,1
conditions,1
oblio,1
institutional,1
sud,1
schwarz,1
chemical,1
julian,1
yard,1
anaesthesia,1
aristocratic,1
heldenkult,1
naomi,1
generali,1
forster,1
revisionspolitik,1
beitrag,1
grenoble,1
it,1
vlora,1
ligou,1
piracy,1
ologie,1
dernieres,1
distribuzione,1
offer,1
should,1
heiss,1
edvard,1
seulette,1
italogermanico,1
justitia,1
okonomische,1
reg,1
musisi,1
constable,1
linkage,1
alienated,1
oltenia,1
consumption,1
marc,1
hunter,1
funfziger,1
otumba,1
invenzione,1
benigno,1
shirley,1
davies,1
evidence,1
regime,1
unitario,1
unified,1
middelburg,1
tamplin,1
fiorello,1
connor,1
mediterraneenne,1
galletti,1
bistrica,1
ukraine,1
baptism,1
biziere,1
ic,1
einige,1
spiegelbild,1
caplan,1
reinink,1
dragnich,1
area,1
left,1
condizioni,1
darkly,1
comportamenti,1
ice,1
testament,1
marcellus,1
gattinara,1
did,1
typology,1
houstonians,1
injohannesburg,1
translated,1
surgeons,1
christi,1
janez,1
ccp,1
canons,1
ducato,1
roder,1
barnea,1
carr,1
amoreno,1
blacks,1
stve,1
rubrics,1
cantor,1
ecclesiastique,1
statutario,1
chittolini,1
germanico,1
hanswerner,1
pontifical,1
avision,1
geneve,1
pelves,1
oublie,1
raid,1
bellum,1
persuader,1
breadbasket,1
bettyjo,1
frans,1
geschlechter,1
horthy,1
urbane,1
themselves,1
thucydides,1
budapest,1
damned,1
melville,1
bell,1
vedove,1
liquid,1
bouvier,1
engelbrecht,1
yorubaland,1
christelow,1
pettegree,1
obligation,1
th,1
be,1
yugoslav,1
enterprise,1
terraferma,1
roundaboutjourney,1
way,1
potatoes,1
coiarizi,1
gestures,1
belgrade,1
anastasius,1
seripando,1
beziehungen,1
navarre,1
kim,1
ehescheidung,1
negotiations,1
gustaf,1
shmuel,1
fabricated,1
cojoc,1
battista,1
percezione,1
strong,1
parabola,1
borrowed,1
mccamant,1
andjosef,1
burleigh,1
diaconu,1
recent,1
nadaljnjega,1
hamel,1
feodalite,1
corporatism,1
politischen,1
rosenthal,1
piamonteses,1
feodaux,1
recht,1
southeastern,1
varry,1
noe,1
manuhutu,1
rustungen,1
lundgren,1
problemes,1
lafeber,1
libiszowska,1
savelli,1
stefano,1
ecclesiastica,1
aesthete,1
otto,1
duprat,1
serum,1
perception,1
hamblin,1
dictum,1
jentz,1
willis,1
xxv,1
liturgical,1
oosterhoff,1
pillages,1
eales,1
missionary,1
hypothesis,1
