WORDCOUNTS,WEIGHT
the,1031
of,751
and,445
in,420
to,374
a,201
east,181
for,170
that,159
african,151
as,124
zanzibar,117
africa,114
was,112
on,107
trade,103
s,101
cloth,101
bombay,100
american,92
by,76
global,74
at,69
from,68
were,67
with,63
had,61
this,60
or,55
indian,55
it,54
market,53
not,52
salem,49
they,47
their,46
goods,46
historical,45
new,44
an,42
most,41
demand,39
important,38
but,38
its,37
world,37
be,36
british,35
would,35
is,35
june,34
end,34
consumers,33
cotton,33
have,33
imported,32
merchants,32
only,31
economic,31
such,30
unbleached,30
review,29
consumer,29
also,29
see,29
history,28
export,28
globalization,27
beads,27
start,27
caravan,27
more,27
local,27
burton,26
production,26
no,26
his,25
india,25
even,24
merekani,24
these,24
which,24
papers,24
west,23
africans,23
economy,23
could,23
between,23
into,22
other,22
central,22
york,22
well,22
repercussions,22
than,21
people,21
exported,21
one,20
interests,20
textile,20
both,20
firms,20
western,19
wrote,19
i,19
consumerism,19
london,19
year,19
volume,19
many,19
exports,19
exchange,19
we,19
who,19
richard,19
english,18
textiles,18
century,18
across,18
years,18
war,18
during,18
so,18
all,17
when,17
regions,17
been,17
are,17
particular,17
much,17
relationships,16
since,16
ocean,16
industry,16
value,16
he,16
pe,16
manufacturers,16
yards,15
first,15
vol,15
jeremy,15
out,15
prices,15
lake,15
over,15
what,15
commercial,15
region,15
early,15
prestholdt,15
total,14
nineteenth,14
americans,14
has,14
social,14
mills,14
can,14
foreign,14
ward,14
cloths,14
ivory,14
did,14
report,14
while,14
integration,14
increased,14
great,13
how,13
coastal,13
wire,13
produce,13
shepard,13
copal,13
regional,13
commerce,13
up,13
like,13
port,13
through,13
colonial,13
consumption,13
ways,12
before,12
wallerstein,12
may,12
instance,12
naumkeag,12
imports,12
annual,12
about,12
two,12
power,12
mill,12
increasing,12
european,12
capital,12
became,12
iol,11
center,11
england,11
interior,11
after,11
lowell,11
late,11
example,11
coast,11
ed,11
added,11
time,11
patterns,11
v,11
brass,11
systems,11
often,11
cities,11
manufacturing,11
among,11
way,10
affected,10
system,10
million,10
price,10
kind,10
slave,10
cottons,10
though,10
mh,10
found,10
markets,10
because,10
industrial,10
civil,10
salemites,10
fact,10
made,10
manufactured,10
presidency,10
leaders,10
now,9
if,9
red,9
h,9
america,9
relations,9
perspective,9
edward,9
navigation,9
sultan,9
used,9
part,9
roll,9
own,9
change,9
eastern,9
seemingly,9
yet,9
shipping,9
times,9
culture,9
largest,9
larger,9
fashion,9
swahili,9
began,9
processes,9
each,9
very,9
uscz,9
them,9
terms,9
almost,9
popular,9
furniture,9
charles,9
northway,8
sold,8
studies,8
mainland,8
variety,8
tastes,8
sent,8
find,8
competition,8
importance,8
university,8
sheeting,8
beyond,8
societies,8
directly,8
core,8
provided,8
will,8
nearly,8
challenge,8
contemporary,8
maasai,8
eds,8
thomson,8
another,8
zna,8
become,8
relation,8
percent,8
analysis,8
any,8
zanzibari,8
offered,8
richardson,8
just,8
theory,8
waters,8
boston,8
varieties,8
commodities,8
cooper,8
d,8
j,7
company,7
bead,7
atlantic,7
mass,7
firm,7
determined,7
folder,7
b,7
certain,7
moreover,7
affect,7
producers,7
n,7
result,7
cultural,7
shape,7
exporters,7
industrialization,7
box,7
order,7
ropes,7
merchant,7
same,7
expedition,7
kutch,7
french,7
external,7
less,7
aa,7
traders,7
roberts,7
three,7
artisans,7
capitalism,7
attention,7
mss,7
case,7
cultures,7
particularly,7
calif,7
city,7
cambridge,7
although,7
states,7
c,7
later,6
raw,6
consular,6
political,6
some,6
indigo,6
labor,6
thus,6
quality,6
agent,6
forced,6
industries,6
essential,6
direct,6
white,6
marginal,6
argued,6
too,6
hereafter,6
greater,6
further,6
transactions,6
work,6
knowledge,6
least,6
massachusetts,6
society,6
various,6
above,6
make,6
soon,6
included,6
where,6
empire,6
perhaps,6
essay,6
christopher,6
article,6
united,6
around,6
rarely,6
past,6
according,6
manufactures,6
periphery,6
suggests,6
steam,6
national,6
grant,6
import,6
miller,5
appealed,5
common,5
introduction,5
large,5
kinds,5
country,5
cargo,5
locale,5
materials,5
porters,5
long,5
vols,5
possibilities,5
fabens,5
reveal,5
those,5
majority,5
sought,5
hall,5
march,5
zanzibaris,5
far,5
economies,5
throughout,5
peripheral,5
de,5
jr,5
turn,5
caravans,5
single,5
journal,5
border,5
hamburg,5
without,5
johnston,5
remaking,5
w,5
dominant,5
trajectories,5
came,5
based,5
histories,5
access,5
demands,5
share,5
however,5
products,5
brought,5
actors,5
reciprocities,5
thread,5
revolution,5
wished,5
several,5
dependent,5
correspondence,5
geographical,5
critical,5
business,5
letters,5
return,5
still,5
fringe,5
under,5
cargoes,5
structures,5
took,5
accepted,5
ports,5
material,5
sell,5
slaves,5
interrelation,5
use,5
lakes,5
logic,5
amounts,5
high,5
course,5
earlier,5
consul,5
determination,5
necessary,5
agents,5
quickly,5
elites,5
making,5
unyamwezi,5
despite,5
buy,5
simply,5
until,5
instead,5
effects,5
ships,5
north,5
recent,5
gold,5
difficult,4
extreme,4
systemic,4
second,4
modern,4
myriad,4
fabric,4
might,4
strip,4
shaped,4
contingencies,4
desire,4
take,4
half,4
there,4
jelly,4
within,4
globe,4
rigby,4
international,4
exchanges,4
increase,4
letter,4
historically,4
explained,4
tanzania,4
tanganyika,4
modernity,4
left,4
critique,4
coil,4
l,4
developed,4
notion,4
similar,4
distant,4
theorists,4
wanted,4
colonialism,4
statement,4
rice,4
conquest,4
shirting,4
whom,4
p,4
centers,4
changed,4
networks,4
negotiated,4
expensive,4
line,4
r,4
broad,4
trends,4
successful,4
working,4
small,4
highly,4
always,4
commodification,4
appeal,4
investments,4
once,4
pacific,4
turban,4
pelly,4
rise,4
weavers,4
glassman,4
frederick,4
journey,4
longer,4
abilities,4
curtin,4
never,4
remade,4
do,4
present,4
encounter,4
success,4
considering,4
described,4
nyamwezi,4
peter,4
august,4
david,4
allowed,4
chagga,4
parameters,4
consequences,4
things,4
buyers,4
detailed,4
length,4
joseph,4
meant,4
reciprocal,4
growing,4
changing,4
founded,4
constituted,4
inches,4
alternative,4
berkeley,4
foundation,4
number,4
better,4
unique,4
form,4
size,4
travel,4
vessels,4
stern,4
bought,4
entire,4
vast,4
james,4
analysts,4
buying,4
institutional,4
drills,4
point,4
reached,4
era,4
ca,4
built,4
does,3
ending,3
archives,3
anthony,3
pondicherry,3
faced,3
created,3
concern,3
interventions,3
sewn,3
surat,3
entirely,3
unsuccessful,3
complex,3
linkages,3
approaches,3
position,3
replicate,3
lower,3
else,3
learned,3
colors,3
taken,3
planting,3
rapid,3
historiography,3
muskets,3
height,3
capitalist,3
route,3
analyses,3
onto,3
last,3
immanuel,3
gifts,3
designs,3
weaving,3
historians,3
money,3
primary,3
right,3
labours,3
account,3
mutual,3
october,3
surati,3
supply,3
here,3
accommodate,3
dynamics,3
visited,3
september,3
interest,3
nor,3
amount,3
back,3
gauge,3
twice,3
alpers,3
obscure,3
look,3
bennett,3
influence,3
stanley,3
opium,3
barghash,3
links,3
mean,3
revelation,3
changes,3
yellow,3
four,3
superior,3
origins,3
cost,3
suggested,3
drawing,3
cut,3
standards,3
my,3
six,3
called,3
portsmouth,3
constantly,3
term,3
pro,3
equally,3
produced,3
purchased,3
kilimanjaro,3
caom,3
globally,3
gained,3
received,3
blue,3
carry,3
significantly,3
ten,3
place,3
destination,3
bhatia,3
overseas,3
project,3
hamerton,3
either,3
sector,3
staple,3
good,3
suggest,3
rolla,3
complicate,3
imposition,3
desires,3
ujiji,3
chandavarkar,3
sheetings,3
latest,3
philip,3
fashions,3
actions,3
invest,3
led,3
indicative,3
short,3
tried,3
constraints,3
prove,3
shipped,3
chap,3
jonathon,3
home,3
asia,3
shifting,3
colored,3
narratives,3
leader,3
lewis,3
others,3
put,3
importation,3
bhacker,3
competitors,3
michael,3
strategies,3
northwestern,3
doubled,3
greatest,3
robertson,3
examples,3
temin,3
samples,3
complexities,3
wis,3
asian,3
significant,3
traded,3
largely,3
chosen,3
office,3
kaniki,3
significance,3
modem,3
ugogo,3
stages,3
five,3
men,3
outside,3
narrow,3
britain,3
dominance,3
travelers,3
brown,3
carried,3
relationship,3
perspectives,3
she,3
continued,3
program,3
lost,3
replicating,3
life,3
chairs,3
comaroff,3
hides,3
tribe,3
matters,3
thinking,3
singular,3
must,3
demonstrate,3
muscat,3
offers,3
bright,3
know,3
refused,3
stamp,3
anthropology,3
different,3
unyanyembe,3
december,3
exploration,3
board,3
ahr,3
dyed,3
stamped,3
u,3
william,3
combined,3
fully,3
imperial,3
information,3
wove,3
middle,3
reported,3
given,3
assumptions,3
territory,3
clothing,3
indians,3
using,3
voyage,3
coming,3
models,3
conditions,3
piece,3
attempted,3
off,3
area,3
extremely,3
madison,3
tribes,3
themselves,3
little,3
interaction,3
enormous,3
should,3
col,3
luanda,3
interconnectivity,2
trajectory,2
hit,2
mozambique,2
naibere,2
already,2
jane,2
determine,2
alone,2
group,2
becoming,2
myth,2
essays,2
library,2
continent,2
item,2
easily,2
soap,2
paradigms,2
decade,2
necessarily,2
arrived,2
diversity,2
women,2
said,2
t,2
mandvi,2
steamers,2
wrong,2
varnish,2
buoyant,2
deterministic,2
steady,2
trend,2
address,2
nature,2
supplied,2
dramatically,2
immense,2
attractive,2
available,2
copy,2
assess,2
krapf,2
wanderings,2
borders,2
roland,2
aesthetic,2
able,2
entering,2
favorites,2
respond,2
henry,2
opposite,2
california,2
china,2
somewhat,2
circumvent,2
mercantilism,2
sophisticated,2
lest,2
cutch,2
advice,2
mackinnon,2
retailers,2
quantities,2
drive,2
consciousness,2
engineer,2
consumed,2
timothy,2
establishment,2
dynamic,2
yao,2
along,2
inexpensive,2
marchandises,2
gujarati,2
coils,2
multidimensional,2
dependence,2
tonnage,2
immediate,2
development,2
accounted,2
accommodation,2
run,2
riot,2
illustrates,2
due,2
spun,2
initially,2
g,2
dhow,2
relatively,2
moment,2
afford,2
mandara,2
kutchi,2
dick,2
assured,2
resin,2
asymmetrical,2
chintz,2
distinct,2
valueless,2
evident,2
body,2
races,2
invoice,2
compared,2
highlighting,2
spin,2
y,2
ghee,2
himself,2
rates,2
exponentially,2
philadelphia,2
recognized,2
whose,2
basic,2
appreciation,2
gum,2
process,2
knew,2
determining,2
travels,2
senegambia,2
parts,2
special,2
possess,2
packaging,2
earl,2
overlooked,2
means,2
ensure,2
objects,2
image,2
clocks,2
parsi,2
latin,2
elsewhere,2
restring,2
windfall,2
house,2
age,2
fashioned,2
powerful,2
circulating,2
engines,2
angrily,2
projected,2
glassware,2
preference,2
facilities,2
dependency,2
whereas,2
opening,2
pounds,2
stitching,2
walk,2
concentration,2
brig,2
demise,2
begun,2
color,2
strength,2
comaroffs,2
giddens,2
criticisms,2
fo,2
shoes,2
circulation,2
focused,2
stock,2
traveler,2
meet,2
kilminster,2
otherwise,2
russell,2
record,2
fashionable,2
dialectic,2
rest,2
boxes,2
january,2
hopkins,2
possibility,2
failure,2
supplanted,2
future,2
preferred,2
nine,2
dissatisfaction,2
heart,2
concept,2
drew,2
stripe,2
communication,2
edn,2
related,2
nation,2
pasts,2
whole,2
literature,2
gave,2
fit,2
round,2
moments,2
director,2
et,2
music,2
taveta,2
stanford,2
elephant,2
monocausal,2
encounters,2
specie,2
trading,2
discourse,2
feasts,2
sufficient,2
ship,2
exigencies,2
spices,2
gunpowder,2
inability,2
sheriff,2
proper,2
protectorate,2
headmen,2
notes,2
appropriate,2
moved,2
aggregate,2
south,2
f,2
uncommon,2
chains,2
reduced,2
feudalism,2
populations,2
redesign,2
service,2
expansion,2
indien,2
inclusive,2
attempt,2
sahlins,2
july,2
precolonial,2
harry,2
guyer,2
expanded,2
domination,2
southern,2
negate,2
cloves,2
measure,2
frank,2
cheap,2
oxford,2
vignettes,2
selling,2
museum,2
reference,2
makes,2
thought,2
neither,2
differentiate,2
german,2
fringes,2
paid,2
choices,2
generally,2
al,2
silk,2
costs,2
intense,2
reports,2
exit,2
rings,2
au,2
members,2
gain,2
book,2
factory,2
think,2
toward,2
crucial,2
analytical,2
efforts,2
bracelets,2
lack,2
leading,2
consideration,2
pressure,2
bleached,2
choice,2
fallen,2
everything,2
considerable,2
mohamed,2
man,2
worn,2
rhetoric,2
genealogy,2
conclusions,2
enough,2
ground,2
model,2
road,2
purposes,2
yarn,2
royal,2
favorable,2
counterfeit,2
remarked,2
belief,2
genealogies,2
hamilton,2
style,2
knockoff,2
compete,2
stamping,2
remained,2
credit,2
investment,2
supplies,2
brady,2
eighteenth,2
trader,2
benton,2
including,2
dewli,2
depended,2
europeans,2
merchandise,2
equity,2
assume,2
globalizing,2
questions,2
nothing,2
continue,2
prints,2
archive,2
calico,2
theories,2
versions,2
low,2
meanings,2
clear,2
adding,2
frustrated,2
language,2
mt,2
modernization,2
individual,2
him,2
distinction,2
anyone,2
seth,2
black,2
standard,2
thomas,2
thornton,2
favored,2
exactly,2
ethnohistory,2
field,2
locales,2
grain,2
tendency,2
globality,2
insignificant,2
sugar,2
evidence,2
quarter,2
financiers,2
la,2
adventures,2
von,2
seasons,2
negotiations,2
valuable,2
entail,2
bahari,2
pieces,2
propres,2
geschiere,2
centuries,2
itself,2
consignment,2
frames,2
why,2
surprising,2
kenya,2
dirlik,2
considered,2
stephen,2
suggestions,2
heavy,2
then,2
practice,2
reshaped,2
arrest,2
complexity,2
consider,2
mercantile,2
locally,2
playfair,2
ever,2
reciprocity,2
discrete,2
appealing,2
continental,2
control,2
shipment,2
cox,2
stay,2
paper,2
sizes,2
best,2
printed,2
wealthy,2
returns,2
losses,2
shifts,2
houses,2
choosing,2
identities,2
closest,2
february,2
places,2
beginning,2
livingstone,2
commodity,2
purchase,2
reconfigured,2
rose,2
ones,2
accounts,2
met,2
passed,2
bombax,2
transaction,2
westerners,2
thousands,2
phenomena,2
ideal,2
hundreds,2
discussion,2
categories,2
finished,2
gratitude,2
circumstances,2
recognition,2
conclude,2
courses,2
intended,2
broadcloth,2
writing,2
remarks,2
sale,2
come,2
miriali,2
invested,2
zanguebar,2
nile,2
washington,2
finally,2
fiscal,2
manufacture,2
product,2
arrivals,2
approach,2
profits,2
potential,2
assumed,2
johnson,2
ruschenberger,2
enterprise,2
oceans,2
pratt,2
severely,2
immediately,2
seek,2
consignor,2
termed,2
nicholas,1
barr,1
umbrellas,1
surroundings,1
directors,1
zaire,1
portuguese,1
transportation,1
stimuli,1
appointees,1
done,1
limits,1
calibrated,1
outpacing,1
stuart,1
concerned,1
les,1
indicated,1
productions,1
cyrus,1
desirous,1
personalized,1
mombasan,1
unmanufactured,1
artillery,1
epidemics,1
deserve,1
winifred,1
wa,1
thrown,1
arrive,1
margins,1
schoenbrun,1
implies,1
measures,1
publish,1
mountains,1
spurred,1
constitution,1
utility,1
pushed,1
berlin,1
per,1
germany,1
passing,1
connect,1
needed,1
discover,1
partially,1
factories,1
possessed,1
drastically,1
agency,1
consignments,1
marianne,1
birmingham,1
broach,1
mad,1
knockoffs,1
picked,1
advised,1
diversification,1
asserted,1
termeuropeans,1
muscati,1
pressing,1
additionally,1
favor,1
ramadan,1
boulder,1
assumption,1
former,1
trace,1
fixed,1
potentials,1
firearms,1
presents,1
underwrite,1
refinished,1
malden,1
embassy,1
arguing,1
reverberations,1
viability,1
chief,1
descriptions,1
changeable,1
lal,1
qualification,1
turning,1
laura,1
experience,1
highlight,1
bengal,1
peaked,1
accumulation,1
being,1
island,1
expanding,1
karen,1
fraction,1
stressed,1
cherokee,1
gujarat,1
sources,1
exist,1
invention,1
caroline,1
concur,1
multicausality,1
creation,1
importing,1
fifteenth,1
pickering,1
lustre,1
carts,1
scientific,1
ii,1
abound,1
musical,1
season,1
undesired,1
encouraged,1
progression,1
fantastically,1
lumber,1
bachelder,1
navigating,1
retreat,1
crippling,1
words,1
reach,1
changers,1
scientists,1
individuals,1
twenty,1
advantage,1
elisabeth,1
prey,1
together,1
indulge,1
simple,1
thank,1
gunstocks,1
resuscitate,1
rothenberg,1
narrative,1
purple,1
inequity,1
sectors,1
inherent,1
government,1
quotidian,1
moon,1
thanks,1
hundred,1
dizzying,1
composition,1
wore,1
hunting,1
providence,1
sous,1
glazed,1
trinkets,1
debt,1
uncleaned,1
inland,1
crockery,1
stefanie,1
intruders,1
fresh,1
shillings,1
tint,1
soas,1
devised,1
vinay,1
state,1
date,1
say,1
manipulating,1
solicited,1
precisely,1
metropole,1
raised,1
stayed,1
decreased,1
purchasers,1
checked,1
hostility,1
elucidating,1
threshold,1
daniel,1
soundly,1
circuits,1
southwestern,1
reorient,1
marketed,1
cote,1
paying,1
customs,1
partners,1
appreciate,1
forum,1
slowing,1
alfred,1
inquire,1
mechanized,1
plain,1
alpern,1
portugal,1
roy,1
seven,1
attacked,1
persian,1
anthropologists,1
autonomous,1
remanufactured,1
task,1
bombaydyed,1
tend,1
draw,1
addresses,1
drastic,1
outlined,1
unmarketable,1
carriages,1
signifier,1
uneven,1
knife,1
burke,1
felt,1
provisions,1
kew,1
marked,1
stance,1
machinery,1
concentrating,1
activity,1
tracing,1
granville,1
arif,1
reaching,1
beverly,1
seventy,1
alter,1
hohnel,1
transcend,1
reconsidering,1
interdisciplinary,1
variations,1
except,1
conceptual,1
gemery,1
uses,1
affordability,1
negotiation,1
constrained,1
decreasing,1
inflation,1
metcalf,1
globalized,1
marginalized,1
measurement,1
tributes,1
treatise,1
sign,1
constricted,1
controlled,1
surplus,1
colonized,1
framework,1
tons,1
succeed,1
cordwell,1
egalitarianism,1
atkins,1
human,1
conflict,1
mistake,1
technologically,1
andrew,1
iron,1
includes,1
accessible,1
apex,1
exemplifying,1
ice,1
exemplified,1
ronald,1
married,1
gauges,1
widened,1
tailors,1
equatorial,1
famously,1
pomper,1
countless,1
clove,1
inlays,1
europe,1
integral,1
scarce,1
neighbors,1
forgotten,1
adornment,1
reflection,1
regarded,1
ability,1
usagara,1
santa,1
watches,1
difficulty,1
unwillingness,1
ease,1
fabrics,1
employing,1
seeming,1
sample,1
trail,1
overly,1
westport,1
substitutions,1
comprised,1
ware,1
seaboard,1
taste,1
funds,1
attracting,1
speer,1
unity,1
gun,1
adam,1
items,1
old,1
self,1
coarser,1
tabulation,1
underlying,1
humphrey,1
transcends,1
depend,1
stamps,1
subjects,1
response,1
serving,1
abreast,1
decken,1
young,1
output,1
wholly,1
dates,1
arranged,1
scott,1
third,1
ninefold,1
employers,1
profit,1
warned,1
weight,1
mirrored,1
instruments,1
details,1
strings,1
revelry,1
general,1
jones,1
savage,1
hardly,1
fierce,1
competitive,1
constellation,1
purchasing,1
dhoti,1
jean,1
distribution,1
higher,1
navigable,1
employ,1
justine,1
failed,1
divergence,1
permits,1
reinserted,1
cameron,1
civilization,1
operation,1
communities,1
colour,1
recovers,1
town,1
lemali,1
inequitable,1
lt,1
theresa,1
predicted,1
dialogic,1
act,1
bring,1
growth,1
destroy,1
traffic,1
federal,1
troubled,1
jyvaskyla,1
swell,1
angeles,1
stop,1
debated,1
adapt,1
senegalese,1
affairs,1
entrepots,1
vegetables,1
posits,1
fantasies,1
longest,1
exhausted,1
consternation,1
requisite,1
seward,1
goes,1
opportunity,1
sudden,1
embarking,1
coffee,1
legal,1
scottish,1
connected,1
underdevelopment,1
adjustments,1
derived,1
wrap,1
assuming,1
dialogue,1
columbian,1
leaves,1
salable,1
divers,1
retail,1
ludwig,1
discoveries,1
list,1
productive,1
overstocked,1
scattered,1
space,1
front,1
troublesome,1
replete,1
support,1
webster,1
wash,1
involvement,1
send,1
understand,1
empires,1
utterly,1
statistic,1
unpredictability,1
oman,1
marks,1
consignors,1
plural,1
tensions,1
barbarous,1
forget,1
conceptualization,1
ufipa,1
flexibility,1
calcutta,1
key,1
occlude,1
descent,1
languages,1
peasants,1
slowly,1
nyumbai,1
clearly,1
contaminated,1
sum,1
shipton,1
moderately,1
days,1
ideologies,1
impact,1
receiving,1
quoted,1
k,1
sheer,1
likened,1
northeastern,1
shingles,1
packaged,1
surpassing,1
vitality,1
frequently,1
inspiration,1
profile,1
stocked,1
frozen,1
orientation,1
show,1
commonly,1
commented,1
stewart,1
prussian,1
surface,1
follow,1
schwarz,1
requested,1
teleki,1
isolation,1
followed,1
notions,1
idealized,1
ordain,1
plates,1
terminology,1
exploitation,1
cycles,1
willing,1
plight,1
shifted,1
wearing,1
helped,1
syntheses,1
m,1
vigorously,1
opinion,1
dug,1
conglomeration,1
decades,1
deceived,1
appear,1
perceive,1
beaver,1
authority,1
moving,1
lock,1
acceptable,1
dyeing,1
plateau,1
arrival,1
allow,1
bearing,1
taraza,1
loincloths,1
declined,1
majiya,1
twills,1
discount,1
appearance,1
carrying,1
rule,1
marion,1
conservative,1
entered,1
hands,1
appropriated,1
typical,1
ukonongo,1
capitalismthe,1
patrick,1
missionary,1
scenes,1
necklace,1
sumatran,1
her,1
rudolf,1
pass,1
events,1
primacy,1
radical,1
varnishes,1
buoyancy,1
percentages,1
barbados,1
fuel,1
cores,1
brokers,1
manning,1
muslim,1
contest,1
spotted,1
equivalencies,1
steiner,1
furthermore,1
chinese,1
informed,1
durham,1
institute,1
rightfully,1
stressing,1
uguha,1
bullion,1
indirect,1
burial,1
recently,1
lynchpins,1
constraining,1
companies,1
cannot,1
track,1
younger,1
gupta,1
scale,1
rising,1
spur,1
required,1
andre,1
wide,1
method,1
undermined,1
none,1
having,1
pedro,1
spheres,1
interface,1
landmark,1
derisively,1
akan,1
revealed,1
calicos,1
destinations,1
cheney,1
shouldered,1
residents,1
los,1
rail,1
stiff,1
instituted,1
imagined,1
unless,1
prominent,1
heavily,1
tributary,1
civilisation,1
esp,1
calculi,1
authenticated,1
danish,1
shipmaster,1
cleanliness,1
description,1
criticized,1
englishmen,1
got,1
northern,1
ascribe,1
consistently,1
older,1
domestically,1
refined,1
ghana,1
suppliers,1
records,1
imitations,1
figures,1
concentrate,1
actually,1
oaks,1
strain,1
eighteenthcentury,1
boom,1
lanham,1
translated,1
forces,1
personal,1
focuses,1
douglas,1
halfway,1
plurality,1
appreciated,1
employed,1
stationary,1
capacities,1
won,1
alan,1
president,1
wrappers,1
wheat,1
socioeconomic,1
relay,1
relocated,1
gap,1
interested,1
circumventing,1
nephew,1
oriental,1
entitle,1
foreclosing,1
loincloth,1
solution,1
legacy,1
outfits,1
conjunctural,1
sense,1
correct,1
level,1
hard,1
intercontinental,1
below,1
responsibility,1
delivered,1
shaping,1
marx,1
grew,1
speculations,1
kimweri,1
consolidation,1
standpoint,1
sharp,1
routes,1
claim,1
acted,1
emerging,1
insurance,1
bank,1
involved,1
specifically,1
nielsen,1
divisive,1
entrance,1
mitchell,1
spanish,1
transport,1
shapes,1
imagines,1
few,1
senegambian,1
wider,1
republics,1
infinite,1
eighth,1
executed,1
disaster,1
acts,1
dramatic,1
signposts,1
research,1
niches,1
convey,1
decline,1
vacuum,1
climate,1
businessmen,1
unsatisfied,1
villages,1
emmanuel,1
telling,1
division,1
vein,1
sketches,1
evanston,1
necessity,1
hayden,1
liesegang,1
pavillons,1
tanneries,1
roots,1
postmoderity,1
normalized,1
grateful,1
leg,1
flour,1
inform,1
coincidences,1
reducing,1
activities,1
artistry,1
seemed,1
leveraged,1
leaf,1
nations,1
erik,1
transforming,1
pearson,1
span,1
unidimensional,1
debunk,1
contributes,1
battle,1
therefore,1
highlights,1
noteworthy,1
likely,1
situation,1
conforming,1
mrima,1
matter,1
attempts,1
nonetheless,1
absence,1
contact,1
curves,1
bells,1
gravitate,1
steadily,1
fell,1
fortunately,1
boards,1
contingent,1
pushes,1
meticulously,1
juhani,1
pangani,1
entangled,1
indeed,1
bale,1
labeled,1
essex,1
holmans,1
saratoga,1
whim,1
acknowledged,1
edges,1
albany,1
brings,1
forbidden,1
jewelry,1
object,1
april,1
reduce,1
building,1
echoing,1
metageography,1
avail,1
symmetry,1
currency,1
folded,1
interactions,1
mansfield,1
comments,1
manifest,1
sending,1
imaum,1
shoreline,1
gutkind,1
gulabi,1
hold,1
decisions,1
direction,1
parker,1
bread,1
dimensional,1
southeast,1
biological,1
momentous,1
gilbert,1
confronting,1
metric,1
ubiquity,1
collect,1
outlets,1
refusing,1
opportunities,1
treaty,1
definable,1
recommendation,1
worthless,1
rhodes,1
serve,1
financial,1
array,1
predecessor,1
caveat,1
technology,1
dewey,1
challenged,1
disastrous,1
us,1
cholera,1
reconsideration,1
marshall,1
sociological,1
informal,1
light,1
islam,1
continents,1
professor,1
mfupi,1
rubbish,1
baltimore,1
steamship,1
literally,1
wright,1
uzigua,1
lighter,1
muskat,1
unmitigated,1
steve,1
departing,1
department,1
embellished,1
kitambi,1
increasingly,1
speaking,1
operations,1
frameworks,1
fickle,1
functioned,1
payments,1
picture,1
operators,1
outskirts,1
double,1
sahel,1
shambaa,1
outbreak,1
preeminence,1
entrepot,1
lusophone,1
name,1
aspect,1
law,1
custom,1
dichotomies,1
saturate,1
reasserting,1
palm,1
again,1
death,1
locating,1
lechner,1
drink,1
deserves,1
similarly,1
stripes,1
rocking,1
lowering,1
tremendous,1
angola,1
tailoring,1
performance,1
powder,1
cultivated,1
causality,1
monopolized,1
idea,1
stories,1
underwrote,1
reducible,1
shade,1
underestimated,1
stimulus,1
areas,1
lives,1
revenue,1
instability,1
banyani,1
appeared,1
depict,1
armonk,1
webb,1
overlaying,1
prided,1
boots,1
tirthankar,1
disliked,1
unilaterally,1
superiors,1
children,1
contradict,1
vernon,1
banks,1
diverse,1
transregional,1
john,1
remain,1
substantially,1
doubt,1
monocausality,1
diameter,1
optic,1
terminally,1
enlarge,1
gunder,1
removal,1
rethread,1
match,1
forms,1
uzar,1
everyday,1
paris,1
centre,1
cruz,1
sultanate,1
actor,1
covered,1
operating,1
manner,1
flooded,1
adventurers,1
obscures,1
developing,1
capricious,1
soften,1
coarse,1
multidimensionality,1
pingree,1
council,1
duties,1
interdetermination,1
marketers,1
negotiators,1
ahead,1
jeans,1
relayed,1
digging,1
minneapolis,1
volatile,1
reasoning,1
stylistically,1
monopoly,1
opting,1
figuring,1
lucrative,1
reflected,1
day,1
elevation,1
abundance,1
degree,1
redesigned,1
cosmologies,1
wrapped,1
original,1
demonstrated,1
matrix,1
status,1
proudly,1
recognizing,1
classes,1
luck,1
lauren,1
ukuti,1
visions,1
extended,1
necklaces,1
rulers,1
link,1
birth,1
stumbled,1
discovery,1
explanation,1
width,1
indigos,1
bear,1
values,1
regain,1
sides,1
chaudhuri,1
discrimination,1
environments,1
hermetic,1
oromo,1
owe,1
contacts,1
microfilm,1
elite,1
crafts,1
contract,1
findings,1
theorization,1
ya,1
characteristically,1
interfaces,1
unfortunately,1
operated,1
station,1
rivers,1
virtually,1
maria,1
ideas,1
complements,1
bostonian,1
bitter,1
leatherworks,1
proportion,1
logics,1
rare,1
stoler,1
real,1
engaged,1
merit,1
frustrate,1
full,1
deployed,1
previous,1
option,1
eight,1
complicated,1
acclaim,1
dispossesses,1
anthology,1
charge,1
quadrupled,1
hopelessly,1
zimbabwe,1
lamented,1
fallacy,1
sensitivity,1
points,1
utter,1
dominated,1
victory,1
madagascar,1
held,1
eve,1
corr,1
reviewers,1
caribbean,1
flood,1
period,1
bringing,1
function,1
acquiescence,1
premium,1
features,1
collected,1
serves,1
sykes,1
filled,1
kept,1
offer,1
probable,1
ritter,1
relevance,1
martin,1
imagination,1
spent,1
class,1
sojourn,1
valued,1
reinsert,1
especially,1
annually,1
random,1
comparing,1
inconsequential,1
labour,1
imaginative,1
study,1
methods,1
dollars,1
feet,1
overtaken,1
editors,1
viable,1
references,1
assessing,1
ann,1
belles,1
accordingly,1
effect,1
excluded,1
availability,1
mellon,1
corners,1
postwar,1
probably,1
ye,1
carriage,1
occupied,1
douaner,1
postans,1
relative,1
engagement,1
harding,1
jerry,1
payment,1
governor,1
stick,1
ago,1
regimes,1
increases,1
importer,1
hague,1
concluded,1
exchanged,1
pequot,1
hunt,1
genesis,1
specifications,1
trails,1
mnazi,1
indication,1
fifty,1
speculate,1
twelve,1
tests,1
alters,1
depressed,1
imply,1
untenable,1
surpassed,1
handkerchiefs,1
interdependent,1
exceeding,1
george,1
science,1
popularity,1
figure,1
coconut,1
chance,1
usually,1
cedar,1
outsiders,1
vision,1
proclaimed,1
staples,1
ideology,1
testing,1
bound,1
arabia,1
smiths,1
stocks,1
category,1
samuli,1
rpt,1
ordinary,1
rajnarayan,1
institutions,1
predict,1
dimensions,1
kisuto,1
directing,1
seen,1
collections,1
translation,1
outline,1
inequalities,1
force,1
worse,1
effectively,1
wilson,1
inadequate,1
rapidly,1
chadders,1
hindu,1
stimulated,1
countries,1
traveled,1
unimportance,1
satisfaction,1
rudolph,1
christie,1
lowered,1
siam,1
interconnected,1
hope,1
baron,1
chamber,1
peripheries,1
proportionally,1
table,1
machado,1
mother,1
constants,1
instances,1
imperialism,1
examine,1
face,1
telegraph,1
articles,1
capt,1
premier,1
rigorous,1
seat,1
thick,1
regularly,1
stable,1
pepper,1
consulate,1
durability,1
addressed,1
consigning,1
circumscribed,1
dissertation,1
differentiated,1
dispose,1
assistant,1
anthropological,1
shaw,1
lifebuoy,1
fifteen,1
loaf,1
coat,1
ordered,1
historian,1
competitor,1
broke,1
ornate,1
elaborate,1
comparison,1
peoples,1
finest,1
disjointed,1
canton,1
cabinet,1
taujiri,1
scarcely,1
determinants,1
kapitau,1
forgetting,1
reda,1
symbols,1
ukuni,1
fulbright,1
gerhard,1
md,1
griffin,1
command,1
bales,1
staked,1
set,1
discharged,1
der,1
school,1
forty,1
ulayti,1
acquired,1
defining,1
afr,1
tribute,1
hilts,1
brooke,1
gazette,1
receivers,1
bartle,1
wigen,1
specialized,1
organized,1
connection,1
setting,1
seem,1
believe,1
ubiquitous,1
restrictive,1
appendix,1
chris,1
temper,1
universal,1
current,1
knowledgeable,1
domestic,1
visiting,1
epistemological,1
koponen,1
moshi,1
sudan,1
vibrant,1
altered,1
newman,1
boasted,1
linked,1
loads,1
brazil,1
oxidize,1
privileged,1
researches,1
porcelain,1
longstanding,1
constant,1
rockel,1
prospects,1
emerges,1
type,1
elders,1
ideally,1
coveted,1
mandvie,1
phd,1
following,1
clarity,1
ladies,1
born,1
masai,1
strained,1
carefully,1
mazumdar,1
whether,1
kevin,1
nationalist,1
selected,1
kizibao,1
rebellion,1
apace,1
tailored,1
quote,1
garment,1
add,1
agricultural,1
edinburgh,1
lengths,1
microcosm,1
ripe,1
leaving,1
problem,1
adaptation,1
travellers,1
catered,1
egg,1
consisting,1
sailcloth,1
incurred,1
underwrites,1
sizable,1
bitterly,1
intermediaries,1
secure,1
dark,1
explored,1
diversities,1
coutumes,1
alcohol,1
urban,1
ascertain,1
circularity,1
hub,1
des,1
rockefeller,1
spaces,1
hanoverian,1
radically,1
delivery,1
presented,1
emergent,1
unilinear,1
lois,1
careful,1
stall,1
multiple,1
ill,1
urged,1
introduced,1
capitalizing,1
procure,1
role,1
regulate,1
easy,1
giving,1
bourgeois,1
subject,1
durable,1
transition,1
lies,1
everywhere,1
happens,1
irritation,1
cheapness,1
wear,1
harvesting,1
target,1
contribute,1
possessions,1
itemamounting,1
lesson,1
summarizes,1
copper,1
abbott,1
pound,1
woodrow,1
allows,1
heading,1
representation,1
ensuing,1
hogendorn,1
perceptual,1
correspondences,1
neglect,1
categorization,1
varied,1
jan,1
floss,1
our,1
unexplored,1
trouillot,1
survive,1
question,1
intercultural,1
formation,1
shown,1
frayed,1
baubles,1
unable,1
negro,1
argues,1
reveals,1
frere,1
conn,1
vann,1
gossamer,1
initiated,1
intensified,1
donald,1
copies,1
finding,1
crosby,1
butt,1
leverage,1
embarked,1
accept,1
subsidized,1
aware,1
mode,1
publicized,1
crisis,1
systemness,1
dangerous,1
identify,1
public,1
weigh,1
colo,1
dire,1
employer,1
positioned,1
include,1
armlets,1
malet,1
convergent,1
writer,1
glass,1
incidents,1
immediacy,1
countrymen,1
france,1
whipple,1
prosperity,1
disrupt,1
colleagues,1
defined,1
derive,1
elphick,1
exportation,1
mochan,1
captain,1
association,1
shift,1
particularities,1
canons,1
angolan,1
maintaining,1
ruth,1
anonymous,1
flooding,1
am,1
thousand,1
maji,1
specific,1
abdul,1
viongozi,1
lux,1
news,1
substitute,1
knicknacks,1
archival,1
hills,1
timepieces,1
chicago,1
venting,1
debate,1
create,1
norman,1
bentley,1
nathaniel,1
incur,1
develop,1
divergent,1
gulf,1
clapboard,1
focus,1
manifests,1
steamships,1
migration,1
famous,1
akyeampong,1
doing,1
resources,1
showed,1
linen,1
strategy,1
close,1
predicated,1
discern,1
looking,1
barter,1
seawater,1
thorough,1
