WORDCOUNTS,WEIGHT
the,343
of,317
and,169
a,104
in,95
to,78
history,73
social,66
that,45
historical,45
cultural,42
as,37
is,29
for,26
it,23
from,23
by,23
its,23
eley,22
political,22
this,22
s,20
an,18
turn,18
these,16
present,15
within,15
future,14
colonial,13
on,13
studies,12
was,12
new,12
subaltern,12
with,11
have,11
between,11
american,9
or,9
politics,9
line,9
forms,9
specific,9
not,8
yet,8
europe,8
end,8
contemporary,8
terms,8
historians,8
historiographical,8
postcolonial,8
were,8
shift,8
modernity,8
capitalism,8
critical,7
trans,7
april,7
but,7
frameworks,7
temporal,7
more,7
many,7
histories,7
narrative,7
has,7
collective,7
review,7
marxism,7
at,6
transformations,6
across,6
conceptions,6
transformation,6
class,6
see,6
crooked,6
modern,6
different,6
book,6
past,6
practice,6
work,6
over,6
our,6
manu,6
such,6
against,6
goswami,6
london,6
critique,6
york,5
practices,5
his,5
ways,5
they,5
fields,5
calif,5
colonialism,5
n,5
without,5
only,5
beyond,5
are,5
historiography,5
key,5
bourdieu,5
what,5
economy,5
claims,5
british,5
neoliberalism,5
possibility,5
account,5
conceptual,5
conception,5
framework,5
status,5
horizon,5
pierre,5
subalternist,5
representational,5
society,5
south,4
production,4
meaning,4
comparative,4
concluding,4
large,4
their,4
analysis,4
into,4
india,4
culture,4
ed,4
theory,4
transformative,4
movements,4
processes,4
might,4
intellectual,4
been,4
efforts,4
materialist,4
emergence,4
any,4
debates,4
i,4
there,4
struggles,4
other,4
everyday,4
context,4
particular,4
time,4
shifts,4
while,4
both,4
imperial,4
emphasis,4
marked,4
understanding,4
categories,4
move,4
claim,4
structures,4
archive,4
difference,4
contradictions,4
paradigm,4
relations,4
sense,4
need,4
remembering,4
include,4
materialism,4
early,4
we,4
alternative,4
generation,4
german,3
hobsbawm,3
limits,3
economic,3
category,3
notion,3
e,3
life,3
agency,3
essays,3
origins,3
raymond,3
thought,3
favor,3
university,3
j,3
linked,3
instance,3
just,3
conviction,3
princeton,3
narratives,3
experience,3
sewell,3
wider,3
power,3
toward,3
dimension,3
expectation,3
own,3
analytical,3
global,3
societies,3
eric,3
regional,3
works,3
late,3
outside,3
precisely,3
concepts,3
empire,3
form,3
cannot,3
wave,3
prior,3
she,3
capacity,3
mass,3
uneven,3
sphere,3
development,3
possible,3
interdisciplinary,3
part,3
asian,3
realm,3
during,3
labor,3
singularity,3
proliferation,3
question,3
formation,3
models,3
project,3
stanford,3
dynamics,3
national,3
points,3
moment,3
neoliberal,3
inequalities,3
developments,3
chakrabarty,3
koselleck,3
oxford,3
research,3
chicago,3
be,3
structure,3
focus,3
than,3
insurgent,3
attention,3
perception,3
model,2
european,2
no,2
absence,2
perspectives,2
way,2
underline,2
groups,2
indeed,2
ideology,2
rule,2
how,2
mediation,2
basic,2
does,2
tilly,2
object,2
force,2
render,2
semiotic,2
systemic,2
one,2
achievements,2
whole,2
dipesh,2
britain,2
united,2
violence,2
means,2
itself,2
wake,2
comaroff,2
paralleled,2
financial,2
us,2
had,2
necessarily,2
sociological,2
occurred,2
disappointment,2
paul,2
latin,2
historian,2
material,2
impulse,2
humanities,2
orientation,2
historically,2
heterodox,2
williams,2
rise,2
comparisons,2
foucault,2
sources,2
initial,2
actually,2
rather,2
subjects,2
also,2
sustained,2
deindustrialization,2
important,2
resonance,2
berkeley,2
logics,2
terrain,2
emerged,2
winter,2
character,2
joins,2
fact,2
available,2
striking,2
fortunes,2
together,2
semiotics,2
called,2
p,2
some,2
epistemological,2
vanishing,2
diverse,2
john,2
privileged,2
far,2
primacy,2
harvey,2
wrought,2
thompson,2
simple,2
break,2
big,2
words,2
growing,2
william,2
durham,2
locus,2
combined,2
anderson,2
making,2
analyses,2
away,2
sociology,2
spiritual,2
effort,2
eds,2
teleological,2
retrieval,2
sought,2
globally,2
huge,2
hybrid,2
inner,2
suggests,2
jameson,2
discussion,2
normative,2
popular,2
received,2
subjectivity,2
made,2
basis,2
totalizing,2
framed,2
provincializing,2
multiple,2
point,2
ensemble,2
interchange,2
knowledge,2
gender,2
tenets,2
out,2
engage,2
tied,2
inherited,2
alterity,2
questions,2
central,2
domination,2
methodological,2
constitutive,2
which,2
personal,2
actual,2
frederic,2
relationships,2
argument,2
notes,2
cambridge,2
gramscian,2
immanence,2
logic,2
offer,2
times,2
heterogeneity,2
change,2
working,2
field,2
so,2
revolution,2
suggest,2
states,2
prevalence,2
foucauldian,2
impelled,2
provides,2
imagination,2
direction,2
especially,2
charles,2
trajectory,2
contextually,2
last,2
c,2
ascendancy,2
mediator,2
baudrillard,2
when,2
even,2
memoir,2
traditional,2
much,2
grain,2
voiced,2
strong,2
categorical,2
envisage,2
deeply,2
recent,2
should,2
untranslatable,2
jean,2
commodification,1
steedman,1
racial,1
cite,1
may,1
things,1
existing,1
carried,1
wage,1
hinders,1
defeats,1
nicholas,1
dominant,1
complementary,1
articulates,1
operation,1
ofabstraction,1
reckoning,1
relational,1
structuralist,1
horizons,1
tasks,1
reflexive,1
explosion,1
rehistoricizing,1
currently,1
relationship,1
fueled,1
appropriation,1
partha,1
nation,1
me,1
stems,1
perry,1
today,1
genuinely,1
stated,1
provide,1
changing,1
postmodernity,1
difficult,1
imagining,1
bubble,1
continued,1
act,1
programmatic,1
true,1
shortest,1
science,1
if,1
bold,1
later,1
stocktaking,1
crucial,1
habitations,1
action,1
spawned,1
adequacy,1
names,1
pull,1
hegemonies,1
impetus,1
majorities,1
vision,1
stood,1
scholar,1
turns,1
interlacing,1
snapshot,1
propels,1
aggressive,1
hill,1
joan,1
initially,1
affected,1
celebration,1
stripped,1
extend,1
explicit,1
transition,1
brief,1
investments,1
inaudibility,1
metonymic,1
robert,1
ordinary,1
legitimate,1
mediating,1
bore,1
renewed,1
patton,1
giovanni,1
prevailing,1
dimensions,1
foundation,1
approaches,1
hybridity,1
seen,1
affinity,1
signaled,1
whereby,1
indicates,1
metanarratives,1
consolidating,1
guided,1
harry,1
ibid,1
abstraction,1
celebrate,1
divides,1
risk,1
rare,1
lag,1
persistent,1
disregard,1
germany,1
manifest,1
strands,1
premises,1
underwritten,1
forged,1
willed,1
paradoxically,1
paradoxical,1
becoming,1
modes,1
unity,1
remembrance,1
parts,1
seemingly,1
capacious,1
acute,1
representations,1
study,1
resignification,1
sharp,1
elaborated,1
identify,1
lay,1
scarcity,1
represents,1
about,1
underscores,1
hope,1
dilip,1
represented,1
theoryaverseness,1
space,1
defiant,1
sweeping,1
associate,1
derek,1
moves,1
bonnell,1
reason,1
interpretation,1
camiller,1
strategies,1
instances,1
all,1
affective,1
promise,1
revisiting,1
distinct,1
worlds,1
experienced,1
read,1
paradigms,1
problematic,1
advanced,1
presumptive,1
importance,1
grasping,1
pay,1
repr,1
althusser,1
credulity,1
claiming,1
daedalus,1
axiomatic,1
alone,1
arrighi,1
contrapuntal,1
consequential,1
organization,1
fixed,1
school,1
frederick,1
ballast,1
pose,1
millennial,1
enshrined,1
chris,1
victoria,1
otherwise,1
why,1
brecht,1
overtly,1
specify,1
fordistkeynesian,1
exceptions,1
same,1
calling,1
traces,1
welfare,1
reckon,1
articulated,1
experimental,1
dehistoricization,1
redemption,1
attuned,1
polanyi,1
accelerated,1
haunt,1
undecidability,1
reversal,1
challenges,1
sayer,1
conjunction,1
tempting,1
immanent,1
stagnation,1
biography,1
minneapolis,1
must,1
constitute,1
retrospective,1
extending,1
containing,1
mackenzie,1
two,1
emotional,1
simply,1
poised,1
bracket,1
ever,1
mich,1
organically,1
accumulation,1
increasingly,1
max,1
contemptuous,1
dialogics,1
recognizably,1
stimulus,1
enquiry,1
extension,1
leavened,1
incommensurable,1
either,1
precise,1
totality,1
exceed,1
tropes,1
delineation,1
followed,1
regime,1
chorus,1
obstacles,1
titles,1
long,1
discipline,1
plea,1
precedence,1
registered,1
concur,1
lucid,1
exploitation,1
dispossession,1
tour,1
press,1
offers,1
french,1
affirmative,1
index,1
expressive,1
unimaginable,1
entailed,1
affords,1
corrective,1
reconstructive,1
carolyn,1
mathew,1
inflected,1
controversial,1
methodologically,1
taken,1
mark,1
acquired,1
trained,1
disquiet,1
cut,1
shadow,1
attempt,1
pointed,1
lutz,1
meanings,1
similarly,1
regulatory,1
deficiencies,1
substantively,1
todd,1
oppositional,1
fragmentary,1
antidote,1
redeeming,1
sure,1
readily,1
historicism,1
contention,1
declarations,1
hollowing,1
nature,1
comparison,1
expressed,1
troubling,1
narration,1
treating,1
share,1
towards,1
seems,1
company,1
longer,1
validating,1
contained,1
shaped,1
posthistoire,1
underwrote,1
mediations,1
lynn,1
capital,1
tradition,1
response,1
could,1
intelligibility,1
ahr,1
generous,1
objectivistic,1
hobsbawmian,1
found,1
boom,1
here,1
desire,1
argue,1
undertake,1
great,1
reasons,1
strength,1
feminism,1
critically,1
widening,1
episodic,1
unacknowledged,1
regulation,1
mapping,1
thralldom,1
marxian,1
textuality,1
underwrite,1
casualties,1
come,1
patrick,1
particularly,1
geopolitical,1
classical,1
anticipatory,1
able,1
disappearance,1
issue,1
intellectuals,1
link,1
speculation,1
closer,1
demonstrating,1
forging,1
ontological,1
radical,1
dispute,1
bandung,1
zone,1
liberal,1
number,1
modernities,1
culturalism,1
advocacy,1
ruptures,1
straightforwardly,1
bases,1
fashion,1
expansion,1
man,1
reintroducing,1
observes,1
reifying,1
failures,1
embrace,1
fragments,1
another,1
overburdened,1
markets,1
unintelligible,1
century,1
postone,1
sway,1
silent,1
places,1
feminist,1
harootunian,1
elides,1
further,1
stand,1
pure,1
ann,1
organizing,1
prompt,1
schematism,1
unmoored,1
remarkable,1
understood,1
signifying,1
shifting,1
scholarly,1
let,1
posited,1
rests,1
reading,1
vouchsafed,1
dispersed,1
anticolonial,1
liberalism,1
techniques,1
reviews,1
strained,1
assess,1
aspects,1
rejected,1
obviate,1
timing,1
sharpened,1
require,1
spatial,1
them,1
annales,1
karl,1
producing,1
less,1
unemployment,1
geoff,1
revive,1
inquiry,1
accounts,1
dirks,1
empty,1
underpinnings,1
reflectiveness,1
braiding,1
vivid,1
rewriting,1
forum,1
projects,1
deep,1
existence,1
volatile,1
nice,1
assumed,1
moishe,1
insular,1
tension,1
quarrel,1
exemplified,1
linear,1
reconstructing,1
mode,1
series,1
burdened,1
reflexivity,1
anthropologists,1
embed,1
well,1
bertolt,1
negotiated,1
task,1
money,1
schema,1
classicus,1
injunction,1
waged,1
explicitly,1
foundations,1
meditation,1
information,1
disciplinary,1
constitutionally,1
determinative,1
locally,1
ventures,1
priscilla,1
vitality,1
aspiration,1
undermined,1
stance,1
reminds,1
can,1
explored,1
existential,1
charted,1
directly,1
local,1
imperative,1
resolutely,1
refracted,1
orthodox,1
opened,1
pankhurst,1
mobilization,1
invisible,1
reaction,1
contingent,1
exploring,1
arch,1
contain,1
watermarks,1
attenuation,1
predominant,1
condition,1
shared,1
challenged,1
weight,1
coherent,1
scope,1
lost,1
corral,1
contexts,1
seductive,1
resided,1
already,1
ends,1
consciousness,1
stronger,1
boston,1
internationalist,1
richard,1
instituted,1
generative,1
displace,1
dismantling,1
renders,1
galileo,1
externality,1
classes,1
concept,1
recognition,1
mounting,1
prominent,1
region,1
surfeit,1
scaled,1
narrowly,1
undertakes,1
scott,1
uniform,1
very,1
most,1
presner,1
compass,1
simultaneously,1
prospect,1
apparent,1
calls,1
strain,1
sociohistorical,1
visceral,1
reconfiguration,1
related,1
role,1
indigenous,1
foss,1
poststructuralism,1
recover,1
easy,1
rampant,1
quest,1
waning,1
medium,1
facto,1
accounting,1
durable,1
relegating,1
disciplines,1
where,1
restructuring,1
empirical,1
fiercely,1
texture,1
dreaded,1
midand,1
significant,1
loss,1
expression,1
exceeded,1
extended,1
illusion,1
events,1
gave,1
west,1
beckoning,1
seek,1
call,1
positing,1
emphasizing,1
sign,1
cognitively,1
francis,1
intelligible,1
expansive,1
taught,1
numerous,1
unitary,1
economism,1
breakthrough,1
colonized,1
twin,1
figures,1
chatterjee,1
optimism,1
stagism,1
saussurean,1
reinhart,1
institutional,1
overcome,1
accorded,1
invoked,1
think,1
conflict,1
creative,1
varied,1
technologically,1
internally,1
uncritically,1
chapters,1
reproduction,1
translated,1
suppressed,1
returns,1
write,1
differential,1
experiences,1
formations,1
intimacy,1
cast,1
ultimately,1
theoretical,1
impassioned,1
weakened,1
spacing,1
anthropological,1
deepened,1
bracing,1
artifact,1
years,1
utopian,1
reveals,1
endorsement,1
discursive,1
crises,1
assembly,1
professor,1
since,1
genealogical,1
radically,1
equates,1
charts,1
provoked,1
entwinement,1
encapsulates,1
twentieth,1
directed,1
conditions,1
tories,1
intensified,1
opens,1
informed,1
stakes,1
reciprocity,1
regions,1
de,1
language,1
impasse,1
author,1
modernization,1
monetary,1
negation,1
heeding,1
dominated,1
dynamic,1
explanation,1
domain,1
causal,1
momentous,1
exemplary,1
responses,1
register,1
fresh,1
structuring,1
scholastic,1
haunted,1
pluralism,1
niethammer,1
derived,1
goankor,1
characterized,1
hard,1
harmondsworth,1
jr,1
fidelity,1
unified,1
emerge,1
complex,1
endisms,1
ability,1
attribution,1
socialist,1
rooted,1
inflection,1
term,1
preserve,1
integration,1
serves,1
industrial,1
france,1
melancholic,1
held,1
defiance,1
order,1
defined,1
recourse,1
samuel,1
locate,1
after,1
renewal,1
discourse,1
plausibility,1
standpoint,1
structuralism,1
phrase,1
reception,1
inattentive,1
did,1
presaged,1
remains,1
alike,1
theorists,1
adamson,1
roughly,1
rejecting,1
embedded,1
summary,1
david,1
envisioned,1
imbues,1
mitchell,1
specificity,1
incomparability,1
characteristics,1
formalistic,1
conclusions,1
arena,1
potential,1
choose,1
weberian,1
panorama,1
commonsense,1
difficulty,1
eclipse,1
empowered,1
served,1
relation,1
themselves,1
peak,1
vocation,1
decline,1
directions,1
marxist,1
weber,1
rejection,1
scholarship,1
site,1
johnson,1
drove,1
cooper,1
seeds,1
standpoints,1
impossible,1
following,1
era,1
determinations,1
mechanical,1
ostentatious,1
norman,1
bursting,1
postwar,1
up,1
would,1
h,1
tight,1
turner,1
conjuncture,1
given,1
posed,1
shown,1
dispersal,1
prakash,1
negotiations,1
course,1
gyan,1
world,1
territorialize,1
transmuted,1
timothy,1
among,1
demonstration,1
subjectivities,1
arbor,1
north,1
industrialization,1
resist,1
engagement,1
hunt,1
protagonist,1
value,1
general,1
proceed,1
broader,1
developmental,1
regimes,1
contradictory,1
suffering,1
teleologies,1
brenner,1
generational,1
race,1
totalization,1
manner,1
translocal,1
reducing,1
fukuyama,1
cites,1
reflect,1
conjure,1
too,1
content,1
perpetual,1
impossibly,1
unwittingly,1
grasp,1
rereading,1
consequences,1
