WORDCOUNTS,WEIGHT
the,395
and,202
of,195
in,145
a,126
to,113
shopping,75
that,67
is,50
s,45
as,44
on,41
mall,40
new,39
with,39
was,38
have,35
for,31
by,31
center,30
it,27
american,27
are,26
has,25
or,25
at,24
centers,24
malls,23
york,21
their,20
city,19
which,18
states,18
united,18
not,18
than,17
only,17
were,17
an,17
even,17
all,16
retail,16
world,16
they,15
america,15
stores,15
more,15
been,15
he,14
this,14
where,14
from,14
had,13
t,13
other,13
parking,13
but,13
there,12
square,12
downtown,12
often,12
one,11
review,11
cohen,11
shops,11
also,11
business,11
times,11
would,11
historical,11
be,11
october,10
store,10
public,10
because,10
when,10
suburban,10
see,10
hanchett,10
urban,10
now,9
modern,9
jackson,9
thus,9
central,9
town,9
its,9
tax,9
regional,9
many,9
cities,9
years,8
such,8
space,8
hours,8
could,8
example,8
department,8
do,8
so,8
kenneth,8
over,8
them,8
first,7
every,7
government,7
development,7
consumer,7
retailing,7
most,7
small,7
up,7
about,7
outside,7
time,7
feet,7
become,7
almost,7
way,6
paramus,6
automobile,6
within,6
century,6
p,6
districts,6
well,6
closed,6
place,6
people,6
community,6
same,6
these,6
john,6
patterns,6
free,6
while,6
property,6
spaces,6
commercial,6
enclosed,6
indoor,6
major,6
among,6
depreciation,6
customers,5
history,5
paterson,5
ii,5
miles,5
since,5
along,5
million,5
third,5
no,5
his,5
district,5
r,5
gruen,5
revolution,5
core,5
cheap,5
planned,5
culture,5
accelerated,5
social,5
street,5
similarly,5
metropolitan,5
number,5
private,5
especially,5
who,5
life,5
construction,5
any,5
country,5
best,5
william,5
what,5
both,5
phenomenon,5
typically,5
c,5
chicago,5
traditional,5
germany,4
cars,4
park,4
policy,4
women,4
long,4
j,4
great,4
racial,4
opened,4
point,4
young,4
may,4
americans,4
costs,4
after,4
elaborate,4
plaza,4
jersey,4
m,4
important,4
decades,4
typical,4
late,4
taxes,4
nation,4
consumption,4
downtowns,4
economic,4
indeed,4
went,4
two,4
fact,4
idea,4
suburb,4
minneapolis,4
open,4
like,4
businesses,4
percent,4
employment,4
known,4
some,4
manhattan,4
our,4
until,4
washington,4
smaller,4
early,4
much,4
north,4
building,4
transportation,3
if,3
later,3
per,3
large,3
complex,3
into,3
before,3
experience,3
arcades,3
labor,3
sunday,3
england,3
featuring,3
state,3
political,3
right,3
shoppers,3
g,3
proliferated,3
club,3
old,3
regulations,3
walls,3
higher,3
german,3
rather,3
growth,3
how,3
highway,3
lots,3
milan,3
moving,3
came,3
lead,3
discount,3
out,3
war,3
fox,3
structure,3
nichols,3
work,3
concept,3
part,3
dozens,3
older,3
week,3
prices,3
good,3
buildings,3
owned,3
several,3
gasoline,3
facility,3
essentially,3
notes,3
will,3
led,3
located,3
zoning,3
expanded,3
single,3
once,3
victor,3
meanwhile,3
thought,3
soon,3
palaces,3
complete,3
law,3
restaurants,3
europe,3
put,3
towns,3
areas,3
minnesota,3
germans,3
never,3
road,3
day,3
another,3
local,3
made,3
region,3
nothing,3
finally,3
earlier,3
postwar,3
specialty,3
separate,3
lot,3
inside,3
began,3
transformation,3
rarely,3
then,3
associated,3
changing,3
palace,3
crowds,3
control,3
pedestrian,3
december,3
did,3
particularly,3
beginning,3
barth,3
through,3
easy,3
buy,3
galleria,3
offer,3
instead,3
land,3
d,3
glass,3
france,3
shift,3
between,3
johnson,3
lizabeth,3
built,3
frequent,2
does,2
ending,2
car,2
meaning,2
created,2
market,2
feminization,2
rybczynski,2
village,2
provisions,2
designed,2
word,2
second,2
authority,2
h,2
easily,2
emphasize,2
uses,2
something,2
victim,2
congestion,2
investments,2
worked,2
definition,2
crabgrass,2
together,2
rich,2
hundred,2
take,2
i,2
those,2
signs,2
gunther,2
british,2
takes,2
crystal,2
merchandising,2
king,2
mass,2
retailers,2
saturdays,2
march,2
possible,2
determined,2
activity,2
west,2
ready,2
far,2
centralized,2
merchants,2
distinctive,2
surrounded,2
health,2
against,2
september,2
cbd,2
kirk,2
jr,2
theaters,2
vengeance,2
turn,2
nor,2
displays,2
person,2
columbia,2
witnessed,2
southdale,2
tenants,2
journal,2
perfect,2
operations,2
main,2
across,2
generations,2
sort,2
mile,2
eight,2
developers,2
livable,2
white,2
killers,2
sidewalks,2
category,2
university,2
locally,2
river,2
benefits,2
organized,2
clearly,2
elsewhere,2
just,2
impact,2
house,2
w,2
situations,2
beyond,2
bergen,2
asks,2
management,2
mileage,2
my,2
suburbs,2
concentration,2
called,2
perennially,2
access,2
effort,2
lived,2
carolina,2
featured,2
cores,2
markets,2
equally,2
entertainment,2
residential,2
recently,2
however,2
near,2
sales,2
fountains,2
shape,2
planning,2
mom,2
toys,2
malling,2
heart,2
london,2
reconfiguration,2
year,2
during,2
destination,2
structures,2
advertising,2
proliferation,2
away,2
floors,2
overseas,2
own,2
else,2
least,2
sense,2
giant,2
field,2
cold,2
protest,2
trading,2
exclusionary,2
order,2
contrast,2
few,2
june,2
highly,2
decline,2
st,2
paid,2
value,2
provided,2
raleigh,2
reducing,2
nations,2
irs,2
likely,2
power,2
service,2
might,2
merits,2
female,2
sect,2
communities,2
competition,2
yet,2
opportunities,2
security,2
happened,2
under,2
us,2
favorable,2
included,2
home,2
light,2
largest,2
without,2
highways,2
lined,2
investor,2
declining,2
investors,2
falling,2
toward,2
financial,2
really,2
larger,2
interior,2
took,2
paris,2
ground,2
model,2
income,2
focusing,2
japan,2
perhaps,2
books,2
arcade,2
convenient,2
kansas,2
credit,2
investment,2
discrimination,2
encouraged,2
entirely,2
unfortunately,2
bazaar,2
evolution,2
national,2
office,2
dominated,2
general,2
individual,2
motorcar,2
features,2
standard,2
thomas,2
systems,2
effect,2
seattle,2
hartford,2
story,2
we,2
ago,2
sprawl,2
factors,2
wage,2
she,2
fear,2
citizens,2
suburbanization,2
lost,2
pop,2
panhandlers,2
why,2
britain,2
frontier,2
centuries,2
fought,2
door,2
austria,2
environment,2
fifteen,2
practice,2
grand,2
kowinski,2
extensive,2
subsidized,2
physical,2
marketplaces,2
alternative,2
paper,2
innovations,2
capital,2
ubiquitous,2
alexander,2
down,2
wall,2
speech,2
post,2
last,2
movie,2
past,2
rural,2
type,2
scores,2
severini,2
according,2
whether,2
terms,2
form,2
particular,2
austrian,2
constitutional,2
virginia,2
code,2
given,2
subject,2
regulated,2
happens,2
cambridge,2
twentieth,2
course,2
evidence,2
you,2
defined,2
association,2
say,2
era,2
ownership,2
focus,2
recent,2
famous,2
longer,2
doing,2
courts,1
tourists,1
countryside,1
razed,1
wanamaker,1
horror,1
scepter,1
trick,1
brighter,1
dominant,1
famed,1
duomo,1
mostly,1
surround,1
struggle,1
triple,1
common,1
fertile,1
estate,1
generous,1
vienna,1
facade,1
winds,1
represent,1
defining,1
everyone,1
personnel,1
extend,1
burlesque,1
goldsmith,1
arrive,1
determine,1
trojan,1
accented,1
red,1
mindlessly,1
eliminated,1
starts,1
connecticut,1
desirability,1
passing,1
everybody,1
police,1
becoming,1
belts,1
nebraska,1
anchor,1
reflections,1
piscataway,1
neighborhoods,1
live,1
services,1
federal,1
peaks,1
lizards,1
sure,1
pornography,1
earnings,1
operated,1
former,1
weaker,1
lawns,1
motive,1
protection,1
comparisons,1
cycles,1
harsh,1
presents,1
deliveries,1
ambitious,1
stretches,1
feels,1
arguing,1
geist,1
diffusion,1
file,1
lower,1
being,1
anything,1
boosters,1
kohl,1
barbecue,1
gap,1
australia,1
undermine,1
jesse,1
modest,1
interests,1
setting,1
boorstin,1
fund,1
give,1
contrasted,1
jostled,1
rapid,1
location,1
opted,1
socks,1
burlington,1
tolerated,1
stretch,1
advanced,1
tourist,1
winding,1
seems,1
nature,1
asia,1
bloomington,1
hong,1
company,1
reach,1
available,1
refugee,1
ahr,1
advantage,1
neal,1
desire,1
highland,1
sang,1
boer,1
wither,1
wade,1
roland,1
givenchy,1
brainchild,1
studied,1
able,1
atlantic,1
sultans,1
composition,1
chilling,1
court,1
antitrust,1
products,1
real,1
graham,1
xx,1
feature,1
roosevelt,1
chancellor,1
improved,1
mind,1
murray,1
stand,1
precisely,1
robert,1
invalid,1
profitable,1
behind,1
daniel,1
worldwide,1
mezzanine,1
depends,1
system,1
nationwide,1
case,1
empty,1
taipei,1
forum,1
existence,1
tyson,1
east,1
historians,1
money,1
paved,1
primary,1
sought,1
aisles,1
design,1
egyptians,1
busy,1
eiffel,1
magnificent,1
howard,1
compelling,1
outlying,1
wag,1
tracing,1
slight,1
moscow,1
move,1
richard,1
magazine,1
obvious,1
unsuccessfully,1
purchases,1
dutch,1
taking,1
events,1
owners,1
conception,1
laws,1
cited,1
bottom,1
agora,1
emporium,1
decreasing,1
recapture,1
edina,1
chronic,1
hankyu,1
unhappy,1
prototype,1
lights,1
collection,1
sign,1
attract,1
shut,1
acres,1
human,1
conflict,1
berlin,1
wonderfully,1
includes,1
palais,1
silent,1
married,1
announce,1
translates,1
trolley,1
montreal,1
reverse,1
inner,1
professor,1
visited,1
immaculate,1
magic,1
afterthought,1
de,1
retailer,1
author,1
corner,1
outrage,1
vergara,1
ability,1
reminding,1
adopted,1
santa,1
walter,1
price,1
demographer,1
encyclopedia,1
mcdonalds,1
branson,1
reshape,1
cruising,1
seeming,1
sample,1
privilege,1
vault,1
bakeries,1
kowloon,1
kind,1
exhausted,1
nazis,1
bus,1
fountain,1
pretensions,1
speculative,1
clark,1
channeled,1
feasible,1
burgeoning,1
profound,1
back,1
architect,1
encompass,1
highest,1
speed,1
serving,1
completing,1
shopped,1
houses,1
rediscovering,1
forgiven,1
afford,1
twice,1
fourth,1
overwhelmed,1
profit,1
swiss,1
vincent,1
blue,1
sin,1
look,1
walkways,1
macy,1
boom,1
supermarket,1
edifices,1
generation,1
quiet,1
jerusalem,1
summer,1
pedestrians,1
poorly,1
newark,1
sears,1
loopholes,1
distribution,1
pay,1
failed,1
incentives,1
rights,1
civilization,1
poor,1
skyscrapers,1
enhancing,1
philadelphia,1
recognized,1
hamburg,1
essential,1
depreciate,1
makeover,1
midtown,1
economy,1
frustration,1
flagship,1
traffic,1
expanding,1
predictably,1
essence,1
stop,1
edward,1
mammoth,1
breadth,1
influential,1
landscape,1
biggest,1
gum,1
hughes,1
consumes,1
exercise,1
mean,1
funds,1
players,1
parents,1
neighborhood,1
whyte,1
proportion,1
legal,1
thing,1
similar,1
maxx,1
b,1
parts,1
desperately,1
contributions,1
winters,1
lacking,1
adept,1
beats,1
bookstore,1
consequences,1
moreover,1
memphis,1
support,1
heaviest,1
understand,1
downward,1
settled,1
dean,1
wages,1
lighted,1
wanted,1
praise,1
ellickson,1
organization,1
established,1
slowly,1
antiseptic,1
branch,1
energy,1
proved,1
section,1
elevated,1
n,1
dominate,1
remaking,1
plaster,1
argued,1
listed,1
profile,1
upper,1
age,1
four,1
operate,1
superior,1
stewart,1
behemoths,1
montrealers,1
connecting,1
defines,1
christmas,1
sinatra,1
restaurant,1
pierre,1
hit,1
care,1
mo,1
helped,1
films,1
detroit,1
providing,1
cut,1
view,1
paragraph,1
commanded,1
atlanta,1
chester,1
climatecontrolled,1
contention,1
royal,1
sardinians,1
advance,1
remembered,1
entrepreneurs,1
walk,1
exhibition,1
corridors,1
allow,1
future,1
fortunes,1
found,1
begun,1
neon,1
missouri,1
changed,1
shires,1
isle,1
relate,1
balkanization,1
hulk,1
upscale,1
mantra,1
term,1
big,1
academic,1
unions,1
schwanke,1
further,1
belleview,1
staples,1
occupation,1
chinese,1
understood,1
fusion,1
italians,1
effective,1
goody,1
career,1
tambourines,1
population,1
frequency,1
symbols,1
cannot,1
feminine,1
excellent,1
otherwise,1
osaka,1
safe,1
cruciform,1
doesn,1
feudal,1
explain,1
facilities,1
taught,1
find,1
wide,1
method,1
clone,1
fixtures,1
mushroomed,1
expensive,1
failure,1
vagrants,1
lakeside,1
claiming,1
basis,1
line,1
flourish,1
egalitarian,1
used,1
leasing,1
formerly,1
publish,1
residents,1
received,1
reid,1
start,1
glitzy,1
ku,1
protected,1
prominent,1
county,1
horse,1
visitors,1
claus,1
sydney,1
multiplied,1
pyramids,1
marketplace,1
journals,1
positions,1
minority,1
loss,1
overview,1
peaked,1
describe,1
island,1
policies,1
expansive,1
pyramid,1
literally,1
johann,1
keep,1
densely,1
shopkeepers,1
oaks,1
rocked,1
rows,1
thereafter,1
overhead,1
doors,1
outdoors,1
rise,1
newspaper,1
believes,1
compact,1
systematic,1
teenagers,1
litter,1
exurban,1
either,1
rewritten,1
traders,1
navigate,1
topkapi,1
earth,1
legions,1
hard,1
working,1
useful,1
wildly,1
shaping,1
suggest,1
involve,1
next,1
box,1
prohibits,1
theater,1
clothes,1
exclude,1
quite,1
midst,1
settlement,1
bank,1
family,1
banging,1
affluent,1
characteristics,1
shapes,1
wider,1
choose,1
unleased,1
legitimize,1
renovation,1
deco,1
depression,1
industry,1
brought,1
comfort,1
tightened,1
schedules,1
petition,1
boundaries,1
sculptures,1
emmanuel,1
impossible,1
budgets,1
tracks,1
freeway,1
ornamented,1
shirlington,1
confluence,1
ghost,1
finds,1
affectations,1
cemetery,1
am,1
enjoy,1
geographical,1
activities,1
worley,1
avoid,1
umeda,1
periods,1
advertised,1
battle,1
defended,1
partially,1
emanuele,1
jest,1
demand,1
ventured,1
functioning,1
pushes,1
action,1
subverted,1
spectacle,1
melbourne,1
overall,1
essex,1
schaumburg,1
smart,1
corporation,1
return,1
interiors,1
denominator,1
april,1
still,1
above,1
intervention,1
make,1
garden,1
hubler,1
comments,1
strife,1
wind,1
ceilings,1
magenta,1
decisions,1
innovation,1
direction,1
bread,1
interstate,1
frank,1
prolongation,1
outlets,1
trains,1
liability,1
fringe,1
push,1
seaweed,1
makes,1
rules,1
marginal,1
suspicious,1
offensive,1
esoteric,1
rain,1
windows,1
reversed,1
restricted,1
official,1
neither,1
ancient,1
mullin,1
informal,1
infrastructure,1
rightly,1
pioneered,1
lord,1
newcomer,1
choices,1
lll,1
warmth,1
baltimore,1
floor,1
demonstrates,1
friedrich,1
al,1
already,1
parly,1
containing,1
qualified,1
reports,1
walkway,1
enforce,1
increasingly,1
bar,1
twin,1
sector,1
retired,1
bars,1
members,1
walled,1
gillette,1
french,1
paul,1
houston,1
book,1
hoyt,1
observers,1
ponte,1
respectable,1
again,1
spend,1
mcquiston,1
performs,1
experienced,1
efforts,1
barzun,1
outskirts,1
lack,1
arlington,1
reinvention,1
sing,1
treatment,1
scholars,1
blocks,1
revenue,1
music,1
plan,1
trips,1
match,1
tober,1
developed,1
sleepy,1
clerks,1
forces,1
motorist,1
inevitably,1
remarked,1
commemorate,1
cure,1
fallen,1
focuses,1
loop,1
end,1
everything,1
contemporary,1
variation,1
commuting,1
pennsylvania,1
rae,1
man,1
automobiles,1
oc,1
utilize,1
prerevolutionary,1
entertained,1
planners,1
channel,1
versailles,1
transit,1
ages,1
klan,1
hand,1
adjacent,1
v,1
present,1
chain,1
centre,1
cards,1
liberalized,1
covered,1
operating,1
incongruity,1
empire,1
less,1
foot,1
homer,1
necessary,1
material,1
colony,1
vittorio,1
native,1
eds,1
sell,1
distance,1
coined,1
streets,1
encountered,1
chair,1
sternlieb,1
valleys,1
desires,1
landscaping,1
notion,1
kong,1
imagine,1
original,1
demonstrated,1
kotval,1
classes,1
spending,1
oil,1
discussion,1
averaged,1
churches,1
survive,1
success,1
skepticism,1
examples,1
observable,1
explanation,1
accompanying,1
scheme,1
values,1
writings,1
ardmore,1
including,1
procedure,1
depended,1
increase,1
trends,1
stables,1
canals,1
ruthless,1
louis,1
top,1
computers,1
thriving,1
controlling,1
waste,1
expression,1
use,1
food,1
clerking,1
faltered,1
rats,1
rivers,1
virtually,1
trend,1
variables,1
franklin,1
chosen,1
full,1
dismissed,1
complicated,1
nevertheless,1
bedroom,1
shelter,1
attraction,1
depot,1
low,1
karlen,1
clear,1
three,1
formulaic,1
points,1
ottoman,1
victory,1
maintenance,1
urge,1
august,1
allowed,1
spread,1
gates,1
him,1
high,1
darby,1
eyesore,1
panels,1
homogenized,1
rike,1
anyone,1
renewal,1
losing,1
provides,1
lose,1
adequately,1
latter,1
imagination,1
conveniences,1
favored,1
pump,1
coercive,1
internal,1
article,1
trying,1
toledo,1
parade,1
chapel,1
bordered,1
northgate,1
successors,1
can,1
leasable,1
leaflets,1
james,1
departmental,1
extravagance,1
looks,1
bored,1
greece,1
ate,1
italy,1
protestors,1
equivalent,1
attracted,1
invented,1
haven,1
controversial,1
fee,1
bygone,1
decay,1
decision,1
kaisergalerie,1
performing,1
clusters,1
screeching,1
increasing,1
fails,1
farm,1
dealing,1
carried,1
asking,1
helmut,1
layouts,1
abundance,1
footage,1
wisdom,1
bake,1
independent,1
continued,1
seventeen,1
george,1
garvin,1
crucial,1
five,1
replayed,1
impressive,1
maps,1
pieces,1
ironically,1
snack,1
reason,1
concluding,1
seen,1
transformed,1
contrary,1
castles,1
bamberger,1
yale,1
attentionon,1
bicycle,1
parcel,1
visual,1
contribution,1
tower,1
try,1
plains,1
length,1
diagnosis,1
changes,1
taxation,1
amusement,1
woodfield,1
inspired,1
glaberson,1
existed,1
interconnected,1
hope,1
disagrees,1
fields,1
cardin,1
months,1
itself,1
face,1
canada,1
articles,1
unusual,1
gathered,1
crowded,1
meant,1
earliest,1
considered,1
wars,1
rolling,1
monument,1
flies,1
growing,1
senior,1
singles,1
comes,1
westmount,1
conclusion,1
gadget,1
misconduct,1
complexes,1
orlando,1
simply,1
steel,1
ever,1
sam,1
theme,1
shop,1
spots,1
witold,1
symbol,1
sciences,1
livery,1
set,1
posh,1
mirrors,1
quickly,1
know,1
revealingly,1
hampton,1
monthly,1
commonplace,1
socialize,1
guaranteed,1
specialized,1
expenditures,1
fairs,1
global,1
cortland,1
interested,1
cautiously,1
albeit,1
gone,1
leaders,1
brick,1
genus,1
current,1
regard,1
eventually,1
skid,1
losses,1
linked,1
contradictory,1
obviously,1
very,1
audience,1
trailing,1
turnovers,1
u,1
hamlets,1
works,1
living,1
better,1
evident,1
concrete,1
turned,1
phd,1
subterranean,1
ladies,1
camilo,1
butcher,1
dayton,1
correlate,1
rests,1
purchase,1
boarded,1
etched,1
notable,1
capita,1
persuasively,1
barre,1
designers,1
making,1
cause,1
nearby,1
thirty,1
dallas,1
clyde,1
mere,1
protective,1
ruin,1
problem,1
catered,1
her,1
shakespeare,1
yield,1
huge,1
apartment,1
agreed,1
scenarios,1
ideal,1
threat,1
hundreds,1
waterfalls,1
art,1
travel,1
middle,1
football,1
popular,1
socioeconomic,1
boston,1
intention,1
level,1
shopfronts,1
occasionally,1
trees,1
characters,1
paradise,1
clout,1
ruled,1
ill,1
yehoshua,1
alleges,1
introduced,1
plummeted,1
despite,1
marble,1
subsidies,1
alternatives,1
became,1
republic,1
handouts,1
convinced,1
giving,1
die,1
entrepreneur,1
controls,1
hawkers,1
conventional,1
rochester,1
taxpayer,1
summarizes,1
roofed,1
zenia,1
maintained,1
firms,1
think,1
frivolous,1
come,1
eric,1
klux,1
question,1
singapore,1
ultimately,1
istanbul,1
instructive,1
argument,1
backyard,1
argues,1
editor,1
difference,1
electronic,1
dazzling,1
conditions,1
jacques,1
subsidizing,1
charge,1
completed,1
crisis,1
insight,1
elevator,1
grown,1
include,1
deduction,1
usa,1
range,1
need,1
forbes,1
green,1
product,1
autumn,1
disney,1
area,1
peripheries,1
measured,1
enclosure,1
remains,1
speak,1
increased,1
financially,1
offered,1
observation,1
decent,1
charlotte,1
decentralize,1
colorful,1
justify,1
hills,1
inasmuch,1
substantial,1
exclusively,1
predictable,1
little,1
interaction,1
develop,1
abandoned,1
strong,1
seek,1
petula,1
comparable,1
tired,1
should,1
tract,1
spokane,1
sculptured,1
race,1
close,1
super,1
reversing,1
occur,1
