WORDCOUNTS,WEIGHT
the,96
and,84
of,61
in,46
to,20
cuban,13
a,13
that,12
s,12
american,11
cuba,11
states,11
united,10
with,10
political,10
history,9
for,9
historical,9
america,9
were,9
marti,9
their,8
historians,8
de,8
spanish,8
between,8
as,7
was,7
from,7
colonial,7
by,7
also,7
adelman,7
aron,7
borders,7
british,7
latin,6
its,6
on,6
century,5
his,5
slavery,5
en,5
not,5
interpretation,5
empires,5
colonialism,5
spain,5
while,5
u,5
madrid,5
this,5
y,5
he,4
racial,4
intervention,4
university,4
nineteenth,4
are,4
other,4
rule,4
intellectuals,4
i,4
them,4
trade,4
barricades,4
borderlands,4
americas,4
those,4
north,4
la,4
at,3
economic,3
vision,3
how,3
institutions,3
they,3
one,3
often,3
see,3
favor,3
former,3
argued,3
only,3
military,3
might,3
intellectual,3
many,3
had,3
ebert,3
cubans,3
antonio,3
war,3
empire,3
has,3
ideas,3
our,3
review,3
until,3
own,3
jose,3
motives,3
christopher,3
an,3
model,2
rico,2
situation,2
nonetheless,2
rivalries,2
transnational,2
abolished,2
groups,2
colonialisms,2
theorizing,2
process,2
independence,2
ensayos,2
canada,2
religious,2
is,2
interpretive,2
perojo,2
historiographical,2
these,2
most,2
two,2
department,2
democratic,2
first,2
origins,2
beyond,2
sources,2
bolton,2
more,2
important,2
growth,2
turner,2
ambitions,2
new,2
events,2
distinctive,2
past,2
though,2
puerto,2
el,2
nationalist,2
sovereignty,2
colonies,2
foundations,2
imperial,2
suggests,2
some,2
permitted,2
october,2
los,2
del,2
politica,2
questions,2
processes,2
project,2
against,2
have,2
essay,2
like,2
would,2
distinction,2
contrast,2
distinct,2
latter,2
especially,2
slave,2
through,2
obscure,2
preserving,2
world,2
than,2
connections,2
about,2
sistemnas,1
european,1
loyal,1
it,1
press,1
portuguese,1
decentralized,1
simultaneously,1
relationship,1
second,1
americans,1
struggle,1
foreshadowing,1
hegemony,1
raise,1
territorial,1
without,1
common,1
rather,1
bred,1
raza,1
slaveowners,1
absent,1
across,1
pittsburgh,1
short,1
gradual,1
louis,1
depth,1
created,1
comparative,1
concern,1
hill,1
labra,1
ironically,1
selflessness,1
annexing,1
cooper,1
trans,1
implies,1
mean,1
exceptional,1
april,1
alone,1
affinity,1
sobre,1
compensated,1
invaded,1
interactions,1
lasted,1
overlap,1
progressive,1
manifest,1
incomprehensible,1
similar,1
backdrop,1
movement,1
center,1
southern,1
countries,1
parts,1
seemingly,1
polftica,1
pondered,1
dialogue,1
foner,1
prefigured,1
essays,1
stone,1
linkages,1
moreover,1
continent,1
when,1
itself,1
articles,1
studies,1
york,1
thought,1
counterparts,1
vastly,1
barcelona,1
metropolis,1
saco,1
historia,1
stephen,1
seem,1
eley,1
western,1
sophistication,1
perceived,1
into,1
seeks,1
then,1
teaches,1
thinking,1
unfree,1
culture,1
threatening,1
intermixture,1
n,1
lessons,1
solidified,1
ed,1
but,1
too,1
peoples,1
resorted,1
experience,1
regulated,1
superior,1
moments,1
invoked,1
cast,1
social,1
present,1
rival,1
useful,1
regime,1
estutdios,1
lead,1
comprehend,1
leader,1
jackson,1
exploitation,1
permanent,1
drew,1
interests,1
exclusive,1
book,1
challenge,1
coloniales,1
frederick,1
later,1
nationalists,1
motivations,1
respecting,1
view,1
over,1
trajectories,1
mutually,1
current,1
ask,1
ouramerica,1
emerged,1
image,1
j,1
spaniard,1
expressed,1
herbert,1
officials,1
historiography,1
words,1
my,1
different,1
worth,1
based,1
subject,1
shaped,1
attractive,1
believe,1
head,1
best,1
leading,1
societies,1
leaders,1
ahr,1
mds,1
instability,1
elinor,1
great,1
reasons,1
wrote,1
right,1
differences,1
geoff,1
forces,1
unilaterally,1
foundation,1
mutndo,1
variegated,1
borne,1
spaniards,1
studied,1
primzitiva,1
brazil,1
hundred,1
stop,1
paises,1
end,1
contemporary,1
debt,1
examining,1
considerable,1
incurring,1
vigorous,1
help,1
inadvertently,1
struggles,1
appeared,1
works,1
elected,1
rafael,1
historian,1
persistence,1
forms,1
historicity,1
hispanic,1
ages,1
state,1
phd,1
emphasized,1
antillean,1
do,1
monographs,1
supporters,1
william,1
informed,1
cultural,1
scholarly,1
rent,1
ambiguous,1
where,1
what,1
economy,1
michigan,1
within,1
aspects,1
reservation,1
context,1
tools,1
recently,1
axes,1
reinforce,1
answer,1
case,1
excellent,1
intertwined,1
otherwise,1
inclusive,1
forum,1
colony,1
however,1
rationales,1
separatists,1
esclavituid,1
explain,1
taught,1
compelled,1
unaware,1
siglo,1
sought,1
out,1
firm,1
briefly,1
because,1
ceded,1
divide,1
cronon,1
well,1
violent,1
regarding,1
voice,1
another,1
local,1
published,1
almost,1
seeking,1
felt,1
ideal,1
interrelated,1
politics,1
bond,1
relief,1
morales,1
exploring,1
diverse,1
subaltern,1
pretend,1
middle,1
theoretical,1
gratitude,1
both,1
estados,1
alter,1
explanation,1
angulo,1
richard,1
commonalties,1
espafia,1
preferred,1
randall,1
imagined,1
writings,1
discrimination,1
multiple,1
elfin,1
patricia,1
conceptual,1
reflecting,1
including,1
illes,1
annexation,1
civil,1
transcended,1
related,1
actors,1
along,1
peacefully,1
positions,1
europeans,1
caught,1
histoiy,1
territory,1
warfare,1
during,1
arguments,1
policies,1
broad,1
maria,1
gilberto,1
indians,1
work,1
labor,1
segregation,1
throw,1
conflict,1
limerick,1
contrasts,1
heredia,1
which,1
border,1
contentious,1
reflect,1
formation,1
strife,1
models,1
predominance,1
survival,1
subsequent,1
stanford,1
such,1
years,1
development,1
received,1
trends,1
three,1
moral,1
abolish,1
numerous,1
authors,1
made,1
institutional,1
se,1
national,1
rebecca,1
good,1
interpret,1
fordham,1
defeat,1
responses,1
ended,1
offer,1
moment,1
mixed,1
defense,1
africana,1
raises,1
although,1
commerce,1
havana,1
jeremy,1
imperis,1
coexistence,1
jr,1
so,1
freyere,1
especial,1
atn,1
theorized,1
writer,1
intermixing,1
effects,1
lie,1
esclavitiud,1
off,1
unidos,1
squarely,1
fred,1
nelson,1
emerging,1
event,1
pretensions,1
clashes,1
archaic,1
inscribed,1
david,1
perspective,1
bachiller,1
concerning,1
supported,1
june,1
subjects,1
highly,1
satisfy,1
eyes,1
response,1
chapel,1
africans,1
antislavety,1
tightened,1
themselves,1
c,1
distinguished,1
weber,1
scott,1
britain,1
caribbean,1
coloniial,1
philip,1
budgets,1
apparatus,1
be,1
vein,1
bonds,1
weight,1
fears,1
views,1
even,1
white,1
look,1
gaze,1
nutevo,1
among,1
saw,1
philippines,1
should,1
ago,1
lincoln,1
doing,1
acted,1
built,1
encompassing,1
moved,1
actions,1
customs,1
virtual,1
ica,1
deeper,1
society,1
draw,1
