WORDCOUNTS,WEIGHT
the,1021
of,644
and,542
to,481
in,468
a,291
that,171
for,165
s,148
family,127
on,123
their,122
were,116
women,113
african,109
as,100
workers,94
was,93
by,88
government,85
allowances,83
with,80
be,73
nigeria,69
lagos,67
is,67
labor,66
not,64
they,63
wage,63
market,61
it,60
strike,60
but,59
june,58
men,57
from,57
wages,56
nigerian,54
had,54
trade,53
at,52
colonial,52
this,50
west,47
living,45
an,44
cost,42
children,42
would,42
union,39
his,38
historical,37
support,35
social,35
africa,35
families,35
see,34
which,34
american,33
pilot,33
more,33
also,32
work,32
officials,32
or,32
britain,31
report,31
review,30
tudor,30
male,30
davies,30
civil,29
wives,29
are,29
gender,28
who,28
general,27
he,27
secretary,26
state,26
some,26
railway,26
british,25
no,25
working,25
food,25
european,25
did,25
should,25
household,25
such,24
unionists,24
into,22
traders,22
lindsay,22
them,22
have,22
most,21
because,21
when,21
pelewura,21
all,20
other,20
those,20
political,20
than,20
pay,20
prices,20
separation,20
after,20
class,20
although,20
could,19
harragin,19
unions,19
paid,19
only,19
new,19
over,19
commission,19
pullen,19
cooper,19
i,18
even,18
may,18
servants,18
imoudu,18
ibadan,18
breadwinner,17
local,17
lisa,17
about,17
income,17
labour,17
her,17
between,17
europeans,16
one,16
history,16
own,16
domesticity,16
where,16
made,16
we,16
if,15
war,15
during,15
economic,15
been,15
acstwu,15
our,15
meeting,15
there,14
issue,14
memorandum,14
worker,14
chief,14
part,14
increase,14
low,14
so,14
what,14
through,14
first,13
scheme,13
africans,13
argued,13
well,13
its,13
both,13
service,13
chap,13
many,13
colony,13
him,13
households,13
percent,13
often,13
has,13
rose,13
commissioner,13
difference,13
much,13
leaders,12
money,12
thus,12
price,12
employees,12
out,12
society,12
movement,12
home,12
two,12
time,12
council,12
claims,12
control,12
earners,12
husbands,11
t,11
inflation,11
order,11
provided,11
same,11
these,11
people,11
french,11
decolonization,11
she,11
life,11
urban,11
must,11
suggested,10
live,10
before,10
politics,10
point,10
since,10
gari,10
like,10
y,10
based,10
wife,10
world,10
will,10
still,10
country,10
december,10
early,10
studies,9
policy,9
reproduction,9
help,9
salary,9
citizenship,9
july,9
yoruba,9
university,9
m,9
relatives,9
london,9
madam,9
nai,9
southern,9
j,9
members,9
extended,9
august,9
period,9
black,9
strikers,9
azikiwe,9
then,9
oyemakinde,9
appendix,9
domestic,9
controls,9
years,9
among,9
go,8
pedersen,8
official,8
racial,8
march,8
recommendations,8
author,8
relations,8
employers,8
journal,8
rather,8
l,8
importance,8
n,8
welfare,8
too,8
demands,8
public,8
january,8
technical,8
r,8
macaulay,8
policies,8
can,8
least,8
up,8
limited,8
make,8
again,8
europe,8
financial,8
eds,8
similar,8
continued,8
provide,8
began,8
alimotu,8
cities,8
economy,8
nationalist,8
allowance,8
unemployed,8
while,8
became,8
johnson,8
given,8
now,7
way,7
later,7
second,7
earning,7
interests,7
daily,7
case,7
mass,7
vol,7
throughout,7
married,7
september,7
gendered,7
marriage,7
costs,7
bankole,7
represented,7
certain,7
benefits,7
putting,7
your,7
colonies,7
future,7
line,7
protest,7
few,7
wrote,7
coleman,7
earned,7
noted,7
frederick,7
man,7
do,7
less,7
sell,7
supplies,7
services,7
especially,7
study,7
governor,7
rpt,7
force,7
any,7
february,7
month,7
calif,7
maintain,7
generally,7
crisis,7
you,7
association,7
increased,7
supported,7
favor,6
earnings,6
track,6
every,6
take,6
within,6
account,6
railwaymen,6
development,6
health,6
clark,6
contributions,6
means,6
w,6
bridges,6
important,6
emejulu,6
my,6
migrant,6
called,6
markets,6
population,6
record,6
however,6
basis,6
used,6
received,6
supreme,6
keep,6
status,6
livelihoods,6
trading,6
situation,6
november,6
equality,6
female,6
community,6
yet,6
under,6
power,6
efforts,6
enough,6
jobs,6
strategies,6
necessary,6
number,6
day,6
mothers,6
discrimination,6
including,6
histo,6
relative,6
attention,6
husband,6
mba,6
employment,6
colonizers,6
senior,6
berkeley,6
according,6
terms,6
particular,6
little,6
respectable,6
administration,6
conditions,6
does,5
obligations,5
e,5
told,5
large,5
asserted,5
modern,5
position,5
committee,5
allies,5
being,5
stressed,5
ii,5
attempt,5
nature,5
frader,5
reply,5
october,5
along,5
minimum,5
letter,5
chiefs,5
dependence,5
kind,5
adjustment,5
old,5
compromise,5
book,5
century,5
levels,5
tensions,5
days,5
anid,5
officer,5
mamdani,5
struggles,5
furthermore,5
applied,5
grounds,5
masculinity,5
year,5
employed,5
good,5
change,5
next,5
involved,5
sufficient,5
f,5
april,5
expatriates,5
tax,5
editorial,5
without,5
structures,5
ananaba,5
head,5
areas,5
nigerians,5
emecheta,5
question,5
took,5
increases,5
relevant,5
michael,5
free,5
meetings,5
gorsuch,5
office,5
rejected,5
maintenance,5
chair,5
kept,5
never,5
favored,5
outside,5
masculine,5
postwar,5
northern,5
saw,5
stalls,5
lines,5
widespread,5
education,5
itself,5
insurance,5
considered,5
school,5
cola,5
woman,5
ran,5
very,5
goods,5
rural,5
extent,5
annual,5
incomes,5
marketing,5
press,5
arguments,5
argument,5
specific,5
formal,5
c,5
difficult,4
nnamdi,4
o,4
just,4
group,4
library,4
metropole,4
expatriate,4
lower,4
worked,4
down,4
able,4
survey,4
mr,4
raised,4
context,4
expenses,4
move,4
himself,4
economies,4
complained,4
agitation,4
cases,4
universalistic,4
citizen,4
york,4
town,4
expected,4
how,4
comparable,4
vs,4
granted,4
white,4
colonialism,4
spent,4
came,4
rule,4
young,4
though,4
equal,4
dependents,4
breadwinners,4
representatives,4
relief,4
minute,4
laura,4
example,4
related,4
gave,4
collective,4
actually,4
away,4
contrast,4
rates,4
research,4
reported,4
inability,4
sonya,4
seemed,4
demand,4
taken,4
return,4
acknowledged,4
communities,4
recommendation,4
added,4
disorderly,4
god,4
included,4
assistance,4
ed,4
already,4
rise,4
payments,4
organizations,4
leader,4
majority,4
toward,4
pointed,4
responsibilities,4
arguing,4
fact,4
foodstuffs,4
john,4
end,4
debates,4
joys,4
stuff,4
interview,4
elite,4
concern,4
significant,4
largely,4
congress,4
stoler,4
eligible,4
described,4
olusanya,4
high,4
standard,4
effect,4
separate,4
raise,4
supporting,4
crucial,4
fixing,4
citizens,4
cso,4
mobilized,4
set,4
refused,4
different,4
feed,4
stability,4
making,4
rising,4
hoped,4
threat,4
intended,4
bargaining,4
until,4
cambridge,4
d,4
paychecks,4
france,4
off,4
particularities,4
needs,4
rest,4
themselves,4
supply,4
laborers,4
shonekan,4
race,4
bernard,3
transportation,3
done,3
estimated,3
protests,3
groups,3
announced,3
ultimate,3
ultimatum,3
replaced,3
h,3
respectability,3
considerations,3
allow,3
total,3
said,3
justify,3
long,3
steady,3
might,3
refusal,3
emerged,3
england,3
words,3
entitlements,3
great,3
reasons,3
court,3
nationalism,3
petty,3
proposals,3
system,3
eastern,3
primary,3
polygamy,3
likely,3
demanded,3
interviews,3
colonized,3
nndp,3
human,3
otherwise,3
regarding,3
conflict,3
immediate,3
against,3
g,3
admitted,3
forced,3
items,3
fees,3
subjects,3
ithaca,3
slave,3
oxford,3
cohen,3
farmers,3
spite,3
influence,3
industries,3
incentives,3
rights,3
poor,3
whose,3
nairobi,3
frustration,3
across,3
centered,3
developed,3
resident,3
province,3
knew,3
politicians,3
earlier,3
b,3
scales,3
organized,3
elsewhere,3
notions,3
bere,3
hereafter,3
instance,3
helped,3
providers,3
opinion,3
providing,3
opening,3
response,3
acting,3
blamed,3
centers,3
international,3
dispute,3
late,3
pro,3
cultural,3
morning,3
circular,3
michigan,3
find,3
opposition,3
information,3
having,3
industrial,3
unless,3
prompted,3
norm,3
calls,3
issues,3
broad,3
us,3
director,3
weeks,3
either,3
citing,3
exclusionary,3
around,3
small,3
recognition,3
concerns,3
governments,3
brought,3
tended,3
progress,3
necessity,3
productivity,3
wale,3
south,3
portion,3
practices,3
entitled,3
located,3
comparative,3
brief,3
nearly,3
scarcity,3
selling,3
recognized,3
housing,3
meanwhile,3
thought,3
department,3
enterprises,3
sector,3
published,3
retired,3
administrators,3
similarly,3
backed,3
divorce,3
larger,3
workman,3
rhetoric,3
present,3
model,3
yorubaland,3
native,3
metropolitan,3
compelled,3
original,3
credit,3
father,3
examples,3
upon,3
parents,3
budget,3
sold,3
permanent,3
engaged,3
clear,3
three,3
oyo,3
language,3
co,3
held,3
homes,3
payment,3
mining,3
ann,3
exactly,3
structure,3
joint,3
nrc,3
division,3
sudarkasa,3
bourdillon,3
enquity,3
ministry,3
inside,3
empire,3
contribution,3
construction,3
fall,3
months,3
get,3
paying,3
meant,3
series,3
comparison,3
mercantile,3
circumstances,3
extending,3
believed,3
creighton,3
column,3
know,3
monthly,3
thwart,3
universalist,3
audience,3
type,3
turned,3
charged,3
ones,3
want,3
firmly,3
shall,3
secure,3
copperbelt,3
anna,3
ideal,3
overtime,3
introduced,3
buy,3
subject,3
measure,3
maintained,3
postcolonial,3
ultimately,3
commercial,3
average,3
twentieth,3
accept,3
consumers,3
include,3
need,3
susan,3
attempted,3
breeches,3
profits,3
reached,3
era,3
images,3
north,3
frequent,2
struggle,2
common,2
herself,2
concerned,2
commitment,2
jane,2
obafemi,2
adoption,2
introduction,2
federation,2
per,2
expect,2
needed,2
engendering,2
envisioned,2
tosh,2
join,2
completely,2
former,2
greater,2
ambitious,2
siblings,2
mahmood,2
nineteenth,2
something,2
serialized,2
claire,2
member,2
implemented,2
ideas,2
creation,2
okediji,2
production,2
fund,2
universalizing,2
shortage,2
knowing,2
seems,2
principles,2
available,2
advantage,2
studied,2
shillings,2
interviewed,2
stand,2
keith,2
staff,2
educate,2
livelihood,2
rethinking,2
papers,2
akin,2
side,2
forthcoming,2
east,2
historians,2
guidelines,2
nose,2
america,2
advisory,2
agriculture,2
right,2
custom,2
welcome,2
reproducing,2
professor,2
far,2
sent,2
quantity,2
cited,2
engage,2
marlow,2
benefit,2
problems,2
shouting,2
gms,2
central,2
railwayman,2
jide,2
disorder,2
southwestern,2
difficulties,2
run,2
medical,2
arrested,2
due,2
interest,2
relatively,2
regarded,2
moment,2
consumer,2
issued,2
walter,2
excuses,2
conducted,2
funds,2
unity,2
detention,2
nor,2
times,2
stabilized,2
amount,2
compulsory,2
radio,2
wiser,2
compared,2
applying,2
left,2
third,2
sincerely,2
essays,2
helping,2
repudiated,2
leadership,2
weakness,2
resulted,2
higher,2
failed,2
colour,2
colin,2
alleged,2
observers,2
links,2
bring,2
main,2
sort,2
oyeneye,2
enquiiy,2
fair,2
indirect,2
summarized,2
productive,2
front,2
supposed,2
reason,2
analogous,2
provinces,2
affect,2
ensure,2
wanted,2
histoty,2
peasant,2
clearly,2
quoted,2
traces,2
weak,2
umbrella,2
age,2
four,2
show,2
reiterated,2
commented,2
wire,2
statement,2
deputy,2
followed,2
belgian,2
willing,2
export,2
faced,2
unrest,2
view,2
appear,2
promote,2
unlike,2
result,2
beveridge,2
whom,2
sooner,2
six,2
train,2
here,2
search,2
p,2
holding,2
ebute,2
census,2
radical,2
brokers,2
further,2
kinship,2
supporters,2
ceases,2
healthy,2
job,2
stressing,2
mabogunje,2
unemployment,2
meet,2
promise,2
suffered,2
wealth,2
produce,2
required,2
oke,2
patriarchal,2
expensive,2
directly,2
none,2
enqutiiy,2
participation,2
makers,2
seccombe,2
intense,2
implement,2
emphasis,2
stake,2
knowledge,2
apparent,2
literature,2
place,2
demonstration,2
contentious,2
reflect,2
newspaper,2
president,2
universally,2
connections,2
following,2
broadcast,2
running,2
commerce,2
caused,2
describing,2
presented,2
things,2
le,2
militant,2
discourse,2
night,2
event,2
several,2
wider,2
amounted,2
boundaries,2
motherhood,2
always,2
barely,2
approach,2
dependent,2
results,2
proper,2
describes,2
correspondence,2
moved,2
invidious,2
activities,2
avoid,2
ife,2
threatened,2
marketeering,2
business,2
arrangement,2
duty,2
matter,2
variety,2
absence,2
elimination,2
indeed,2
schemes,2
released,2
commit,2
exception,2
reduce,2
says,2
intervention,2
assist,2
westafrican,2
put,2
hold,2
bribed,2
robin,2
once,2
racism,2
reference,2
refusing,2
essential,2
calculations,2
index,2
erinle,2
hunger,2
reports,2
increasingly,2
resolution,2
reach,2
barbed,2
others,2
addition,2
herbert,2
shows,2
lack,2
stories,2
fundamental,2
scholars,2
broadly,2
plan,2
impractical,2
demonstrations,2
grave,2
governed,2
serious,2
planners,2
basic,2
developing,2
shared,2
marrying,2
perhaps,2
enable,2
counterpart,2
another,2
sir,2
thousands,2
week,2
stabilize,2
excerpt,2
spending,2
vast,2
divided,2
robertson,2
heroine,2
trader,2
previously,2
depended,2
use,2
aside,2
submitted,2
actual,2
earner,2
raising,2
salaries,2
congo,2
complicated,2
nevertheless,2
ties,2
open,2
victory,2
defense,2
latter,2
exchange,2
accused,2
womeni,2
become,2
james,2
trades,2
story,2
southwest,2
sandra,2
federated,2
concluded,2
asking,2
luise,2
negotiations,2
elderly,2
relationship,2
salako,2
segments,2
sometimes,2
ideology,2
claimed,2
fear,2
institutions,2
success,2
dike,2
seen,2
efficiency,2
posts,2
united,2
composed,2
mother,2
types,2
fought,2
stable,2
dissertation,2
laborer,2
publicly,2
authorities,2
thinking,2
practice,2
diggers,2
fadipe,2
defend,2
forget,2
receive,2
struck,2
paycheck,2
shop,2
subsidized,2
drew,2
cover,2
quickly,2
johannesburg,2
principle,2
cultures,2
setting,2
believe,2
best,2
ahr,2
universal,2
current,2
regard,2
particularly,2
linked,2
grievances,2
rely,2
gas,2
speech,2
identities,2
u,2
works,2
ideally,2
phd,2
growing,2
activism,2
born,2
blame,2
retroactively,2
selected,2
sociology,2
passed,2
theory,2
starkly,2
leaving,2
distribution,2
supplemented,2
mentioned,2
rally,2
contain,2
tear,2
port,2
ask,2
level,2
transport,2
peace,2
met,2
city,2
bourgeois,2
happens,2
confronted,2
impulses,2
buchi,2
contribute,2
organization,2
demanding,2
metta,2
unable,2
background,2
reveals,2
patriarchy,2
grant,2
finally,2
taxation,2
parallels,2
course,2
contributed,2
applicable,2
actively,2
employer,2
evidence,2
regular,2
am,2
offered,2
decent,2
charlotte,2
region,2
akintola,2
single,2
chicago,2
cook,2
debate,2
create,2
persuaded,2
mcclelland,2
seek,2
prison,2
ends,2
assume,2
oluwole,2
asked,2
doing,2
laws,2
major,2
journalist,1
summed,1
final,1
resolve,1
arbitrator,1
supplements,1
commensurate,1
undertakings,1
zaire,1
archives,1
basing,1
customers,1
fined,1
handsome,1
lawani,1
currently,1
rate,1
paralleled,1
fathers,1
negotiation,1
limits,1
prostitution,1
residing,1
owolabi,1
declared,1
fapohunda,1
soetan,1
commentary,1
privately,1
effected,1
stood,1
differentials,1
designated,1
appease,1
trained,1
culminated,1
engendered,1
climax,1
lambertz,1
relaxation,1
extend,1
pushed,1
rowdy,1
fiction,1
struggled,1
legitimate,1
slum,1
retirement,1
filing,1
busy,1
yam,1
measures,1
enzqulity,1
ola,1
canadiacn,1
victimization,1
lesotho,1
distributed,1
prostitutes,1
sympathetic,1
village,1
clung,1
becoming,1
center,1
conflicts,1
perpetuate,1
illegal,1
provisions,1
developmentalist,1
prime,1
songs,1
referring,1
formed,1
sticking,1
english,1
motivation,1
injuries,1
friends,1
solidarity,1
irrespective,1
lawanson,1
coalition,1
pressing,1
marcus,1
specified,1
servicemen,1
awolowo,1
socialists,1
acceptance,1
justified,1
western,1
fixed,1
turns,1
manuwa,1
inequality,1
replicate,1
individually,1
biographical,1
expressed,1
assisted,1
criticizing,1
unite,1
induced,1
monograph,1
eye,1
revision,1
nonetheless,1
accra,1
source,1
princeton,1
strikes,1
palpable,1
agitated,1
contact,1
turning,1
baker,1
themes,1
disturbances,1
negative,1
experience,1
file,1
sponsoring,1
decidedly,1
explaining,1
provision,1
beneficial,1
stabilization,1
weste,1
render,1
supposedly,1
commissions,1
preceding,1
lyman,1
ways,1
jointly,1
voices,1
allocations,1
exaggerated,1
attempts,1
chaos,1
rested,1
indicated,1
concentrated,1
script,1
permanently,1
housewives,1
advanced,1
freely,1
crippling,1
supplied,1
bloomington,1
historiography,1
friendly,1
names,1
company,1
possibilities,1
shaped,1
copy,1
route,1
tradition,1
crops,1
leading,1
explores,1
lessen,1
prop,1
desire,1
unionist,1
careers,1
ben,1
differences,1
sang,1
compounds,1
richards,1
wave,1
origin,1
fully,1
industrializing,1
liverpool,1
confront,1
revisions,1
link,1
chosen,1
africani,1
concludes,1
connection,1
mesdames,1
debt,1
subsequent,1
mandate,1
marches,1
achieved,1
xx,1
faculty,1
converts,1
polygamous,1
improved,1
rzx,1
loose,1
mind,1
stupid,1
murray,1
solicited,1
trouble,1
ava,1
access,1
platforms,1
normal,1
heating,1
lucrative,1
scrape,1
alike,1
onions,1
governors,1
hostile,1
nina,1
motivated,1
stopped,1
speaker,1
awon,1
nowhere,1
hief,1
revolt,1
homecoming,1
preventing,1
generosity,1
inseparable,1
advocates,1
existence,1
francophone,1
lest,1
fiery,1
raheem,1
effort,1
courtesy,1
tie,1
king,1
draws,1
motion,1
sought,1
stltdy,1
discuss,1
addresses,1
representations,1
foyeke,1
fainily,1
anticipation,1
fitting,1
possible,1
determined,1
logical,1
understated,1
outlying,1
enforcement,1
geared,1
reaching,1
sale,1
powers,1
lodging,1
dphil,1
urges,1
conmmzission,1
pederson,1
richard,1
seconid,1
whatever,1
disadvantage,1
conceptual,1
regards,1
adediran,1
timothy,1
magistrate,1
politician,1
foregone,1
vocation,1
apply,1
nearby,1
peacefully,1
representing,1
promises,1
vowed,1
dignity,1
descend,1
harold,1
frustrated,1
controlled,1
karen,1
subsist,1
learned,1
segregation,1
centralized,1
strutggle,1
township,1
denying,1
econiomnic,1
ith,1
accumunlation,1
announce,1
harcourt,1
relationships,1
merchants,1
ineffectiveness,1
posed,1
neighbor,1
anld,1
intractable,1
pursue,1
mores,1
visualise,1
cognizant,1
realized,1
scarce,1
cooperate,1
informant,1
base,1
parpart,1
ability,1
decided,1
salisbury,1
justifications,1
sympathized,1
representative,1
considerable,1
disengage,1
unwillingness,1
jr,1
insisted,1
funded,1
informan,1
alison,1
reshape,1
term,1
manager,1
extensively,1
bachelors,1
unwilling,1
repudiate,1
migrate,1
exercise,1
rathbone,1
unpaid,1
estimates,1
rank,1
exists,1
urbanization,1
reluctance,1
interim,1
places,1
back,1
approval,1
rhodesian,1
squeeze,1
entailed,1
lancashire,1
peculiarity,1
akinfanda,1
milne,1
impudence,1
shofekun,1
allowing,1
wont,1
languishing,1
disbursed,1
alliances,1
compare,1
femaleheaded,1
profit,1
rhodesia,1
norms,1
formulate,1
bachelor,1
mates,1
drawn,1
genderdivision,1
hose,1
communication,1
eager,1
patrons,1
details,1
tentatively,1
moriarno,1
irony,1
melon,1
businessman,1
climates,1
adult,1
hardly,1
generation,1
transactions,1
acknowledge,1
word,1
businessmen,1
unfortunate,1
implementation,1
politicalactivity,1
wolpe,1
let,1
purchasing,1
promised,1
loyal,1
behave,1
opposed,1
womeen,1
automatic,1
simultaneously,1
urged,1
adequate,1
repercussion,1
flurry,1
act,1
managers,1
falolu,1
growth,1
continent,1
federal,1
respectful,1
petforinance,1
stop,1
debated,1
dilemma,1
justifying,1
influential,1
en,1
particularity,1
borrowing,1
sexual,1
breast,1
taste,1
hansen,1
notion,1
calculation,1
unanimously,1
mean,1
christine,1
ce,1
adopted,1
explicitly,1
visceral,1
deprived,1
risk,1
heard,1
demarcating,1
supplement,1
eight,1
inquiry,1
ns,1
thing,1
ua,1
talk,1
leave,1
fueling,1
residential,1
parts,1
easily,1
hardships,1
gratefully,1
enabled,1
echoed,1
mobilize,1
form,1
lay,1
feel,1
wires,1
periodic,1
moreover,1
moves,1
raimi,1
accounts,1
factoring,1
understand,1
establishment,1
category,1
brunswick,1
insistence,1
perceptions,1
maintaining,1
monumental,1
skeleton,1
delegation,1
possibly,1
intercept,1
contempora,1
imagination,1
physically,1
image,1
workmen,1
emergence,1
branch,1
amid,1
artificial,1
allocation,1
nigeriani,1
ousmane,1
ideologies,1
impact,1
tying,1
bruce,1
articulated,1
ayi,1
indivisible,1
tranberg,1
lagunju,1
prevent,1
solid,1
totaled,1
carolina,1
democratic,1
fatherhood,1
resource,1
additional,1
textile,1
origins,1
specifics,1
idogo,1
inflated,1
efficient,1
exonerating,1
lawal,1
points,1
neither,1
ivs,1
prosecution,1
tragedies,1
recreations,1
care,1
discouraging,1
strategy,1
preference,1
decades,1
cut,1
yard,1
invading,1
reflections,1
epilogue,1
oyefeso,1
selfsupporting,1
whereas,1
contention,1
standards,1
legislative,1
closely,1
lead,1
someone,1
arrival,1
nancy,1
bearing,1
societies,1
withheld,1
formulations,1
discount,1
wally,1
found,1
jourzncal,1
ambition,1
strength,1
typical,1
souithen,1
treatments,1
banned,1
backgrounid,1
seven,1
lived,1
recognize,1
economics,1
crowd,1
scully,1
wholly,1
rooms,1
fiancee,1
circa,1
quibbled,1
criticisms,1
events,1
donmesticity,1
disingenuous,1
stooke,1
diet,1
insisting,1
sight,1
vigorous,1
shoes,1
constantly,1
almost,1
featured,1
influx,1
brake,1
collectively,1
secretly,1
assessing,1
frustrations,1
chauncey,1
abandon,1
buttressed,1
occupation,1
informed,1
durham,1
focused,1
midnight,1
heaven,1
skilled,1
metalworking,1
urbaniization,1
dismissal,1
appears,1
recently,1
companies,1
reinforce,1
cannot,1
machinist,1
failure,1
excellent,1
scale,1
exhaustion,1
grades,1
nothing,1
excluded,1
ford,1
procedures,1
daisy,1
enqutiry,1
yield,1
guarantee,1
ears,1
negotiated,1
photo,1
sacrifice,1
pence,1
near,1
seivices,1
possibility,1
overlapping,1
improve,1
retroactive,1
deprive,1
undermined,1
payable,1
shape,1
taxes,1
chaotic,1
feeding,1
cheers,1
seeking,1
network,1
imprisoned,1
spheres,1
protesters,1
accounting,1
closed,1
remittances,1
depenidence,1
scope,1
bounded,1
trial,1
sanctioning,1
imports,1
start,1
instituted,1
carry,1
locus,1
nearest,1
concept,1
differ,1
oyingbo,1
killingray,1
appreciable,1
hypocritical,1
proportions,1
edn,1
reduction,1
culprits,1
unc,1
nation,1
dakar,1
coalmining,1
excessive,1
feared,1
pocket,1
reminded,1
got,1
labourer,1
loss,1
whole,1
overview,1
accord,1
begins,1
fit,1
older,1
quotations,1
discussions,1
ghana,1
overtly,1
constitute,1
calculating,1
records,1
alroad,1
jo,1
enforce,1
jilted,1
strenuous,1
bits,1
earn,1
extravaganza,1
compatible,1
burman,1
documented,1
planning,1
emma,1
surrounding,1
legislation,1
dusk,1
corollary,1
hives,1
submissions,1
capacities,1
tarikh,1
volume,1
breadwinning,1
resort,1
stanford,1
won,1
miss,1
diverted,1
enthusiastic,1
engagement,1
abolish,1
clearance,1
announcement,1
encounters,1
manifestation,1
spouses,1
unmarried,1
exchequer,1
purchasable,1
monetary,1
aided,1
staple,1
creating,1
solution,1
outfits,1
peopled,1
sense,1
viable,1
rail,1
hard,1
field,1
uninterrupted,1
brousse,1
hiding,1
enqiiity,1
excuse,1
modifications,1
comet,1
grass,1
clothes,1
emphasizes,1
phrase,1
colby,1
quite,1
desires,1
claim,1
loan,1
emerging,1
repeated,1
veteran,1
frequenitly,1
overshadowed,1
openly,1
expatriation,1
calling,1
contingency,1
iris,1
soil,1
consensus,1
pregnant,1
feelings,1
endowed,1
biologically,1
legitimize,1
genider,1
dependentsincluding,1
transfer,1
acts,1
dramatic,1
fire,1
motherhiood,1
staged,1
petition,1
usual,1
swilling,1
gambled,1
seeds,1
impossible,1
ibitoye,1
yielded,1
budgets,1
satirical,1
prerogatives,1
crux,1
evanston,1
bower,1
eyes,1
ta,1
concurred,1
protectorate,1
submitting,1
roots,1
notes,1
diminished,1
appropriate,1
stationery,1
irate,1
rn,1
grateful,1
finds,1
creeps,1
enquiiiy,1
pervasive,1
outlooks,1
actions,1
stephan,1
massive,1
decolonizationi,1
reducing,1
battles,1
nations,1
periods,1
reappear,1
survived,1
repatriation,1
mess,1
insufficient,1
senegalese,1
wambui,1
critical,1
defended,1
evening,1
therefore,1
womanhood,1
led,1
together,1
nain,1
units,1
critics,1
stated,1
positions,1
oloja,1
easy,1
steadily,1
letters,1
interference,1
relax,1
identified,1
palm,1
paralyzed,1
giving,1
lynn,1
olufunmilayo,1
happy,1
disparagement,1
thrifty,1
plans,1
corporation,1
merits,1
matrilineal,1
controllable,1
prevailing,1
convince,1
bai,1
above,1
petitioning,1
assumptions,1
garden,1
surprise,1
currency,1
comments,1
sending,1
infirm,1
sinful,1
distribute,1
procession,1
hero,1
wageearners,1
ineligible,1
bread,1
incensed,1
yorubas,1
adage,1
silva,1
secretariat,1
contributing,1
opined,1
cheap,1
rational,1
misapprehension,1
relied,1
mao,1
violence,1
arrangements,1
mainly,1
security,1
represents,1
makes,1
interafrican,1
builds,1
manpower,1
mission,1
formally,1
roper,1
challenged,1
pensioners,1
boundary,1
temperate,1
thesis,1
perceived,1
luke,1
mcintosh,1
enquliry,1
foucault,1
mentally,1
commonwealth,1
informal,1
light,1
action,1
irregularly,1
unfairness,1
sanitation,1
ggle,1
performed,1
obligated,1
ethnographic,1
refocused,1
sales,1
obinrin,1
emotional,1
reportedly,1
reliance,1
bebe,1
lined,1
resented,1
womnenl,1
boost,1
mich,1
affirmed,1
infuriating,1
ncnc,1
officers,1
owolowo,1
picture,1
longer,1
souttheernl,1
lee,1
alleging,1
osindero,1
tries,1
retaliation,1
routes,1
party,1
discipline,1
constituency,1
enquiry,1
anticolonial,1
histoiy,1
ind,1
wogu,1
challenge,1
prompting,1
kenneth,1
nationalists,1
spend,1
death,1
lucky,1
chaps,1
cheaply,1
lowering,1
towards,1
endorse,1
generously,1
water,1
smith,1
headquarters,1
release,1
lawful,1
happening,1
diminishing,1
idea,1
unionism,1
perceptible,1
chord,1
bourgeoisie,1
pressure,1
buyers,1
striking,1
pages,1
compound,1
environs,1
appeared,1
afraid,1
enact,1
remuneration,1
reform,1
clerks,1
viii,1
factor,1
educated,1
practical,1
identity,1
uncle,1
personal,1
demonstrating,1
reaffirmed,1
granting,1
arthur,1
contemporary,1
doubt,1
bound,1
formulating,1
celebrations,1
junior,1
charges,1
travail,1
remark,1
thwarting,1
tampered,1
anne,1
minister,1
zealand,1
starvation,1
feminism,1
bitkola,1
patterns,1
adjacent,1
v,1
organizing,1
colonizer,1
intervene,1
remarkable,1
earnestly,1
covered,1
savoured,1
manner,1
shown,1
zambia,1
loco,1
novelist,1
timing,1
accepted,1
florence,1
weavers,1
facilitate,1
tell,1
rehousing,1
judith,1
forthe,1
duties,1
material,1
reshaped,1
decade,1
taxable,1
wartime,1
japan,1
assortment,1
intemational,1
couple,1
patently,1
missions,1
remarked,1
books,1
ordinance,1
cogently,1
spacing,1
streets,1
railways,1
revenues,1
wood,1
clothe,1
overthrowing,1
barrett,1
polities,1
degree,1
widow,1
ayers,1
argues,1
imagine,1
understanding,1
pitched,1
simple,1
mix,1
birth,1
restrictions,1
treated,1
alliance,1
range,1
bear,1
denounced,1
active,1
impart,1
insist,1
defied,1
aruna,1
ridiculous,1
stru,1
delicate,1
stuldies,1
egbe,1
sworn,1
distinctly,1
vision,1
strongest,1
govt,1
ruling,1
expand,1
attributed,1
findings,1
witz,1
torn,1
curtail,1
traded,1
downplayed,1
unfair,1
byspoliticians,1
francis,1
prospective,1
whyte,1
feminists,1
cordoned,1
affects,1
pauline,1
curb,1
trend,1
continue,1
previous,1
literate,1
regions,1
recruitment,1
reinforcing,1
dismissed,1
initiatives,1
stung,1
versions,1
putative,1
significance,1
quotation,1
reality,1
reward,1
sabotage,1
alabi,1
notice,1
accounted,1
soldiers,1
sustain,1
essay,1
peter,1
rebecca,1
objection,1
counter,1
vested,1
adjustments,1
embrace,1
david,1
pride,1
allowed,1
started,1
characterized,1
reviewers,1
helpful,1
revised,1
spread,1
derided,1
function,1
strange,1
hardship,1
mount,1
putblic,1
farms,1
distinction,1
lonsdale,1
obtained,1
ended,1
lie,1
administrative,1
devise,1
filled,1
comforts,1
profiteering,1
interacted,1
last,1
joined,1
pension,1
provides,1
livelihoocls,1
thomas,1
adequately,1
alive,1
anybody,1
polygyny,1
registrable,1
gets,1
agriculturalists,1
secretaries,1
migrants,1
beyond,1
sentiment,1
goivernments,1
article,1
trying,1
chapel,1
newspapers,1
eloquent,1
correct,1
businesses,1
fainting,1
embarrassment,1
references,1
practicable,1
respectively,1
xvi,1
attendees,1
unruly,1
lowered,1
mellon,1
classifications,1
exasperated,1
artisans,1
etlhnologist,1
capitalism,1
implication,1
looks,1
roses,1
retorted,1
beresford,1
scab,1
themworked,1
workshop,1
prohibitive,1
scarnecchia,1
defaulting,1
insignificant,1
kristin,1
postpone,1
rallied,1
quarter,1
tenuous,1
arbor,1
councils,1
encompassing,1
offspring,1
justice,1
reluctant,1
decision,1
milkman,1
hunt,1
motley,1
limiting,1
hoses,1
dealing,1
profitable,1
incongruous,1
suggest,1
telephone,1
stage,1
aspirations,1
suggestion,1
differeence,1
relying,1
discussing,1
valuable,1
entail,1
conscripted,1
imply,1
aid,1
me,1
today,1
irregular,1
ing,1
masculinities,1
independent,1
involving,1
george,1
quo,1
science,1
figure,1
usually,1
five,1
foreign,1
criminal,1
deep,1
staples,1
foster,1
hill,1
stocks,1
reasonable,1
showering,1
enquizy,1
exhorted,1
whistles,1
heightens,1
nigercian,1
resumed,1
macnicol,1
independence,1
becomes,1
referred,1
starch,1
army,1
dispatch,1
receives,1
interfere,1
translation,1
detailed,1
kano,1
returned,1
sides,1
hopeful,1
dirt,1
markers,1
unauthorized,1
transformation,1
inadequate,1
rapidly,1
anxious,1
executive,1
hell,1
introductory,1
responsible,1
extra,1
expectations,1
maternity,1
hope,1
fictionalized,1
baron,1
chamber,1
settlement,1
dead,1
manhood,1
drafted,1
centuries,1
humiliation,1
sympathy,1
face,1
telegraph,1
articles,1
crowded,1
rationalize,1
investigate,1
ostensibly,1
rises,1
berger,1
pepper,1
obasawi,1
converged,1
addressed,1
sections,1
assistant,1
ration,1
share,1
curious,1
marketwoman,1
manulfactulrxing,1
placed,1
liked,1
centwlly,1
farina,1
precedence,1
girls,1
ahead,1
broke,1
mann,1
conclusion,1
nmerin,1
accordance,1
vocal,1
zambian,1
indignantly,1
peoples,1
founded,1
farmed,1
locomotive,1
reinforced,1
pronatalist,1
extension,1
symbolic,1
theme,1
delegates,1
known,1
implied,1
regime,1
masses,1
palace,1
inquire,1
oppong,1
makola,1
useful,1
sustained,1
enquiity,1
receipts,1
slubject,1
highly,1
niara,1
favorably,1
natural,1
promotion,1
deciding,1
introducing,1
each,1
turn,1
hamilton,1
repaid,1
novel,1
depression,1
offending,1
stoppage,1
pronouncement,1
uchefuna,1
key,1
seem,1
marginalization,1
capital,1
fabian,1
skyrocketing,1
unknown,1
specially,1
bifurcated,1
faulkner,1
argue,1
entrenched,1
half,1
nights,1
guild,1
rearing,1
seconded,1
returns,1
coffers,1
allied,1
followers,1
post,1
ideological,1
alternatively,1
lagosians,1
losses,1
nige,1
obviously,1
disperse,1
sustaining,1
workingmen,1
indignant,1
written,1
reflected,1
chairman,1
legacy,1
producers,1
meager,1
disputes,1
confining,1
protracted,1
carew,1
elders,1
better,1
evident,1
person,1
feminist,1
comcol,1
rurally,1
beginning,1
ladies,1
salesman,1
blowing,1
regulations,1
drop,1
warnings,1
suffering,1
realize,1
femmes,1
dispersed,1
reproduce,1
vendor,1
investigation,1
award,1
combined,1
unique,1
whether,1
ghanaian,1
prefers,1
offering,1
coast,1
mascltlinities,1
dwyer,1
involvement,1
comes,1
olukemi,1
add,1
covers,1
agricultural,1
seasonal,1
liberalization,1
mere,1
depopulation,1
shortages,1
unnecessary,1
loved,1
marris,1
correspondent,1
foundations,1
undersecretary,1
mandated,1
womnen,1
speakers,1
pursued,1
mabey,1
depriving,1
fainted,1
imperial,1
huge,1
reimburse,1
agreed,1
juniors,1
fairplay,1
suggests,1
categories,1
cassava,1
des,1
controller,1
rockefeller,1
popular,1
conference,1
martha,1
pooling,1
league,1
hindsight,1
eligibility,1
bodies,1
bought,1
recommended,1
careful,1
marked,1
ill,1
thereby,1
conclude,1
compensatory,1
kin,1
answer,1
reverberated,1
eleanor,1
confirm,1
william,1
antagonism,1
yearly,1
regulate,1
innocent,1
convinced,1
concessions,1
apartheid,1
activity,1
impose,1
returning,1
cash,1
reappraisal,1
ignorant,1
went,1
territory,1
rationale,1
acute,1
oil,1
sembene,1
institute,1
superior,1
copper,1
discussion,1
recognised,1
appointed,1
challenges,1
gloss,1
using,1
encouraging,1
isolated,1
domzesticity,1
writing,1
coming,1
think,1
frivolous,1
varied,1
jan,1
strong,1
complaints,1
hungry,1
amenities,1
cheryl,1
come,1
named,1
buying,1
lodged,1
miescher,1
conducive,1
survival,1
youth,1
chaired,1
editor,1
marry,1
milady,1
intensified,1
national,1
precise,1
piecemeal,1
beings,1
pamela,1
aware,1
gracia,1
requested,1
sufferings,1
dangerous,1
whitley,1
offer,1
instead,1
typically,1
define,1
socially,1
canadian,1
lured,1
physical,1
product,1
barnes,1
build,1
states,1
effects,1
scanty,1
photograph,1
exclusions,1
artokhamen,1
area,1
sexuality,1
presenting,1
captain,1
extremely,1
ungendered,1
profiteer,1
campaign,1
roughly,1
financially,1
brunt,1
practiced,1
repealed,1
ruth,1
anonymous,1
vi,1
examination,1
thief,1
potential,1
news,1
artisan,1
assumed,1
withdrew,1
resources,1
pensions,1
tribes,1
combination,1
protested,1
elites,1
scholarship,1
enjoy,1
downs,1
escalating,1
informants,1
irrelevant,1
pool,1
uncertainty,1
views,1
exclusively,1
carolinia,1
abroad,1
characters,1
entire,1
pat,1
testified,1
focus,1
manfilassertions,1
immediately,1
luxuries,1
ideologically,1
networks,1
recent,1
marketplace,1
building,1
daughter,1
fostering,1
roles,1
utmost,1
balogun,1
perception,1
sabititu,1
