WORDCOUNTS,WEIGHT
the,911
of,578
in,292
to,277
and,264
a,258
for,102
as,102
that,98
de,92
on,73
names,72
at,69
their,65
war,60
commemoration,59
had,56
but,56
it,55
its,55
la,54
with,54
bodies,51
dead,48
this,47
l,46
local,46
not,45
they,42
an,42
from,40
s,39
which,37
monuments,36
du,35
by,34
is,33
monument,32
memorial,29
or,29
douaumont,28
be,27
memory,26
ossuary,26
were,26
france,26
unknown,25
des,25
history,24
april,24
historical,24
ossuaries,23
no,23
only,23
both,23
have,23
all,22
could,22
review,22
was,22
le,22
more,22
also,22
american,21
j,21
french,21
who,21
one,20
state,20
those,20
would,20
them,20
remains,20
i,19
cemeteries,19
sherman,19
such,18
town,18
commemorative,17
see,17
over,17
soldier,16
les,16
even,16
veterans,16
these,16
individual,16
mayor,16
lorette,15
thus,15
voix,15
than,15
many,15
daniel,15
if,14
meaning,14
church,14
his,14
he,14
may,14
name,14
time,14
mourning,14
national,14
verdun,13
has,13
some,13
most,13
inscriptions,13
out,13
public,13
morts,13
where,13
november,13
tomb,12
practices,12
first,12
sites,12
individuals,12
committee,11
combattant,11
military,11
university,11
catholic,11
world,11
july,11
new,11
practice,11
private,11
so,11
after,11
been,11
terms,11
our,11
kind,10
without,10
front,10
buried,10
et,10
ossuaire,10
meuse,10
number,10
graves,10
other,10
cemetery,10
are,10
families,10
tribute,9
great,9
morbihan,9
september,9
form,9
m,9
found,9
loss,9
place,9
collective,9
own,9
service,9
echo,9
aux,9
unidentified,9
exhumations,9
ceremonies,9
soldiers,9
itself,9
simply,9
december,9
did,9
dedication,9
through,9
between,9
themselves,9
c,9
cross,9
before,8
displacement,8
october,8
central,8
too,8
called,8
however,8
discourse,8
example,8
religious,8
yet,8
laqueur,8
paris,8
figure,8
committees,8
speech,8
lists,8
d,8
offered,8
way,7
large,7
into,7
political,7
body,7
emergence,7
w,7
cultural,7
burial,7
well,7
future,7
role,7
part,7
nation,7
winter,7
foucault,7
least,7
society,7
about,7
ginisty,7
minister,7
made,7
often,7
level,7
writing,7
although,7
you,7
among,7
seacvg,6
o,6
struggle,6
common,6
e,6
modern,6
long,6
militaires,6
inconnu,6
find,6
hardly,6
site,6
whose,6
generations,6
michel,6
cost,6
your,6
postwar,6
responsibility,6
box,6
single,6
etat,6
same,6
death,6
towns,6
do,6
discourses,6
inscription,6
august,6
like,6
can,6
arc,6
construction,6
hope,6
then,6
any,6
set,6
sm,6
associations,6
spaces,6
son,6
given,6
became,6
memories,6
au,6
seeks,6
traditional,6
close,6
archives,5
groups,5
trans,5
position,5
give,5
there,5
right,5
community,5
very,5
village,5
lin,5
left,5
york,5
heroes,5
contributions,5
nos,5
lay,5
inauguration,5
n,5
vietnam,5
zone,5
sacrifice,5
because,5
work,5
r,5
knowledge,5
during,5
bishop,5
contrast,5
transfer,5
paid,5
appropriate,5
will,5
maginot,5
official,5
ed,5
narratives,5
two,5
put,5
communal,5
never,5
becker,5
soldat,5
controversy,5
including,5
virtually,5
inscribed,5
become,5
inside,5
substitution,5
bulletin,5
definitive,5
must,5
guerre,5
officials,5
far,5
pour,5
glory,5
what,5
grief,5
while,5
little,5
city,5
representation,5
need,5
much,5
battlefield,4
later,4
stands,4
regrouping,4
former,4
policy,4
notre,4
ouest,4
either,4
every,4
letters,4
leaders,4
mutilee,4
british,4
possible,4
conflict,4
throughout,4
distinct,4
opportunity,4
certain,4
inscribe,4
ceremony,4
appear,4
my,4
though,4
basis,4
relatives,4
francs,4
mayer,4
claim,4
prominent,4
civil,4
point,4
newspaper,4
president,4
theater,4
heart,4
involved,4
always,4
provided,4
tombs,4
republican,4
various,4
wrote,4
indeed,4
located,4
return,4
relationship,4
sector,4
social,4
again,4
lack,4
preserve,4
children,4
larger,4
present,4
council,4
spoke,4
years,4
another,4
examples,4
represented,4
enormous,4
disguised,4
republicain,4
latter,4
neutral,4
took,4
propos,4
sense,4
percent,4
displacements,4
we,4
note,4
patriotic,4
claims,4
constituted,4
sujet,4
country,4
reversal,4
thiepval,4
survivors,4
interwar,4
list,4
particular,4
loved,4
practical,4
come,4
sought,4
offer,4
sur,4
potential,4
debate,4
willing,4
built,4
exhumation,3
difficult,3
represent,3
needed,3
philippe,3
strictly,3
total,3
civic,3
variety,3
said,3
cast,3
creation,3
combattants,3
terrain,3
worked,3
funerals,3
seems,3
together,3
desire,3
simple,3
emotion,3
narrative,3
conservative,3
last,3
sacred,3
embody,3
issue,3
march,3
fitting,3
politics,3
west,3
x,3
resources,3
against,3
jouvenel,3
human,3
minutes,3
since,3
meric,3
lectures,3
contributors,3
consolation,3
rooted,3
nor,3
served,3
poem,3
journal,3
simultaneously,3
commune,3
rather,3
absent,3
basic,3
annette,3
republique,3
politicians,3
tombes,3
special,3
moreover,3
contestation,3
support,3
means,3
battlefields,3
wanted,3
familiar,3
completion,3
four,3
hereafter,3
care,3
important,3
strategy,3
conquest,3
based,3
speeches,3
effort,3
chef,3
further,3
engraved,3
recently,3
cannot,3
outside,3
aries,3
receive,3
brought,3
competing,3
positions,3
literally,3
people,3
rise,3
nameless,3
status,3
good,3
published,3
order,3
sepultures,3
event,3
family,3
small,3
openly,3
specificity,3
few,3
june,3
up,3
f,3
battle,3
naming,3
second,3
sons,3
forever,3
contest,3
materials,3
limited,3
play,3
marne,3
whatever,3
builders,3
communities,3
soon,3
continuity,3
under,3
us,3
neither,3
acknowledging,3
visitors,3
speaking,3
provide,3
members,3
power,3
missing,3
lesourd,3
areas,3
marseilles,3
fallen,3
end,3
considerable,3
above,3
somme,3
forms,3
readers,3
corps,3
purposes,3
establish,3
recording,3
grave,3
remained,3
institutions,3
intimate,3
completed,3
values,3
sides,3
region,3
largely,3
actual,3
involves,3
versions,3
keep,3
function,3
thomas,3
hand,3
structure,3
january,3
janvier,3
whether,3
visit,3
european,3
consists,3
triomphe,3
me,3
fairly,3
secular,3
sometimes,3
continuing,3
ministry,3
life,3
responsible,3
ministre,3
respect,3
when,3
nationale,3
symbolic,3
ploermel,3
worth,3
seem,3
wall,3
privileged,3
reinterment,3
mass,3
sturken,3
passage,3
following,3
born,3
implicit,3
offering,3
ones,3
character,3
leaving,3
prestige,3
secure,3
information,3
patriotism,3
met,3
returning,3
bulletins,3
discursive,3
course,3
land,3
association,3
enterprise,3
should,3
meeting,3
poilu,3
democracy,2
does,2
now,2
antoine,2
limits,2
declared,2
stood,2
everyone,2
utility,2
notably,2
arno,2
speakers,2
qui,2
kinds,2
effective,2
identify,2
stone,2
commercy,2
live,2
true,2
ways,2
h,2
completely,2
favor,2
catafalque,2
clandestine,2
necessarily,2
allies,2
precisely,2
something,2
contested,2
source,2
groix,2
subscription,2
experience,2
being,2
modest,2
production,2
vols,2
might,2
address,2
attempt,2
hometowns,2
words,2
lorraine,2
officiel,2
book,2
interred,2
leading,2
fruits,2
able,2
disappearance,2
listing,2
search,2
elision,2
henry,2
regiment,2
reading,2
hostility,2
hostile,2
within,2
collin,2
stopped,2
context,2
similarities,2
case,2
est,2
establishes,2
draws,2
dormans,2
bones,2
cu,2
design,2
avenir,2
account,2
felt,2
shared,2
sale,2
functions,2
move,2
combination,2
souvenir,2
along,2
constrained,2
basilica,2
ritual,2
beneath,2
sign,2
behavior,2
bot,2
reassurance,2
regarding,2
sacree,2
countless,2
stakes,2
g,2
characteristic,2
regarded,2
ability,2
dame,2
restore,2
michelin,2
century,2
evident,2
contrary,2
response,2
enquete,2
young,2
fatherland,2
third,2
anonymity,2
leurs,2
occasion,2
delivered,2
chronique,2
compromise,2
cimetiere,2
wishes,2
urged,2
heroism,2
identification,2
centered,2
spem,2
sort,2
influential,2
explicit,2
levels,2
capture,2
notion,2
similar,2
grew,2
entre,2
leave,2
parts,2
scattered,2
space,2
proclaimed,2
raymond,2
lives,2
tower,2
category,2
respectons,2
scale,2
organized,2
clearly,2
proved,2
section,2
receiving,2
placed,2
invariably,2
articulated,2
house,2
anid,2
undated,2
continual,2
beyond,2
bishops,2
vannes,2
points,2
rice,2
instance,2
appropriations,2
permanent,2
provisional,2
providing,2
view,2
union,2
expressed,2
came,2
societe,2
location,2
histories,2
p,2
lived,2
scully,2
radical,2
near,2
vaucluse,2
particularly,2
supporters,2
effect,2
intensity,2
record,2
cruciform,2
opposition,2
prayer,2
symbolically,2
possibility,2
directly,2
shape,2
y,2
residents,2
received,2
stake,2
purpose,2
calls,2
feared,2
surrounds,2
gave,2
q,2
describe,2
constitute,2
actually,2
rituals,2
personal,2
systematic,2
project,2
petain,2
tombstones,2
polity,2
pedagogy,2
arise,2
describing,2
below,2
aroused,2
brave,2
hired,2
midst,2
specifically,2
observances,2
soil,2
marita,2
acts,2
research,2
villages,2
resonant,2
churches,2
parliament,2
generally,2
st,2
pays,2
resistance,2
immediate,2
decision,2
guardians,2
newly,2
activities,2
unidentifiable,2
patrie,2
dossier,2
arrangement,2
reduced,2
sans,2
adme,2
make,2
poincare,2
movement,2
contra,2
comforting,2
argonne,2
competition,2
victor,2
makes,2
read,2
devotion,2
residence,2
observance,2
god,2
contractors,2
jay,2
universality,2
informal,2
culture,2
hectares,2
communes,2
emotional,2
quotations,2
lacked,2
functioned,2
continued,2
resolution,2
visitor,2
reassuring,2
lutyens,2
disparus,2
fell,2
toward,2
purely,2
chitenay,2
marker,2
fundamental,2
proposal,2
plan,2
match,2
teachers,2
inevitably,2
francaise,2
john,2
contemporary,2
pontivy,2
rhetoric,2
men,2
genealogy,2
polignac,2
behind,2
villerbon,2
covered,2
less,2
funeral,2
agencies,2
notices,2
regroup,2
pilgrimages,2
thousands,2
original,2
fundamentally,2
pacifist,2
totalizing,2
formal,2
identity,2
glorieux,2
oppose,2
sequence,2
assign,2
services,2
breton,2
moral,2
legitimacy,2
bi,2
blois,2
essay,2
architectural,2
allowed,2
period,2
general,2
summer,2
him,2
features,2
high,2
stages,2
lie,2
kept,2
foucauldian,2
construct,2
faith,2
article,2
chapel,2
newspapers,2
britain,2
progres,2
probably,2
figures,2
embodied,2
attention,2
fonctionnement,2
marin,2
separate,2
ranging,2
christian,2
signs,2
assigned,2
humanities,2
anciens,2
chance,2
vision,2
ideology,2
fear,2
crypt,2
celebration,2
deaths,2
sensitive,2
recourse,2
vanquish,2
yale,2
contribution,2
subscribers,2
lif,2
rapidly,2
dans,2
fall,2
articles,2
meant,2
schleiter,2
forests,2
regularly,2
contained,2
mausoleum,2
thinking,2
parlementaires,2
lessons,2
complexity,2
anonymous,2
devout,2
known,2
sufficient,2
objects,2
friends,2
physical,2
masses,2
text,2
chapels,2
here,2
quickly,2
highly,2
natural,2
principle,2
different,2
connection,2
cimetieres,2
spes,2
cult,2
chambre,2
linked,2
visits,2
cities,2
past,2
proposed,2
merely,2
beginning,2
reproduce,2
making,2
cause,2
extent,2
consisting,2
her,2
early,2
almost,2
re,2
suggests,2
suspicion,2
size,2
travel,2
middle,2
marking,2
multiple,2
despite,2
press,2
duty,2
focal,2
subject,2
plans,2
went,2
generals,2
challenges,2
question,2
forgetting,2
authorized,2
observed,2
twentieth,2
washington,2
value,2
instead,2
typically,2
define,2
involving,2
centrality,2
off,2
indecent,2
enclosed,2
prost,2
supported,2
pensions,2
archival,2
reached,2
th,2
gestures,2
uncertainty,2
images,2
seek,2
resist,2
sent,2
bury,2
major,2
tourists,1
countryside,1
resolve,1
allocution,1
undergraduate,1
linarez,1
appropriation,1
accidents,1
flow,1
frequent,1
showngedhow,1
sins,1
estimated,1
prescription,1
avoiding,1
memorials,1
bothl,1
implying,1
commemorated,1
ranum,1
chanoine,1
tres,1
effected,1
generous,1
corruption,1
revue,1
suggested,1
commitment,1
histoires,1
alphonse,1
credibility,1
victimes,1
extend,1
defended,1
worthy,1
affirming,1
alone,1
ivoie,1
combine,1
nutiute,1
unabashedly,1
considerably,1
spurred,1
distributed,1
debris,1
hommage,1
just,1
willed,1
group,1
center,1
prediction,1
complex,1
partially,1
mounted,1
illegal,1
reputblicain,1
trobe,1
certificates,1
prime,1
pines,1
word,1
remind,1
usefully,1
salvation,1
merriman,1
sets,1
motivation,1
moniteur,1
coalition,1
fom,1
sensed,1
contend,1
ministere,1
easily,1
theameaninge,1
rediscovered,1
sologne,1
nationalistic,1
petitioners,1
notwithstanding,1
haloes,1
operated,1
hulking,1
nord,1
transcendent,1
devices,1
justified,1
western,1
obligations,1
locale,1
emphasize,1
presents,1
unlike,1
occurred,1
replicate,1
compulsory,1
autour,1
crystallized,1
husbands,1
consecration,1
arrived,1
defiant,1
buffer,1
princeton,1
credibly,1
permitted,1
forcible,1
themes,1
intentions,1
arms,1
seculaire,1
painful,1
incomplete,1
fabric,1
member,1
anything,1
synonymous,1
stressed,1
unearthed,1
philosophers,1
humble,1
acres,1
purs,1
vos,1
certainly,1
car,1
localities,1
roman,1
ay,1
voices,1
pervasive,1
fk,1
wax,1
originally,1
ancd,1
attempts,1
chaos,1
taken,1
promulgate,1
entangled,1
refusal,1
articulate,1
gone,1
fragmentary,1
tourist,1
sherry,1
prestigious,1
nature,1
declares,1
engaged,1
loire,1
resemblance,1
height,1
afford,1
wooden,1
assembling,1
paramount,1
upheld,1
subsume,1
teormss,1
seema,1
differences,1
gradual,1
centering,1
tactic,1
approximating,1
indifferent,1
fully,1
citizens,1
consign,1
transferred,1
revival,1
thanks,1
closer,1
characterizing,1
court,1
paqersaes,1
secteur,1
religion,1
reyoure,1
expense,1
resulting,1
shei,1
volunteered,1
take,1
styles,1
debt,1
devastation,1
nationalism,1
tombeaux,1
subsequent,1
transposition,1
help,1
maurice,1
feature,1
substitutive,1
embrace,1
cc,1
versailles,1
mind,1
defused,1
mai,1
priest,1
replicated,1
solicited,1
trouble,1
stand,1
respond,1
ying,1
remainder,1
raised,1
principal,1
opposite,1
contradicting,1
pand,1
bolstering,1
theodore,1
rg,1
designs,1
inquiry,1
concealed,1
side,1
continuities,1
takes,1
occasional,1
ascribed,1
consecrates,1
inr,1
recorded,1
assertions,1
historians,1
conquests,1
nearly,1
captures,1
histoire,1
plainte,1
primary,1
u,1
firm,1
cleared,1
hall,1
racties,1
originates,1
resumption,1
wite,1
retain,1
struggling,1
seterms,1
lends,1
opened,1
bouligand,1
marked,1
ploermelais,1
omissions,1
open,1
abbey,1
disseminate,1
ih,1
imperium,1
gravp,1
election,1
assure,1
mutes,1
occupy,1
cliche,1
obvious,1
compromised,1
fine,1
mastery,1
disadvantage,1
taking,1
morale,1
desired,1
supply,1
say,1
except,1
conceptual,1
isle,1
carved,1
grandiose,1
repos,1
dynamic,1
literal,1
andopeiodizfanvtion,1
scandal,1
reconstruction,1
anticipated,1
imitable,1
undoubtedly,1
vowed,1
courrier,1
interviews,1
memoire,1
worker,1
warfare,1
manmade,1
scrapping,1
masks,1
technically,1
descend,1
longtandiesngt,1
attract,1
signal,1
forgetfulness,1
framework,1
exist,1
nostalgic,1
learned,1
ends,1
million,1
phase,1
toplive,1
includes,1
apex,1
married,1
language,1
disorder,1
reclaim,1
gaggle,1
proceeded,1
explained,1
dying,1
cco,1
barcellini,1
vigorous,1
virtues,1
representations,1
oalf,1
caes,1
conceals,1
precluding,1
ffites,1
counterpoint,1
accommodation,1
objective,1
demanded,1
patriotique,1
recasting,1
mosse,1
helen,1
frenchmen,1
author,1
osstuaire,1
forgotten,1
relatively,1
moment,1
justifications,1
envy,1
obelisk,1
thent,1
signifiers,1
coexistence,1
obsolete,1
living,1
ease,1
pay,1
dealings,1
theaters,1
overly,1
admitted,1
substitutions,1
arena,1
z,1
funds,1
earmark,1
priority,1
thing,1
unity,1
remembering,1
resting,1
inserted,1
protests,1
defense,1
wander,1
elements,1
dean,1
simulacra,1
illuminates,1
patch,1
times,1
document,1
bereaved,1
invocation,1
pierre,1
ithaca,1
lse,1
veil,1
modernity,1
six,1
difficulty,1
moving,1
lineage,1
dates,1
minus,1
continuous,1
witnessed,1
explications,1
estimate,1
compare,1
reproach,1
transfert,1
undertaking,1
vilg,1
invert,1
clears,1
apolitical,1
drawn,1
vincent,1
honoring,1
percentage,1
deceased,1
dear,1
poured,1
details,1
apparently,1
posting,1
sun,1
messages,1
dlpartement,1
communale,1
pointing,1
inviting,1
preferred,1
undone,1
stanley,1
gates,1
error,1
vosges,1
commanders,1
walls,1
let,1
battles,1
doutaumont,1
repatriated,1
promised,1
jean,1
critics,1
ze,1
incentives,1
civilization,1
wounds,1
steps,1
opposed,1
thet,1
definitively,1
ruins,1
dont,1
maryse,1
iti,1
colin,1
americans,1
adequate,1
license,1
forbidding,1
mercy,1
acid,1
resists,1
act,1
ba,1
observers,1
bring,1
bouchard,1
wanting,1
gloire,1
doctorate,1
ostensibly,1
adds,1
declaring,1
compatible,1
imperishable,1
abnegation,1
ironic,1
joan,1
en,1
landscape,1
specialist,1
inaycs,1
centralization,1
doctrine,1
process,1
commentary,1
laqeu,1
active,1
visceral,1
afforded,1
catholics,1
abstraction,1
leamington,1
edwin,1
rescue,1
pointedly,1
proportion,1
resume,1
earlier,1
supplement,1
sarah,1
reprinting,1
derived,1
direct,1
plots,1
ongoing,1
serial,1
plo,1
study,1
accommodate,1
deputy,1
gratitude,1
ile,1
feel,1
rays,1
werecreate,1
sute,1
polite,1
periodic,1
expressing,1
departement,1
moves,1
eudot,1
guides,1
arid,1
insistence,1
rumors,1
romantic,1
perpetuation,1
monumental,1
honored,1
calif,1
forget,1
blame,1
dichotomy,1
flexibility,1
signed,1
organization,1
cri,1
image,1
descent,1
talk,1
attends,1
dated,1
consolidate,1
eschew,1
latin,1
recombination,1
elsewhere,1
quoted,1
days,1
numbers,1
religieux,1
gradually,1
mllemo,1
contemporaries,1
argued,1
pragmatism,1
frequently,1
desecrated,1
ville,1
presumed,1
seamless,1
initiative,1
romanesque,1
recovered,1
origins,1
surface,1
intransigeant,1
ceux,1
requested,1
notions,1
caribou,1
fronts,1
foi,1
reinvigorate,1
easesg,1
signification,1
back,1
admonishing,1
vastness,1
semiotically,1
dominant,1
architect,1
subsuming,1
commentators,1
admiration,1
retirement,1
advocated,1
oblique,1
satisfy,1
balkan,1
conflicts,1
invading,1
combattanit,1
unabashed,1
opponents,1
whereas,1
opening,1
uses,1
ou,1
identifying,1
aftermath,1
arrival,1
transmission,1
brilleront,1
route,1
appearance,1
novenas,1
resonate,1
begun,1
plot,1
horde,1
planned,1
serge,1
access,1
douaumosnt,1
flanders,1
carol,1
conjoining,1
demands,1
countenance,1
scenes,1
international,1
facilitate,1
pass,1
events,1
agendas,1
dispute,1
reous,1
insisting,1
nicola,1
accompany,1
emotionally,1
struggles,1
representative,1
inter,1
unthinkable,1
lent,1
term,1
sectoral,1
volontaires,1
tidy,1
politique,1
strne,1
avenii,1
equally,1
reasons,1
stroner,1
enumeration,1
refusals,1
andmmoernirasm,1
undergird,1
valiantly,1
poverty,1
wishing,1
brackets,1
stressing,1
device,1
bore,1
officiators,1
peres,1
acquaintance,1
energy,1
troops,1
representatives,1
bataille,1
bergen,1
centrale,1
absolute,1
delays,1
andre,1
coincidentally,1
wide,1
died,1
construing,1
scene,1
fishman,1
patriarchal,1
absurdity,1
discours,1
aspects,1
improve,1
knowledges,1
artois,1
periodical,1
provincial,1
none,1
having,1
claiming,1
network,1
faire,1
commemorations,1
accounting,1
line,1
used,1
deputies,1
tr,1
requiem,1
intense,1
sculpture,1
industrial,1
responding,1
costume,1
soldats,1
ideal,1
carry,1
ens,1
stor,1
aut,1
repetition,1
urgings,1
sundays,1
casting,1
heavily,1
london,1
newfoundland,1
proportions,1
apparent,1
edn,1
reduction,1
symbolism,1
related,1
sydney,1
thoughts,1
elizabeth,1
lecturing,1
securing,1
whole,1
year,1
ultimate,1
uc,1
pqrspective,1
gravesite,1
couched,1
discussions,1
topographical,1
neared,1
militaire,1
contains,1
dragged,1
anarchists,1
participated,1
thereafter,1
announcing,1
bereavement,1
prisoner,1
journee,1
sculptural,1
poll,1
forces,1
justification,1
contentious,1
away,1
cry,1
canberra,1
surrounding,1
plurality,1
believes,1
entails,1
resort,1
enhances,1
inovogtnigdbtsoe,1
douaumnont,1
betraying,1
memorabl,1
manifestation,1
secularism,1
stones,1
uniqueness,1
earth,1
douaulnonit,1
wholesale,1
tone,1
creating,1
untried,1
siecle,1
solution,1
legacy,1
aeoe,1
commerce,1
normally,1
giant,1
viable,1
societ,1
studies,1
caused,1
fulfilled,1
hard,1
working,1
field,1
uninterrupted,1
diminish,1
familles,1
parish,1
seized,1
stage,1
bourke,1
involve,1
protest,1
senator,1
next,1
villagers,1
rushed,1
emphasizes,1
delimited,1
sharp,1
grandiloquent,1
allowances,1
night,1
massive,1
repeated,1
veteran,1
around,1
divisive,1
calling,1
portraying,1
unpropitious,1
disposition,1
replace,1
choose,1
revealing,1
components,1
bridge,1
temporary,1
scope,1
reread,1
engenders,1
invoke,1
intensely,1
meoal,1
nc,1
regulators,1
australian,1
reported,1
decline,1
protect,1
distinguished,1
ancestors,1
closeness,1
septemberoctober,1
weaver,1
philip,1
bewe,1
core,1
dedicated,1
toulouse,1
managed,1
visible,1
descendants,1
scott,1
modestes,1
progressed,1
proper,1
nave,1
notice,1
peculiar,1
inquiries,1
notes,1
startling,1
reflected,1
chalky,1
proceed,1
grateful,1
preliminary,1
wolfgang,1
am,1
aggregate,1
actions,1
undesirable,1
mnort,1
unfinished,1
concomitant,1
rigidity,1
objected,1
cleputy,1
lend,1
lyons,1
appeal,1
camarades,1
collectivity,1
soleil,1
toujours,1
therefore,1
renouiveaux,1
quoting,1
damaged,1
led,1
transform,1
eclectic,1
situation,1
business,1
communist,1
demand,1
resides,1
absence,1
laurel,1
diferncddtes,1
entitled,1
architecture,1
princesse,1
rivalries,1
enacts,1
xxc,1
identified,1
seamlessly,1
hartmannsweilerkopf,1
short,1
melbourne,1
ia,1
impersonality,1
sermon,1
horrors,1
onward,1
acknowledged,1
brief,1
forward,1
moreac,1
nietzsche,1
hubert,1
stele,1
museum,1
constraints,1
attaching,1
object,1
validated,1
wthte,1
grande,1
mdcsierutredisrimintingfiuse,1
joulral,1
purest,1
intervention,1
bill,1
attacking,1
domination,1
comments,1
experiences,1
manifest,1
standing,1
indignation,1
initially,1
repubficain,1
outer,1
masons,1
settings,1
procession,1
roads,1
resurrection,1
neat,1
cultivate,1
ask,1
inhabited,1
ossuarv,1
containing,1
inaugration,1
mourners,1
postulate,1
cellettes,1
guide,1
once,1
listed,1
chronicle,1
emerged,1
hoffmann,1
relied,1
interpretation,1
housing,1
meanwhile,1
dlpartemenit,1
wake,1
security,1
represents,1
accident,1
solemnity,1
halls,1
serve,1
unattainable,1
quillen,1
monumenit,1
reshaping,1
seeing,1
technology,1
inspiration,1
exposes,1
selective,1
hilly,1
lorient,1
imitate,1
management,1
profane,1
achieve,1
marchande,1
ladministration,1
generalized,1
initials,1
une,1
fading,1
publishing,1
light,1
assistance,1
professor,1
aofbaor,1
shifting,1
obligated,1
baltimore,1
recherchent,1
sales,1
natter,1
gay,1
confirmed,1
denominated,1
reports,1
violations,1
begins,1
mention,1
increasingly,1
affirmed,1
voie,1
entwined,1
irvine,1
ev,1
double,1
spatially,1
fix,1
chose,1
seventeen,1
catalog,1
street,1
corporeal,1
sont,1
legible,1
leader,1
effecting,1
museums,1
eschews,1
bartolomeo,1
debatestoery,1
conceal,1
afterlife,1
lapse,1
decoration,1
request,1
inflexible,1
limit,1
mark,1
fin,1
others,1
belef,1
polemic,1
christ,1
avail,1
reporting,1
schatzki,1
motifs,1
addition,1
financial,1
emotions,1
efforts,1
incorporates,1
cultivated,1
fact,1
shows,1
ils,1
longer,1
almighty,1
idea,1
sing,1
stories,1
mutilke,1
head,1
scholars,1
regret,1
pressure,1
stanza,1
departments,1
beliefs,1
appeared,1
documents,1
husband,1
abstract,1
demonstrations,1
lacks,1
manifested,1
daily,1
break,1
classical,1
linchpin,1
how,1
quelques,1
seczidaire,1
personality,1
debates,1
impatient,1
everything,1
remain,1
obut,1
hitria,1
inherently,1
claimed,1
mold,1
prosaic,1
pattern,1
observes,1
removal,1
honor,1
puzzling,1
ages,1
conspicuously,1
multiplication,1
sutlerbargument,1
moniteul,1
learn,1
everyday,1
ascent,1
glierre,1
nordoes,1
discussing,1
innovative,1
essentially,1
unit,1
rigta,1
derivation,1
obscures,1
postal,1
departements,1
celebrated,1
undaunted,1
understaffed,1
dea,1
confrontation,1
judith,1
ports,1
monthairons,1
focusing,1
wartime,1
appropriating,1
blaming,1
perhaps,1
indignee,1
certeau,1
native,1
eds,1
mobilized,1
distance,1
style,1
artless,1
counterpart,1
lieuix,1
obsession,1
day,1
identifiable,1
maya,1
landscaping,1
sacco,1
sir,1
imagine,1
simon,1
outrage,1
grouping,1
government,1
entirety,1
displace,1
oversight,1
understanding,1
arch,1
extended,1
vast,1
art,1
secured,1
betwesienion,1
rulers,1
father,1
link,1
wished,1
invested,1
gordon,1
birth,1
judeocide,1
transforms,1
comprehensiveness,1
winners,1
bear,1
ic,1
endowment,1
writings,1
decent,1
seul,1
marginality,1
patricia,1
alas,1
conceivable,1
translation,1
distinctly,1
coffin,1
sixth,1
increase,1
dedicating,1
manifestations,1
reside,1
warrior,1
herself,1
louis,1
concern,1
reburial,1
poignant,1
patriots,1
vanzetti,1
expression,1
use,1
illusion,1
touchstone,1
overtones,1
sacralized,1
anld,1
beale,1
caubert,1
glow,1
argmen,1
ideas,1
prominently,1
harvard,1
visites,1
champs,1
alsace,1
questions,1
tof,1
evolution,1
idealization,1
story,1
associate,1
real,1
hour,1
obtaininig,1
retour,1
knowable,1
chosen,1
full,1
sees,1
previous,1
sic,1
office,1
california,1
armees,1
vii,1
clearing,1
inscribing,1
knew,1
mutihee,1
erasure,1
meanings,1
discovered,1
ceremonial,1
three,1
provoked,1
tis,1
emphasizing,1
humanite,1
hinged,1
peur,1
sighed,1
peripheral,1
express,1
nora,1
reputation,1
gillis,1
peter,1
urge,1
interpret,1
co,1
gaulois,1
symposium,1
pride,1
characterized,1
rayons,1
waged,1
played,1
ypres,1
nanmes,1
reversals,1
administrative,1
tangible,1
spa,1
provides,1
canon,1
permitting,1
communists,1
unceasingly,1
mayors,1
favored,1
honorary,1
especially,1
problems,1
admonitory,1
date,1
parallel,1
bordered,1
relation,1
impersonal,1
overcome,1
respectively,1
scorf,1
belles,1
difeene,1
franyca,1
inculcate,1
assigning,1
marine,1
dotaunront,1
distncl,1
seeking,1
joanna,1
translate,1
statue,1
differ,1
endsville,1
napoleon,1
astonishing,1
copyright,1
prohibitive,1
saw,1
institution,1
connections,1
engagement,1
controversial,1
seminarians,1
guaranteed,1
pupils,1
inhumation,1
accessory,1
secularist,1
widely,1
motif,1
disestablished,1
standard,1
increasing,1
enfolded,1
implicitly,1
carried,1
depth,1
alters,1
entail,1
secretariat,1
fueled,1
regardless,1
rapport,1
caro,1
unseemliness,1
violation,1
veneration,1
today,1
aoat,1
belonged,1
raise,1
immortality,1
equals,1
bureau,1
regular,1
george,1
complaining,1
science,1
movements,1
ecole,1
clhef,1
plays,1
naturally,1
dii,1
prose,1
tm,1
obscuring,1
pieces,1
novelreading,1
attitude,1
kneeling,1
modernism,1
resumed,1
male,1
primarily,1
slow,1
referred,1
dimensions,1
success,1
execution,1
un,1
seen,1
transformed,1
strongly,1
began,1
returned,1
accommodating,1
render,1
effectively,1
possession,1
keenly,1
interplay,1
transformation,1
originated,1
anxiety,1
rendall,1
daie,1
countries,1
nearing,1
insistently,1
scandale,1
helpful,1
satisfaction,1
continually,1
valiant,1
hallo,1
surprising,1
chamber,1
littered,1
rnpublique,1
ing,1
mother,1
meditate,1
fields,1
ameica,1
centuries,1
months,1
orient,1
face,1
gathered,1
mud,1
clermontferrand,1
fought,1
rises,1
discarding,1
legacies,1
chests,1
matters,1
durability,1
addressed,1
ivoix,1
sections,1
marshal,1
doing,1
presidency,1
suggestions,1
wars,1
authorities,1
ofrh,1
romagne,1
associated,1
judgments,1
elected,1
indeterminate,1
growing,1
marjorie,1
broke,1
intervened,1
moire,1
comes,1
series,1
redemption,1
culled,1
weeks,1
forhis,1
grand,1
advocates,1
skeleton,1
townspeople,1
veuve,1
struck,1
officially,1
scarcely,1
extension,1
pace,1
rival,1
disguise,1
membership,1
corrections,1
mourn,1
reconnaissance,1
plea,1
md,1
identifie,1
offers,1
multiply,1
alternative,1
wherever,1
plusieurs,1
leftist,1
entretien,1
nationales,1
resonance,1
know,1
outcome,1
crowds,1
berkeley,1
spectacles,1
communalisation,1
evokes,1
gue,1
touristic,1
dismembering,1
structures,1
control,1
vous,1
bergey,1
each,1
commonplace,1
surfaced,1
paper,1
steven,1
share,1
auxiliary,1
setting,1
board,1
naturalize,1
enfants,1
prototypical,1
specially,1
ahr,1
prominence,1
honneur,1
printed,1
argue,1
bit,1
constructions,1
universal,1
current,1
report,1
eventually,1
rivalry,1
croix,1
remond,1
recherche,1
written,1
brilliance,1
liberal,1
build,1
sum,1
emerges,1
february,1
senate,1
concrete,1
prescribing,1
tlheimonuments,1
charged,1
clarity,1
stature,1
ladies,1
noise,1
according,1
unlikely,1
automatic,1
economy,1
notable,1
carefully,1
transmitted,1
noms,1
eyone,1
pastrand,1
nationalist,1
selected,1
references,1
vaults,1
want,1
discernibly,1
westminster,1
metaphor,1
attitudes,1
hoped,1
espouses,1
toasuch,1
remove,1
anrd,1
writes,1
ceased,1
supporter,1
starkly,1
problem,1
dream,1
appropriated,1
incompetence,1
vehicle,1
studying,1
urinating,1
ravages,1
protectors,1
property,1
minimal,1
phenomena,1
administer,1
sorgue,1
hundreds,1
replacement,1
reprinted,1
categories,1
modaen,1
popular,1
congratulates,1
comememoriati,1
conference,1
prior,1
voted,1
andwnerninvolvet,1
demarcated,1
aggregation,1
circumstances,1
careful,1
notified,1
epitomizes,1
thereby,1
decisive,1
canurnis,1
republic,1
easy,1
giving,1
durable,1
undisguised,1
rationale,1
exceeded,1
conventional,1
screen,1
figural,1
lesson,1
trigger,1
ever,1
unitary,1
using,1
disrupted,1
maintained,1
isolated,1
rmelais,1
goals,1
oeuvre,1
rio,1
accorded,1
giroud,1
construed,1
remarks,1
aspires,1
subsumed,1
pieties,1
propose,1
named,1
disadvantages,1
piety,1
devoted,1
shown,1
until,1
spring,1
presence,1
landaul,1
locations,1
patronymic,1
fiderale,1
argues,1
nantes,1
abbe,1
cambridge,1
disappear,1
departementales,1
intensified,1
repositories,1
donald,1
agreement,1
reover,1
auray,1
grant,1
finally,1
accept,1
newsletter,1
publicized,1
sufferings,1
typescript,1
protesting,1
ordre,1
actively,1
approximately,1
include,1
dense,1
accompanying,1
regime,1
conseil,1
smaller,1
arbitrary,1
dogma,1
ches,1
attributes,1
already,1
engraving,1
piece,1
lamentables,1
playing,1
defined,1
lauu,1
voluntary,1
organ,1
area,1
pomerans,1
increased,1
campaign,1
ranged,1
morning,1
doubtless,1
helsinger,1
respective,1
profits,1
barry,1
searching,1
inhumations,1
reinter,1
safeguard,1
categorizes,1
substitute,1
assumed,1
rest,1
root,1
attending,1
still,1
protested,1
consisted,1
headed,1
adumbrations,1
obligation,1
pool,1
create,1
vis,1
nan,1
views,1
patrilineal,1
bounds,1
east,1
custodians,1
predictable,1
element,1
valley,1
eloquently,1
sheer,1
hometown,1
fellowship,1
focus,1
diverts,1
preseparation,1
drew,1
recent,1
geese,1
staning,1
concise,1
clerics,1
arnold,1
gold,1
virtue,1
building,1
asked,1
metz,1
attendance,1
devastated,1
representational,1
glorified,1
jealous,1
inventories,1
dieue,1
occur,1
perpetual,1
bespeaks,1
coprih,1
dni,1
