WORDCOUNTS,WEIGHT
the,1715
of,892
in,639
to,526
and,432
kong,384
hong,383
a,370
that,252
british,222
as,216
for,168
was,166
on,157
s,142
be,137
china,136
it,124
chinese,122
would,122
with,120
by,117
he,112
not,109
had,106
grantham,104
is,96
but,92
office,91
an,86
at,84
his,83
colonial,83
from,73
see,66
have,63
colony,57
american,56
this,56
there,56
were,54
which,52
foreign,52
one,51
government,51
war,51
or,51
been,51
no,50
young,49
secretary,44
i,44
october,44
might,43
historical,43
communist,41
governor,41
secretariat,40
review,39
secret,39
more,39
also,37
kuomintang,36
fo,36
did,36
britain,35
may,34
state,34
co,34
than,33
bevin,32
empire,32
are,32
could,31
its,31
their,30
time,30
who,30
any,30
policy,29
history,29
other,29
political,29
administration,29
against,28
part,28
london,28
critical,28
about,28
east,27
new,27
should,27
they,26
well,26
far,26
all,25
view,25
has,25
hk,25
louis,25
chiang,25
we,25
if,24
only,24
position,23
because,23
june,23
can,23
way,22
issue,22
held,22
communists,22
what,22
public,21
minute,21
example,21
made,21
united,21
believed,21
our,21
much,21
later,20
shanghai,20
some,20
general,20
after,20
nationalist,20
support,20
will,20
end,20
top,20
when,20
alexander,20
into,19
long,19
military,19
how,19
however,19
people,19
council,19
between,19
asia,18
wm,18
thus,18
phase,18
roger,18
attlee,18
my,18
years,18
world,18
important,17
own,17
same,17
two,17
over,17
sir,17
such,16
future,16
civil,16
records,16
up,16
minister,16
period,16
so,16
constitutional,16
states,16
possible,15
most,15
esp,15
economic,15
wrote,15
july,15
under,15
documents,15
present,15
defense,15
municipal,15
creech,15
december,15
became,15
j,14
tsang,14
point,14
even,14
jones,14
troops,14
forces,14
oxford,14
commonwealth,14
perhaps,14
course,14
black,14
january,14
postwar,14
views,14
now,13
before,13
those,13
within,13
cabinet,13
relations,13
affairs,13
issues,13
officials,13
took,13
question,13
archives,12
memorandum,12
influence,12
without,12
japanese,12
late,12
during,12
make,12
power,12
toward,12
plan,12
another,12
especially,12
megarry,12
merely,12
argument,12
defence,12
minutes,11
soong,11
case,11
regarded,11
whether,11
status,11
sense,11
cold,11
service,11
security,11
official,11
less,11
trade,11
labour,11
imperialism,11
fall,11
imperial,11
republic,11
first,10
words,10
last,10
system,10
since,10
september,10
assessment,10
rather,10
rule,10
attack,10
island,10
place,10
hold,10
thought,10
members,10
reform,10
zealand,10
hand,10
background,10
become,10
itself,10
principle,10
n,10
statement,10
both,10
recognition,10
until,10
files,10
c,10
here,10
h,9
file,9
t,9
ii,9
great,9
intelligence,9
himself,9
million,9
immediate,9
though,9
communism,9
b,9
based,9
found,9
out,9
representative,9
further,9
population,9
r,9
least,9
am,9
seemed,9
judgment,9
do,9
wartime,9
local,9
discussion,9
questions,9
august,9
control,9
february,9
d,9
evidence,9
prime,8
u,8
events,8
amethyst,8
danger,8
record,8
basis,8
year,8
good,8
change,8
event,8
situation,8
business,8
matter,8
sargent,8
april,8
mao,8
useful,8
party,8
towards,8
john,8
necessary,8
remained,8
significant,8
nevertheless,8
appointment,8
earlier,8
problems,8
decision,8
attitude,8
must,8
confidential,8
according,8
them,8
terms,8
problem,8
extent,8
port,8
debate,8
develop,8
o,7
berlin,7
acheson,7
said,7
certainly,7
attempt,7
aircraft,7
mind,7
staff,7
side,7
eastern,7
politics,7
police,7
interest,7
kowloon,7
perspective,7
l,7
soviet,7
certain,7
threat,7
article,7
m,7
union,7
legislative,7
democratization,7
colonies,7
knowledge,7
few,7
australian,7
adviser,7
value,7
activities,7
south,7
f,7
return,7
interpretation,7
us,7
many,7
financial,7
identity,7
national,7
described,7
clear,7
like,7
high,7
continued,7
figure,7
often,7
analysis,7
nanking,7
matters,7
different,7
believe,7
defend,7
w,7
almost,7
level,7
november,7
subject,7
refugees,7
commercial,7
crisis,7
although,7
territories,7
archival,7
estimated,6
college,6
holding,6
being,6
australia,6
interests,6
taken,6
reasons,6
indeed,6
narrative,6
help,6
miles,6
papers,6
community,6
old,6
response,6
effective,6
reoccupation,6
journal,6
americans,6
developed,6
process,6
similar,6
proved,6
elsewhere,6
proposed,6
air,6
commented,6
opinion,6
appear,6
hyam,6
nothing,6
line,6
work,6
comment,6
billion,6
allegiance,6
revolution,6
box,6
movement,6
yet,6
times,6
naval,6
others,6
fact,6
man,6
where,6
number,6
crown,6
him,6
equivalent,6
principal,6
force,6
claims,6
ever,6
command,6
always,6
middle,6
despite,6
plans,6
territory,6
north,6
hkd,6
attempted,6
off,6
increased,6
comparison,6
early,6
including,6
resist,6
summed,5
democracy,5
go,5
argued,5
measures,5
needed,5
decade,5
chifley,5
sources,5
nationalism,5
written,5
date,5
governors,5
historians,5
march,5
determined,5
reaction,5
very,5
throughout,5
g,5
down,5
keep,5
subjects,5
compared,5
men,5
aimed,5
represented,5
generally,5
making,5
means,5
predecessor,5
ceylon,5
beyond,5
peninsula,5
permanent,5
strategy,5
lead,5
aftermath,5
p,5
appears,5
secure,5
priorities,5
whole,5
used,5
popular,5
using,5
too,5
hongkong,5
therefore,5
minor,5
short,5
still,5
chap,5
pacific,5
these,5
friendly,5
nationalists,5
personal,5
remain,5
navy,5
v,5
hkrs,5
material,5
books,5
nanjing,5
food,5
continue,5
three,5
external,5
special,5
percent,5
me,5
successor,5
kitson,5
acquired,5
then,5
demonstrate,5
canton,5
known,5
darwin,5
sustained,5
set,5
india,5
key,5
regard,5
report,5
eventually,5
enemy,5
past,5
cab,5
through,5
city,5
firms,5
think,5
come,5
extensive,5
among,5
major,5
appeasement,4
malaya,4
either,4
commitment,4
career,4
authority,4
motive,4
royal,4
mainland,4
eye,4
macdougall,4
creation,4
nature,4
able,4
take,4
opposite,4
account,4
capable,4
vital,4
apply,4
anticipated,4
donovan,4
aggression,4
kind,4
turn,4
nor,4
back,4
served,4
left,4
border,4
helping,4
subversive,4
via,4
english,4
square,4
knew,4
importance,4
gesture,4
k,4
consequences,4
wanted,4
cause,4
university,4
reinforcement,4
prevent,4
initiative,4
powerful,4
ussd,4
decades,4
closely,4
advance,4
isle,4
traced,4
shall,4
pursued,4
shelved,4
franchise,4
probably,4
already,4
fraser,4
brought,4
reports,4
mayle,4
discussions,4
officers,4
sidebotham,4
next,4
phrase,4
small,4
transfer,4
presence,4
research,4
texas,4
managed,4
purpose,4
grateful,4
provided,4
stand,4
avoid,4
nations,4
churchill,4
led,4
action,4
gradual,4
exception,4
prove,4
above,4
decisions,4
relationship,4
once,4
neither,4
industrial,4
steve,4
department,4
lack,4
leading,4
head,4
proposal,4
agree,4
doubt,4
ought,4
never,4
establish,4
confrontation,4
ports,4
japan,4
remarked,4
taiwan,4
looking,4
asian,4
use,4
evolution,4
significance,4
comprehensive,4
victory,4
christopher,4
david,4
direct,4
summer,4
played,4
effect,4
defe,4
slightly,4
story,4
northern,4
haven,4
concluded,4
note,4
independent,4
consul,4
nz,4
seen,4
returned,4
why,4
months,4
following,4
lessons,4
dr,4
know,4
surrender,4
best,4
beginning,4
circles,4
want,4
palestine,4
undersecretary,4
beijing,4
reported,4
press,4
assumptions,4
conventional,4
aims,4
wight,4
singapore,4
conditions,4
wish,4
you,4
shift,4
moved,4
supported,4
close,4
era,4
substantial,4
little,4
possessed,3
respected,3
concerned,3
korean,3
created,3
e,3
notably,3
easily,3
studies,3
modern,3
favor,3
total,3
chief,3
common,3
anything,3
every,3
handover,3
give,3
retreat,3
seems,3
available,3
scheme,3
reveal,3
ronald,3
reading,3
committed,3
context,3
ernest,3
advice,3
resumption,3
obvious,3
morale,3
likely,3
benefit,3
hudson,3
learned,3
otherwise,3
regarding,3
facts,3
development,3
pursue,3
run,3
author,3
conducted,3
century,3
estimates,3
profound,3
weight,3
drawn,3
leadership,3
occasion,3
kept,3
recognized,3
fleet,3
menace,3
levels,3
remote,3
unique,3
eight,3
viewed,3
assuming,3
reason,3
determination,3
escape,3
river,3
days,3
house,3
four,3
aaeg,3
followed,3
yangtze,3
cost,3
plight,3
internal,3
faced,3
counsel,3
came,3
assets,3
allow,3
begun,3
strength,3
tucker,3
international,3
her,3
equally,3
occupation,3
informed,3
cultural,3
recently,3
cannot,3
grounds,3
burgess,3
your,3
circumstances,3
wide,3
impression,3
autocracy,3
literature,3
tenure,3
feared,3
private,3
consistently,3
saw,3
president,3
solution,3
caused,3
hard,3
stage,3
contrast,3
reaches,3
night,3
economist,3
fast,3
consensus,3
wider,3
met,3
impossible,3
rendition,3
necessity,3
resistance,3
notes,3
valuable,3
aron,3
geographical,3
incident,3
defended,3
second,3
various,3
giving,3
leased,3
garrison,3
resisted,3
play,3
reduce,3
whatever,3
calculated,3
currency,3
strategic,3
put,3
trusteeship,3
fighting,3
treaty,3
whose,3
culture,3
keeping,3
largest,3
noted,3
increasingly,3
inhabitants,3
leader,3
mark,3
again,3
demographic,3
idea,3
lieutenant,3
personality,3
arthur,3
contemporary,3
venture,3
gimson,3
rhetoric,3
basic,3
purposes,3
answer,3
evatt,3
roosevelt,3
controversy,3
free,3
lost,3
alliance,3
formal,3
previously,3
entirely,3
franklin,3
advantages,3
low,3
open,3
peter,3
faces,3
leave,3
feng,3
lie,3
exchange,3
spent,3
eyes,3
parallel,3
mr,3
occupied,3
european,3
today,3
george,3
sometimes,3
usually,3
bound,3
reasonable,3
poynton,3
independence,3
aa,3
began,3
proposition,3
countries,3
life,3
inspired,3
frontier,3
get,3
face,3
sake,3
sound,3
considered,3
seriously,3
shadow,3
mainly,3
elected,3
truman,3
regime,3
alternative,3
outcome,3
secured,3
country,3
interested,3
seem,3
capital,3
leaders,3
post,3
provoke,3
particularly,3
clearly,3
reflected,3
cities,3
just,3
better,3
outlook,3
day,3
economy,3
form,3
maintain,3
hoped,3
theory,3
telegram,3
lm,3
agreed,3
given,3
introduced,3
appointed,3
writing,3
terminal,3
analogy,3
survival,3
conn,3
relinquishing,3
washington,3
include,3
prosperity,3
philosophy,3
area,3
shai,3
anticommunist,3
broadening,3
succeeded,3
create,3
persuaded,3
immediately,3
recent,3
meeting,3
final,2
does,2
mcgibbon,2
treaties,2
stood,2
showdown,2
ready,2
administered,2
revolutionary,2
europeans,2
seizure,2
introduction,2
constitution,2
prem,2
large,2
miners,2
studiously,2
fate,2
nigeria,2
advised,2
word,2
underground,2
ways,2
pressing,2
jonathan,2
former,2
trace,2
committee,2
encourage,2
exceptions,2
hayes,2
nineteenth,2
corresponding,2
turning,2
themes,2
experience,2
lower,2
exaggerated,2
attempts,2
restoration,2
concentrated,2
feeling,2
rapid,2
central,2
articulate,2
nancy,2
freely,2
individuals,2
tradition,2
twenty,2
outbreak,2
indifferent,2
studied,2
roused,2
kingdom,2
bernkopf,2
manchuria,2
called,2
zedong,2
greatly,2
respond,2
precisely,2
formed,2
raised,2
robert,2
regiment,2
discipline,2
ambiguous,2
proposals,2
depends,2
courage,2
forthcoming,2
explained,2
king,2
capacity,2
firm,2
discuss,2
right,2
retain,2
design,2
chapter,2
fighter,2
marked,2
cooperation,2
reaching,2
insight,2
fine,2
taking,2
say,2
formative,2
realistic,2
along,2
provoked,2
urging,2
expertise,2
labor,2
conflict,2
preoccupied,2
accommodate,2
upheld,2
therein,2
collapse,2
merchants,2
sympathetic,2
eventual,2
quality,2
reputation,2
inevitable,2
understand,2
tanganyika,2
dominated,2
recasting,2
personalities,2
exceptional,2
decided,2
judged,2
elements,2
tibet,2
loose,2
cripps,2
bay,2
concerning,2
amount,2
contrary,2
deterrent,2
highest,2
southeast,2
ally,2
single,2
witnessed,2
estimate,2
find,2
died,2
crumbling,2
brigade,2
closure,2
sun,2
guard,2
destabilize,2
subversion,2
dust,2
murfett,2
higher,2
aim,2
surprisingly,2
opposed,2
adequate,2
york,2
expatriates,2
essential,2
chiefs,2
teaching,2
act,2
statements,2
camp,2
debated,2
edward,2
aggressive,2
decolonisation,2
mean,2
comparable,2
pressure,2
dean,2
proportion,2
lasted,2
ongoing,2
nos,2
front,2
category,2
sovereignty,2
hawkins,2
wages,2
tensions,2
established,2
branch,2
underlying,2
linked,2
warren,2
director,2
quoted,2
contemporaries,2
restricted,2
benefited,2
experienced,2
depend,2
calculations,2
hereafter,2
method,2
care,2
helped,2
personified,2
strengthen,2
cut,2
assessments,2
opponents,2
contention,2
expressed,2
arrived,2
sooner,2
arrival,2
newspapers,2
withheld,2
six,2
transient,2
tyrrell,2
oil,2
effort,2
visits,2
patrick,2
deal,2
reactionary,2
blockade,2
fuel,2
base,2
arrogance,2
confer,2
respects,2
unions,2
divided,2
marxist,2
let,2
province,2
absorption,2
persons,2
analogous,2
fish,2
facilities,2
balanced,2
abadan,2
enough,2
wealth,2
james,2
briefly,2
receive,2
failure,2
gained,2
directly,2
having,2
network,2
revealed,2
planning,2
imprisoned,2
start,2
carry,2
heart,2
unless,2
appreciable,2
thoughts,2
description,2
ten,2
loss,2
gave,2
forefront,2
away,2
canberra,2
interpreted,2
creating,2
guarantee,2
successful,2
squatters,2
responsibility,2
ambassador,2
things,2
seized,2
reliable,2
prefix,2
trading,2
order,2
quite,2
settlement,2
acted,2
involved,2
xiang,2
characteristics,2
walled,2
cession,2
temporary,2
industry,2
disaster,2
registry,2
carrier,2
tended,2
foremost,2
parliament,2
fully,2
struck,2
tip,2
successfully,2
st,2
dependent,2
concurred,2
criminals,2
society,2
subsequently,2
replacing,2
unofficial,2
temperament,2
conversations,2
letters,2
happy,2
melbourne,2
brian,2
expansion,2
vols,2
tempted,2
brief,2
forward,2
object,2
convince,2
controls,2
refusal,2
railway,2
kimball,2
accepted,2
prepare,2
relied,2
reference,2
makes,2
added,2
instantly,2
soon,2
continuity,2
god,2
management,2
included,2
home,2
informal,2
assistance,2
complete,2
abandon,2
thousand,2
lord,2
friendship,2
wright,2
robust,2
excellence,2
russian,2
jamaica,2
gravely,2
lee,2
persuasive,2
fellow,2
entrepot,2
peoples,2
law,2
book,2
stated,2
fell,2
passed,2
death,2
dening,2
missing,2
registration,2
longer,2
areas,2
tolerate,2
really,2
larger,2
reductionist,2
outpost,2
pattern,2
discussed,2
dependencies,2
serious,2
jeffries,2
sort,2
patterns,2
dominion,2
ground,2
attempting,2
relevant,2
commitments,2
exotic,2
eds,2
ability,2
going,2
encountered,2
fled,2
anticipate,2
calculation,2
antony,2
sterling,2
investment,2
extended,2
hundred,2
bear,2
active,2
defer,2
desert,2
region,2
emphatically,2
ruling,2
steady,2
alarmist,2
actual,2
real,2
services,2
full,2
optimistic,2
rejected,2
energies,2
subtle,2
diplomacy,2
historic,2
moral,2
profession,2
virtues,2
points,2
defensive,2
function,2
acquiescence,2
stages,2
administrative,2
proximity,2
claim,2
legacy,2
latter,2
neutral,2
quick,2
dollars,2
structure,2
hostage,2
admiralty,2
morris,2
figures,2
save,2
relative,2
quarterly,2
ago,2
hope,2
attention,2
immigration,2
concerted,2
separate,2
carried,2
wished,2
suggestion,2
autumn,2
untenable,2
declaration,2
sanitation,2
moves,2
wisdom,2
five,2
naturally,2
practical,2
vague,2
lines,2
deteriorating,2
slow,2
mood,2
sensitive,2
army,2
un,2
waters,2
armed,2
render,2
recalled,2
remaining,2
legitimacy,2
anxiety,2
whereby,2
executive,2
responsible,2
existed,2
michael,2
emerging,2
articles,2
assistant,2
share,2
authorities,2
historian,2
consulate,2
overriding,2
series,2
mentioned,2
gibraltar,2
tang,2
sophisticated,2
constituted,2
deferred,2
guerrilla,2
triad,2
quickly,2
natural,2
destroyers,2
introducing,2
publicly,2
inclined,2
connection,2
half,2
propaganda,2
loyalty,2
sustaining,2
audience,2
defending,2
combined,2
implicit,2
interwar,2
westminster,2
attitudes,2
armies,2
annexed,2
commander,2
prestige,2
studying,2
voice,2
information,2
rally,2
upper,2
travel,2
progress,2
intention,2
expected,2
commerce,2
ruled,2
peace,2
thereby,2
batten,2
content,2
ministers,2
convinced,2
concessions,2
step,2
acute,2
contribute,2
indebted,2
maintained,2
representation,2
decolonization,2
spring,2
foreigners,2
unilateral,2
inflated,2
imperative,2
aware,2
corrective,2
offer,2
move,2
land,2
building,2
unified,2
involving,2
prospect,2
colleagues,2
remains,2
offered,2
observation,2
rest,2
combination,2
intermediary,2
consisted,2
reached,2
norman,2
pratt,2
element,2
interaction,2
winston,2
objected,2
taylor,2
virtue,2
broader,2
doing,2
enclave,2
resources,2
malcolm,2
patten,2
guangdong,2
martin,2
nicholas,1
dynamic,1
razed,1
practically,1
intimately,1
tokyo,1
leninists,1
portuguese,1
transportation,1
akira,1
deference,1
dominating,1
struggle,1
triple,1
doubts,1
blimps,1
generalization,1
difficult,1
jadan,1
rev,1
maochun,1
concern,1
corruption,1
scholar,1
designated,1
boycott,1
encouraged,1
intricate,1
nrelude,1
peaceful,1
market,1
widening,1
distress,1
coast,1
resisting,1
wavering,1
alone,1
extends,1
ultimate,1
jittery,1
succinct,1
enclosing,1
philadelphia,1
collision,1
necessitates,1
crossing,1
depict,1
germany,1
passing,1
village,1
group,1
democratized,1
becoming,1
basingstoke,1
complex,1
thrust,1
prize,1
saved,1
pondered,1
star,1
agency,1
designed,1
strikes,1
cars,1
blessing,1
remind,1
terminate,1
live,1
schools,1
constitutes,1
true,1
sets,1
motivation,1
injuries,1
remnants,1
investigating,1
competence,1
park,1
conscious,1
earnings,1
install,1
prodding,1
reasonably,1
protection,1
western,1
barest,1
supposing,1
ian,1
presents,1
pose,1
unreasonably,1
title,1
planes,1
embassy,1
tiptoeing,1
assisted,1
somewhere,1
something,1
thematic,1
rosemary,1
arguing,1
hayward,1
source,1
detected,1
princeton,1
amongst,1
intimidate,1
women,1
baker,1
qiang,1
prosperous,1
negative,1
chunking,1
member,1
overwhelmingly,1
else,1
decidedly,1
transitions,1
permit,1
attorney,1
bilateral,1
stabilization,1
modest,1
collusion,1
hence,1
acres,1
parliamentary,1
chasm,1
concur,1
progressed,1
distinguishing,1
voices,1
inconceivable,1
crews,1
setting,1
implications,1
motor,1
crippled,1
rush,1
possesses,1
darkness,1
assist,1
develops,1
stifle,1
anywhere,1
worked,1
undeniably,1
kent,1
tolerated,1
england,1
trinidad,1
departure,1
reestablish,1
parties,1
containing,1
dramatically,1
latent,1
waxed,1
comparatively,1
shaped,1
principles,1
height,1
attractive,1
paramount,1
refugee,1
ahr,1
advantage,1
broken,1
succeeds,1
assertion,1
together,1
upholds,1
desire,1
stalwart,1
invigorated,1
thank,1
accessible,1
differences,1
tactic,1
pressed,1
blind,1
prelude,1
achievement,1
follows,1
borne,1
imperio,1
proves,1
quiescent,1
thanks,1
cosmopolitan,1
concludes,1
shao,1
overall,1
court,1
delusion,1
hunting,1
volunteered,1
anger,1
farmer,1
subsequent,1
caine,1
feature,1
squeezing,1
harmondsworth,1
devised,1
meantime,1
consist,1
buccaneer,1
trouble,1
secondly,1
influxes,1
reserved,1
cell,1
sleepless,1
jelly,1
complicated,1
ruined,1
techniques,1
hostile,1
stopped,1
racial,1
prosper,1
citizenship,1
triggered,1
growing,1
empty,1
fortune,1
preventing,1
depending,1
inseparable,1
dearth,1
existence,1
abbreviated,1
resilience,1
inadequate,1
commit,1
reinforcements,1
task,1
money,1
adverse,1
translations,1
aldington,1
bones,1
bases,1
reassert,1
america,1
saying,1
draw,1
admonitions,1
economics,1
sensitivities,1
sinhalese,1
vol,1
porter,1
replacement,1
opened,1
occupying,1
felt,1
miniature,1
compelling,1
prevailing,1
fiji,1
shared,1
fung,1
seventy,1
gift,1
election,1
etc,1
guy,1
functions,1
consciousness,1
pronouncements,1
literary,1
taxation,1
thirdly,1
selfgovernment,1
fractures,1
mounting,1
occurring,1
sporadically,1
deplore,1
sent,1
uncertain,1
spoilt,1
desirable,1
yangzi,1
columnist,1
clipped,1
disingenuous,1
appease,1
irrational,1
fiercely,1
formula,1
rhoads,1
reassessments,1
crystallized,1
pursuing,1
signal,1
disavow,1
exposed,1
gravity,1
reassurance,1
punishing,1
possessing,1
goal,1
restraint,1
auckland,1
includes,1
tiananmen,1
silent,1
comments,1
halted,1
retooling,1
release,1
harcourt,1
angles,1
bayonet,1
severe,1
mine,1
difficulties,1
reject,1
aha,1
alarm,1
visited,1
realized,1
exuded,1
integral,1
blackmail,1
charming,1
intact,1
finally,1
domain,1
authoritative,1
center,1
aggravated,1
keele,1
trench,1
deliberation,1
moment,1
brother,1
passage,1
sweeping,1
ransom,1
enjoying,1
sympathized,1
bone,1
application,1
hooton,1
jr,1
overt,1
ease,1
relish,1
reproduced,1
supremacy,1
privilege,1
visa,1
admitted,1
hitherto,1
forced,1
espoused,1
battleship,1
priority,1
sustain,1
cases,1
individual,1
distinct,1
clark,1
document,1
strategical,1
debatable,1
refer,1
bullock,1
body,1
withdraw,1
speed,1
agility,1
liberate,1
concert,1
channels,1
holds,1
uneasiness,1
wholly,1
allowing,1
assertive,1
truly,1
burma,1
alliances,1
weakening,1
committing,1
cadet,1
y,1
dragon,1
obscure,1
democratically,1
consequently,1
memoir,1
look,1
preserving,1
reasoned,1
pugnacious,1
unspoken,1
skins,1
ludden,1
colleague,1
adventurers,1
crack,1
rudimentary,1
simplistic,1
founder,1
urgent,1
hardly,1
generation,1
coal,1
quiet,1
stanley,1
compromise,1
parlance,1
businessmen,1
jerusalem,1
glad,1
virtual,1
commanders,1
readable,1
walls,1
grasp,1
vindicates,1
vantage,1
unlikely,1
languages,1
measured,1
opium,1
failed,1
loyal,1
assessed,1
offices,1
poor,1
defection,1
interesting,1
governorship,1
conciliated,1
madden,1
manipulated,1
juggled,1
sentimental,1
block,1
agitation,1
deriving,1
sabotaged,1
hopes,1
personages,1
undefendable,1
westport,1
frustration,1
observers,1
bring,1
mattered,1
middling,1
principally,1
growth,1
wanting,1
troubled,1
across,1
perceiving,1
ironic,1
stonecutters,1
possession,1
unit,1
provocation,1
appreciation,1
explicit,1
johnston,1
swept,1
cecil,1
longest,1
revenues,1
presentation,1
myself,1
britannia,1
suffer,1
opportunity,1
dealt,1
sudden,1
arm,1
annapolis,1
rescue,1
supplement,1
legal,1
gurka,1
nicoll,1
expelled,1
adjustments,1
pointing,1
parts,1
reabsorption,1
doubted,1
enabled,1
echoed,1
lay,1
diminishes,1
submarines,1
reforms,1
riposte,1
feel,1
falklands,1
interned,1
extremes,1
moreover,1
jargon,1
fade,1
actions,1
shell,1
tumult,1
raymond,1
slope,1
hook,1
thomas,1
straits,1
serve,1
developments,1
desperadoes,1
alienate,1
bad,1
conciliation,1
affect,1
ensure,1
servants,1
congested,1
consider,1
futile,1
possibly,1
immigrants,1
entry,1
sorts,1
talk,1
organized,1
slowly,1
emergence,1
dated,1
energy,1
vivid,1
section,1
withers,1
amenable,1
spirit,1
numbers,1
dominate,1
nationals,1
commando,1
instrument,1
differs,1
ceded,1
frequently,1
quarters,1
witnessing,1
accumulating,1
nascent,1
indefinitely,1
umbrella,1
age,1
accurate,1
scuttle,1
superior,1
origins,1
vietnam,1
ne,1
follow,1
withdrawing,1
officer,1
overrate,1
defeat,1
efficient,1
avert,1
flicker,1
heathcotesmith,1
madame,1
disintegrating,1
christmas,1
reinvigorate,1
exploitation,1
commandeer,1
beef,1
infrequently,1
shifted,1
odd,1
jan,1
undermin,1
export,1
trained,1
liberalize,1
systems,1
yonosuke,1
advocated,1
dependency,1
methodology,1
perceive,1
allies,1
streak,1
bureaucracy,1
conquest,1
draws,1
hours,1
talking,1
result,1
whom,1
laid,1
achieved,1
complications,1
questioned,1
bearing,1
declined,1
societies,1
harder,1
hungarian,1
plot,1
hands,1
search,1
typical,1
access,1
adhered,1
evasive,1
kerr,1
changed,1
demands,1
austin,1
relate,1
zealanders,1
mythical,1
arise,1
near,1
emoluments,1
insisting,1
emerge,1
jeopardy,1
barbados,1
vigorous,1
administratively,1
philosophical,1
brake,1
sleeping,1
term,1
overcome,1
wonder,1
slim,1
appendage,1
neighboring,1
embarrassing,1
furthermore,1
understood,1
precipitate,1
midnight,1
heaven,1
bend,1
stock,1
activist,1
electing,1
matheson,1
safeguard,1
sentence,1
litany,1
meet,1
promise,1
applied,1
ovendale,1
scale,1
subdepartment,1
surrounded,1
tenacity,1
presided,1
marshall,1
expedient,1
judicial,1
absolute,1
explain,1
approached,1
reluctantly,1
opposition,1
jp,1
liberal,1
encroachment,1
balance,1
possibility,1
aspects,1
improve,1
undermined,1
infused,1
outstanding,1
representatives,1
watershed,1
specifically,1
none,1
storage,1
unequal,1
dilemmas,1
protesters,1
closed,1
conspiracy,1
apathetic,1
paralysing,1
scope,1
residents,1
nagai,1
bolster,1
received,1
offensive,1
mobilization,1
stiff,1
student,1
framed,1
stafford,1
reestablished,1
reader,1
prominent,1
significantly,1
stake,1
attache,1
thorne,1
stir,1
compass,1
flogging,1
edn,1
wedemeyer,1
related,1
correctly,1
paskin,1
confirms,1
sydney,1
irish,1
aligned,1
criticized,1
reminded,1
got,1
dividing,1
booming,1
precipitated,1
continuation,1
vice,1
peking,1
refined,1
obscured,1
editorial,1
emphasising,1
partly,1
subtly,1
constitute,1
actually,1
underscored,1
strain,1
statistics,1
prisoner,1
tumultuous,1
leninism,1
contentious,1
weekly,1
reflect,1
frederic,1
iriye,1
newspaper,1
floors,1
anticipating,1
systematic,1
endorsed,1
project,1
manage,1
deeply,1
foresee,1
alan,1
hostility,1
enhances,1
endorsement,1
challenging,1
ships,1
trends,1
deter,1
announcement,1
protectorates,1
manifestation,1
launching,1
exchequer,1
massacre,1
thread,1
prices,1
earth,1
passport,1
detailed,1
coates,1
externally,1
dedendencv,1
crew,1
running,1
closing,1
unpopular,1
presented,1
working,1
below,1
love,1
hanover,1
shaping,1
crawford,1
involve,1
coupled,1
politically,1
theater,1
pedigree,1
emphasizes,1
admired,1
atmosphere,1
bank,1
jardine,1
counteracting,1
chronicling,1
openly,1
awakened,1
axiom,1
chan,1
sufficient,1
edwin,1
feelings,1
ship,1
revealing,1
fired,1
thirtyseven,1
ts,1
decline,1
climate,1
latest,1
visitor,1
dismissed,1
spence,1
orthodox,1
fortify,1
jordan,1
attemdt,1
intent,1
infantry,1
proper,1
sea,1
ocrober,1
roots,1
relic,1
gunboat,1
plausible,1
wallinger,1
teeth,1
derives,1
triangular,1
settle,1
reducing,1
logic,1
championed,1
lend,1
anson,1
awards,1
appeal,1
untrue,1
cos,1
liberation,1
reduction,1
armored,1
role,1
ranging,1
critics,1
ramifications,1
forever,1
frederick,1
reexamine,1
variety,1
territorial,1
antiquated,1
contact,1
wenguang,1
entitled,1
troop,1
rested,1
unrealistic,1
orme,1
penetrating,1
wary,1
distorted,1
comparative,1
realise,1
limited,1
successes,1
intended,1
wait,1
receptive,1
onward,1
acknowledged,1
classic,1
investments,1
islands,1
yugoslavia,1
nearly,1
abruptness,1
reincarnation,1
posed,1
extreme,1
instincts,1
gaining,1
disinclination,1
intimidation,1
allen,1
bloc,1
harry,1
mainstream,1
archivist,1
strife,1
importuned,1
study,1
dignify,1
reception,1
qualms,1
authoritarian,1
answering,1
mirsky,1
vicinity,1
permanently,1
illuminating,1
sponsorship,1
inflate,1
frigates,1
robin,1
repression,1
depicted,1
ineffective,1
emerged,1
criticism,1
asiatic,1
sympathies,1
victor,1
vegetables,1
hugh,1
meanwhile,1
commissioners,1
opportunities,1
democratize,1
advanced,1
suspicious,1
rhodes,1
albert,1
extremists,1
counterparts,1
yourselves,1
message,1
technology,1
instinctive,1
challenged,1
disastrous,1
corpse,1
perceived,1
indefensible,1
prisoners,1
achieve,1
tax,1
acting,1
malay,1
extravagant,1
planned,1
professor,1
shifting,1
ky,1
disadvantages,1
passionately,1
ed,1
indian,1
payments,1
earns,1
emotional,1
begins,1
resented,1
lingering,1
predominate,1
regional,1
watching,1
journalist,1
fairly,1
published,1
double,1
administrators,1
shops,1
policing,1
fire,1
lewis,1
critiques,1
wakeman,1
tour,1
internationalization,1
reassuring,1
skill,1
suit,1
attacks,1
temporarily,1
jubilant,1
technique,1
stronger,1
strike,1
assuredly,1
lanxin,1
verge,1
fado,1
ended,1
pointed,1
europe,1
reporting,1
dictatorship,1
ask,1
demoralise,1
chaps,1
intellect,1
addition,1
water,1
destroy,1
analytical,1
signified,1
lacked,1
marines,1
internment,1
inaction,1
signify,1
valid,1
consideration,1
treatment,1
overwhelming,1
deficient,1
mcintosh,1
scarlett,1
creative,1
compound,1
armonk,1
essence,1
pains,1
doors,1
statesman,1
disliked,1
pretty,1
eagle,1
children,1
educated,1
thriller,1
epilogue,1
hungary,1
incorporation,1
forge,1
emphatic,1
everything,1
seize,1
chou,1
resolved,1
outgoing,1
charges,1
powerless,1
removal,1
planners,1
evacuating,1
receiving,1
anthropologist,1
deft,1
puzzling,1
conclusions,1
behind,1
setback,1
intervene,1
corps,1
centre,1
covered,1
operating,1
model,1
advising,1
reversion,1
road,1
reassertion,1
refrain,1
aiming,1
orthodoxy,1
muster,1
eton,1
seamen,1
foot,1
coincided,1
judith,1
countenanced,1
teachers,1
conviction,1
inevitably,1
invitation,1
native,1
belief,1
seminars,1
assault,1
maltreat,1
cogently,1
ink,1
ing,1
grave,1
coined,1
lucrative,1
hovering,1
endacott,1
touch,1
alarmed,1
reactionaries,1
lau,1
exhilarating,1
fight,1
summers,1
original,1
simon,1
demonstrated,1
recognizing,1
dominions,1
classes,1
lasting,1
greatest,1
ignored,1
incompetence,1
encounter,1
effectiveness,1
treated,1
easier,1
leone,1
reversed,1
neh,1
upon,1
zhai,1
helps,1
writings,1
memoirs,1
yat,1
contemplate,1
transformed,1
braisted,1
exasperation,1
delicate,1
retains,1
onslaught,1
sufficiently,1
strongest,1
contacts,1
recover,1
versa,1
elite,1
functionaries,1
intoxicating,1
esler,1
tenets,1
host,1
eclipsed,1
controlling,1
skeptical,1
distrust,1
persisted,1
assumption,1
virtually,1
substantially,1
robinson,1
australians,1
worse,1
collaborative,1
sequence,1
ethnic,1
recovery,1
hour,1
marshaled,1
comnmunist,1
friction,1
examination,1
stay,1
trust,1
trip,1
previous,1
anzus,1
emobilized,1
vulnerability,1
connected,1
galvanized,1
considerable,1
dating,1
collaborators,1
laughing,1
charge,1
masquerading,1
shrewd,1
vigilant,1
helpless,1
imperium,1
ciear,1
oriental,1
andrews,1
directed,1
clouds,1
peripheral,1
express,1
disguised,1
damage,1
soldiers,1
health,1
essay,1
maintenance,1
counter,1
conferred,1
lifted,1
anachronistic,1
isles,1
daresay,1
allowed,1
democratizing,1
collaboration,1
impelled,1
spread,1
plant,1
remark,1
defeatist,1
winner,1
risen,1
marionettes,1
division,1
collected,1
shortly,1
chancellor,1
epoch,1
commons,1
standard,1
expressing,1
lose,1
imnortant,1
corrupt,1
class,1
generalissimo,1
decide,1
faith,1
wasn,1
strongly,1
favored,1
separatism,1
jurisdiction,1
lukewarm,1
purely,1
nationality,1
delano,1
edmund,1
rouse,1
elaborate,1
methods,1
rancour,1
viewpoint,1
relation,1
successors,1
interpretations,1
assessing,1
solidify,1
tactics,1
topics,1
unoccupied,1
warships,1
enjoyed,1
trades,1
churchillian,1
consecutive,1
conscience,1
dominance,1
captivity,1
astonishing,1
sweep,1
retrocession,1
invented,1
britishers,1
tendency,1
industrialization,1
fuzzy,1
joint,1
persuading,1
conveyed,1
redirected,1
caution,1
sugar,1
crumble,1
controversial,1
bibliographical,1
councils,1
regimes,1
adventures,1
abnegating,1
kiernan,1
hedge,1
hopeless,1
brown,1
justice,1
evicted,1
visit,1
dogs,1
supervising,1
populace,1
letting,1
suggest,1
humiliating,1
diametrically,1
indication,1
chu,1
arriving,1
lyrical,1
liberalism,1
extracted,1
iran,1
snelling,1
slender,1
puppet,1
undoubted,1
humiliated,1
raise,1
coopted,1
she,1
regular,1
provide,1
clarifv,1
rise,1
bold,1
chance,1
gigantic,1
criminal,1
relieved,1
vision,1
consent,1
types,1
ministry,1
fear,1
stocks,1
begin,1
celebration,1
credentials,1
intimidating,1
resumed,1
referred,1
success,1
qualify,1
dispatch,1
affinity,1
interfere,1
accommodating,1
effectively,1
requests,1
recognize,1
canada,1
expert,1
worlds,1
insecurity,1
efficiency,1
kill,1
siam,1
adventure,1
undaunted,1
inferior,1
graver,1
chamber,1
lion,1
dead,1
expansionism,1
education,1
gregarious,1
urged,1
resurgent,1
centuries,1
sympathy,1
arts,1
expulsion,1
grounded,1
liquidation,1
disorganized,1
supply,1
burned,1
squadron,1
school,1
marshal,1
contemplated,1
intervals,1
tsai,1
supervisor,1
singular,1
bellicose,1
dyarchy,1
broke,1
antecedent,1
osterhammel,1
complexity,1
version,1
changing,1
tanks,1
preclude,1
grand,1
finest,1
ascendant,1
ringing,1
extending,1
adjoining,1
geographic,1
scarcely,1
forwarded,1
speculating,1
continues,1
carriers,1
implied,1
dubious,1
exposition,1
detective,1
totality,1
yu,1
fluctuating,1
friends,1
organization,1
disguise,1
southward,1
charles,1
md,1
invade,1
swiftsure,1
offers,1
redeploy,1
clement,1
column,1
edited,1
refinery,1
cover,1
timetable,1
erected,1
defining,1
berkeley,1
dimension,1
disgruntled,1
intellectual,1
partner,1
refused,1
ministerial,1
evolved,1
bravery,1
clifford,1
finance,1
anthropology,1
camnaiwn,1
perceptive,1
specialized,1
worth,1
bless,1
confident,1
distance,1
gone,1
lexington,1
administer,1
skinner,1
daily,1
somber,1
domino,1
expiration,1
ideological,1
teaches,1
thoroughness,1
carrie,1
losses,1
obviously,1
speculation,1
ca,1
themselves,1
rely,1
junior,1
ordered,1
cultivation,1
ritchie,1
cohere,1
examining,1
delays,1
manoeuvre,1
unbreakable,1
impinged,1
essentially,1
sierra,1
disputes,1
doggerel,1
works,1
living,1
type,1
protracted,1
bands,1
pushing,1
turned,1
foothold,1
mcintyre,1
steps,1
knows,1
william,1
captive,1
trying,1
game,1
enmity,1
explanations,1
attain,1
guile,1
fuller,1
exposing,1
notable,1
affirm,1
proceedings,1
award,1
month,1
mustang,1
poses,1
marathon,1
rose,1
worthwhile,1
stability,1
list,1
ones,1
stance,1
maryland,1
pact,1
calif,1
particular,1
independently,1
sociology,1
character,1
thirty,1
symbolically,1
mere,1
lengths,1
vigorously,1
pleased,1
admiral,1
correspondent,1
vein,1
dormant,1
getting,1
foundations,1
weights,1
westerners,1
boosting,1
projection,1
subverting,1
produce,1
yield,1
reviewed,1
skillfully,1
precedent,1
resolutely,1
episode,1
emphasis,1
suspicion,1
urban,1
contain,1
freedom,1
art,1
engineer,1
policemen,1
welcome,1
jolted,1
vessels,1
gratitude,1
autocratic,1
soldier,1
stern,1
xi,1
portraits,1
neck,1
occasionally,1
inspector,1
careful,1
trivial,1
zation,1
amiable,1
mandarin,1
ohio,1
arouse,1
surrendered,1
excursion,1
courses,1
undertaken,1
beer,1
impressing,1
duty,1
african,1
buy,1
disciplines,1
lies,1
hamper,1
rigid,1
fostering,1
rationale,1
confronted,1
measure,1
generals,1
policymaking,1
seek,1
redirecting,1
souls,1
modernising,1
intelligible,1
equipped,1
recognised,1
ranks,1
pound,1
memories,1
phenomenon,1
indians,1
mention,1
exceptionally,1
takeover,1
goals,1
hinterland,1
slight,1
daring,1
espouse,1
buying,1
lamb,1
promoted,1
enthusiasm,1
devoted,1
inquiries,1
youth,1
lists,1
invasion,1
argues,1
sailed,1
difference,1
reveals,1
frontiers,1
gunboats,1
cambridge,1
peanut,1
discrepancy,1
revert,1
hordes,1
copies,1
connecting,1
replace,1
twentieth,1
formosa,1
internally,1
exerted,1
write,1
watt,1
battalion,1
motives,1
retrograde,1
unending,1
shrewdness,1
instead,1
lively,1
salt,1
cantonese,1
integrated,1
jurgen,1
physical,1
willing,1
pagodas,1
hardening,1
unfashionable,1
firewood,1
attributes,1
effects,1
piece,1
defined,1
programme,1
orientalism,1
enlisting,1
objections,1
captain,1
juggler,1
extremely,1
peacetime,1
campaign,1
brook,1
wellington,1
willpower,1
summary,1
doubtless,1
anonymous,1
dissent,1
specific,1
west,1
removed,1
certainty,1
indicating,1
paranoid,1
deployment,1
protested,1
rejection,1
bell,1
hotel,1
vary,1
foulds,1
eurasians,1
reflecting,1
kerans,1
infirmity,1
uncertainty,1
reversing,1
backwardness,1
instance,1
abandoned,1
traditional,1
heir,1
focus,1
duration,1
strong,1
ends,1
gangs,1
laborers,1
hilton,1
resembled,1
successive,1
unrepresentative,1
pillars,1
utmost,1
race,1
sen,1
draft,1
derogate,1
admirable,1
costly,1
increase,1
cruiser,1
continuously,1
impotent,1
