WORDCOUNTS,WEIGHT
the,945
of,634
and,455
in,388
to,288
a,265
was,150
s,145
that,142
as,142
for,138
chinese,138
asia,122
china,120
by,106
is,106
this,101
on,96
it,86
an,70
at,65
with,64
from,63
were,61
global,56
see,51
history,49
their,49
historical,49
liang,48
world,48
these,47
not,46
which,45
japan,44
its,43
had,41
one,38
zhang,37
society,34
or,34
are,33
india,33
century,32
people,32
space,31
both,31
modern,30
intellectuals,29
also,29
japanese,28
but,28
race,28
they,27
cultural,27
new,27
more,26
political,25
he,25
yazhou,25
be,25
review,24
his,24
has,24
indian,24
only,24
through,24
october,24
american,23
other,23
i,23
time,23
who,23
philippines,22
into,21
there,21
sun,21
liu,21
tokyo,20
asian,20
peoples,20
indians,20
formation,20
moment,19
regional,19
been,19
wangguo,19
solidarity,18
first,18
most,18
culture,18
tongzhong,18
after,18
states,18
between,18
e,17
radical,17
revolution,17
discourse,17
yet,17
many,17
karl,17
essay,17
among,17
all,16
turn,16
no,16
late,16
however,16
filipinos,16
same,16
region,16
tang,16
lun,16
country,16
qing,16
qichao,16
zhi,16
concept,15
two,15
binglin,15
lost,15
them,15
revolutionary,14
english,14
western,14
such,14
philippine,14
rebecca,14
text,14
while,14
have,14
essays,13
thus,13
against,13
various,13
wei,13
national,13
imperialism,12
those,12
within,12
central,12
shared,12
used,12
loss,12
notes,12
action,12
indeed,12
zhongshan,12
itself,12
intellectual,12
what,12
taiyan,12
wang,12
written,11
east,11
ma,11
part,11
creating,11
would,11
analysis,11
when,11
practice,11
zhongguo,11
struggle,10
group,10
being,10
british,10
journal,10
than,10
civilization,10
rather,10
shibiao,10
published,10
contemporary,10
bao,10
students,10
period,10
yuan,10
internal,10
countries,10
yu,10
different,10
xu,10
became,10
words,9
europe,9
context,9
activity,9
commonality,9
de,9
white,9
seas,9
linked,9
dynastic,9
ou,9
could,9
histories,9
well,9
situation,9
us,9
ji,9
filipino,9
rizal,9
discussion,9
times,9
become,9
perhaps,9
popular,9
beijing,9
meiji,9
now,8
possible,8
condition,8
west,8
vietnam,8
view,8
out,8
events,8
hui,8
because,8
involved,8
will,8
nation,8
short,8
about,8
others,8
state,8
where,8
another,8
own,8
relationship,8
independence,8
often,8
then,8
preface,8
calif,8
shi,8
vietnamese,8
our,8
meeting,8
just,7
decade,7
common,7
historians,7
some,7
experiences,7
relationships,7
activists,7
category,7
organization,7
ponce,7
important,7
came,7
war,7
dynasty,7
possibility,7
contrast,7
long,7
manchus,7
up,7
geographical,7
activities,7
wrote,7
movement,7
thought,7
soon,7
shivaji,7
social,7
efforts,7
fact,7
man,7
geography,7
eds,7
remained,7
upon,7
sameness,7
united,7
dirlik,7
any,7
over,7
very,7
mass,7
consciousness,7
merely,7
xinhai,7
cambridge,7
d,7
potential,7
early,7
focus,7
position,6
nineteenth,6
shanghai,6
vols,6
attempt,6
emerged,6
nationalism,6
concepts,6
eastern,6
politics,6
kind,6
even,6
influential,6
emergence,6
helped,6
constitution,6
my,6
based,6
called,6
qingyi,6
term,6
london,6
conceptualizations,6
takeuchi,6
place,6
structures,6
trends,6
order,6
quite,6
official,6
xianshi,6
ed,6
name,6
idea,6
scholars,6
do,6
empire,6
local,6
made,6
significance,6
language,6
so,6
him,6
problems,6
can,6
story,6
european,6
note,6
rpt,6
juan,6
heqin,6
version,6
known,6
cultures,6
manchu,6
past,6
terms,6
minbao,6
years,6
themselves,6
little,6
later,5
trans,5
formed,5
flows,5
experience,5
yaxiya,5
together,5
narrative,5
epistemological,5
prior,5
arif,5
april,5
point,5
conceptual,5
persia,5
historically,5
taipei,5
xuan,5
southern,5
site,5
pacific,5
how,5
howland,5
process,5
old,5
university,5
conceptualization,5
westerners,5
w,5
hands,5
edn,5
during,5
expansive,5
construct,5
zhanshi,5
explicitly,5
recognition,5
led,5
second,5
alliance,5
chap,5
ybswj,5
participants,5
noted,5
books,5
tuzhi,5
like,5
mr,5
seen,5
force,5
siam,5
chen,5
spanish,5
here,5
did,5
report,5
clearly,5
places,5
particular,5
despite,5
intended,5
twentieth,5
you,5
defined,5
c,5
elites,5
yokohama,4
way,4
if,4
medieval,4
studies,4
expressed,4
before,4
shimada,4
zhilue,4
uprising,4
minzu,4
li,4
military,4
might,4
actual,4
j,4
least,4
analyses,4
precisely,4
albeit,4
formulation,4
account,4
far,4
dynamic,4
buddhism,4
diversity,4
usage,4
constitutive,4
neighbors,4
learning,4
unity,4
refer,4
flawed,4
may,4
book,4
notion,4
ongoing,4
imperialist,4
yellow,4
n,4
articulated,4
weak,4
beyond,4
ming,4
shipei,4
whom,4
tao,4
baoshen,4
pioneer,4
tongwen,4
r,4
work,4
abroad,4
secret,4
related,4
broad,4
translated,4
formations,4
yinghuan,4
stanford,4
below,4
things,4
relevant,4
phrase,4
always,4
generally,4
displaced,4
am,4
critical,4
power,4
entitled,4
islands,4
duxiu,4
etc,4
july,4
above,4
indicates,4
under,4
included,4
assistance,4
congbao,4
reform,4
pamphlet,4
end,4
phan,4
readers,4
harootunian,4
demonstrated,4
understanding,4
introduction,4
began,4
versions,4
latter,4
pearl,4
asianism,4
structure,4
overthrow,4
we,4
attention,4
third,4
xinmin,4
foreign,4
translation,4
construction,4
qi,4
sharers,4
figured,4
incorporated,4
confucianism,4
organizational,4
know,4
berkeley,4
paper,4
denoted,4
particularly,4
works,4
zhu,4
beginning,4
according,4
nationalist,4
problem,4
freedom,4
asians,4
must,4
met,4
joining,4
datum,4
territory,4
colonial,4
mention,4
writing,4
haiguo,4
mutual,4
although,4
yindu,4
bose,4
views,4
traditional,4
immediately,4
recent,4
final,3
does,3
meaning,3
commentary,3
scholar,3
red,3
rethink,3
use,3
schools,3
asserted,3
jiyu,3
han,3
missionaries,3
socialists,3
necessarily,3
encourage,3
unite,3
rethinkings,3
either,3
specifically,3
transvaal,3
creation,3
historiography,3
capitalist,3
leading,3
great,3
boer,3
government,3
hundred,3
course,3
issue,3
anarchist,3
along,3
himself,3
forged,3
author,3
relatively,3
yingdu,3
evident,3
perspective,3
mobility,3
burma,3
shyamaji,3
traditions,3
occasion,3
understood,3
recognized,3
york,3
whose,3
subordination,3
duli,3
explicit,3
guanyu,3
associate,3
thing,3
read,3
reforms,3
reason,3
solutions,3
revolutionaries,3
korea,3
section,3
zhuyi,3
frequently,3
observations,3
situations,3
defeat,3
wearing,3
equivalence,3
suggested,3
fluid,3
reflections,3
arms,3
lived,3
changed,3
centrally,3
initial,3
struggles,3
tongmeng,3
duara,3
recently,3
produced,3
produce,3
failure,3
having,3
emphasis,3
imagined,3
prominent,3
su,3
knowledge,3
island,3
guanxi,3
moments,3
focuses,3
plurality,3
nor,3
solidarities,3
t,3
legacy,3
socialist,3
emerging,3
contingency,3
several,3
research,3
usual,3
boundaries,3
visible,3
dependent,3
suggest,3
nations,3
yanjiu,3
feiluibin,3
poland,3
practices,3
economic,3
zhao,3
ahistorical,3
brief,3
histoiy,3
structural,3
incipient,3
hegemonic,3
perceived,3
islam,3
already,3
translingual,3
increasingly,3
toward,3
similarly,3
chaps,3
addition,3
larger,3
doubt,3
model,3
purposes,3
existing,3
establish,3
classical,3
manshu,3
status,3
meaningful,3
encounter,3
precarious,3
rulers,3
boluohan,3
writings,3
jindai,3
elite,3
lecture,3
previous,3
nevertheless,3
similar,3
discovered,3
zhidong,3
general,3
characterized,3
collaboration,3
distinction,3
sichao,3
include,3
relation,3
narrow,3
capitalism,3
figures,3
zengbi,3
division,3
attended,3
aspirations,3
fogel,3
jingwei,3
movements,3
five,3
vision,3
centuries,3
referred,3
seventeenth,3
linking,3
why,3
borrowings,3
education,3
ruozhong,3
rim,3
around,3
claims,3
constituted,3
reinforced,3
implied,3
darwin,3
alternative,3
colonization,3
tokugawa,3
brute,3
universal,3
current,3
tiaoding,3
politicized,3
indu,3
type,3
activism,3
dispersed,3
want,3
firmly,3
ahmad,3
suggests,3
threat,3
november,3
went,3
zhijun,3
ever,3
postcolonial,3
dikotter,3
civilizational,3
joined,3
evidence,3
maritime,3
centrality,3
meifei,3
attempted,3
moved,3
charles,3
drift,3
chicago,3
era,3
much,3
famous,3
close,3
residing,2
imagining,2
lostness,2
concerned,2
indicated,2
names,2
groups,2
truth,2
resulted,2
europeans,2
sphere,2
phonetic,2
large,2
agency,2
elaborated,2
yuenan,2
word,2
ways,2
h,2
strictly,2
mieguo,2
eastward,2
yut,2
guise,2
wllxu,2
source,2
princeton,2
pioneers,2
ouzhou,2
said,2
urgency,2
sareen,2
sources,2
transnationalism,2
inukai,2
posed,2
scientific,2
implications,2
kuniye,2
england,2
nature,2
departure,2
affinities,2
globally,2
ahr,2
lunwen,2
borders,2
differences,2
potentially,2
lydia,2
quintessential,2
religion,2
fengehou,2
jansen,2
last,2
emphasized,2
stand,2
primitive,2
opposite,2
reading,2
confused,2
racial,2
similarities,2
system,2
customs,2
globe,2
adios,2
synchronic,2
existence,2
prasenjit,2
teleological,2
translations,2
u,2
marius,2
discuss,2
march,2
establishing,2
facilitate,2
sent,2
jiangxi,2
cited,2
representing,2
globalized,2
plenty,2
revolultionaries,2
split,2
zhou,2
optimism,2
learned,2
member,2
includes,2
collapse,2
accuracy,2
component,2
junyi,2
since,2
police,2
hawaii,2
denote,2
rooted,2
farewell,2
marxism,2
hat,2
pessimistic,2
developments,2
sixiang,2
contrary,2
young,2
served,2
poem,2
dates,2
egypt,2
arranged,2
networks,2
arab,2
yan,2
apparently,2
lens,2
imaginaries,2
influence,2
ideals,2
simultaneous,2
via,2
racism,2
moguls,2
krishan,2
unified,2
essence,2
unit,2
represented,2
heard,2
flexible,2
connected,2
b,2
certain,2
anhui,2
derived,2
revolultion,2
jesuit,2
proclaimed,2
cuba,2
involvement,2
perceptions,2
subordinated,2
facilitated,2
established,2
familiar,2
elsewhere,2
placed,2
house,2
presumed,2
origins,2
aiguozhe,2
erhe,2
predates,2
followed,2
notions,2
dramatized,2
consequence,2
oppression,2
instance,2
founding,2
advocated,2
wuhan,2
uses,2
closely,2
bilateral,2
huang,2
arrival,2
modernity,2
blamed,2
formulations,2
conservative,2
entered,2
strength,2
effort,2
culturalism,2
emerge,2
complete,2
representative,2
embedded,2
pure,2
urgent,2
durham,2
aryan,2
appears,2
cannot,2
sovereignty,2
acquaintance,2
outside,2
premise,2
james,2
near,2
erasures,2
colonies,2
gained,2
journals,2
network,2
narratives,2
basis,2
del,2
claim,2
future,2
explains,2
example,2
pasts,2
wuxu,2
eurocentric,2
literature,2
constitute,2
records,2
chatterjee,2
tanaka,2
away,2
rise,2
deeply,2
league,2
rendered,2
radically,2
patriots,2
regions,2
historicity,2
aoyama,2
good,2
change,2
solution,2
sense,2
successful,2
inhered,2
coup,2
fei,2
makki,2
orient,2
small,2
specificity,2
few,2
wider,2
members,2
ship,2
folk,2
decline,2
verma,2
dissociation,2
commemorative,2
resistance,2
newly,2
grateful,2
evoked,2
south,2
contest,2
territorial,2
taken,2
muslims,2
contingent,2
transnational,2
unification,2
mariano,2
revival,2
located,2
limited,2
fu,2
yuezhang,2
acknowledged,2
imbricated,2
allen,2
folded,2
domination,2
pusey,2
sending,2
blending,2
dongya,2
religious,2
selection,2
frank,2
edited,2
prof,2
makes,2
rules,2
happened,2
combat,2
orders,2
continents,2
jiangsu,2
africa,2
burmese,2
illustrated,2
reports,2
quotations,2
able,2
relevance,2
independent,2
volume,2
party,2
organizations,2
leader,2
anarchists,2
successfully,2
business,2
stated,2
fell,2
projects,2
generously,2
mogul,2
naive,2
marker,2
consideration,2
appeared,2
nian,2
debates,2
practical,2
wu,2
substantially,2
tianyi,2
parallel,2
fragments,2
success,2
brotherhood,2
rhetoric,2
ch,2
less,2
origin,2
colony,2
banner,2
zhongguoshi,2
native,2
figuring,2
number,2
fled,2
siamese,2
entity,2
link,2
heralded,2
turkey,2
slaves,2
including,2
identity,2
aijaz,2
nothing,2
geming,2
write,2
discursive,2
meanings,2
clear,2
jose,2
points,2
held,2
divisions,2
spread,2
direct,2
fellow,2
ge,2
collected,2
antiquity,2
lie,2
expressing,2
joshua,2
pages,2
promotion,2
article,2
study,2
geographies,2
enabled,2
present,2
looked,2
saw,2
widely,2
separate,2
studio,2
disappearance,2
today,2
delhi,2
crucial,2
lines,2
oppressions,2
wumin,2
xiaobing,2
becomes,2
transformation,2
paradigmatic,2
hope,2
expansionism,2
sympathy,2
event,2
face,2
legacies,2
founders,2
contained,2
wars,2
authorities,2
rarely,2
thinking,2
historian,2
conclusion,2
circumstances,2
demonstrate,2
june,2
patriot,2
natural,2
principle,2
transcriptions,2
proponents,2
connection,2
best,2
down,2
printed,2
eventually,2
ideological,2
identities,2
wenming,2
placing,2
person,2
following,2
partha,2
combined,2
circles,2
selected,2
making,2
trope,2
phenotypical,2
min,2
attitudes,2
hoped,2
forcefully,2
distancing,2
extent,2
appropriated,2
attaining,2
argued,2
xinshijie,2
constitutional,2
imperial,2
almost,2
too,2
meetings,2
conference,2
presented,2
necessity,2
nanyang,2
introduced,2
role,2
concessions,2
techniques,2
transition,2
rendering,2
simply,2
hwang,2
anarchism,2
unitary,2
historicizing,2
named,2
promoted,2
labeling,2
argument,2
unable,2
lists,2
initiated,2
hero,2
junwu,2
product,2
ouluoba,2
asked,2
area,2
extremely,2
comparison,2
respective,2
specific,2
territories,2
rest,2
clarify,2
classificatory,2
russia,2
reached,2
create,2
kotoku,2
koreans,2
tingjia,2
tragic,2
jujia,2
summed,1
emulate,1
go,1
superiority,1
portuguese,1
demonstrates,1
kawamoto,1
receded,1
kenji,1
formulated,1
yamakawa,1
forceful,1
mostly,1
akira,1
appropriation,1
dominating,1
revisionist,1
significant,1
zehou,1
phrased,1
difficult,1
statist,1
destroying,1
fertile,1
rev,1
conjoined,1
harmful,1
geopolitics,1
faced,1
masao,1
created,1
commitment,1
ready,1
quash,1
trained,1
wonder,1
judging,1
everyone,1
deserve,1
darwinism,1
extend,1
partitioning,1
interventions,1
episodes,1
discredited,1
shudian,1
shijie,1
combine,1
renwi,1
ultimate,1
spurred,1
kanada,1
mar,1
xuebao,1
berlin,1
reflective,1
connect,1
shuisui,1
bei,1
articulating,1
dtuxiu,1
becoming,1
center,1
needed,1
elementary,1
complex,1
pian,1
qimeng,1
envisioned,1
poetry,1
myth,1
properly,1
renwu,1
sanbai,1
inquires,1
picking,1
true,1
continent,1
qisheng,1
done,1
sure,1
favor,1
predating,1
boulder,1
played,1
duke,1
ziliao,1
dawning,1
acceptance,1
backs,1
wangguoshi,1
mainland,1
stefan,1
unlike,1
zhongxin,1
debacle,1
replicate,1
asianisms,1
recognitions,1
total,1
holding,1
tells,1
dress,1
emiliano,1
assisted,1
advocate,1
containable,1
something,1
seventh,1
eye,1
dehistoricization,1
zhuce,1
chief,1
meaningless,1
contact,1
properties,1
contexts,1
cesare,1
leads,1
negative,1
oppressed,1
colonized,1
highlighted,1
anything,1
ideas,1
destabilizing,1
clutches,1
daoism,1
invention,1
every,1
querido,1
certainly,1
dongyoun,1
preceding,1
regeneration,1
majority,1
distinguishing,1
jointly,1
voices,1
interests,1
derives,1
zhuzi,1
tibetans,1
interested,1
exaggerated,1
sooner,1
originally,1
peoplerules,1
attempts,1
class,1
discursively,1
enables,1
crippled,1
spencer,1
assist,1
maochun,1
anywhere,1
articulate,1
permanently,1
worked,1
equally,1
yeman,1
stretch,1
glimpsed,1
terrorfilled,1
seems,1
confirmed,1
possibilities,1
yinbing,1
shaped,1
prejudices,1
copy,1
tradition,1
broadly,1
benguan,1
reasons,1
squat,1
thank,1
toshihiko,1
torazo,1
timing,1
accumulated,1
critiquie,1
revisions,1
geopolitical,1
inherent,1
ephemeral,1
substantive,1
concludes,1
professor,1
koryut,1
court,1
wore,1
discoulrse,1
kaiming,1
jouirnal,1
menials,1
take,1
comparative,1
debt,1
reproduction,1
listing,1
subsequent,1
foment,1
help,1
tongus,1
vitality,1
patterned,1
yuedan,1
blocs,1
zedong,1
taipingyang,1
mind,1
hao,1
elision,1
alert,1
jiaqian,1
influences,1
yanjiil,1
prohibiting,1
nonini,1
powers,1
honolulu,1
pertains,1
dating,1
intersection,1
circumvent,1
papers,1
circuits,1
yukichi,1
terror,1
ariaki,1
paying,1
afterword,1
datong,1
preventing,1
corresponded,1
dissemination,1
suspect,1
jane,1
forthcoming,1
kexite,1
shaken,1
congkan,1
spatialized,1
dongfang,1
persian,1
geocultural,1
holly,1
autonomous,1
dynamizes,1
task,1
advice,1
guidelines,1
sought,1
bases,1
pub,1
guoshi,1
spaniards,1
representations,1
struggling,1
renmin,1
vol,1
uneven,1
lends,1
xinfa,1
felt,1
installment,1
stall,1
pessimistically,1
sixteenth,1
intelligentsia,1
attaching,1
international,1
zhlongshan,1
reaction,1
solely,1
guangdongsheng,1
conspired,1
alter,1
fixture,1
move,1
richard,1
structurally,1
daydream,1
vital,1
rid,1
transcend,1
ki,1
apart,1
mongol,1
radicals,1
suln,1
regards,1
xia,1
exchanges,1
diffused,1
whites,1
uncertain,1
unitarian,1
literal,1
synchronicity,1
establishes,1
zhen,1
aihwa,1
protocol,1
benedict,1
rephrasing,1
engage,1
stirring,1
stroll,1
denoting,1
kondo,1
thinkers,1
collection,1
prejudice,1
adding,1
attract,1
harold,1
localized,1
interestingly,1
funded,1
karen,1
hitoshi,1
nostalgic,1
repeatedly,1
september,1
ersanshi,1
brahmanism,1
mahayana,1
conflict,1
million,1
takeshi,1
throughout,1
jin,1
nuestro,1
linguistic,1
kinyo,1
dependence,1
purportedly,1
southwestern,1
merchants,1
reverse,1
explained,1
weakened,1
difficulties,1
utopian,1
development,1
quality,1
inevitable,1
aha,1
shehiui,1
alarm,1
due,1
precipitous,1
initially,1
weishi,1
huizhou,1
negation,1
cogently,1
exiled,1
invocation,1
interest,1
collapsed,1
morita,1
interchangeably,1
juxtaposition,1
relations,1
literati,1
aguinaldo,1
heterogeneity,1
predicament,1
barnett,1
kudanshita,1
tied,1
wanqing,1
tripartite,1
bothering,1
z,1
funds,1
fujian,1
priority,1
progressive,1
morichika,1
plausibility,1
popularization,1
distinct,1
adopted,1
orig,1
peng,1
xiuli,1
patria,1
concrete,1
back,1
subjects,1
differently,1
afrikaaners,1
wuchang,1
mingjiu,1
younian,1
six,1
listened,1
races,1
fate,1
zensaku,1
left,1
effective,1
twice,1
witnessed,1
ideal,1
misleading,1
shipping,1
weight,1
designating,1
drawn,1
climaxed,1
vincent,1
factions,1
student,1
shakaishlugi,1
constructs,1
critique,1
resolutions,1
details,1
yi,1
qin,1
operative,1
naito,1
sarcastically,1
leadership,1
xinzhu,1
metamorphosis,1
delivered,1
eto,1
coal,1
acknowledge,1
marching,1
kakumei,1
traumatic,1
next,1
sanskrit,1
speech,1
subversive,1
typified,1
distribution,1
opium,1
failed,1
live,1
rights,1
offices,1
disbanded,1
distinctions,1
profoundly,1
americans,1
hoi,1
bijiao,1
genuinely,1
qingfu,1
adjunct,1
without,1
unravel,1
heroes,1
asiatic,1
devastating,1
purely,1
evoking,1
december,1
wuzhengfu,1
across,1
centered,1
yanjiuhui,1
sum,1
primitives,1
excerpts,1
conflation,1
shinji,1
notices,1
yibaice,1
reference,1
centimeters,1
coloring,1
neglected,1
lasting,1
gemingshi,1
approaches,1
depicts,1
environments,1
configurations,1
abstraction,1
spatial,1
effect,1
earlier,1
completing,1
strands,1
humanity,1
michel,1
leave,1
fueling,1
enrique,1
xiongnu,1
possess,1
elaborate,1
matteo,1
mobilize,1
distant,1
productive,1
commentaries,1
front,1
moreover,1
ultimo,1
gathering,1
support,1
eighteen,1
lives,1
utterly,1
wtlxui,1
suffered,1
escape,1
figuration,1
day,1
plus,1
praise,1
marks,1
plural,1
possibly,1
stifling,1
actualized,1
unclear,1
fengyang,1
borrowed,1
organized,1
louise,1
argues,1
chunchi,1
consolidate,1
nibbling,1
subtitled,1
reformer,1
intrinsically,1
proposed,1
vile,1
days,1
ideologies,1
indo,1
shenzhen,1
unemployed,1
likened,1
fore,1
benefited,1
baoguan,1
four,1
guocui,1
commonly,1
reiterated,1
favored,1
fashioned,1
superior,1
shuzhi,1
follow,1
storm,1
indications,1
keping,1
indonesia,1
quos,1
ronan,1
intellectualactivists,1
hereafter,1
marianno,1
lu,1
solve,1
yes,1
writes,1
guojia,1
chengdu,1
witek,1
m,1
wenjian,1
zhuanji,1
ceased,1
yingxiang,1
promote,1
thrust,1
awaited,1
disappeared,1
conquest,1
japanz,1
greater,1
liberatory,1
dabianjuzhong,1
fqr,1
indias,1
advance,1
lead,1
cutrtain,1
rearticulation,1
path,1
walk,1
concentration,1
location,1
societies,1
appearance,1
dynamism,1
rule,1
found,1
dongji,1
begun,1
plot,1
color,1
individually,1
reified,1
exaggerating,1
seven,1
centers,1
conspicuous,1
demands,1
terminological,1
laine,1
sorrowful,1
pass,1
primacy,1
mythical,1
diet,1
internationalisms,1
endeavor,1
configuration,1
strident,1
vigorous,1
yinguo,1
ricci,1
base,1
collectively,1
ronins,1
guangzhou,1
density,1
further,1
nlol,1
accomplishments,1
backgroulnd,1
though,1
let,1
okeru,1
blow,1
sakai,1
reappeared,1
taoluinhuii,1
contestatory,1
creatinig,1
leonard,1
hanson,1
bore,1
ashui,1
hardt,1
yaiyan,1
despair,1
population,1
independencethat,1
devoid,1
revive,1
meet,1
promise,1
applied,1
zhuzuo,1
energy,1
record,1
contesting,1
flaws,1
duduan,1
xiv,1
wellspring,1
qutestioning,1
saving,1
perish,1
instrumental,1
designations,1
taught,1
overwhelmed,1
hamashita,1
revived,1
public,1
tracking,1
schema,1
periodization,1
oh,1
serially,1
eliminate,1
criteria,1
briefly,1
biographies,1
transcription,1
aspects,1
kathryn,1
commitments,1
xinzheng,1
chide,1
christianity,1
palat,1
designation,1
mobilization,1
crushed,1
betrayed,1
inadequate,1
seminal,1
mapped,1
xiandai,1
bc,1
streetside,1
chang,1
fearful,1
responding,1
xuilun,1
shuo,1
bayu,1
episode,1
striking,1
prompted,1
elaborates,1
elide,1
attacked,1
tens,1
drew,1
purpose,1
annexation,1
norm,1
apparent,1
calls,1
clearer,1
commonalities,1
actors,1
decorate,1
comment,1
cameo,1
spiraling,1
loths,1
perspectival,1
reliance,1
incorporation,1
whole,1
authenticity,1
dynasties,1
trenchant,1
casarino,1
continuation,1
realm,1
designate,1
begins,1
describe,1
consistently,1
wenji,1
discussions,1
size,1
dear,1
contingently,1
reynolds,1
issues,1
collective,1
accidental,1
streams,1
actually,1
xuesheng,1
underscored,1
interchangeability,1
stimulate,1
organizing,1
et,1
call,1
dalut,1
surname,1
scholais,1
iriye,1
riding,1
pretive,1
quanji,1
canshi,1
missions,1
project,1
interpreted,1
breakdown,1
universally,1
jindaishiyanjiu,1
memoirs,1
miyazaki,1
waichow,1
sinocentrality,1
fukuzawa,1
boxer,1
presentations,1
annotated,1
quang,1
jiniyao,1
aided,1
unflattering,1
umpei,1
cultulral,1
ungrounded,1
moism,1
orienit,1
correct,1
caused,1
level,1
working,1
field,1
corresponds,1
wildly,1
fostered,1
theoretically,1
seized,1
appended,1
poet,1
prc,1
zhonggito,1
politically,1
foray,1
yibian,1
propose,1
yuekan,1
subvert,1
belt,1
revolutioni,1
encompasses,1
proximate,1
soil,1
yazhoul,1
aiguo,1
dismantle,1
accomplished,1
xiteshut,1
makdisi,1
multinational,1
lisili,1
bridge,1
oral,1
transfer,1
presuming,1
brought,1
mi,1
adoring,1
thereby,1
protect,1
xiren,1
portions,1
differing,1
redefinition,1
potent,1
altogether,1
jinianhui,1
contention,1
managed,1
ohio,1
articulation,1
tracks,1
progress,1
aside,1
stripe,1
purposive,1
penninsula,1
emperor,1
using,1
weijing,1
production,1
roots,1
enormously,1
florida,1
erjun,1
shiji,1
provided,1
preliminary,1
foundationalism,1
passive,1
newness,1
actions,1
promising,1
tai,1
perla,1
seemed,1
guises,1
nanya,1
subsequently,1
conceal,1
alternatives,1
tea,1
liberation,1
thurner,1
confucius,1
oriente,1
san,1
noteworthy,1
units,1
saree,1
biweekly,1
opposites,1
minor,1
condemnation,1
matter,1
ttie,1
protecting,1
nativism,1
bringing,1
liulpai,1
identified,1
britain,1
yapo,1
overlapped,1
spirituality,1
chunian,1
exile,1
expansion,1
subject,1
inclusive,1
mathematicians,1
lamentation,1
adorada,1
object,1
positioned,1
obstructive,1
still,1
judgment,1
harry,1
metageography,1
intervention,1
make,1
mainstream,1
expanded,1
langren,1
comments,1
sponsored,1
premises,1
wind,1
modes,1
turks,1
lida,1
simultaneously,1
unfamiliar,1
cultivate,1
convoluted,1
hold,1
reifications,1
positive,1
multivolume,1
hawaiians,1
fighting,1
dismemberment,1
corpus,1
okhata,1
once,1
xiangtao,1
communications,1
communities,1
ineffective,1
competition,1
huiyuan,1
schiffrin,1
liuxuesheng,1
incursion,1
gutoji,1
miscellany,1
mao,1
interpretation,1
violence,1
swept,1
fruition,1
arrangements,1
security,1
etat,1
cleveland,1
kenkyui,1
accident,1
wenhua,1
alongside,1
serve,1
message,1
predecessor,1
xuteshit,1
exposes,1
tangled,1
disastrous,1
neither,1
sixiangshi,1
ancient,1
symptomatic,1
home,1
homogeneous,1
occupation,1
transformations,1
light,1
appear,1
dialectical,1
unfinished,1
experimental,1
nine,1
qianlong,1
literally,1
wright,1
al,1
aforementioned,1
reprint,1
otherness,1
memorial,1
department,1
humanitarian,1
consequentially,1
speaking,1
praxis,1
kohei,1
gentlemen,1
turbans,1
arranging,1
suzanne,1
concentrate,1
endo,1
double,1
useful,1
tall,1
street,1
endured,1
dire,1
resolution,1
uncontested,1
ho,1
lewis,1
zongheng,1
critiques,1
osugi,1
dilemma,1
french,1
resuming,1
paul,1
law,1
katsuhiko,1
jeffrey,1
shehiti,1
participated,1
flash,1
partition,1
figure,1
mark,1
nationalists,1
bring,1
pointed,1
available,1
responsibilities,1
perfected,1
towards,1
financial,1
gutiji,1
friday,1
transcultural,1
herbert,1
lengthy,1
causality,1
longer,1
twenty,1
stories,1
overwhelming,1
fundamental,1
genuine,1
pressure,1
fleeing,1
recurrent,1
fredric,1
yundong,1
compound,1
gongbao,1
evocations,1
zai,1
dobmeikai,1
reworks,1
children,1
educated,1
daily,1
really,1
angry,1
zhongguto,1
diverse,1
hear,1
john,1
conceptualized,1
confucian,1
foe,1
overwhelmingly,1
inherently,1
imtdit,1
fashion,1
observes,1
audiences,1
removal,1
clapping,1
forms,1
never,1
rejuvenation,1
behind,1
took,1
racist,1
hand,1
drinking,1
consciously,1
abstract,1
learn,1
everyday,1
paris,1
organizer,1
waiguo,1
journalists,1
feiluibindao,1
vanquished,1
derivative,1
manner,1
informing,1
congbian,1
sontheimer,1
essentially,1
attempting,1
orderly,1
poses,1
tba,1
accepted,1
bing,1
michael,1
winichakul,1
ontological,1
coexisted,1
yuanzhang,1
material,1
ignorant,1
ao,1
poles,1
hu,1
inert,1
preparation,1
distance,1
enable,1
literatures,1
streets,1
reificiations,1
going,1
free,1
regionally,1
thoroughly,1
hsu,1
civilized,1
taiwan,1
tame,1
original,1
discourses,1
feilibindao,1
grouping,1
reorganize,1
analyzed,1
classes,1
mean,1
jameson,1
extended,1
perdido,1
institute,1
zibao,1
examples,1
easier,1
comprise,1
staging,1
discovery,1
explanation,1
eighteenth,1
bear,1
active,1
inscription,1
trajectory,1
kruger,1
fungibility,1
quan,1
maharashtra,1
territorially,1
distinctly,1
previously,1
chiwenshe,1
deplores,1
depended,1
looking,1
clubs,1
contacts,1
reside,1
recover,1
identification,1
hidi,1
louis,1
lixue,1
everything,1
expression,1
hengbinqian,1
confidence,1
yize,1
fudged,1
reeve,1
radicalism,1
assumption,1
emphasize,1
refers,1
franca,1
overcoming,1
brahmins,1
numbered,1
ethnic,1
gazetteer,1
goal,1
recovery,1
real,1
engaged,1
bell,1
voice,1
chosen,1
deployed,1
imagery,1
office,1
advantages,1
douzheng,1
epic,1
involves,1
underwent,1
washinkai,1
laughing,1
douglas,1
anthology,1
displacing,1
demote,1
patna,1
nianpu,1
crises,1
jinli,1
three,1
maharashtrian,1
remaining,1
reality,1
emphasizing,1
polarized,1
rapidly,1
dominated,1
immanence,1
faces,1
spawned,1
diplomats,1
august,1
xenophobia,1
youwei,1
individual,1
compatriots,1
allowed,1
historicization,1
started,1
yaeko,1
crushing,1
function,1
summer,1
jiefang,1
xuanji,1
diasporas,1
ephemerality,1
indisputable,1
stages,1
worldly,1
congratulatory,1
practiced,1
connects,1
losing,1
black,1
fred,1
uncompromising,1
abundant,1
martin,1
patriotism,1
wood,1
ignorance,1
exchange,1
men,1
opposition,1
ziyou,1
reportages,1
especially,1
discarded,1
labels,1
commentators,1
trying,1
benxiang,1
textbooks,1
cultutral,1
editors,1
interpretations,1
plans,1
undoubtedly,1
nobody,1
examine,1
anderson,1
hii,1
inte,1
january,1
recitations,1
seeking,1
worldism,1
dividing,1
unradical,1
authorship,1
deployable,1
ground,1
versus,1
tendency,1
destruction,1
connections,1
daiwin,1
sikhs,1
caution,1
reformist,1
ago,1
tenuous,1
zarathustra,1
universality,1
thence,1
diguo,1
nativist,1
awaiting,1
competed,1
justice,1
decision,1
historicized,1
overlapping,1
standard,1
absence,1
compendium,1
dealing,1
implicitly,1
worldview,1
nonwestern,1
unstable,1
twelve,1
marilyn,1
elided,1
malaysian,1
subjugate,1
rebel,1
me,1
dual,1
perspectives,1
usurpation,1
covertly,1
ostensible,1
she,1
bangzu,1
meets,1
prefatory,1
suhua,1
provide,1
science,1
assert,1
sometimes,1
conquered,1
usually,1
extinguish,1
convened,1
impressive,1
ideology,1
suggestive,1
sol,1
lingua,1
program,1
flowed,1
zenbi,1
considering,1
inside,1
certeau,1
insufficient,1
reconsolidate,1
binary,1
bulletin,1
shiwut,1
dimensions,1
execution,1
dai,1
detailed,1
importantly,1
interplay,1
sinojapanese,1
wilson,1
recognize,1
pens,1
empires,1
suppression,1
activated,1
disbelievingly,1
life,1
introductory,1
chutnichi,1
expectations,1
entrusted,1
fall,1
philosophies,1
underscores,1
problematic,1
yearnings,1
respect,1
commemoration,1
types,1
perishing,1
wangren,1
months,1
repressed,1
perished,1
abovecited,1
confrontation,1
erudite,1
interpretive,1
gathered,1
case,1
stable,1
considered,1
reinscribe,1
mouthpiece,1
matters,1
dissertation,1
school,1
transpositions,1
assistant,1
proof,1
environment,1
publicly,1
share,1
curious,1
jieshao,1
associated,1
singular,1
growing,1
reorganized,1
lessons,1
peace,1
mentioned,1
changing,1
haiguto,1
biography,1
reformulation,1
shixi,1
conflate,1
needs,1
ravi,1
thongchai,1
sank,1
invoked,1
carriers,1
theme,1
inferiority,1
falsehood,1
wasserstrom,1
nianchang,1
constructed,1
masses,1
hearts,1
supported,1
borrow,1
elevates,1
intensely,1
sustained,1
developmentalism,1
annam,1
integrative,1
drake,1
resonance,1
korean,1
outcome,1
darwinian,1
ni,1
easy,1
rushes,1
intellectually,1
mutually,1
anthropological,1
control,1
shipment,1
tendencies,1
each,1
commonplace,1
rear,1
revolidtion,1
metaphorically,1
tie,1
xifang,1
wigen,1
reinscribing,1
actuality,1
attribute,1
chuigoku,1
inquizy,1
zouxiangjindai,1
king,1
capital,1
contextual,1
bandulng,1
nihon,1
significantly,1
regard,1
intersected,1
swallowed,1
drifted,1
episodically,1
ding,1
zhutyi,1
xiieshii,1
er,1
altered,1
newman,1
shinkichi,1
perfectly,1
rely,1
espoused,1
specify,1
raphael,1
uphold,1
bonnie,1
find,1
deployment,1
prospects,1
february,1
revollutionaries,1
foodstall,1
turned,1
locutions,1
phd,1
stature,1
cosmopolitanism,1
miewang,1
helping,1
malaysia,1
harbingers,1
suffering,1
scholarly,1
jingzhong,1
heads,1
reconfigured,1
answered,1
communicate,1
carefully,1
tanhua,1
reign,1
transmitted,1
burns,1
conjunctural,1
waists,1
ribao,1
form,1
list,1
ones,1
accounts,1
rebellion,1
foremost,1
erupted,1
mere,1
sociologist,1
sounds,1
theory,1
vigorously,1
ripe,1
unrest,1
starkly,1
familiarly,1
hegemony,1
annexed,1
shu,1
fully,1
getting,1
ong,1
undo,1
foundations,1
perpetrated,1
embezzled,1
thousands,1
bureaucratic,1
premised,1
require,1
glee,1
cloth,1
explored,1
confronted,1
proposing,1
information,1
treatises,1
don,1
yinbingshi,1
reprinted,1
ascertain,1
rephrase,1
categories,1
yumiko,1
authorized,1
policemen,1
rendition,1
cluster,1
church,1
unseen,1
hindsight,1
marking,1
luo,1
outline,1
denouement,1
paradise,1
reify,1
multiple,1
stably,1
disparate,1
timely,1
sea,1
nadir,1
content,1
confirm,1
zeliang,1
demanded,1
facetiously,1
beloved,1
inaugurated,1
song,1
controls,1
rigid,1
indolent,1
gemingyu,1
missionary,1
toten,1
divided,1
cubans,1
takeover,1
representation,1
ensuing,1
goals,1
aspect,1
emplotment,1
malay,1
luandang,1
remarks,1
prepared,1
false,1
question,1
ultimately,1
until,1
spring,1
annihilation,1
drafts,1
xiansheng,1
foreigners,1
editor,1
difference,1
ignored,1
righteousness,1
diachrony,1
rediscovery,1
donald,1
charts,1
paradigm,1
numerous,1
internally,1
materials,1
mongols,1
recovering,1
finally,1
vernacular,1
aware,1
mode,1
wish,1
ended,1
contributed,1
insight,1
okui,1
detached,1
lively,1
enlightenment,1
land,1
linkage,1
kai,1
enabling,1
socially,1
need,1
malaysians,1
alwayspresent,1
writer,1
punitive,1
effects,1
settling,1
piece,1
arenas,1
glamorous,1
colo,1
locate,1
organ,1
presenting,1
zhigong,1
fine,1
francisco,1
speak,1
representational,1
classification,1
surendramohan,1
summary,1
maintaining,1
anonymous,1
unwillingness,1
mobilized,1
offered,1
rubrics,1
sakae,1
jesutits,1
taking,1
danchu,1
colonialism,1
assumed,1
materialism,1
brevity,1
capitulation,1
jiuguto,1
scholarship,1
headed,1
rescuing,1
ziren,1
turban,1
sharing,1
partial,1
major,1
exclusively,1
ershi,1
xipoqi,1
conjuncture,1
erroneously,1
token,1
yuiandong,1
seek,1
ends,1
cosmopolitan,1
resist,1
weil,1
statement,1
should,1
southeastern,1
doing,1
conversations,1
built,1
lishi,1
xulun,1
hans,1
laws,1
heterogeneous,1
guangdong,1
yihua,1
reversing,1
evidently,1
deeper,1
phuc,1
shixue,1
complicit,1
