WORDCOUNTS,WEIGHT
the,1413
of,1119
and,736
to,511
in,506
a,405
s,255
as,224
for,203
that,182
black,170
american,141
by,141
on,140
their,137
new,135
her,133
with,127
york,100
white,97
howard,92
children,92
i,86
hois,83
was,82
women,82
wood,79
see,78
from,76
at,73
an,73
she,61
history,57
gordon,57
it,56
review,55
this,54
were,54
not,54
welfare,53
is,53
race,53
they,52
racial,52
its,51
historical,51
orphanage,49
october,48
institution,48
also,47
these,45
have,45
one,44
but,44
identities,43
social,42
had,41
which,40
may,39
or,39
managers,39
all,38
work,38
end,38
school,38
between,38
be,37
child,36
he,36
start,36
state,35
board,35
report,34
has,34
when,34
whiteness,34
my,32
family,32
home,32
class,32
mary,31
african,31
into,30
identity,30
superintendent,30
about,29
more,29
national,29
gender,28
other,27
culture,27
woman,27
individual,27
who,27
city,27
brooklyn,26
public,26
his,26
are,26
orphan,25
america,25
than,25
n,25
through,25
no,24
community,24
colored,24
such,23
americans,23
color,23
own,23
what,23
among,23
within,22
some,22
however,22
well,22
yet,22
under,22
c,22
them,22
m,21
j,21
relations,21
w,21
both,21
civic,21
inspection,21
subalterns,21
life,21
elites,21
gunja,20
staff,20
subaltern,20
young,20
sengupta,20
orphanages,20
out,20
power,20
so,20
mother,20
nationalism,19
world,19
society,19
cottage,19
time,19
institutions,19
asylum,19
context,18
politics,18
labor,18
poor,18
charities,18
could,18
like,18
living,18
washington,18
very,17
even,17
journal,17
cultural,17
economic,17
same,17
industrial,17
november,17
d,17
thus,16
most,16
working,16
april,16
southern,16
smith,16
over,16
while,16
institutional,16
e,15
against,15
september,15
discourse,15
only,15
orphans,15
would,15
december,15
freedom,15
you,15
ways,14
money,14
march,14
progressive,14
age,14
care,14
promise,14
personal,14
order,14
female,14
upon,14
united,14
states,14
chicago,14
much,14
sameness,14
t,13
long,13
those,13
mass,13
sexual,13
dependent,13
will,13
f,13
charges,13
him,13
formation,13
meaning,13
h,12
g,12
opportunity,12
making,12
mrs,12
carter,12
instance,12
part,12
elizabeth,12
sense,12
ed,12
made,12
workers,12
we,12
been,12
did,12
domestic,12
way,11
true,11
migration,11
there,11
system,11
support,11
r,11
year,11
records,11
south,11
management,11
two,11
slavery,11
financial,11
reform,11
do,11
eds,11
after,11
snevily,11
me,11
male,11
urban,11
became,11
studies,10
park,10
shaped,10
great,10
help,10
king,10
whites,10
century,10
restus,10
university,10
found,10
hierarchies,10
place,10
president,10
good,10
annual,10
ellen,10
am,10
service,10
thought,10
exceptionalism,10
colonial,10
others,10
man,10
material,10
style,10
private,10
b,10
language,10
perspectives,10
before,10
waring,10
nationalist,10
benevolence,10
role,10
our,10
training,10
cambridge,10
experience,9
citizenship,9
sought,9
immigrants,9
philadelphia,9
rather,9
l,9
study,9
moreover,9
used,9
during,9
people,9
winter,9
june,9
hegemony,9
equality,9
various,9
letters,9
make,9
us,9
clothing,9
many,9
where,9
urbana,9
times,9
men,9
professional,9
relationship,9
often,9
authority,9
different,9
just,9
girls,9
property,9
ill,9
fuccillo,9
think,9
negro,9
years,9
blacks,9
themselves,9
group,8
mobility,8
each,8
charity,8
if,8
script,8
words,8
narrative,8
real,8
political,8
case,8
consumer,8
self,8
mistress,8
war,8
parents,8
consciousness,8
argued,8
equal,8
teacher,8
placed,8
jewish,8
surrogate,8
graduate,8
guardians,8
several,8
boundaries,8
girl,8
womanhood,8
members,8
took,8
everyday,8
model,8
another,8
homes,8
can,8
pantomimes,8
provide,8
vision,8
success,8
construction,8
education,8
simply,8
refused,8
control,8
terms,8
ownership,8
families,8
twentieth,8
consumers,8
mothers,8
o,7
church,7
employees,7
respectability,7
right,7
friedman,7
kind,7
served,7
scripts,7
how,7
notion,7
immigrant,7
wages,7
victorian,7
david,7
important,7
suggested,7
miss,7
james,7
information,7
literature,7
ideal,7
example,7
suggest,7
individualism,7
autonomy,7
up,7
experiences,7
hegemonic,7
marshall,7
reports,7
noted,7
lewis,7
americanization,7
lulu,7
teachers,7
dorothy,7
hale,7
number,7
general,7
become,7
farm,7
trustees,7
george,7
understand,7
know,7
written,7
associations,7
combined,7
spring,7
youth,7
although,7
land,7
defined,7
potential,7
johnson,7
era,7
little,7
north,7
go,6
struggle,6
domesticity,6
common,6
later,6
commitment,6
suggests,6
told,6
agency,6
second,6
library,6
solidarity,6
predominantly,6
company,6
discipline,6
daniel,6
tables,6
nugent,6
turn,6
left,6
patrons,6
william,6
sister,6
influence,6
promised,6
civilization,6
lives,6
established,6
house,6
democratic,6
alumni,6
first,6
poverty,6
moore,6
because,6
london,6
actors,6
nation,6
mission,6
catholic,6
variety,6
european,6
wrote,6
single,6
street,6
conceived,6
together,6
extended,6
examples,6
values,6
individuality,6
significant,6
use,6
moral,6
dress,6
try,6
especially,6
ann,6
mr,6
january,6
story,6
present,6
initials,6
sometimes,6
linda,6
means,6
interplay,6
aspirations,6
any,6
circumstances,6
katz,6
consisted,6
pantomime,6
level,6
subject,6
difference,6
consumption,6
evidence,6
voluntary,6
association,6
needs,6
familial,6
roles,6
ending,5
mostly,5
appropriation,5
declared,5
complex,5
policy,5
nineteenth,5
practices,5
member,5
embraced,5
bloomington,5
religion,5
signs,5
shared,5
letter,5
framework,5
segregation,5
complained,5
conflict,5
central,5
evident,5
subjects,5
bonds,5
y,5
jones,5
reformers,5
rights,5
herself,5
similar,5
symbols,5
higginbotham,5
organization,5
old,5
familiar,5
jersey,5
notions,5
dominant,5
standards,5
entered,5
changed,5
dialectical,5
cottages,5
brooks,5
feminine,5
prompted,5
civil,5
savings,5
challenging,5
interracial,5
clothes,5
research,5
protect,5
scott,5
st,5
provided,5
appeal,5
critical,5
republican,5
attempts,5
labeled,5
racialized,5
tried,5
domination,5
premises,5
modes,5
religious,5
matron,5
official,5
included,5
liberty,5
overlapping,5
rape,5
organizations,5
name,5
figure,5
lack,5
admit,5
activism,5
ghetto,5
philanthropy,5
forms,5
ground,5
until,5
norms,5
streets,5
day,5
churches,5
uplift,5
represented,5
including,5
bazaar,5
trust,5
described,5
essay,5
august,5
summer,5
elsie,5
structure,5
engagement,5
brown,5
stereotypes,5
christian,5
hill,5
lines,5
independence,5
articles,5
fall,5
worlds,5
associated,5
few,5
colonialism,5
natural,5
image,5
works,5
february,5
inmates,5
economy,5
whether,5
problem,5
boys,5
imperial,5
listed,5
categories,5
son,5
multiple,5
reported,5
divided,5
named,5
shown,5
charge,5
course,5
employer,5
need,5
custodians,5
virtue,5
does,4
per,4
center,4
former,4
position,4
mabee,4
alleged,4
themes,4
said,4
came,4
jackson,4
creation,4
rational,4
nature,4
definition,4
tradition,4
room,4
upheld,4
donnell,4
take,4
roosevelt,4
devised,4
last,4
ewen,4
husband,4
asylums,4
marked,4
point,4
resources,4
negotiation,4
facts,4
boy,4
run,4
since,4
doctor,4
jr,4
rooted,4
admitted,4
forced,4
plantation,4
perspective,4
person,4
body,4
constructs,4
pennsylvania,4
traditions,4
occasion,4
acculturation,4
sarah,4
certain,4
thomas,4
reason,4
brunswick,4
marks,4
jacobson,4
putting,4
hereafter,4
view,4
character,4
based,4
kennedy,4
rule,4
demise,4
p,4
deal,4
worker,4
communitarian,4
your,4
professionals,4
kitchen,4
line,4
received,4
narratives,4
clean,4
dominance,4
calls,4
call,4
haven,4
project,4
visions,4
sic,4
conveyed,4
love,4
contrast,4
around,4
small,4
ind,4
challenge,4
led,4
republic,4
business,4
upward,4
rules,4
direction,4
racism,4
permission,4
sex,4
belonging,4
emotional,4
hebrew,4
law,4
destitute,4
toward,4
efforts,4
benevolent,4
americanize,4
might,4
larger,4
john,4
fashion,4
travail,4
anne,4
rhetoric,4
booker,4
blackness,4
learn,4
homelike,4
less,4
books,4
mallon,4
kansas,4
father,4
multipositional,4
concern,4
stockings,4
ideas,4
individuals,4
three,4
points,4
spirit,4
features,4
faith,4
chapel,4
relation,4
efficiency,4
figures,4
principal,4
save,4
quarterly,4
pastor,4
enough,4
particular,4
five,4
tillman,4
mckeown,4
itself,4
joseph,4
blackman,4
addressed,4
environment,4
necessary,4
shadow,4
historian,4
aspiring,4
practice,4
must,4
invoked,4
whose,4
set,4
steven,4
best,4
republicanism,4
far,4
goods,4
bogen,4
u,4
subordinate,4
following,4
jacqueline,4
born,4
form,4
ones,4
texts,4
apparently,4
went,4
spending,4
southerners,4
representation,4
argument,4
offer,4
include,4
cooper,4
anonymous,4
debate,4
early,4
bounds,4
images,4
grace,4
encoded,4
directors,3
archives,3
now,3
pleaded,3
concerned,3
estate,3
generated,3
names,3
pittsburgh,3
career,3
college,3
fiction,3
widow,3
florencia,3
confidence,3
allegedly,3
designed,3
entries,3
schools,3
favor,3
allies,3
presents,3
antebellum,3
princeton,3
morality,3
frances,3
exceptionalist,3
being,3
cast,3
discovers,3
contingent,3
implications,3
give,3
attempt,3
repr,3
worked,3
capitalist,3
agrarian,3
belong,3
differences,3
pivot,3
rich,3
follows,3
inherent,3
able,3
luckiest,3
dependence,3
normal,3
hostile,3
side,3
forum,3
lynching,3
nearly,3
discontent,3
clearly,3
account,3
conception,3
establishment,3
dynamic,3
along,3
marriage,3
marginalized,3
towne,3
harmony,3
funded,3
exposed,3
advertisers,3
married,3
relationships,3
explained,3
arrested,3
pursuit,3
gendered,3
detention,3
adopted,3
clark,3
keep,3
back,3
slave,3
houses,3
wholly,3
consanguineal,3
details,3
subversion,3
sisters,3
let,3
crow,3
operation,3
opposed,3
without,3
dilemma,3
ostensibly,3
developed,3
underclass,3
infirmary,3
mean,3
christine,3
cult,3
thing,3
importance,3
talk,3
directress,3
stephanie,3
lawyer,3
feel,3
productive,3
space,3
servants,3
latin,3
down,3
congregate,3
frequently,3
too,3
situations,3
ideals,3
tuskegee,3
origins,3
voluntarism,3
refuge,3
exploitation,3
required,3
prevailing,3
italics,3
custodian,3
hope,3
empowerment,3
friends,3
talking,3
treasurer,3
advance,3
nancy,3
adoption,3
access,3
inspectors,3
informal,3
census,3
emerge,3
embedded,3
teaching,3
informed,3
shall,3
durham,3
vocational,3
enlightened,3
darlene,3
saving,3
opposition,3
negotiated,3
jim,3
island,3
drawn,3
residents,3
toys,3
tool,3
reader,3
future,3
concept,3
loomba,3
knowledge,3
apparent,3
got,3
structures,3
away,3
anything,3
boston,3
change,3
running,3
least,3
responsibility,3
revolution,3
wished,3
settlement,3
heart,3
impossible,3
division,3
visible,3
majority,3
grateful,3
visit,3
valuable,3
logic,3
vantage,3
situation,3
creed,3
observations,3
client,3
irish,3
identified,3
action,3
brief,3
july,3
still,3
above,3
standing,3
movement,3
structural,3
gilbert,3
frank,3
cheap,3
arrangements,3
salvation,3
disorderly,3
watson,3
shifting,3
silk,3
largest,3
otherness,3
department,3
williams,3
functioned,3
regardless,3
spend,3
similarly,3
demographic,3
communal,3
juliet,3
conduct,3
scholars,3
stevens,3
peiss,3
honor,3
never,3
hand,3
manner,3
celebrated,3
strategies,3
perhaps,3
local,3
discourses,3
status,3
meaningful,3
discussion,3
africanamerican,3
intimate,3
invested,3
craig,3
slaves,3
bertha,3
participatory,3
schomburg,3
hine,3
bed,3
processes,3
rare,3
friction,3
logo,3
full,3
dating,3
maid,3
careers,3
historic,3
virtues,3
peter,3
mexico,3
poorhouse,3
filled,3
migrants,3
problems,3
promote,3
displayed,3
hard,3
northern,3
etc,3
saw,3
embodied,3
entitled,3
committed,3
lovers,3
note,3
raise,3
independent,3
science,3
ideology,3
foster,3
promotional,3
directory,3
transformation,3
get,3
pressures,3
then,3
marjorie,3
lessons,3
symbolic,3
physical,3
ll,3
berkeley,3
flyers,3
auxiliary,3
gone,3
ahr,3
engaged,3
emergence,3
scenario,3
donors,3
spcc,3
supervisors,3
reflected,3
rural,3
ethos,3
better,3
turned,3
beth,3
specter,3
according,3
discharge,3
unique,3
premised,3
almost,3
emphasis,3
italian,3
communitarianism,3
spaces,3
conference,3
practical,3
occasionally,3
inspector,3
thereby,3
daughters,3
despite,3
williamson,3
bourgeois,3
dining,3
administration,3
wear,3
programs,3
writing,3
question,3
promoted,3
models,3
crucible,3
reveals,3
conn,3
contributed,3
alumnae,3
approach,3
daughter,3
sexuality,3
remains,3
evelyn,3
offered,3
walter,3
subalternists,3
cause,3
reached,3
taylor,3
recent,3
building,3
willis,3
livelong,2
relational,2
terrain,2
stuart,2
maternalist,2
trustee,2
cent,2
groups,2
corporate,2
faced,2
created,2
separated,2
reconsidered,2
roseberry,2
revolutionary,2
homeless,2
alone,2
ultimate,2
benedict,2
disregard,2
stansell,2
denied,2
essays,2
referring,2
remind,2
live,2
dialectics,2
units,2
approaches,2
ms,2
bhabha,2
rapist,2
unlike,2
carroll,2
encourage,2
total,2
interpersonal,2
instructors,2
savior,2
contested,2
contest,2
theft,2
du,2
materials,2
turning,2
battle,2
statist,2
hygiene,2
else,2
stressed,2
please,2
invention,2
every,2
supposedly,2
governed,2
voices,2
entailed,2
originally,2
address,2
penchant,2
secretary,2
ithaca,2
advanced,2
freely,2
england,2
seems,2
departure,2
gary,2
europe,2
projected,2
skills,2
advantage,2
broken,2
rhetorical,2
daily,2
desire,2
feminism,2
senses,2
studied,2
government,2
hundred,2
skirts,2
jacket,2
friend,2
alarming,2
half,2
search,2
petty,2
injected,2
mind,2
emphasized,2
raised,2
robert,2
complicated,2
educate,2
theodore,2
sheet,2
intersection,2
rethinking,2
papers,2
judicial,2
takes,2
existence,2
recontextualized,2
clarence,2
righteous,2
historians,2
matthew,2
kathy,2
scenes,2
chapter,2
opened,2
ar,2
condition,2
minister,2
powers,2
prism,2
magazine,2
obvious,2
hair,2
combination,2
supervision,2
benefactors,2
exchanges,2
bottom,2
apply,2
representing,2
enter,2
juvenile,2
ejido,2
lynchings,2
forged,2
sweet,2
says,2
behavior,2
colonized,2
guardianship,2
goal,2
includes,2
throughout,2
lover,2
silent,2
professionalism,2
sweeping,2
disorder,2
dynamics,2
accommodation,2
aha,2
scarce,2
visited,2
de,2
agent,2
relatively,2
moment,2
club,2
nurtured,2
sample,2
ferguson,2
chihuahua,2
inmate,2
affectionate,2
developments,2
deeds,2
professionalization,2
underlying,2
response,2
inclusion,2
races,2
afford,2
fannie,2
networks,2
profit,2
outlook,2
explore,2
mirrored,2
reared,2
interlocking,2
adult,2
though,2
competitive,2
unfortunate,2
likely,2
longing,2
yorkers,2
higher,2
employ,2
pay,2
simultaneously,2
supremacy,2
pivotal,2
town,2
manager,2
heroes,2
act,2
sigman,2
bring,2
performance,2
main,2
across,2
alonso,2
activists,2
affairs,2
joan,2
thrift,2
levels,2
keepers,2
myself,2
process,2
nurse,2
knew,2
explicitly,2
arm,2
universe,2
proportion,2
flexible,2
locations,2
brand,2
leave,2
pages,2
danbury,2
evolution,2
earl,2
something,2
dismiss,2
actions,2
win,2
nor,2
facilitated,2
dean,2
ensure,2
calif,2
occupational,2
eventually,2
languages,2
india,2
entrenched,2
linked,2
amid,2
proved,2
elsewhere,2
days,2
nationalisms,2
articulated,2
instrument,2
profile,2
initiative,2
juxtaposed,2
fashioned,2
commented,2
gerstle,2
voluminous,2
surface,2
beyond,2
undeveloped,2
efficient,2
progressives,2
buffalo,2
trotter,2
helped,2
fluid,2
reflections,2
union,2
expressed,2
uses,2
reprinted,2
whom,2
introduce,2
premise,2
migrant,2
location,2
avenue,2
societies,2
appearance,2
wilder,2
histories,2
entering,2
hands,2
called,2
joy,2
frye,2
temptation,2
carol,2
periodization,2
rooms,2
events,2
lent,2
late,2
further,2
spenders,2
traits,2
purity,2
tools,2
produced,2
persons,2
hailed,2
disapproved,2
gilded,2
grounds,2
contesting,2
nothing,2
pseudonym,2
dialectic,2
spiritual,2
perform,2
naacp,2
facilities,2
liberal,2
near,2
affair,2
shape,2
sites,2
directly,2
keeping,2
positions,2
spheres,2
relatives,2
toil,2
closed,2
ode,2
minute,2
cheney,2
carries,2
leisure,2
claim,2
imagined,2
goldstein,2
county,2
advancement,2
bois,2
competing,2
aged,2
tenure,2
ten,2
roll,2
gave,2
sorrow,2
dear,2
policies,2
issues,2
literally,2
partly,2
reportedly,2
officers,2
chatterjee,2
matrons,2
device,2
accord,2
won,2
interpreted,2
ethnicity,2
contradictions,2
ida,2
situational,2
legacy,2
subalternity,2
presented,2
ago,2
thirteenth,2
field,2
owner,2
buildings,2
shaping,2
wards,2
hallowed,2
quite,2
trow,2
bank,2
amounted,2
encouraged,2
eleven,2
concerns,2
immigration,2
revealing,2
hampton,2
lawyers,2
schedules,2
codes,2
texas,2
link,2
redefinition,2
helping,2
articulation,2
reverend,2
wife,2
pa,2
sharon,2
peculiar,2
notes,2
lincoln,2
activities,2
roediger,2
stewards,2
behalf,2
seemed,2
collectivity,2
questioned,2
partially,2
ana,2
idiocy,2
pictures,2
matter,2
protecting,2
carried,2
separation,2
francis,2
return,2
inclusive,2
albany,2
pictorial,2
mansfield,2
woods,2
degree,2
quaker,2
neat,2
inhabited,2
once,2
toilet,2
flux,2
communities,2
simultaneous,2
commissioners,2
opportunities,2
security,2
addition,2
cleveland,2
read,2
serve,2
counterparts,2
east,2
wearing,2
god,2
combat,2
benefactor,2
acting,2
essential,2
performed,2
baltimore,2
inalienable,2
alien,2
begins,2
typed,2
rise,2
frameworks,2
gordan,2
picture,2
volume,2
gentleman,2
prescribed,2
frederick,2
factory,2
childhood,2
baptist,2
death,2
available,2
put,2
water,2
succeeded,2
dearest,2
persuasion,2
internalized,2
concepts,2
idea,2
professions,2
head,2
don,2
rugged,2
depersonalization,2
acs,2
mohr,2
gray,2
reasons,2
outside,2
intervene,2
existing,2
empire,2
parent,2
forth,2
duties,2
blind,2
attitude,2
minneapolis,2
showing,2
tiny,2
socialization,2
sell,2
manifested,2
free,2
destroyed,2
gorham,2
custody,2
saunders,2
chickens,2
remained,2
greatest,2
situated,2
kathleen,2
encounter,2
clients,2
fisk,2
carolena,2
prevention,2
range,2
defied,2
looking,2
ania,2
borough,2
prevailed,2
conditions,2
maria,2
engaging,2
ethnic,2
services,2
imagery,2
roberts,2
ties,2
nursing,2
directed,2
profession,2
dominated,2
held,2
amusements,2
characterized,2
period,2
high,2
conversation,2
accused,2
collingswood,2
arena,2
internal,2
date,2
physician,2
dollars,2
feet,2
specialize,2
appoint,2
hierarchical,2
seeking,2
harley,2
versus,2
connections,2
positioning,2
sandra,2
attention,2
heating,2
cards,2
separate,2
hollingsworth,2
references,2
ethic,2
implicitly,2
hospital,2
marilyn,2
negotiations,2
aid,2
violation,2
africa,2
bureau,2
gaines,2
assert,2
kenneth,2
minorities,2
condescension,2
testing,2
bound,2
othering,2
groneman,2
deborah,2
dimensions,2
seen,2
returned,2
embodying,2
violating,2
lawrence,2
anxious,2
expert,2
reena,2
furthered,2
expectations,2
analysis,2
norton,2
existed,2
michael,2
urged,2
citizens,2
sympathy,2
atmosphere,2
imperialism,2
face,2
interpretive,2
concord,2
assistant,2
shaw,2
contained,2
growing,2
mentioned,2
version,2
conjunction,2
peoples,2
athens,2
demonstrate,2
constituted,2
tarbell,2
protector,2
implied,2
look,2
robbed,2
symbol,2
useful,2
offers,2
drew,2
alternative,2
troy,2
replace,2
safeguard,2
intellectual,2
principle,2
illuminate,2
interrupted,2
pledge,2
exigencies,2
setting,2
fabrication,2
unknown,2
alexander,2
leaders,2
printed,2
regard,2
capacity,2
elements,2
pleased,2
obviously,2
perfectly,2
adverse,2
privileged,2
benefit,2
bonnie,2
factors,2
distinctive,2
past,2
places,2
medical,2
partha,2
telling,2
implicit,2
kevin,2
rebellion,2
concerts,2
males,2
forcefully,2
manuscripts,2
protective,2
theory,2
savers,2
vehicle,2
institute,2
bhca,2
virginia,2
popular,2
league,2
capable,2
commissioner,2
lillian,2
ruled,2
understanding,2
kin,2
show,2
flout,2
intended,2
traditional,2
rigid,2
multilayered,2
rebels,2
challenges,2
twin,2
accorded,2
postcolonial,2
cruelty,2
prepared,2
cheryl,2
westfield,2
devoted,2
tell,2
invasion,2
odds,2
finding,2
quest,2
paradigm,2
web,2
numerous,2
frame,2
broker,2
discursive,2
crisis,2
value,2
sat,2
hunter,2
decorum,2
smaller,2
maids,2
modest,2
regular,2
alumnus,2
prospect,2
postcolonialism,2
recalled,2
campaign,2
marry,2
summary,2
tactics,2
ruth,2
moved,2
supported,2
rest,2
laundresses,2
supply,2
upbringing,2
enterprise,2
subverting,2
views,2
element,2
severely,2
documentary,2
interaction,2
racially,2
should,2
ga,2
meeting,2
sent,2
tragic,2
household,2
increase,2
watts,2
florence,1
nicholas,1
woven,1
final,1
elemental,1
adulthood,1
jumbled,1
miller,1
prize,1
horror,1
democracy,1
brighter,1
permeating,1
superiority,1
margins,1
judge,1
bookman,1
barbara,1
jury,1
handsome,1
thwarted,1
respected,1
dominating,1
paralleled,1
wilma,1
triple,1
situate,1
hallmarks,1
limits,1
bride,1
prefer,1
prostitution,1
polish,1
symbolized,1
ambivalence,1
heroic,1
rev,1
academic,1
productions,1
pull,1
insurrection,1
steals,1
scholar,1
either,1
ready,1
europeans,1
pale,1
emigres,1
cradle,1
unfounded,1
flaunts,1
market,1
deserve,1
surfaced,1
tuscaloosa,1
slaveholders,1
environmental,1
protestant,1
imaginings,1
donations,1
legitimate,1
oberlin,1
worthy,1
misery,1
unfolding,1
dale,1
measures,1
predator,1
depict,1
friendliness,1
abolition,1
originating,1
fiercely,1
constitution,1
federation,1
notably,1
manuscript,1
sphere,1
jutting,1
prostitutes,1
connecticut,1
linguistic,1
gallagher,1
codling,1
likewise,1
privacy,1
mortgage,1
interrelationships,1
hot,1
moss,1
touched,1
conflicts,1
mounted,1
enrollee,1
unsatisfactory,1
integrity,1
shoulders,1
seat,1
kinds,1
jews,1
myth,1
philanthropist,1
undeteloped,1
food,1
crafting,1
landsdowne,1
philanthropic,1
ev,1
rueful,1
asserted,1
picking,1
yuletide,1
persuades,1
homelikeness,1
trying,1
walker,1
sudden,1
nurturing,1
monthly,1
jonathan,1
competence,1
sabotaging,1
empower,1
behavioral,1
shtetl,1
satisfied,1
notwithstanding,1
monolithic,1
proud,1
earnings,1
carting,1
dressing,1
greater,1
personally,1
whiting,1
anthropology,1
trace,1
protection,1
devices,1
capitalism,1
cycles,1
committee,1
colors,1
throwing,1
usurping,1
prejudice,1
charitable,1
wakeful,1
proprietorship,1
ambitious,1
physicians,1
ostensible,1
xcviii,1
gupta,1
contented,1
guise,1
siblings,1
impeded,1
thematic,1
gregory,1
newbury,1
territorial,1
chief,1
daycare,1
pioneers,1
interestingly,1
permitted,1
contexts,1
porous,1
unlock,1
negative,1
myriad,1
cutting,1
joe,1
rub,1
reminding,1
gail,1
lower,1
consistent,1
fabric,1
deserved,1
pastoral,1
overcoming,1
discordant,1
subvert,1
explaining,1
attorney,1
acculturating,1
assets,1
jesse,1
humble,1
sources,1
wrong,1
expertise,1
reformatory,1
revisited,1
ghosh,1
repeatedly,1
childs,1
regeneration,1
namiquipans,1
nassau,1
regulating,1
interests,1
diawara,1
exclusive,1
trattner,1
contravened,1
ii,1
welter,1
wedding,1
phil,1
accommodated,1
taken,1
tera,1
arcus,1
culturally,1
malleable,1
vols,1
bereft,1
hire,1
interference,1
defray,1
refusal,1
infringements,1
lifestyle,1
anywhere,1
agenda,1
temporal,1
beautiful,1
shortage,1
caricatures,1
episcopal,1
asia,1
sean,1
containing,1
friendly,1
canon,1
stolen,1
privately,1
tenants,1
pair,1
allan,1
radicalism,1
festivals,1
enacted,1
explores,1
manian,1
accommodate,1
assertion,1
firm,1
enduring,1
simple,1
thank,1
katharine,1
potentially,1
origin,1
validated,1
carrying,1
whitman,1
clothe,1
manassas,1
foreclosed,1
incident,1
plumbing,1
promiseb,1
wakelyn,1
reed,1
typewritten,1
reveal,1
loud,1
assertive,1
wizard,1
wore,1
handler,1
gestures,1
loves,1
farmer,1
evolving,1
nevertheless,1
uniforms,1
feature,1
propensity,1
gingham,1
multilocational,1
obliged,1
nights,1
kindergarten,1
customers,1
adopt,1
improving,1
manipulating,1
stand,1
influences,1
perennially,1
henry,1
richmond,1
classified,1
contrasting,1
adventures,1
done,1
untitled,1
publicize,1
reading,1
intelligence,1
dd,1
dissolved,1
somebody,1
monday,1
forums,1
bumbling,1
adair,1
elliot,1
explosive,1
multivocal,1
shank,1
pads,1
reneged,1
british,1
americanism,1
evaluation,1
classic,1
feed,1
frugality,1
connoted,1
regimented,1
gretchen,1
advocates,1
dearth,1
alfred,1
badly,1
dr,1
protagonists,1
prospered,1
intraracial,1
embracing,1
recorded,1
attacked,1
courtesy,1
tenets,1
owing,1
plausible,1
tie,1
weakened,1
autonomous,1
attribute,1
farnham,1
formulation,1
draws,1
ridiculously,1
advice,1
thrown,1
earlier,1
reassert,1
expenses,1
hirsch,1
lena,1
hall,1
slum,1
luker,1
undercut,1
mammy,1
jealousies,1
stereotype,1
signifier,1
mythology,1
craps,1
banneker,1
kaleidoscope,1
lamented,1
soldier,1
recommended,1
possible,1
strode,1
chronicler,1
cooperation,1
enforcement,1
recommendations,1
entrepreneurs,1
illustrate,1
cared,1
schedule,1
drive,1
wealthier,1
proslavery,1
adopting,1
authored,1
oppressed,1
interest,1
splendid,1
move,1
richard,1
hacsi,1
vital,1
selfgovernment,1
fine,1
dutch,1
premature,1
edit,1
reserved,1
indigent,1
barry,1
whatever,1
apart,1
taking,1
uphill,1
tyranny,1
say,1
mishandling,1
conceptual,1
riot,1
ignores,1
timothy,1
owners,1
uncertain,1
laws,1
cited,1
arbitrator,1
reconstruction,1
unrefined,1
commendable,1
himself,1
edgar,1
message,1
fundraiser,1
lugenia,1
suffusing,1
ross,1
purchased,1
reward,1
degrades,1
expecting,1
neglect,1
praise,1
string,1
corresponding,1
ambitions,1
facets,1
write,1
undermining,1
haynes,1
exist,1
egalitarianism,1
reinvent,1
human,1
endeavor,1
otherwise,1
regarding,1
distributed,1
violator,1
possessing,1
bin,1
dispatched,1
foiled,1
icons,1
cities,1
housemothers,1
wonderfully,1
multidimensional,1
examining,1
ice,1
collapse,1
waifs,1
decree,1
hybridized,1
integral,1
proceeded,1
author,1
reverse,1
urbanizing,1
severe,1
spectrum,1
immediate,1
genovese,1
development,1
quality,1
hugs,1
cott,1
stated,1
prevails,1
adapting,1
illustrates,1
resembling,1
analyzing,1
helen,1
realized,1
gerardi,1
cookies,1
wind,1
executives,1
molded,1
neighbors,1
background,1
police,1
corner,1
remorse,1
breaching,1
thompson,1
noel,1
finally,1
becoming,1
characteristic,1
destabilized,1
regarded,1
reproduced,1
large,1
unwrap,1
brother,1
alienation,1
passage,1
bothered,1
envy,1
occurs,1
issued,1
participating,1
signifiers,1
application,1
conducted,1
smiling,1
manthia,1
ability,1
media,1
meyer,1
assured,1
dealings,1
inversion,1
theaters,1
allegiances,1
replaced,1
standardized,1
absolutely,1
z,1
hat,1
taste,1
guided,1
factories,1
refuses,1
cases,1
claims,1
defense,1
decisions,1
venerable,1
infractions,1
unhappiness,1
illuminates,1
nachod,1
rejecting,1
kovan,1
bay,1
doubled,1
document,1
wellgroomed,1
responsibilities,1
masculinized,1
lxxxvi,1
concerning,1
parentless,1
licentious,1
profound,1
amount,1
approval,1
cuff,1
withdraw,1
subalternist,1
blend,1
serving,1
modernity,1
channels,1
six,1
seized,1
creating,1
plotting,1
fate,1
allowing,1
suitable,1
compared,1
rossiter,1
arranged,1
libraries,1
ironing,1
employers,1
purveyed,1
tenors,1
helpful,1
equipment,1
fighting,1
shrink,1
ira,1
peasantry,1
factions,1
student,1
corpus,1
rationale,1
leather,1
beat,1
communication,1
preserving,1
skirmishes,1
vice,1
critique,1
stance,1
orderings,1
frequenting,1
kelley,1
citizen,1
advised,1
alger,1
truck,1
leadership,1
guide,1
gottlieb,1
bills,1
cooperative,1
savage,1
sartorial,1
nuanced,1
coal,1
acknowledge,1
bipolar,1
stigma,1
uwere,1
maternalism,1
claude,1
constraints,1
retorted,1
repent,1
contributing,1
coherence,1
incentive,1
crossroads,1
perfect,1
alabama,1
alignments,1
hymen,1
abiding,1
loyal,1
site,1
talks,1
offices,1
likes,1
bespoke,1
interesting,1
knoxville,1
eternal,1
manipulated,1
kissing,1
unveil,1
infringing,1
added,1
gained,1
subordination,1
nairobi,1
agitation,1
air,1
russian,1
ginger,1
birthplaces,1
betterment,1
card,1
camp,1
patron,1
possibility,1
bukowczyk,1
grid,1
generations,1
declaring,1
burroughs,1
watch,1
barns,1
remain,1
elasticity,1
interpretation,1
auspices,1
sort,1
square,1
nealy,1
housemother,1
appreciation,1
borrowing,1
cinema,1
notices,1
observer,1
month,1
untangling,1
doctrine,1
disapprovingly,1
gardener,1
players,1
tenement,1
levine,1
burns,1
nobodys,1
mechanics,1
suffer,1
template,1
catholics,1
populism,1
pawnbroker,1
singing,1
edwin,1
associate,1
neglected,1
minstrels,1
mile,1
appears,1
grew,1
adjustments,1
consensual,1
balanced,1
parts,1
stadum,1
dressy,1
perkins,1
population,1
benjamin,1
contributions,1
outdated,1
special,1
fancy,1
matched,1
users,1
danger,1
cooking,1
blurring,1
reforms,1
accident,1
awareness,1
devotion,1
antithesis,1
marginal,1
nuances,1
front,1
attached,1
lots,1
raymond,1
soul,1
eighteen,1
send,1
voluntarily,1
empires,1
utterly,1
remarks,1
changes,1
freedmen,1
conformed,1
carpentry,1
clerk,1
anbinder,1
plants,1
reeder,1
circulated,1
aspirants,1
consultation,1
algeron,1
anguish,1
metropolis,1
tensions,1
article,1
forget,1
li,1
possibly,1
carve,1
objects,1
signed,1
improvement,1
afterthe,1
suffered,1
publicly,1
retained,1
breeds,1
revolutionaries,1
descent,1
peasants,1
dinner,1
strained,1
workplace,1
consolidate,1
sick,1
acculturated,1
mistakes,1
reformer,1
greenberg,1
trousers,1
ignominious,1
ideologies,1
impact,1
kusmer,1
record,1
additive,1
likened,1
northeastern,1
emblems,1
ignorance,1
lester,1
exposure,1
knauth,1
qba,1
benefited,1
resorted,1
bridenthal,1
ministers,1
mine,1
powerful,1
wonder,1
passed,1
campbell,1
bernardi,1
followed,1
signature,1
idealized,1
barun,1
willard,1
discomfort,1
cost,1
stark,1
undisciplined,1
ferns,1
korman,1
christmas,1
harshest,1
drunkenness,1
puts,1
appropriations,1
angrily,1
signification,1
tyler,1
competent,1
distaste,1
coon,1
believed,1
pocock,1
providers,1
negroes,1
detroit,1
opinion,1
appeals,1
preference,1
adapted,1
rainbow,1
textured,1
individualizing,1
cut,1
laslett,1
dropped,1
bearing,1
transgressor,1
rouse,1
organic,1
lori,1
atlanta,1
supremacythe,1
jocelyn,1
contention,1
hours,1
burrows,1
bookkeeper,1
result,1
pluralized,1
emerged,1
immutable,1
remembered,1
sewed,1
flamboyantly,1
cynthia,1
lead,1
columbia,1
path,1
someone,1
cordial,1
lemann,1
horatio,1
critic,1
train,1
here,1
tormentor,1
plot,1
kenyan,1
administrator,1
savagery,1
appropriated,1
oil,1
sights,1
four,1
amsterdam,1
prancing,1
aristocratic,1
strongly,1
missouri,1
lived,1
conspicuous,1
primarily,1
issue,1
businesses,1
reply,1
prepare,1
compartments,1
etiquettes,1
feelings,1
hoof,1
toothbrushes,1
radical,1
finery,1
carolina,1
oh,1
pioneer,1
barricades,1
overtures,1
accommodations,1
lowenstein,1
sight,1
coney,1
adolescence,1
niece,1
configuration,1
jeopardy,1
launched,1
eat,1
iron,1
captured,1
vigorous,1
shoes,1
preacher,1
emotionally,1
struggles,1
romance,1
representative,1
inter,1
respects,1
term,1
shoemaking,1
horse,1
disobey,1
hispanic,1
unions,1
seduction,1
traversed,1
materiality,1
sparse,1
banker,1
sword,1
pickens,1
occupation,1
furthermore,1
supporters,1
drooping,1
latter,1
morning,1
augusta,1
projects,1
carole,1
anticolonial,1
caretakers,1
mantle,1
reviews,1
bountiful,1
culinary,1
wesport,1
olin,1
treat,1
birthday,1
milton,1
wholesome,1
ruptures,1
sentiments,1
figuration,1
failure,1
excellent,1
seth,1
chester,1
intertwined,1
lenox,1
amenable,1
commitments,1
transfiguring,1
ford,1
scouring,1
tension,1
thrives,1
narrate,1
absolute,1
barkley,1
series,1
enjoyed,1
bisatf,1
stemmed,1
quintessentially,1
filter,1
hicks,1
cows,1
bastion,1
unchallenged,1
marie,1
motivated,1
aspects,1
stray,1
faiths,1
pigs,1
having,1
objectification,1
institutes,1
sounded,1
carte,1
participation,1
network,1
ascend,1
basis,1
invisible,1
lr,1
relief,1
urgency,1
revealed,1
artifacts,1
unworthy,1
clarke,1
amos,1
abroad,1
scope,1
homi,1
darbar,1
goodbye,1
pancakes,1
conjured,1
fraser,1
writers,1
framed,1
couched,1
struck,1
percentage,1
floundered,1
prominent,1
stake,1
decrepitude,1
inapplicable,1
characterization,1
simms,1
purpose,1
unattended,1
bazaars,1
related,1
jenna,1
ginzberg,1
curiously,1
spanishamerican,1
stores,1
configured,1
reminded,1
kerby,1
texture,1
parameters,1
egalitarian,1
collisions,1
loss,1
frequent,1
commodified,1
v,1
realm,1
mexicans,1
tale,1
describe,1
woollacott,1
patriotism,1
obscured,1
expansive,1
badge,1
constitute,1
enforce,1
formerly,1
actually,1
underscored,1
freedwomen,1
runs,1
rows,1
destitution,1
townsend,1
thereafter,1
announcing,1
rituals,1
hugging,1
documented,1
advertising,1
lapses,1
mulatta,1
aar,1
ownnegotiations,1
focuses,1
versatile,1
weekly,1
reflect,1
novels,1
employed,1
missive,1
ultimately,1
folklore,1
endorsed,1
health,1
bid,1
missions,1
indianapolis,1
tears,1
fought,1
sterling,1
withstand,1
combine,1
anchored,1
holy,1
definitions,1
eastern,1
attributed,1
weeks,1
microlevel,1
shortcomings,1
tompkins,1
josephine,1
launching,1
violated,1
fatherless,1
citing,1
gardening,1
aided,1
contests,1
multiplicity,1
published,1
responses,1
disciplinarian,1
strove,1
lipset,1
dark,1
tolerant,1
brush,1
distress,1
pluralism,1
commerce,1
describing,1
caruthers,1
inequalities,1
allegiance,1
cold,1
coupled,1
locket,1
nicer,1
troubled,1
towels,1
warrant,1
clash,1
rings,1
licentiousness,1
theater,1
tenn,1
share,1
comptroller,1
ward,1
night,1
akhil,1
casualty,1
curls,1
nashville,1
navigated,1
airy,1
iris,1
close,1
leaves,1
endowed,1
workshops,1
sernett,1
pregnancy,1
erected,1
migrating,1
kolchin,1
legitimize,1
folk,1
straining,1
comfort,1
certainly,1
draining,1
hopkins,1
fared,1
observe,1
newcomers,1
notorious,1
florentine,1
australian,1
mammon,1
decline,1
amkpa,1
played,1
latest,1
villages,1
visitor,1
plan,1
differing,1
blessings,1
insubordination,1
lauretis,1
delinquency,1
germans,1
vein,1
fully,1
managed,1
tracks,1
seed,1
progress,1
jordan,1
method,1
universities,1
newsclipping,1
henrietta,1
cleaning,1
prakash,1
resistance,1
proper,1
paid,1
inverted,1
sonya,1
roots,1
cycle,1
bananas,1
schizophrenic,1
structured,1
florida,1
carlton,1
conceptions,1
protagonist,1
pozetta,1
flamboyance,1
crime,1
newly,1
alienated,1
rodgers,1
flag,1
zmora,1
sum,1
jules,1
marketing,1
propriety,1
precipice,1
landlords,1
reducing,1
bolstered,1
invest,1
parks,1
avoid,1
strangers,1
faber,1
unity,1
cropped,1
subsequently,1
survived,1
provisioned,1
chronological,1
unidimensional,1
santangelo,1
borchert,1
threatened,1
willises,1
knitting,1
kitchens,1
film,1
pervasive,1
furnished,1
scrutinize,1
eliminating,1
sons,1
lieberman,1
resign,1
request,1
bayonne,1
resides,1
absence,1
supervisory,1
spelled,1
architecture,1
erasing,1
comely,1
jostled,1
strictures,1
bred,1
military,1
sanctity,1
populations,1
transnational,1
gratitude,1
cleanliness,1
spectacle,1
buy,1
short,1
indeed,1
labors,1
reinstated,1
comparative,1
expansion,1
resisted,1
sunita,1
reinvented,1
negotiating,1
horses,1
suitor,1
ought,1
play,1
dressed,1
regimen,1
harris,1
framing,1
inspections,1
mingling,1
depersonalizes,1
suburban,1
jewelry,1
attaching,1
positioned,1
housework,1
collide,1
allen,1
weary,1
courted,1
insignia,1
paternalist,1
illustrating,1
garden,1
interactions,1
bankers,1
comments,1
transgressing,1
manifest,1
railway,1
sending,1
infirm,1
easter,1
backdrop,1
closet,1
labored,1
ask,1
recognizes,1
virginian,1
confounded,1
dispensers,1
improper,1
riches,1
mediator,1
promoting,1
oneida,1
robin,1
meitar,1
meritorious,1
depicted,1
teetered,1
criticism,1
buckets,1
sciences,1
laboring,1
victor,1
housing,1
violence,1
reference,1
colleges,1
fit,1
experienced,1
pendant,1
requiring,1
paradox,1
older,1
fights,1
usa,1
soon,1
professionalized,1
array,1
morgan,1
seeing,1
technology,1
arbitrated,1
windows,1
paradoxes,1
challenged,1
selective,1
bogan,1
boundary,1
signaling,1
supplied,1
gentle,1
hasenfeld,1
luke,1
shook,1
riots,1
sheryl,1
tickles,1
assimilation,1
breakage,1
apron,1
orders,1
defang,1
light,1
dated,1
eliza,1
complete,1
professor,1
lord,1
pretentious,1
unwed,1
sharply,1
lockers,1
regina,1
punishment,1
tersely,1
switch,1
experiment,1
infused,1
seating,1
constellations,1
insights,1
visitors,1
accidental,1
heterosexual,1
violations,1
dispute,1
lined,1
sklar,1
learns,1
sculpted,1
salim,1
innate,1
gentlemen,1
maintained,1
baby,1
transatlantic,1
voyages,1
doherty,1
jon,1
cream,1
sam,1
seymour,1
substantial,1
party,1
embourgeoisment,1
subjugated,1
needy,1
leader,1
fire,1
recall,1
bureaucrat,1
solomon,1
continents,1
principles,1
paul,1
playmates,1
dismissed,1
heritage,1
book,1
juxtaposing,1
participated,1
coming,1
miscegenation,1
depriving,1
prompting,1
mediation,1
journey,1
mark,1
curfew,1
nationalists,1
verge,1
bave,1
awam,1
academy,1
pointed,1
preferences,1
chance,1
varies,1
punctuality,1
obstinate,1
towns,1
abounded,1
adequate,1
colluding,1
towards,1
infantile,1
ney,1
spear,1
analytical,1
trinket,1
obduracy,1
herbert,1
usefulness,1
artists,1
fact,1
nationhood,1
reputed,1
shows,1
culprit,1
pathology,1
stories,1
breakfast,1
treatment,1
fundamental,1
dill,1
chord,1
manliness,1
maternal,1
bourgeoisie,1
rewarded,1
music,1
metuchen,1
remit,1
jezebel,1
creative,1
proposal,1
wedded,1
centered,1
unidentified,1
pulp,1
appeared,1
reformed,1
lindsay,1
wilentz,1
inept,1
boots,1
suggesting,1
conventional,1
eagle,1
joselit,1
educated,1
parting,1
lemonade,1
gentile,1
diverse,1
proceeds,1
nebulous,1
suspended,1
fallen,1
rochester,1
inspired,1
debates,1
everything,1
overwhelmingly,1
arthur,1
contemporary,1
trimmings,1
ignatiev,1
nuclear,1
feedback,1
jump,1
cdeveoped,1
flyer,1
beliefs,1
conferred,1
bell,1
external,1
distinct,1
lone,1
ruler,1
momentum,1
patterns,1
ages,1
conclusions,1
nathan,1
stuff,1
antilynching,1
aching,1
organizing,1
khaki,1
soffer,1
proletariat,1
earnestly,1
ironically,1
signifying,1
jezebels,1
actor,1
derivative,1
operating,1
fixed,1
didactic,1
paunch,1
gutman,1
swartz,1
purposes,1
refrain,1
ensured,1
accepted,1
coercion,1
doctors,1
relevant,1
vulnerable,1
foremothers,1
underscores,1
surveillance,1
sorry,1
birdye,1
informally,1
lemke,1
piety,1
emma,1
spoke,1
bremner,1
laden,1
alchemy,1
agencies,1
disgust,1
assortment,1
pauperism,1
native,1
colander,1
metropolitan,1
bare,1
controversy,1
distance,1
gives,1
counterpart,1
confront,1
beverley,1
borne,1
inject,1
levering,1
break,1
edyth,1
reminds,1
violent,1
parlor,1
responded,1
organize,1
fight,1
sir,1
slow,1
demonstrated,1
ineptitude,1
objectifies,1
molding,1
matrix,1
stymied,1
whereupon,1
gunner,1
emanating,1
classes,1
scientific,1
exploring,1
definite,1
sturgis,1
mix,1
beneficiary,1
rulers,1
atlantic,1
safran,1
astray,1
indiana,1
compatible,1
caring,1
birth,1
alliance,1
loftier,1
completed,1
brady,1
giddings,1
instructor,1
inscription,1
writings,1
hint,1
lake,1
obedient,1
greet,1
killing,1
sensibilities,1
manufactured,1
depended,1
clubs,1
stables,1
clustered,1
goes,1
mulattoes,1
childish,1
elite,1
medium,1
louis,1
notebook,1
oppositional,1
imbued,1
eclipsed,1
protectors,1
entirely,1
expression,1
departed,1
indefatigable,1
affection,1
turbulent,1
unfortunately,1
west,1
riverdale,1
berguin,1
operated,1
assumption,1
privileges,1
lapsansky,1
fractious,1
mutability,1
educating,1
gallahger,1
conflicted,1
questions,1
roman,1
variables,1
styles,1
purse,1
ibid,1
subsidizing,1
raising,1
secures,1
stops,1
payment,1
rehabilitate,1
deemed,1
dime,1
masters,1
reinforcing,1
ratified,1
overdeterminancy,1
california,1
intimacy,1
rae,1
surrounded,1
subsequent,1
uniqueness,1
rejected,1
bayliss,1
trade,1
wheel,1
explorations,1
meanings,1
clear,1
discovered,1
remaining,1
individualized,1
andrews,1
modem,1
frustrated,1
authors,1
restraint,1
michel,1
sensitivity,1
express,1
movies,1
aaron,1
stayed,1
documents,1
dishonoring,1
lady,1
faces,1
spawned,1
painter,1
lonely,1
counter,1
servility,1
vested,1
eve,1
resultant,1
gate,1
christopher,1
grope,1
controversies,1
burs,1
evening,1
wonders,1
reviewers,1
weissmann,1
teesta,1
function,1
schaar,1
acquiescence,1
sparsely,1
induce,1
combs,1
diasporas,1
farms,1
serves,1
mismatched,1
crafted,1
administrative,1
nannie,1
kept,1
configurations,1
carson,1
interacted,1
dell,1
preservation,1
managerial,1
expressing,1
martin,1
vaunted,1
acculturate,1
permitting,1
construct,1
thornton,1
blassingame,1
imagination,1
exchange,1
spent,1
foner,1
lighting,1
gets,1
enumerate,1
romantic,1
favored,1
probe,1
postcolonialists,1
nationality,1
silly,1
smarted,1
systems,1
k,1
ashby,1
parallel,1
evolutionary,1
metalanguage,1
responsible,1
editors,1
yeheskel,1
predecessor,1
epistemology,1
trouble,1
interpretations,1
undoubtedly,1
grandmother,1
banking,1
incompatible,1
anderson,1
awful,1
monopolistic,1
teach,1
seattle,1
excluded,1
promiscuous,1
availability,1
fundamentally,1
wills,1
patterson,1
enthusiastically,1
extravagance,1
observance,1
gerd,1
mimicry,1
sweatshop,1
ate,1
lay,1
gyan,1
renate,1
attracted,1
selfishness,1
odem,1
wells,1
kimberley,1
adina,1
routines,1
imperfectly,1
evaluated,1
expansively,1
hanover,1
quarter,1
trotman,1
louisiana,1
fee,1
inferior,1
key,1
dispossessed,1
pecking,1
offspring,1
justice,1
tampa,1
liberalized,1
reluctant,1
decision,1
fostered,1
cake,1
unfolded,1
womanist,1
revolved,1
reinventing,1
pilfered,1
offender,1
consists,1
stage,1
doneson,1
underclasses,1
undifferentiated,1
luise,1
heeled,1
abramovitz,1
lifetime,1
assigned,1
locked,1
newsboy,1
backward,1
dual,1
shattered,1
visits,1
peers,1
portly,1
shooting,1
integration,1
wisdom,1
redefine,1
tilden,1
clinton,1
movements,1
renewed,1
crucial,1
johns,1
usually,1
centrality,1
consent,1
plays,1
kindergartens,1
impressive,1
locker,1
aunt,1
saved,1
spouse,1
competency,1
employment,1
resistant,1
category,1
defiance,1
kerber,1
months,1
foregoing,1
ryan,1
urges,1
leslie,1
ordinary,1
instances,1
irrespective,1
revisionism,1
becomes,1
ting,1
ritualized,1
kish,1
directions,1
frostbite,1
dispatch,1
transformed,1
hairbrush,1
seventeenth,1
destiny,1
began,1
intercession,1
effectively,1
markers,1
threaten,1
importantly,1
souvenirs,1
pernicious,1
suggestions,1
wilson,1
originated,1
koschmann,1
bins,1
reservations,1
paradoxical,1
whereby,1
indicate,1
covering,1
secluded,1
menial,1
amusement,1
intend,1
rudolph,1
implementing,1
extra,1
marched,1
achieve,1
sheds,1
elsa,1
teresa,1
frontier,1
checks,1
shoppers,1
respect,1
eugene,1
holmes,1
supporting,1
courage,1
phillips,1
amputated,1
centuries,1
bederman,1
completing,1
grounded,1
verification,1
mirror,1
enunciated,1
results,1
astor,1
shift,1
crowded,1
hoek,1
attachment,1
photographs,1
berger,1
biology,1
considered,1
rightful,1
rosenberg,1
matters,1
detail,1
stephen,1
chants,1
nurith,1
blurred,1
emerging,1
bates,1
officialdom,1
reciprocal,1
neatness,1
methodist,1
indignities,1
fifteen,1
mcdonald,1
armistice,1
occasional,1
breeches,1
underpinned,1
broke,1
occasions,1
comes,1
attired,1
fiancee,1
redemption,1
figurehead,1
accordance,1
colonization,1
wardrobe,1
incorporated,1
finest,1
biography,1
wartime,1
founded,1
milwaukee,1
rosa,1
contradiction,1
instructed,1
poised,1
devout,1
ever,1
economically,1
committees,1
reinforced,1
word,1
confounding,1
tiered,1
theme,1
known,1
colliding,1
shop,1
subsidized,1
thousand,1
machiavellian,1
abdicate,1
interact,1
mobs,1
proposes,1
ralph,1
membership,1
perforated,1
disapproval,1
elevates,1
wedlock,1
chores,1
irvin,1
sorts,1
text,1
acumen,1
appealing,1
sustained,1
namiquipa,1
discharged,1
admitting,1
receipts,1
protean,1
forty,1
outcome,1
patriot,1
presidency,1
teenaged,1
disgruntled,1
vaz,1
conection,1
mimi,1
secured,1
sure,1
shirt,1
country,1
routine,1
literary,1
arbiters,1
guaranteed,1
parental,1
friendless,1
cultures,1
rudwick,1
officials,1
sheep,1
tuberculosis,1
organized,1
lying,1
ratio,1
inclined,1
fairs,1
portraying,1
connection,1
exploration,1
seem,1
authorities,1
international,1
industry,1
capital,1
ft,1
deprivation,1
unenthusiastic,1
jacobs,1
punished,1
mandler,1
meier,1
championing,1
argue,1
temper,1
constructions,1
surprised,1
universal,1
current,1
rearing,1
loyalty,1
inquiry,1
post,1
grossman,1
ideological,1
housekeeper,1
mccurry,1
presumably,1
job,1
salem,1
intersecting,1
sabita,1
peaslee,1
embodiment,1
ir,1
suspicious,1
lenny,1
comb,1
purview,1
differed,1
going,1
find,1
sharecropper,1
supervise,1
placing,1
circumvent,1
mismanagement,1
distinguished,1
gerber,1
oliver,1
advances,1
interactive,1
merely,1
concrete,1
feminist,1
clanging,1
redefined,1
tangle,1
achievement,1
waller,1
ladies,1
agriculture,1
hyman,1
regulations,1
didn,1
romero,1
brushes,1
realities,1
rhines,1
donate,1
purchase,1
steal,1
heads,1
exposing,1
notable,1
tremendous,1
reign,1
citizenry,1
ala,1
waists,1
commemorating,1
list,1
blackmans,1
terrell,1
accounts,1
evangelical,1
abraham,1
want,1
orleans,1
plural,1
varying,1
beecher,1
sociology,1
trinity,1
quote,1
thirty,1
rags,1
symbolically,1
add,1
metaphor,1
undeserving,1
flashy,1
salutations,1
predicaments,1
cmiel,1
erect,1
firmly,1
writes,1
vigorously,1
countering,1
design,1
angela,1
herrmann,1
adaptation,1
loved,1
overflow,1
domestics,1
christians,1
hewitt,1
incompetence,1
prudence,1
foundations,1
attaining,1
yorker,1
perpetrated,1
inadequacy,1
tensionridden,1
manure,1
legitimizing,1
osofsky,1
explored,1
lynch,1
influenced,1
indifference,1
kunzel,1
mandate,1
agreed,1
psychology,1
persuaded,1
transgression,1
capitalized,1
contain,1
adorned,1
contosta,1
wing,1
travel,1
felt,1
policingadolescent,1
wrenching,1
bodies,1
unchaste,1
remember,1
misdemeanor,1
directive,1
boldly,1
unmake,1
gatherings,1
emancipation,1
expected,1
paradise,1
voice,1
recognition,1
blanche,1
prerogative,1
given,1
sympathizers,1
ohio,1
fair,1
gilkes,1
elucidate,1
gloria,1
joining,1
collaborated,1
inabel,1
poststructuralism,1
duty,1
regulate,1
everywhere,1
giving,1
diffident,1
durable,1
disciplines,1
respectable,1
step,1
cash,1
re,1
acute,1
confronted,1
sectional,1
investigated,1
manhattan,1
missionary,1
harlem,1
demanding,1
arguments,1
antigua,1
connotation,1
appointed,1
frankenberg,1
smacked,1
resourceful,1
memories,1
socializing,1
indians,1
credentials,1
wilderness,1
striving,1
minstrelsy,1
aspect,1
motif,1
construed,1
paula,1
eversley,1
daring,1
correspondence,1
resident,1
complaints,1
felicitates,1
sapphire,1
pearls,1
beverly,1
uninitiated,1
earline,1
eric,1
environmentalist,1
prison,1
spell,1
sickness,1
bedrooms,1
compulsion,1
instil,1
presence,1
contradicted,1
touch,1
unable,1
whitening,1
authorized,1
covenant,1
joel,1
unmarked,1
observed,1
disarray,1
formality,1
advent,1
donald,1
artisan,1
lately,1
opens,1
gramscian,1
detective,1
nell,1
trauma,1
mode,1
coit,1
reversed,1
tulane,1
dangerous,1
identify,1
parallels,1
subtexts,1
joined,1
sports,1
approximately,1
instead,1
inverting,1
handsomely,1
fiscal,1
shirley,1
constructed,1
jail,1
manufacture,1
guiding,1
grimy,1
reified,1
disruption,1
compiled,1
preserve,1
americanzation,1
famine,1
flocking,1
minn,1
variously,1
harbored,1
clues,1
resistancehowever,1
pieced,1
recourse,1
sondra,1
area,1
grapple,1
pluralistic,1
adolescent,1
kuhne,1
chastised,1
walking,1
semblance,1
alley,1
catharine,1
dispose,1
staying,1
showed,1
parentage,1
moldow,1
ensconced,1
inclination,1
endeavors,1
news,1
subtractive,1
textures,1
removed,1
assumed,1
materialism,1
chambers,1
plethora,1
stylish,1
mccarthy,1
broadening,1
isenberg,1
archival,1
rejection,1
scholarship,1
subalters,1
reprimanded,1
cook,1
standpoints,1
individualistic,1
overcrowding,1
watchman,1
disrupting,1
create,1
pratt,1
intrablack,1
whitlatch,1
undermined,1
valley,1
hartigan,1
pieces,1
evangelicals,1
develop,1
treating,1
defusing,1
reconciling,1
fellowship,1
souls,1
ionuev,1
manifests,1
lxxix,1
pseudonyms,1
mature,1
technological,1
willing,1
panic,1
anthem,1
subalternism,1
resist,1
whistle,1
commercialized,1
arnold,1
plea,1
darling,1
successive,1
attendance,1
mock,1
built,1
representational,1
kisses,1
clashed,1
workings,1
portrait,1
confrontations,1
maggie,1
occur,1
delinquent,1
costly,1
interlaced,1
gold,1
grants,1
