WORDCOUNTS,WEIGHT
the,32
of,18
and,16
to,11
war,10
by,10
in,9
bodnar,7
that,7
as,7
americans,6
ii,6
were,6
how,5
s,5
be,5
editor,4
for,4
many,4
was,4
it,3
brutality,3
memory,3
films,3
civilians,3
between,3
not,3
more,3
with,3
violence,3
world,3
than,3
a,3
at,2
p,2
are,2
such,2
this,2
he,2
malevolence,2
his,2
would,2
while,2
japanese,2
citizens,2
over,2
some,2
correctly,2
words,2
their,2
john,2
invading,2
era,2
postwar,2
articles,2
use,2
or,2
other,2
winter,2
forms,2
nations,1
i,1
connection,1
temporarily,1
may,1
systematic,1
from,1
factors,1
will,1
explained,1
russians,1
add,1
rights,1
does,1
but,1
they,1
margins,1
worldwide,1
vietnam,1
contending,1
film,1
explosive,1
see,1
trauma,1
drug,1
suffered,1
struggle,1
democratic,1
directionless,1
buchenwalds,1
anxiety,1
german,1
scale,1
either,1
typed,1
violated,1
publication,1
too,1
certain,1
heightened,1
washington,1
incredible,1
only,1
focusing,1
points,1
soldiers,1
discretion,1
movement,1
victory,1
essay,1
detailed,1
published,1
exceed,1
bataan,1
college,1
wish,1
saving,1
if,1
community,1
reviews,1
authoritarianism,1
patriotic,1
long,1
yakimna,1
rather,1
wide,1
soviet,1
public,1
threatened,1
nagasaki,1
characterized,1
caused,1
manifested,1
veneer,1
telephone,1
oh,1
inflicting,1
statements,1
responsibility,1
an,1
weaken,1
america,1
connect,1
letteirs,1
various,1
exaggerated,1
everyone,1
deserve,1
seemingly,1
holes,1
important,1
ryan,1
opinion,1
palm,1
ordinary,1
exposed,1
information,1
might,1
james,1
death,1
joumal,1
matrix,1
who,1
culture,1
capable,1
recognizing,1
possible,1
private,1
phrase,1
being,1
each,1
itself,1
added,1
victimization,1
divided,1
short,1
campaigns,1
reply,1
after,1
intense,1
where,1
poked,1
hanged,1
permitted,1
several,1
on,1
solely,1
just,1
made,1
fact,1
expanding,1
example,1
thousand,1
june,1
disclaims,1
writers,1
engineered,1
article,1
duiplicate,1
one,1
revealing,1
asserts,1
did,1
concept,1
significantly,1
west,1
astounding,1
could,1
often,1
ahr,1
further,1
headed,1
editors,1
analysis,1
found,1
rules,1
flatly,1
hands,1
interpretations,1
ahia,1
civil,1
once,1
is,1
current,1
communications,1
poles,1
emphasis,1
goes,1
seven,1
debate,1
yakima,1
germans,1
follows,1
out,1
easily,1
instances,1
when,1
murdered,1
valley,1
men,1
probably,1
lives,1
can,1
even,1
hundred,1
letter,1
events,1
very,1
communication,1
psychological,1
debates,1
hardly,1
operated,1
oversimplifications,1
cinematic,1
take,1
warlike,1
behavior,1
much,1
considered,1
memories,1
collective,1
consider,1
there,1
marches,1
wherever,1
people,1
submitted,1
office,1
should,1
fellow,1
thesis,1
savage,1
warfare,1
never,1
showed,1
jay,1
leap,1
cruelty,1
hiroshima,1
relates,1
newbill,1
equally,1
any,1
connective,1
review,1
elsewhere,1
conclusions,1
chinese,1
society,1
cultural,1
leaps,1
american,1
scholarly,1
g,1
